set,image,ncc_A,ncc_B,pce_A,pce_B,lowmid_A,lowmid_B
A_raw_s0_r16,00000.png,-0.000638433441054,-0.0005928269238211,27.32745361328125,35.235206604003906,-0.0021653587464243,-0.0012297449866309
A_raw_s0_r16,00001.png,-0.0008025525603443,0.0018602353520691,24.945877075195312,23.635704040527344,-0.0010536189656704,0.0013961321674287
A_raw_s0_r16,00002.png,0.000375479197828,-0.0016434779390692,28.494705200195312,24.24356460571289,-0.0009498902945779,0.0003009612846653
A_raw_s0_r16,00003.png,0.0016247123712673,0.0024248373229056,23.268775939941406,24.412986755371094,-0.003322557080537,-0.0012544151395559
A_raw_s0_r16,00004.png,0.0004494881140999,0.0018826784798875,22.083786010742188,23.270299911499023,-0.0019447141094133,0.0004833265847992
A_raw_s0_r16,00005.png,-0.000416252791183,0.0035564226564019,25.63909721374512,28.27022361755371,-0.0004616608784999,-0.0019851431716233
A_raw_s0_r16,00006.png,-0.0008630267111584,0.0007544703548774,33.36471176147461,26.104915618896484,-0.001751878648065,-0.0003948773664887
A_raw_s0_r16,00007.png,-0.0003173755831085,0.0011411760933697,21.126081466674805,25.25094413757324,-0.0006369777256622,-0.0022682209964841
A_raw_s0_r16,00008.png,0.0013352868845686,0.0008879792876541,25.6151123046875,24.279720306396484,-0.0005475515499711,0.0008624143665656
A_raw_s0_r16,00009.png,-0.0007121603703126,-0.0001915312896016,24.615219116210938,23.12031936645508,-0.0020914324559271,-0.0021446491591632
A_raw_s0_r16,00010.png,0.0007393878186121,-0.0002269329997943,21.83793067932129,25.35489273071289,-0.0009293503826484,0.0006254324689507
A_raw_s0_r16,00011.png,0.0018561024917289,0.0011619516881182,24.540037155151367,26.59956359863281,-0.0005284055368974,-0.0003291113534942
A_raw_s0_r16,00012.png,0.0009694320615381,-0.0007418976165354,26.717378616333008,22.82967185974121,0.0037974626757204,0.0026268649380654
A_raw_s0_r16,00013.png,-0.0003672434249892,-0.0011435844935476,24.270702362060547,27.788236618041992,0.0038644701708108,-0.0015955943381413
A_raw_s0_r16,00014.png,0.000282996246824,0.0017273925477638,24.562875747680664,24.680614471435547,-0.0019879515748471,-0.0008452383335679
A_raw_s0_r16,00015.png,0.0001008344261208,0.0007153748883865,21.841344833374023,23.712203979492188,-0.0003863101592287,0.0022800790611654
A_raw_s0_r16,00016.png,0.0012408234179019,0.0022851990070194,27.37969398498535,26.69610977172852,0.0026004537940025,0.0014684088528156
A_raw_s0_r16,00017.png,-0.0005774780875071,0.0019307656912133,25.296375274658203,24.55736351013184,-0.0002709791297093,4.2613646655809134e-05
A_raw_s0_r16,00018.png,-0.0023689076770097,-0.0019292768556624,28.9935359954834,23.234939575195312,-0.0017046737484633,0.0004890431300736
A_raw_s0_r16,00019.png,0.00080514914589,0.0004716867697425,22.70293617248535,25.39059066772461,-0.0038126208819448,0.0021817139349877
A_raw_s0_r16,00020.png,0.0023967484012246,0.0013180376263335,27.918676376342773,29.931039810180664,-0.0013856263831257,0.0009729356388561
A_raw_s0_r16,00021.png,-0.0030541254673153,-0.0012657111510634,22.605127334594727,28.77633285522461,-0.0016964089591056,0.0021910029463469
A_raw_s0_r16,00022.png,-0.000744667078834,-0.0007722800946794,34.104087829589844,28.662080764770508,0.0006265618721954,-0.0001346072967862
A_raw_s0_r16,00023.png,0.0003506037464831,1.040636925608851e-05,21.521638870239254,30.256446838378903,-0.0013155535561963,0.0020580813288688
A_raw_s0_r16,00024.png,-0.0001951248850673,-0.0005814298056066,29.066944122314453,20.3222770690918,0.002936667529866,-0.0004408797831274
A_raw_s0_r16,00025.png,9.014864917844534e-05,-0.0022035501897335,23.66204833984375,27.808408737182617,0.0004402272752486,-0.0019764720927923
A_raw_s0_r16,00026.png,-0.0001497756893513,0.0006337570957839,23.990863800048828,23.67933464050293,0.0015557958977296,-0.0031375729013234
A_raw_s0_r16,00027.png,-0.0001395490398863,0.0028259879909455,23.0369815826416,22.18611717224121,-0.0008735063602216,0.0021353603806346
A_raw_s0_r16,00028.png,0.0032684539910405,0.0019557203631848,23.79775619506836,24.53717041015625,0.0009748915326781,0.0008320156484842
A_raw_s0_r16,00029.png,0.002401920268312,-0.0003436158003751,23.19606208801269,23.0521240234375,0.0027955225668847,-0.0034841087181121
A_raw_s0_r16,00030.png,0.0016078891931101,-0.0005732963909395,22.67329216003418,21.748350143432617,0.0006689078290946,-0.0012033220846205
A_raw_s0_r16,00031.png,0.0013343476457521,0.0019329086644575,22.91039276123047,23.993532180786133,0.0009986440418288,0.0011286783264949
A_raw_s0_r16,00032.png,0.001698859850876,0.0014692154945805,29.11626434326172,24.70032501220703,-0.0023614121600985,-0.0003334283537697
A_raw_s0_r16,00033.png,-0.0015562047483399,-0.0026049851439893,30.55178642272949,22.969148635864254,-0.0027041879948228,0.0007052498986013
A_raw_s0_r16,00034.png,0.0016469116089865,0.0008100120467133,19.791223526000977,22.79613304138184,0.0014751775888726,-0.0016125108813866
A_raw_s0_r16,00035.png,0.0003641853109002,0.001362012582831,23.37450408935547,19.955787658691406,-0.0021425958257168,0.0009002248989418
A_raw_s0_r16,00036.png,-0.0012150409165769,0.0003705630078911,23.04048538208008,22.8799991607666,-8.63941022544168e-06,-0.0008819290087558
A_raw_s0_r16,00037.png,-0.0002055382647085,-0.0007400625036098,21.043407440185547,20.89144897460937,0.0012666813563555,-0.004643240943551
A_raw_s0_r16,00038.png,0.0008414227631874,0.0007913077715784,28.118968963623047,24.743284225463867,0.0001376189029542,0.0030004538130015
A_raw_s0_r16,00039.png,-0.0006956664146855,0.000183474534424,25.472068786621094,29.59844207763672,0.0010537960333749,-1.0299801942892373e-05
A_raw_s0_r16,00040.png,-6.797626701882109e-05,0.0010897050378844,23.74152183532715,31.28851127624512,0.0009806809248402,0.0008851478341966
A_raw_s0_r16,00041.png,0.0004830567049793,-0.0012389754410833,25.55597877502441,26.19892883300781,-0.0001174145945697,0.0003446283808443
A_raw_s0_r16,00042.png,0.0017419309588149,-0.0002032915363088,22.488943099975582,23.65682411193848,0.0011147646000608,-0.0016069723060354
A_raw_s0_r16,00043.png,0.0009835215751081,0.0007078388007357,21.36284828186035,23.69053077697754,-0.0019093949813395,0.0003803628496825
A_raw_s0_r16,00044.png,-0.0015473356470465,0.0009723343537189,31.163795471191406,22.73554801940918,-0.0025785164907574,-0.0005035974900238
A_raw_s0_r16,00045.png,-0.0016184923006221,-0.0007683300063945,23.136940002441406,29.11166763305664,0.0008960445993579,0.000631527218502
A_raw_s0_r16,00046.png,-8.732452988624573e-05,0.0011529547628015,22.65279769897461,23.359546661376957,-0.0008701322367414,0.002400976140052
A_raw_s0_r16,00047.png,-0.0001942491508089,0.0005087914178147,26.983837127685547,27.070531845092773,0.0010881567141041,0.0001134184421971
A_raw_s0_r16,00048.png,0.0011328250402584,-0.0013763806782662,26.91194725036621,35.83658599853516,0.0028521341737359,0.0008213649271056
A_raw_s0_r16,00049.png,-0.0007313152309507,0.0002476529916748,28.50784683227539,26.68464469909668,-0.0010334468679502,-0.0009324818383902
A_raw_s0_r16,00050.png,0.000313553988235,-0.000817273161374,23.12374687194824,22.249568939208984,0.0016164089320227,-0.0001231613132404
A_raw_s0_r16,00051.png,-0.0002417056530248,-0.0006754584610462,21.693315505981445,25.71598052978516,-0.003122387221083,-0.0018745551351457
A_raw_s0_r16,00052.png,0.0002825599804054,0.0008357552578672,20.6533260345459,28.24744415283203,0.001162358559668,-0.0013992632739245
A_raw_s0_r16,00053.png,0.0019912754651159,-0.0006464450852945,32.87679672241211,23.808076858520508,0.0013854369753971,-0.0003313951310701
A_raw_s0_r16,00054.png,0.000123911187984,0.0019166955025866,24.003984451293945,24.24028205871582,0.0002063860447378,-0.0001450136624043
A_raw_s0_r16,00055.png,-0.0001399134198436,-0.0009863107698038,32.63563919067383,25.659563064575195,-0.0026952445041388,-0.0013682399876415
A_raw_s0_r16,00056.png,0.0001577486254973,-0.0022333713714033,21.528276443481445,21.9187068939209,-0.0026174960657954,0.001141158863902
A_raw_s0_r16,00057.png,-0.0008815089822746,-0.0004950635484419,26.003541946411133,29.103546142578125,-0.0007572088507004,0.0003704156260937
A_raw_s0_r16,00058.png,0.0004996104398742,-0.0012450743233785,22.672197341918945,22.082773208618164,-0.0015380093827843,0.0018576056463643
A_raw_s0_r16,00059.png,0.0002828994765877,8.224292832892388e-05,26.772497177124023,25.45008659362793,0.0016304691089317,0.0004968426073901
A_raw_s0_r16,00060.png,0.0008020088425837,-0.0003934492124244,22.94871711730957,27.137733459472656,0.0024952960666269,0.0008940758998505
A_raw_s0_r16,00061.png,0.0011836802586913,0.0002830642915796,23.40801048278809,27.262636184692383,-0.0012148250825703,0.0036978404968976
A_raw_s0_r16,00062.png,-0.0033508175984025,0.001913834712468,28.14190101623535,22.780988693237305,-9.695444168755785e-05,0.0020401857327669
A_raw_s0_r16,00063.png,2.5645973437349312e-05,0.0024260375648736,26.021224975585938,20.96988296508789,0.0009859446436166,0.00220573018305
A_raw_s0_r16,00064.png,-0.0004719012358691,0.0023366650566458,30.369089126586918,23.1379508972168,0.0017983885481953,-0.0004714498645626
A_raw_s0_r16,00065.png,-0.0008173089590854,-0.0013801684835925,22.55497932434082,23.655746459960938,-0.0007504285895265,-0.0026236709672957
A_raw_s0_r16,00066.png,-0.0003442959859967,-0.0005726924864575,24.033042907714844,26.932838439941406,0.0015669062267988,0.0005381819792091
A_raw_s0_r16,00067.png,0.0012930653756484,0.0020542670972645,26.18436813354492,27.63174819946289,0.0012390877818688,0.0016450793482363
A_raw_s0_r16,00068.png,-1.122095636674203e-05,-0.0002971522917505,21.0794620513916,32.29766082763672,-0.0007315149996429,-0.0004844493523705
A_raw_s0_r16,00069.png,0.0018123441841453,-0.0003461204469203,23.21940040588379,19.95267105102539,0.00138563697692,0.0006505498313345
A_raw_s0_r16,00070.png,-0.0001808888919185,-0.0002087326429318,21.44256591796875,24.29020500183105,-0.0019017361337319,-0.0019690638873726
A_raw_s0_r16,00071.png,0.0016460904153063,0.001391336787492,22.99548721313477,24.817909240722656,0.0022980882786214,-0.0012832629727199
A_raw_s0_r16,00072.png,0.0014833988389,0.0003631140571087,25.853721618652344,27.32143783569336,-0.0008716118754819,-0.0006839733105152
A_raw_s0_r16,00073.png,-0.0036297817714512,-0.0017102512065321,22.604379653930664,22.9487419128418,0.0001902050280477,0.0019068307010456
A_raw_s0_r16,00074.png,-0.0008361068321391,-0.0010707755573093,25.44955444335937,35.53581619262695,-0.0009482932509854,-0.0020173203665763
A_raw_s0_r16,00075.png,-0.0011596722761169,0.0007385156932286,24.96908569335937,23.72175407409668,-0.0011652368120849,-0.002313598524779
A_raw_s0_r16,00076.png,0.0020449527073651,0.002303812187165,30.610530853271484,25.44535255432129,-0.0014010609593242,-4.270751378498972e-05
A_raw_s0_r16,00077.png,0.0001048286940203,0.0003114072897005,24.30824279785156,23.622520446777344,-0.0001367833319818,-0.0002209652302553
A_raw_s0_r16,00078.png,0.0023496958892792,0.0012754779309034,26.55614280700684,23.15858459472656,0.0014465037966147,-0.001544915838167
A_raw_s0_r16,00079.png,-0.0018767211586236,-0.0015285846311599,23.148706436157227,23.896860122680664,-0.0058868923224508,0.0004110636946279
A_raw_s0_r16,00080.png,-7.518647908000275e-05,-8.223091754189227e-06,27.242752075195312,24.66596794128418,0.0039596906863152,0.0021589491516351
A_raw_s0_r16,00081.png,0.0001357216387987,0.0010687679750844,22.76809883117676,29.699689865112305,0.0013937676558271,0.0021639233455061
A_raw_s0_r16,00082.png,0.0020040145609527,0.000727460195776,28.75226783752441,25.864545822143555,6.844921153970063e-05,-0.0033490299247205
A_raw_s0_r16,00083.png,-0.0022173558827489,-0.0004714929382316,21.519609451293945,27.951379776000977,-0.0003791971248574,-0.0044876220636069
A_raw_s0_r16,00084.png,0.0001239932171301,0.0006190984277054,26.93001747131348,20.386613845825195,-0.0025815942790359,0.0024890641216188
A_raw_s0_r16,00085.png,-0.0005037688533775,0.0022865927312523,24.71515655517578,25.47702980041504,-0.0039357892237603,-0.0001206666056532
A_raw_s0_r16,00086.png,-0.0012045896146446,0.0008837386267259,24.64546775817871,22.73863983154297,-0.000105876053567,-0.0006032865494489
A_raw_s0_r16,00087.png,0.0007601486868225,0.0011772630969062,23.24386215209961,23.679840087890625,0.0005100886337459,0.0032373974099755
A_raw_s0_r16,00088.png,0.0002745022648014,0.0017223882023245,24.37547492980957,30.24091148376465,0.0009149712277576,0.0034578426275402
A_raw_s0_r16,00089.png,-0.0040888614021241,-0.0015917326090857,27.642257690429688,30.73213005065918,0.00177492282819,-0.0017128859180957
A_raw_s0_r16,00090.png,1.7490669051767327e-05,-0.0039761424995958,23.00679016113281,24.05227851867676,-0.0012789958855137,-0.0003193996089976
A_raw_s0_r16,00091.png,0.0008059247629716,0.000613827665802,21.980979919433597,30.36844062805176,0.0021054053213447,0.0034736623056232
A_raw_s0_r16,00092.png,-0.0029241053853183,1.8812965208780952e-05,37.33934020996094,25.522579193115234,-0.0021135206334292,0.0028348283376544
A_raw_s0_r16,00093.png,-0.0022599985823035,-0.0034522924106568,30.13486099243164,36.508399963378906,0.0007649002945981,0.0002527188335079
A_raw_s0_r16,00094.png,0.0009650641004554,0.0017381679499521,22.3763370513916,21.61503219604492,0.0017142499564215,-0.0025178389623761
A_raw_s0_r16,00095.png,0.0008141969447024,-0.0003106844960711,27.14485740661621,27.08764266967773,-0.0021495539695024,0.000882820924744
A_raw_s0_r16,00096.png,0.0012108266819268,0.0001271555083803,22.305370330810547,25.36170768737793,6.310187018243596e-05,-0.0001380960165988
A_raw_s0_r16,00097.png,-0.0001352908439002,1.7272006516577676e-05,26.36305046081543,31.74128532409668,0.0018332609906792,0.001797464559786
A_raw_s0_r16,00098.png,-0.0010145595297217,0.0004588657466229,24.97694396972656,23.085140228271484,0.0016746359178796,-0.0005544347804971
A_raw_s0_r16,00099.png,0.0005988453049212,-0.0015986813232302,23.273853302001957,20.742868423461918,-0.0003128990065306,-0.0003398499975446
A_raw_s0_r16,00100.png,-3.703617039718665e-05,0.0009774339850991,28.36261558532715,19.74612808227539,-0.0021402023267,-0.0019588195718824
A_raw_s0_r16,00101.png,0.0014132924843579,0.0009927827632054,28.682052612304688,27.074092864990234,0.0018634892767295,-0.0001476471807109
A_raw_s0_r16,00102.png,-0.0011893425835296,-0.0023888850118964,25.334152221679688,27.69685935974121,-0.0001881999342003,0.0001853772846516
A_raw_s0_r16,00103.png,-8.51397926453501e-05,-0.0006000884459353,24.085054397583008,28.51813125610352,-0.000704339123331,0.0001228458277182
A_raw_s0_r16,00104.png,0.001328888698481,-0.0014593063388019,28.132104873657227,28.305198669433597,-0.0055139209143817,0.0002727284445427
A_raw_s0_r16,00105.png,-0.0020337109453976,-0.0006223141099326,23.798620223999023,23.714956283569336,-0.0012192003196105,0.0017915467033162
A_raw_s0_r16,00106.png,0.0019896801095455,0.0021272401791065,24.644155502319336,25.830141067504883,0.0009673370514065,0.0026669157668948
A_raw_s0_r16,00107.png,0.0013125310651957,-0.0001832254201872,26.341205596923828,28.52132606506348,-0.0020483240950852,-0.0017098613316193
A_raw_s0_r16,00108.png,0.002153837820515,0.0004040901840198,25.98286819458008,25.570526123046875,-0.0005365893011912,0.0010809053201228
A_raw_s0_r16,00109.png,-0.0004524574615061,-0.0019879515748471,30.072078704833984,32.29292678833008,-0.0003725263231899,-0.0015430741477757
A_raw_s0_r16,00110.png,-0.0002648993686307,0.0002894755452871,27.70421600341797,22.314157485961918,0.0007125754491426,0.0010123854735866
A_raw_s0_r16,00111.png,-0.0010279684793204,0.0009085197234526,29.31057929992676,29.73064613342285,-0.000183388707228,5.5339460232062265e-05
A_raw_s0_r16,00112.png,-0.0020832172594964,0.0001422745117451,24.092103958129883,26.37842559814453,0.0007249457994475,0.0013225054135546
A_raw_s0_r16,00113.png,0.0019360504811629,0.0006474200636148,21.37308692932129,27.798080444335938,0.0006713360198773,0.0005683679482899
A_raw_s0_r16,00114.png,0.0016950940480455,0.0004269805504009,26.258140563964844,26.68886947631836,-0.0027502328157424,0.0012600773479789
A_raw_s0_r16,00115.png,0.0003921543539036,-0.000917489232961,29.75641632080078,27.83199882507324,-0.0017208297504112,0.0011850910959765
A_raw_s0_r16,00116.png,0.002288466785103,-0.0005396630731411,23.358646392822266,23.66296768188477,-0.0011277489829808,0.000529947457835
A_raw_s0_r16,00117.png,-0.0023891490418463,-4.152135443291627e-05,27.100563049316406,28.293516159057617,-0.0028482933994382,0.001221987302415
A_raw_s0_r16,00118.png,-7.286998879862949e-05,0.0007785290945321,21.565114974975582,24.48410415649414,0.0015033410163596,-0.001824194449
A_raw_s0_r16,00119.png,0.000195228960365,-0.000708345498424,42.068729400634766,28.647905349731445,0.0015410209307447,0.0018974328413605
A_raw_s0_r16,00120.png,-0.0001391770347254,0.0003113777202088,26.19987297058105,26.149185180664062,-0.0016486960230395,-0.0012498527066782
A_raw_s0_r16,00121.png,0.0024165667127817,0.0014810533029958,23.977479934692383,21.29843139648437,-0.0035766554065048,-0.0025137395132333
A_raw_s0_r16,00122.png,-0.0006173563888296,-0.0004926872788928,23.90521812438965,23.10328483581543,0.0003181577194482,0.0031933416612446
A_raw_s0_r16,00123.png,0.0006503034383058,-0.0001797049626475,27.342193603515625,25.714170455932617,-0.0019914298318326,-0.0012879350688308
A_raw_s0_r16,00124.png,0.0005597476847469,0.004508139565587,26.268875122070312,27.13241958618164,4.43525641458109e-05,-0.0012503403704613
A_raw_s0_r16,00125.png,0.0001280332508031,-0.0007454506121575,23.222686767578125,23.22791862487793,0.0004068361013196,-0.0033173265401273
A_raw_s0_r16,00126.png,-1.912066181830596e-05,-0.0020959207322448,25.05229377746582,24.746137619018555,-0.0004489603161346,-4.688652552431449e-05
A_raw_s0_r16,00127.png,0.0020956881344318,0.0006568528478965,27.28336524963379,24.10114860534668,0.0006367466412484,0.0034077710006386
A_raw_s0_r16,00128.png,0.0009160712943412,-0.0018567573279142,25.96628189086914,26.545982360839844,-0.0007186740403994,-0.0022437416482716
A_raw_s0_r16,00129.png,0.0011130367638543,0.0014144557062536,20.571962356567383,24.028932571411133,-0.0005813856841996,0.0011189425131306
A_raw_s0_r16,00130.png,-0.0042024045251309,-0.0008858819492161,24.417221069335938,29.902963638305664,0.0008067166781984,-0.0002969733031932
A_raw_s0_r16,00131.png,0.0020054134074598,0.0020641004666686,25.803071975708008,20.22146415710449,-0.0004002955392934,0.0012607072712853
A_raw_s0_r16,00132.png,0.0006809456972405,0.0006929184310138,27.30429077148437,28.26085090637207,-0.0014260523021221,-0.0034153724554926
A_raw_s0_r16,00133.png,-0.0009845329914242,-4.427037129062228e-05,27.586605072021484,29.315353393554688,-0.0009878386044874,0.0014103724388405
A_raw_s0_r16,00134.png,0.0020949414465576,0.002617587801069,24.81900978088379,23.944210052490234,0.0023869103752076,0.0006540363538078
A_raw_s0_r16,00135.png,0.0015792758204042,-2.112099355144892e-05,22.896392822265625,25.140077590942383,-0.0009421059512533,0.000530433782842
A_raw_s0_r16,00136.png,-0.0002408018626738,-0.0027015092782676,23.171714782714844,22.553279876708984,-0.001119666150771,-0.0033091786317527
A_raw_s0_r16,00137.png,-0.0019013840937986,0.0004567847936414,28.032718658447266,23.435754776000977,0.0043677776120603,0.0008322535431943
A_raw_s0_r16,00138.png,-0.0002751084102783,-0.000104402701254,22.854639053344727,24.890470504760746,-0.000692400324624,0.0024674914311617
A_raw_s0_r16,00139.png,-0.0004749957588501,0.0015223340597003,27.87356376647949,22.93585777282715,-3.355693115736358e-05,-0.0034936887677758
A_raw_s0_r16,00140.png,0.001375907449983,-0.0008112565847113,35.043495178222656,22.82563018798828,0.0006367526366375,-0.000751664629206
A_raw_s0_r16,00141.png,0.0015720908995717,0.0017343574436381,23.99069595336914,23.806564331054688,-0.0009965614881366,-0.0007375595159828
A_raw_s0_r16,00142.png,-0.001014951034449,-0.0003895006375387,24.8404483795166,27.005598068237305,-0.000860208121594,-0.0007025404484011
A_raw_s0_r16,00143.png,0.0008094522054307,0.0003125480143353,23.934818267822266,23.24694061279297,0.0010782742174342,-0.0011445301352068
A_raw_s0_r16,00144.png,0.0018107696669176,-0.0024601344484835,24.10737419128418,26.56496238708496,0.0005305472295731,-0.0018359130481258
A_raw_s0_r16,00145.png,0.0018054897664114,0.0005212356918491,24.74232292175293,22.93828010559082,-0.0002166943595511,-0.0032652616500854
A_raw_s0_r16,00146.png,0.0015749189769849,0.002332802163437,24.491724014282227,22.88167762756348,0.0040938910096883,-0.0001557667565066
A_raw_s0_r16,00147.png,0.0007176459184847,-0.001374845043756,24.22919464111328,26.283668518066406,-0.0009343343554064,-0.0029775218572467
A_raw_s0_r16,00148.png,-0.0004405208164826,0.0001066410040948,25.35369682312012,23.96831703186035,-6.75807532388717e-05,0.0014439409133046
A_raw_s0_r16,00149.png,-0.0012815792579203,-0.0036971406079828,22.85482215881348,27.708600997924805,-0.0004809133533854,-0.0003315780777484
A_raw_s0_r16,00150.png,0.0019323414890095,0.0001673528313403,24.050621032714844,23.5853214263916,-0.0010115277254953,0.0016757175326347
A_raw_s0_r16,00151.png,0.0001772194664226,-0.0005867278669029,26.6076774597168,28.106508255004883,0.0007910465355962,0.0024487373884767
A_raw_s0_r16,00152.png,-9.139982284978032e-05,-5.001059253118001e-05,31.39531517028809,29.732580184936523,-0.0012848699698224,-0.000267720897682
A_raw_s0_r16,00153.png,0.0004949407884851,0.0018730346346274,25.207136154174805,21.866533279418945,-0.0017676672432571,0.0010091989533975
A_raw_s0_r16,00154.png,-0.0007259397534653,0.0015812705969437,20.77326011657715,24.609149932861328,-0.0018958034925162,0.0003233904135413
A_raw_s0_r16,00155.png,-0.0002436928625684,-0.0005326704704202,27.981430053710938,27.64437294006348,-0.0027672150172293,-0.0009912104578688
A_raw_s0_r16,00156.png,-0.0017815502360463,-0.0009720918023958,26.616899490356445,30.50372886657715,0.0045911781489849,-0.0022582104429602
A_raw_s0_r16,00157.png,-0.0017494009807705,-0.0017025254201143,29.63893699645996,24.6008415222168,-0.0036815009079873,-0.0011566693428903
A_raw_s0_r16,00158.png,0.001991951605305,0.000197095418116,24.22527503967285,26.72408676147461,-0.0002423183759674,-0.0001850116823334
A_raw_s0_r16,00159.png,0.0008026944706216,-0.0005862047546543,24.03718376159668,28.226680755615234,-0.0017919786041602,-0.0014499411918222
A_raw_s0_r16,00160.png,0.0009834140073508,0.0004782679025083,25.52802085876465,24.16120338439941,-0.0005389546859078,0.0027608720120042
A_raw_s0_r16,00161.png,-0.0004445834492798,-0.0025618453510105,25.088882446289062,30.58968734741211,-0.0031518547330051,0.0006577259046025
A_raw_s0_r16,00162.png,-0.00022838942823,-0.0017053628107532,27.863618850708008,24.770801544189453,-0.0016824749764055,-0.0032897100318223
A_raw_s0_r16,00163.png,-0.0008816495537757,-0.0010444358922541,23.008169174194336,20.26373863220215,0.001311573665589,0.0036021622363477
A_raw_s0_r16,00164.png,1.966953459486831e-05,-0.0005965855089016,26.758056640625,26.19693374633789,0.0018734666518867,0.0002720605698414
A_raw_s0_r16,00165.png,0.0008248623344115,0.0008609049837104,23.08258438110352,26.01276588439941,0.0003271334862802,0.0013527375413104
A_raw_s0_r16,00166.png,0.0013407740043476,0.0006614340818487,27.558862686157227,23.314207077026367,-0.0002480364928487,-0.0006991524132899
A_raw_s0_r16,00167.png,0.0002511158236302,0.0009147577220574,29.59346008300781,23.859298706054688,1.07982878034818e-05,-0.0007248879410326
A_raw_s0_r16,00168.png,-0.0009763611597009,0.0023754599969834,24.66715431213379,24.682126998901367,0.000566839298699,-0.0019366762135177
A_raw_s0_r16,00169.png,-0.0011590883368626,0.0002718589094001,26.26368904113769,33.36167526245117,-0.0027465224266052,-6.90557571942918e-05
A_raw_s0_r16,00170.png,0.0010390371317043,0.0016041321214288,27.59722328186035,22.77999496459961,0.0004309426003601,0.0011750708799809
A_raw_s0_r16,00171.png,-0.001370703568682,-0.0021364470012485,27.35295867919922,23.03322410583496,-0.0017107840394601,-0.0006581048364751
A_raw_s0_r16,00172.png,0.0008481362019665,-0.0013266503810882,25.305744171142575,27.482568740844727,0.0025232916232198,0.0017418764764443
A_raw_s0_r16,00173.png,-0.0006081227911636,-0.0012602147180587,30.818546295166016,28.226024627685547,0.0004735020338557,-0.0005042271222919
A_raw_s0_r16,00174.png,-0.0011426106793805,0.0001078386922017,28.38639068603516,24.441038131713867,0.0004981966339983,-0.0012532928958535
A_raw_s0_r16,00175.png,0.0014958226820454,0.0003219450591132,22.603981018066406,24.982637405395508,0.0019879804458469,-0.0002307979302713
A_raw_s0_r16,00176.png,-0.0003076953289564,-0.0001785515196388,29.21182632446289,22.627126693725582,0.0003436622791923,0.0009571157279424
A_raw_s0_r16,00177.png,0.0024685189127922,-0.0001197726160171,26.01956558227539,32.45615005493164,0.0001570780732436,-0.0002622663450893
A_raw_s0_r16,00178.png,-0.0019110311986878,0.0020321141928434,25.25531768798828,33.8709831237793,0.0005577611154876,0.0012683015083894
A_raw_s0_r16,00179.png,0.0013054508017376,0.0020611041691154,21.917858123779297,28.8786735534668,-0.0002924451546277,-0.0011329117696732
A_raw_s0_r16,00180.png,-0.0012200981145724,0.0006792090716771,27.660646438598636,24.64013290405273,-0.0022845657076686,0.0007463751826435
A_raw_s0_r16,00181.png,0.0006616034661419,-0.0001693411468295,25.217269897460938,22.17472267150879,-0.001788746798411,-0.0030506134498864
A_raw_s0_r16,00182.png,-0.0010468250839039,-0.0005651561077684,23.41422271728516,23.03904914855957,-0.0003105735813733,-0.0015118842711672
A_raw_s0_r16,00183.png,-0.001810452202335,-0.0018506828928366,23.23150634765625,25.067773818969727,0.0017237663269042,-0.000345439708326
A_raw_s0_r16,00184.png,-0.0014549567131325,-0.0006452139932662,24.329803466796875,23.468053817749023,0.0019005419453606,-0.0010777863208204
A_raw_s0_r16,00185.png,0.0015664881793782,-0.0020371198188513,28.88919258117676,24.00452423095703,-0.0018028599442914,0.0015002657892182
A_raw_s0_r16,00186.png,-0.0016459408216178,-0.0001714453537715,24.15118789672852,22.84024810791016,-0.0009791963966563,-0.0036798587534576
A_raw_s0_r16,00187.png,0.0020185373723506,-0.0008042394765652,20.706241607666016,25.39427375793457,0.0001802944461815,-0.0014950723852962
A_raw_s0_r16,00188.png,3.06455694953911e-06,-6.360516999848187e-05,22.326419830322266,26.72078514099121,0.000448551523732,-0.0019819443114101
A_raw_s0_r16,00189.png,-0.000243471658905,-0.0006371575291268,22.31073760986328,28.325801849365234,0.001823739032261,0.0016135951736941
A_raw_s0_r16,00190.png,-0.000937326287385,0.0015611485578119,23.254966735839844,20.56172752380371,0.00138477422297,-0.0003997922758571
A_raw_s0_r16,00191.png,9.567598317516968e-05,2.4995391868287697e-05,21.840133666992188,28.022539138793945,-1.704508758848533e-05,0.0020689126104116
A_raw_s0_r16,00192.png,-0.0012858512345701,-0.0002284159709233,23.4705810546875,29.0128116607666,-0.0009777887025848,-0.0021981338504701
A_raw_s0_r16,00193.png,-4.803520641871728e-05,0.002043135697022,23.71693992614746,25.32890510559082,-0.0013648279709741,0.0013758387649431
A_raw_s0_r16,00194.png,0.0009353529312647,0.0007999344379641,26.769899368286133,24.848190307617188,-0.000347895984305,-0.0001641355192987
A_raw_s0_r16,00195.png,-0.0018433799268677,0.0005514246877282,26.86116600036621,23.449405670166016,-0.0021583340130746,-0.0010008475510403
A_raw_s0_r16,00196.png,0.0005189476069062,0.0002610987867228,26.504011154174805,24.902009963989254,0.0003994447761215,-0.0013903881190344
A_raw_s0_r16,00197.png,-0.0005739076295867,-0.0002383466198807,24.466894149780277,37.29538345336914,0.0001287876366404,0.0012797611998394
A_raw_s0_r16,00198.png,0.0011374732712283,0.0013014525175094,22.68023109436035,31.760303497314453,-0.0006516516441479,-0.0008971034549176
A_raw_s0_r16,00199.png,-0.0003026608901564,-0.0018641755450516,23.1289176940918,26.35262489318848,0.0037369558122009,0.0006307195289991
A_raw_s0_r16,00200.png,-0.0002035714423982,-0.0012229443527758,26.41120338439941,24.51735115051269,1.6482674254802987e-05,0.0005058394162915
A_raw_s0_r16,00201.png,-0.0016268107574433,-0.0003068263176828,24.24101448059082,24.747468948364254,-0.0043528643436729,-0.000309317925712
A_raw_s0_r16,00202.png,0.0006121027399785,-0.0001436408347217,25.964792251586918,22.609766006469727,0.0018407895695418,-0.0008711847476661
A_raw_s0_r16,00203.png,0.000178522474016,-0.0008702425402589,23.045215606689453,26.749656677246094,0.0003920391318388,0.0014448596630245
A_raw_s0_r16,00204.png,0.0001062657102011,-0.0003430634678807,26.034299850463867,22.19422149658203,0.0007444772636517,-0.0011927769519388
A_raw_s0_r16,00205.png,0.0001472954754717,-0.0005712775164283,26.66291046142578,22.669633865356445,-0.0023251192178577,-0.0020796684548258
A_raw_s0_r16,00206.png,-0.000432238128269,-0.0004989753942936,22.08790779113769,27.146663665771484,-0.0010354018304497,-0.0001241589197888
A_raw_s0_r16,00207.png,-0.0005179569707252,0.0031280792318284,21.045486450195312,24.5504150390625,0.0016168974107131,-0.0005564031889662
A_raw_s0_r16,00208.png,0.0005675930297002,-0.0022607024293392,22.550352096557617,21.117799758911133,-0.0017396566690877,-0.0022672372870147
A_raw_s0_r16,00209.png,0.0012324425624683,-0.0018579834140837,23.766658782958984,23.465166091918945,-0.0005751745775341,-0.0038829224649816
A_raw_s0_r16,00210.png,0.0014753664145246,0.003213200950995,21.46508026123047,21.86021423339844,0.0016086963005363,-0.0032784927170723
A_raw_s0_r16,00211.png,-0.0015967914368957,-0.001146942609921,22.64855194091797,30.40132713317871,0.001863439916633,0.00167382217478
A_raw_s0_r16,00212.png,0.0005150378565303,-0.0007402929477393,23.19513702392578,27.57326316833496,0.0002452554181218,-3.4050441172439605e-05
A_raw_s0_r16,00213.png,-0.0008113026851788,-0.0007566249114461,22.8615837097168,20.843135833740234,-0.0024848594330251,-0.0002641112077981
A_raw_s0_r16,00214.png,-0.0002571421500761,-0.001446224283427,24.079275131225582,22.213104248046875,-5.871168468729593e-05,-0.000853753183037
A_raw_s0_r16,00215.png,3.189664494129829e-05,0.0021512329112738,22.24320602416992,21.06106185913086,8.723753853701055e-05,0.001985318493098
A_raw_s0_r16,00216.png,0.0010343240574002,0.0015875715762376,22.79848289489746,23.456512451171875,0.0007769269868731,-0.0014765243977308
A_raw_s0_r16,00217.png,0.0029297969304025,0.0007533672614954,27.203632354736328,23.2451114654541,-0.0003394940285943,-0.0016839239979162
A_raw_s0_r16,00218.png,-4.518615605775267e-05,-0.0019248006865382,28.016468048095703,28.15419006347656,0.0020541201811283,-0.0046041421592235
A_raw_s0_r16,00219.png,0.0011521151755005,0.0004208994505461,22.36347007751465,22.65837860107422,0.0022972393780946,-4.665009691962041e-05
A_raw_s0_r16,00220.png,-0.0007475809543393,-0.0004278054402675,23.09663200378418,22.7784366607666,0.0017979828407987,0.0013202676782384
A_raw_s0_r16,00221.png,0.000904438609723,-0.0018745634006336,23.296974182128903,28.993955612182617,0.0010436719749122,0.0012104921042919
A_raw_s0_r16,00222.png,8.915457146940753e-05,-0.0001680555433267,22.559642791748047,25.52336311340332,-0.0018396204104647,0.0012893782695755
A_raw_s0_r16,00223.png,0.0012067322386428,0.0030076242983341,32.81735610961914,26.73943519592285,1.0897920219576918e-05,-0.0003967464144807
A_raw_s0_r16,00224.png,0.0006057879072614,-0.0007059316849336,24.554279327392575,22.783218383789062,-0.0008066225564107,0.0010676184901967
A_raw_s0_r16,00225.png,0.0017095603980123,-0.0014497587690129,26.73773956298828,32.778377532958984,0.0013236595550552,-0.0009690633160062
A_raw_s0_r16,00226.png,0.00063678791048,-0.0036643869243562,20.854124069213867,22.795129776000977,0.0032811076380312,0.003165191039443
A_raw_s0_r16,00227.png,-0.0006362744607031,0.0011425144039094,21.47642135620117,24.458629608154297,0.0019277192186564,-0.002911290153861
A_raw_s0_r16,00228.png,0.0014559027040377,-0.0005471479380503,25.396211624145508,25.371183395385746,0.0003651615988928,-0.0002054993092315
A_raw_s0_r16,00229.png,0.0017621201695874,-0.0004190230683889,27.979171752929688,28.024982452392575,0.000471378036309,0.0004680184065364
A_raw_s0_r16,00230.png,0.0031503429636359,-0.0005632483516819,22.633869171142575,25.30893325805664,0.001119214342907,-0.0012987208319827
A_raw_s0_r16,00231.png,0.0026240453589707,-0.0008238456211984,24.03110694885254,22.402250289916992,0.0010985997505486,-0.0008047284791246
A_raw_s0_r16,00232.png,-0.0006614181329496,0.0001947089331224,27.480772018432617,28.80927848815918,0.0009261108934879,4.324713881942444e-05
A_raw_s0_r16,00233.png,-0.0001626015873625,0.0002164041507057,27.25676918029785,20.692094802856445,0.0004430619883351,-0.0005945072043687
A_raw_s0_r16,00234.png,9.148331446340308e-05,0.0007212410564534,26.248104095458984,25.3409366607666,-0.0003089402453042,0.0006617199396714
A_raw_s0_r16,00235.png,0.0006912781391292,0.0016131115844473,25.16832733154297,25.8068904876709,-0.0020500598475337,-0.0015138055896386
A_raw_s0_r16,00236.png,-0.0004498301423154,0.0001102827955037,22.842742919921875,29.112905502319336,-0.0012861898867413,-0.0008619664586149
A_raw_s0_r16,00237.png,0.0009850922506302,0.0004791411338374,26.08126449584961,24.91412353515625,-0.0008616472478024,0.000692224537488
A_raw_s0_r16,00238.png,0.0027155946008861,0.0007679749978706,21.37714958190918,27.65782356262207,0.0015703404787927,0.0020503178238868
A_raw_s0_r16,00239.png,0.0002584106114227,-0.0002845665439963,29.6216983795166,26.26362991333008,0.0012820742558687,-0.0003182342625223
A_raw_s0_r16,00240.png,0.0007710402715019,0.0009986206423491,27.746042251586918,26.85546112060547,-0.001239396748133,0.0020437503699213
A_raw_s0_r16,00241.png,-0.0016233790665864,-0.0020147827453911,24.393142700195312,20.218515396118164,-1.073533985618269e-05,0.0024191485717892
A_raw_s0_r16,00242.png,-0.0004121564561501,-2.146130782421096e-06,27.148822784423828,38.06087112426758,-0.0014111724449321,0.0010054802987724
A_raw_s0_r16,00243.png,0.0007479817140847,0.0004713255912065,24.32618522644043,22.669227600097656,-0.0001988216099562,0.0018808241002261
A_raw_s0_r16,00244.png,6.26519467914477e-05,7.387249206658453e-05,22.29420661926269,25.051029205322266,0.0008921635453589,0.0012720089871436
A_raw_s0_r16,00245.png,-0.0012515019625425,-0.0013377611758187,23.265771865844727,29.549898147583008,0.0011726247612386,0.0010656154481694
A_raw_s0_r16,00246.png,-0.0008177742711268,0.0007847715169191,28.667213439941406,22.20706367492676,-0.0028951205313205,0.0027251925785094
A_raw_s0_r16,00247.png,-0.0002769788552541,-0.001124752452597,24.166488647460938,27.8397216796875,0.0009601261117495,0.0017866134876385
A_raw_s0_r16,00248.png,0.0002053136267932,0.0001724803587421,31.41520500183105,23.277040481567383,-1.4700223800900858e-05,0.0002230008976766
A_raw_s0_r16,00249.png,0.0003155561280436,0.0005387049168348,21.68457794189453,23.060096740722656,0.0024751389864832,0.0006428150227293
A_raw_s0_r16,00250.png,0.0021500645671039,0.0015812861965969,21.6627140045166,22.789655685424805,-0.0014580003917217,-0.0008353063021786
A_raw_s0_r16,00251.png,0.0021479532588273,-0.0009935239795595,24.754491806030277,28.586654663085938,0.0001517236232757,0.0003809252521023
A_raw_s0_r16,00252.png,3.538747478160076e-05,-0.0002064806176349,29.328218460083008,23.68292236328125,0.0048230765387415,-0.0014443128602579
A_raw_s0_r16,00253.png,0.0003703195834532,0.0020579302217811,19.919097900390625,25.124940872192383,0.0013053192524239,0.0002559140557423
A_raw_s0_r16,00254.png,-0.0013020252808928,-0.0002229309320682,27.417037963867188,25.252199172973636,-0.0020153853110969,0.0010113639291375
A_raw_s0_r16,00255.png,0.0011719476897269,0.0011475854553282,21.82861328125,22.637300491333008,0.0018662535585463,-0.0022188478615134
A_raw_s0_r16,00256.png,-0.0014194898540154,0.0002015737554756,23.146350860595703,27.822566986083984,-0.0012921306770294,0.0025045762304216
A_raw_s0_r16,00257.png,0.0010894580045714,-0.0003615625610109,23.39304542541504,22.978748321533203,0.0005426107090897,0.0019778020214289
A_raw_s0_r16,00258.png,0.0008597162668593,-0.0001174072822323,26.47314453125,35.7473258972168,0.0008208601502701,0.0006797387613914
A_raw_s0_r16,00259.png,-0.0003443807654548,-0.0026744566857814,25.60451889038086,24.462312698364254,0.0003584401274565,-0.0016084390226751
A_raw_s0_r16,00260.png,0.001632438506931,0.0002528675540816,23.33292007446289,28.059797286987305,-0.0003124444629065,-0.0016568066785112
A_raw_s0_r16,00261.png,0.0001330234808847,8.627743955003098e-05,28.45257377624512,21.507789611816406,0.0002935855009127,-0.0032107422593981
A_raw_s0_r16,00262.png,0.0002304837835254,0.0005393055034801,23.9807186126709,21.352474212646484,-0.0027669216506183,0.0002965141611639
A_raw_s0_r16,00263.png,0.0019028900424018,0.0018768066074699,28.36312866210937,26.122438430786133,-0.0028844235930591,-0.000809189514257
A_raw_s0_r16,00264.png,-0.0019919699989259,-0.0006394377560354,25.03783798217773,23.222766876220703,-0.000227991680731,0.0030531669035553
A_raw_s0_r16,00265.png,-0.0015644247177988,-0.0014303190400823,25.465625762939453,29.021806716918945,-0.0007506716647185,-0.000259264052147
A_raw_s0_r16,00266.png,0.0006747674196958,0.0006733286427333,22.48246955871582,27.516977310180664,0.0028409869410097,-0.0003945170901715
A_raw_s0_r16,00267.png,-0.0009728238801471,0.0012423680163919,24.00020408630371,20.983163833618164,0.0020356595050543,-0.0008626929484307
A_raw_s0_r16,00268.png,0.001805440406315,0.0002170288935303,26.002382278442383,23.173486709594727,-0.0017201646696776,-0.0007548942812718
A_raw_s0_r16,00269.png,-0.0021120032761245,-0.0024390590842813,25.535858154296875,24.764381408691406,-0.0024737056810408,-0.0007255089585669
A_raw_s0_r16,00270.png,-0.0003603640943765,0.000142796561704,26.92239761352539,22.902759552001957,0.0007764438050799,-0.0012255238834768
A_raw_s0_r16,00271.png,6.652908632531762e-05,-0.0018187067471444,23.11163330078125,25.52854347229004,-0.0009929441148415,-0.0003125992079731
A_raw_s0_r16,00272.png,0.0009598576580174,0.0024051237851381,23.273195266723636,23.28724479675293,0.0003365458396729,-0.0007416951120831
A_raw_s0_r16,00273.png,-0.0011808858253061,-0.0007485704845748,25.337627410888672,26.40526580810547,0.0013879991602152,0.0015848824987187
A_raw_s0_r16,00274.png,0.0004865341470576,-0.000902067462448,28.205116271972656,24.005340576171875,-0.004142131190747,0.0020079889800399
A_raw_s0_r16,00275.png,0.0031466921791434,0.0001394017890561,29.418249130249023,32.79074478149414,0.001237039337866,-0.0012747606961056
A_raw_s0_r16,00276.png,0.0009072311222553,0.0012028464116156,23.823060989379883,27.47311019897461,0.0001120147426263,0.0012394801015034
A_raw_s0_r16,00277.png,-0.0005219021695666,0.0004321479646023,26.45602798461914,21.200658798217773,0.0007866736850701,-0.0028392074164003
A_raw_s0_r16,00278.png,-9.112244697462302e-06,0.0020879707299172,27.50680923461914,23.744741439819336,0.0030640633776783,-0.0006772190681658
A_raw_s0_r16,00279.png,-0.0010960497893393,-0.0007368449587374,20.176433563232425,23.101709365844727,0.0029889559373259,-0.0010946874972432
A_raw_s0_r16,00280.png,0.0023696867283433,0.0016010613180696,22.71194648742676,30.30986213684082,-0.0026037357747554,0.0011722482740879
A_raw_s0_r16,00281.png,0.0011860118247568,-0.0003605110105127,29.090177536010746,25.73104858398437,0.0004576132050715,-0.0006866844487376
A_raw_s0_r16,00282.png,-0.0015741288661956,-0.0022971893195062,28.109207153320312,25.040061950683597,0.002693805610761,0.0014498432865366
A_raw_s0_r16,00283.png,-0.0012045417679473,-0.0007496090256609,30.64580535888672,26.212377548217773,-7.088307029334828e-05,0.0011474847560748
A_raw_s0_r16,00284.png,0.0019548924174159,-0.0016477588796988,24.603103637695312,22.913175582885746,0.0001854483853094,5.3751828090753406e-05
A_raw_s0_r16,00285.png,-0.0011208412470296,-0.0009278370998799,23.44061088562012,24.5738582611084,-0.0001608820457477,0.0019292876822873
A_raw_s0_r16,00286.png,-0.0018661558860912,-0.0003971261321566,27.140928268432617,22.02895164489746,0.0009717683424241,0.0024107070639729
A_raw_s0_r16,00287.png,-0.0023973637726157,-0.0018411057535558,21.6316032409668,26.01595115661621,0.0003971268597524,0.0020374443847686
A_raw_s0_r16,00288.png,-0.0015324298292398,-0.0004644441942218,23.68361091613769,27.47756576538086,0.0003313121851533,0.0029351087287068
A_raw_s0_r16,00289.png,0.0005609920481219,-0.0001418911997461,29.35409164428711,25.31633186340332,0.0029664933681488,-0.0006708625005558
A_raw_s0_r16,00290.png,-6.89395119479741e-06,-0.000859890715219,28.72764205932617,24.67654037475586,-0.0011668232036754,-0.0001728174829622
A_raw_s0_r16,00291.png,0.0007842502673156,0.0023766260128468,21.920881271362305,24.965660095214844,-0.0005690528778359,0.0008729645051062
A_raw_s0_r16,00292.png,-0.0001673492370173,-0.0013243553694337,29.414167404174805,24.78653907775879,0.0028601868543773,-0.0050621139816939
A_raw_s0_r16,00293.png,0.0024391245096921,0.0006365257431752,24.86882781982422,23.910181045532227,0.0012955657439306,-0.0005582413868978
A_raw_s0_r16,00294.png,-0.0012348149903118,-0.0003433210949879,26.651153564453125,24.399229049682617,-0.0005244988715276,-0.0005085043376311
A_raw_s0_r16,00295.png,0.0007844724459573,-0.0017329528927803,27.414962768554688,22.774507522583008,0.0042310156859457,0.0011193181853741
A_raw_s0_r16,00296.png,-8.984918167698197e-06,0.001013234257698,30.861835479736328,20.941871643066406,0.0004547813441604,0.0015913280658423
A_raw_s0_r16,00297.png,-0.0003477987775113,-0.0017451700987294,23.583993911743164,23.48464584350586,0.0029821526259183,-9.240389772458002e-05
A_raw_s0_r16,00298.png,-0.0011508695315569,0.0006646074471063,21.805299758911133,26.131038665771484,-0.0007453776197507,-0.0002601360611151
A_raw_s0_r16,00299.png,-0.0016239451942965,-0.0010605148272588,27.122150421142575,22.116838455200195,-0.000643363862764,0.0010223282733932
A_raw_s0_r16,00300.png,-0.0017621802398934,-0.0005076789529994,23.95250129699707,30.194854736328125,0.0008420076337642,-0.002665831008926
A_raw_s0_r16,00301.png,0.0022302085999399,0.0014291545376181,25.7299747467041,26.922897338867188,-0.0012938607251271,-0.0012845246819779
A_raw_s0_r16,00302.png,-0.0006977629964239,-0.000660091813188,30.275495529174805,25.312841415405277,-0.00102643459104,2.5043822461157102e-05
A_raw_s0_r16,00303.png,0.0008170865476131,-0.0012003662995994,50.43069839477539,27.67429542541504,0.0013580289669334,-0.0016070505371317
A_raw_s0_r16,00304.png,-0.0007399381138384,0.0008248027879744,20.571083068847656,26.56541633605957,-0.003509486792609,0.0045695472508668
A_raw_s0_r16,00305.png,5.514371514436789e-05,0.0001074059473467,22.158588409423828,31.811214447021484,-0.0010756460251286,-0.0010788596700876
A_raw_s0_r16,00306.png,0.0015247703995555,-0.0005764481611549,21.15424156188965,23.034896850585938,-0.0007291969377547,-0.0010363891487941
A_raw_s0_r16,00307.png,0.0003012146626133,-0.0004824568750336,25.798295974731445,25.06144523620605,0.0024470074567943,0.0006321613909676
A_raw_s0_r16,00308.png,0.0009193494915962,-0.0008495915681123,24.98648834228516,27.689437866210938,0.0004275605024304,0.0001089503712137
A_raw_s0_r16,00309.png,0.0001419570762664,0.0005858148797415,25.069744110107425,28.386350631713867,0.0023142287973314,-0.0018652023281902
A_raw_s0_r16,00310.png,-0.0009602365898899,0.0008257474983111,23.974925994873047,23.99722671508789,0.0022147158160805,-0.0001426639792043
A_raw_s0_r16,00311.png,0.0008704648353159,0.0022897543385624,23.400379180908203,22.063522338867188,0.0002741006901487,-0.0020613968372344
A_raw_s0_r16,00312.png,0.0004996042116545,0.0004643929423764,26.043607711791992,24.55138397216797,-0.0009882996091619,-0.0002470369217917
A_raw_s0_r16,00313.png,-0.0002396821073489,0.0003445374895818,21.81220245361328,23.44753074645996,-0.0012752737384289,0.0001855315640568
A_raw_s0_r16,00314.png,0.0006173574947752,0.0029020139481872,21.5524845123291,25.25812530517578,-0.0002010552270803,0.0010782810859382
A_raw_s0_r16,00315.png,-0.0008460630779154,0.0009727231226861,23.76830673217773,29.570701599121094,0.0023985852021723,0.0011579447891563
A_raw_s0_r16,00316.png,0.0005160949076525,-0.0007067362894304,23.6340274810791,23.837032318115234,-0.001268265186809,-0.0005161827430129
A_raw_s0_r16,00317.png,-6.135066360002384e-05,-0.0004424901853781,23.90052032470703,30.74682235717773,-0.0002341284125577,0.0012331356992945
A_raw_s0_r16,00318.png,-0.0015715293120592,-0.0010941828368231,23.968467712402344,25.7578182220459,0.0004783796321135,-0.0007317070849239
A_raw_s0_r16,00319.png,0.0004863574577029,0.001386223710142,20.89647674560547,26.919099807739254,-0.0008822322706691,0.0030619166791439
A_raw_s0_r16,00320.png,0.001048187026754,0.0029403185471892,30.26561737060547,24.12771987915039,0.0012115655699744,0.0027806730940937
A_raw_s0_r16,00321.png,0.0032986695878207,0.0003660813963506,24.446203231811523,24.76809501647949,-0.001031260471791,-0.0015344684943556
A_raw_s0_r16,00322.png,1.9056369637837637e-05,0.000350040703779,23.896203994750977,40.61233901977539,0.0008626960334368,0.0006175224552862
A_raw_s0_r16,00323.png,9.20533639146015e-05,-0.0017921801190823,22.42070770263672,22.877660751342773,-0.0027895392850041,0.0004448413383215
A_raw_s0_r16,00324.png,-0.0008157177362591,-0.0005790928844362,22.19270133972168,23.66924476623535,-0.0005144918104633,0.0024813199415802
A_raw_s0_r16,00325.png,-0.0008642215980216,-9.92105997283943e-05,20.882347106933597,26.262115478515625,0.0001020832642097,-0.0002256944426335
A_raw_s0_r16,00326.png,0.0007458905456587,-0.0021500950679183,27.054811477661133,29.32190322875977,0.00177107763011,0.0015986264916136
A_raw_s0_r16,00327.png,0.0003792777133639,0.0027436283417046,22.401805877685547,21.82011985778809,0.0042648110538721,-0.0024208202958106
A_raw_s0_r16,00328.png,-0.0002074872900266,-0.0015292071038857,24.096752166748047,22.976964950561523,-0.0027452905196696,0.0004930815193802
A_raw_s0_r16,00329.png,-0.0003987364470958,0.0011865848209708,25.57387351989746,22.54793930053711,0.0004438196192495,0.0026846907567232
A_raw_s0_r16,00330.png,0.0014524846337735,0.000161362971994,22.331693649291992,24.725215911865234,0.0019773978274315,5.350823266780935e-05
A_raw_s0_r16,00331.png,0.0024292073212563,-0.0004569095035549,24.006059646606445,33.8380241394043,-0.0009974983986467,-0.0006974473362788
A_raw_s0_r16,00332.png,-0.0002870907192118,7.554914191132411e-05,25.672422409057617,25.959930419921875,0.001461568986997,0.0002541629655752
A_raw_s0_r16,00333.png,-0.0002496930828783,-0.0011901067337021,23.818836212158203,27.67278480529785,0.0017161048017442,0.0006354145007207
A_raw_s0_r16,00334.png,-2.545012284826953e-05,0.0003362687421031,25.70611572265625,32.84428405761719,-0.0010674056829884,0.0020982818678021
A_raw_s0_r16,00335.png,0.0025289887562394,-0.0004641508858185,21.973363876342773,28.391477584838867,-0.002176709473133,0.0013913887087255
A_raw_s0_r16,00336.png,-0.0005440137465484,-0.0011808171402662,25.61397361755371,26.88398742675781,0.0006994329742155,0.0004490154096856
A_raw_s0_r16,00337.png,-0.0013040958438068,-7.380931492662057e-05,25.486913681030277,23.29497528076172,-0.001109599485062,-0.0005217029829509
A_raw_s0_r16,00338.png,0.0005110304336994,-0.0008449237211607,27.198217391967773,32.3702278137207,-0.0007627311279065,-0.0032089261803776
A_raw_s0_r16,00339.png,0.0013149380683898,-0.0007127006538212,25.65216636657715,25.441883087158203,-0.0007677876856178,0.0022009219974279
A_raw_s0_r16,00340.png,0.0008614677353762,0.0028046069201081,23.946117401123047,24.177387237548828,0.0010765070328488,-0.0005363774253055
A_raw_s0_r16,00341.png,0.0007277721888385,-0.0016432686243206,23.381792068481445,24.440168380737305,0.0012662898516282,0.0010168742155656
A_raw_s0_r16,00342.png,-0.0010443945648148,-0.0003716396458912,21.15740203857422,23.51655960083008,-0.0009824465960264,-0.0025419753510504
A_raw_s0_r16,00343.png,0.0004736031987704,-0.0011979724513366,26.275711059570312,30.193286895751957,0.0013727407203987,-0.0006602339562959
A_raw_s0_r16,00344.png,0.0004085822729393,-0.0006517322617582,24.10619163513184,23.70061683654785,0.0031627661082893,-0.0004870791162829
A_raw_s0_r16,00345.png,0.0007326946943067,0.0001203604915644,24.520421981811523,23.78317070007324,-0.0015198797918856,0.0002224034105893
A_raw_s0_r16,00346.png,-0.0012100450694561,0.0008397942292504,21.07919311523437,23.799434661865234,-0.0012214535381644,-0.0010277145775035
A_raw_s0_r16,00347.png,-0.000551687029656,-0.0013115177862346,27.87826538085937,20.36984062194824,0.0029055043123662,0.004378608893603
A_raw_s0_r16,00348.png,-0.0013259793631732,-0.0012939209118485,25.66831398010254,23.19076919555664,0.0008450174937024,0.0025124356616288
A_raw_s0_r16,00349.png,-0.0004921480431221,0.0018138705054298,27.13949203491211,23.3444938659668,0.0040050679817795,-0.0022343869786709
A_raw_s0_r16,00350.png,0.0009784846333786,-0.0003704995906446,25.20335960388184,22.824750900268555,0.0018152461852878,0.0006674789474345
A_raw_s0_r16,00351.png,-0.001055491855368,0.0003974258434027,28.60787773132324,19.805957794189453,0.001004580873996,0.0019159247167408
A_raw_s0_r16,00352.png,-0.0014753529103472,0.0007876360905356,24.741674423217773,29.102930068969727,-6.356072117341682e-05,0.0014733440475538
A_raw_s0_r16,00353.png,-0.000463551696157,-0.0004495446337386,23.078187942504883,26.76475524902344,0.0012344279093667,-0.0002729542320594
A_raw_s0_r16,00354.png,0.0006202268996275,-0.0030831338372081,30.90651130676269,25.09543228149414,-0.0002161038864869,0.0007666929159313
A_raw_s0_r16,00355.png,-0.0001374403072986,-0.0015792843187227,30.7729606628418,23.5168514251709,-8.767107647145167e-05,0.0014153557131066
A_raw_s0_r16,00356.png,-0.0002479516260791,-3.476360870990902e-05,23.62852668762207,24.072927474975582,-0.0006663784151896,-0.0029240138828754
A_raw_s0_r16,00357.png,-0.0021897305268794,-0.0003327302110847,27.939289093017575,24.608657836914062,0.0024529511574655,-0.0006799776456318
A_raw_s0_r16,00358.png,0.0006034107063896,-0.0013792283134534,26.646379470825195,22.706892013549805,0.000374513794668,-0.0002205855562351
A_raw_s0_r16,00359.png,0.0001326372585026,-0.0002358424244448,23.10077667236328,30.560714721679688,-0.0009952194523066,-0.002590354764834
A_raw_s0_r16,00360.png,-0.0010954713216051,-7.011635170783848e-05,24.51876449584961,26.68223762512207,0.0004624987777788,-0.0005402006790973
A_raw_s0_r16,00361.png,0.0005278142634779,-0.0005606958875432,27.95122528076172,21.6849308013916,-0.0001781985047273,-0.0015244355890899
A_raw_s0_r16,00362.png,-0.0002947473840322,0.0006809998885728,30.65485191345215,35.89344787597656,0.0006693300092592,-0.0014797422336414
A_raw_s0_r16,00363.png,-0.0008711487753316,0.0002022762346314,24.74573135375977,23.120471954345703,0.0017088747117668,-0.0020886096172034
A_raw_s0_r16,00364.png,0.0004230980703141,0.0005446049617603,26.230792999267575,31.4444580078125,0.0001967355055967,-0.0008455938077531
A_raw_s0_r16,00365.png,0.000916171062272,0.000657778524328,23.224321365356445,26.25270271301269,-0.0004555346677079,-0.0014049941673874
A_raw_s0_r16,00366.png,0.0014901078538969,0.0020363396033644,27.083555221557617,23.90399742126465,-0.0004156544164288,-0.0002988338237628
A_raw_s0_r16,00367.png,0.0012075692648068,0.0009337074006907,29.028339385986328,28.69413948059082,0.001663438277319,0.0017651157686486
A_raw_s0_r16,00368.png,-0.0012339055538177,-0.0020812908187508,28.0168399810791,25.56162643432617,-0.0014750229893252,-0.0024982490576803
A_raw_s0_r16,00369.png,-0.0012155853910371,-0.0014636218547821,30.33055305480957,25.98150062561035,-0.0006751621840521,9.118585876422004e-05
A_raw_s0_r16,00370.png,-0.0005858897930011,0.0021275710314512,22.476423263549805,32.5303955078125,0.0015210037818178,0.0008555244421586
A_raw_s0_r16,00371.png,0.0007107396959327,-0.0007136302883736,20.432432174682617,21.695466995239254,-0.0020039388909935,0.0001950020669028
A_raw_s0_r16,00372.png,-0.0029304113704711,-0.0012883206363767,22.123632431030277,22.321178436279297,0.0027566724456846,0.0012771699111908
A_raw_s0_r16,00373.png,-0.0003867777704726,0.0015165504300966,22.233444213867188,26.130556106567383,0.000123759091366,0.0012681119842454
A_raw_s0_r16,00374.png,4.402569174999371e-06,0.000994820613414,27.484867095947266,35.83388900756836,0.0018831957131624,0.0001464133529225
A_raw_s0_r16,00375.png,6.438203854486346e-05,-0.0012130347313359,26.05946350097656,26.982799530029297,-0.0019102843943983,0.0025535661261528
A_raw_s0_r16,00376.png,-0.000199649904971,0.0007611911278218,20.831056594848636,27.29301071166992,0.00134213862475,0.0004530396545305
A_raw_s0_r16,00377.png,-0.0011976218083873,-0.0012739656958729,25.856534957885746,28.616390228271484,-0.0016430672258138,0.0058985231444239
A_raw_s0_r16,00378.png,-8.045636786846444e-05,-0.0010429634712636,22.32349395751953,25.707868576049805,-0.0021661506034433,0.0006161267519928
A_raw_s0_r16,00379.png,-0.0009081235621124,-0.0005691367550753,24.970823287963867,25.6039981842041,0.0006634909659624,-0.0002375137264607
A_raw_s0_r16,00380.png,-0.0019737191032618,0.0006833712104707,28.78093719482422,22.35320854187012,0.0021357072982937,0.0030009716283529
A_raw_s0_r16,00381.png,0.0002834927872754,0.0018610643455758,26.25679016113281,29.282495498657227,-0.0025069394614547,-5.725896699004807e-05
A_raw_s0_r16,00382.png,0.0016940827481448,0.0016571037704125,31.22161293029785,30.20051383972168,-0.0020807071123272,0.0011661581229418
A_raw_s0_r16,00383.png,0.0012412298237904,-0.0008516470552422,21.238739013671875,30.06678771972656,0.001520971301943,-0.0030751856975257
A_raw_s0_r16,00384.png,-0.0003082693729083,0.0012447793269529,24.901235580444336,30.30360412597656,-0.0001114976621465,-0.000971634988673
A_raw_s0_r16,00385.png,-0.0004353728436399,0.0007025524391792,27.601930618286133,24.15034294128418,0.0002169560320908,0.0005522014689631
A_raw_s0_r16,00386.png,-0.0038328939117491,-0.0007311702356673,24.901744842529297,21.04578018188477,-0.0009938260773196,-0.0006687593995593
A_raw_s0_r16,00387.png,-0.0018970832461491,-0.004811783786863,29.00720596313477,23.52656936645508,-0.0027390050236135,-0.0007314499816857
A_raw_s0_r16,00388.png,-0.0008039186359383,0.0016924276715144,26.013568878173828,29.99665069580078,0.000480729911942,0.0014338629553094
A_raw_s0_r16,00389.png,0.0004828881355933,0.0003185141249559,25.524215698242188,25.934633255004883,-0.0023545552976429,0.0002199519076384
A_raw_s0_r16,00390.png,-0.0014215280534699,-0.001167535665445,23.93149185180664,23.610187530517575,0.0024745925329625,-0.0043219299986958
A_raw_s0_r16,00391.png,0.000479092268506,-0.0005915576475672,21.631200790405277,20.76280212402344,-0.0043079243041574,0.0014116641832515
A_raw_s0_r16,00392.png,0.0014412025921046,0.002677684649825,25.29627227783203,26.556854248046875,0.0020492319017648,-0.0008039083331823
A_raw_s0_r16,00393.png,-0.0001935534528456,-0.0005835819756612,33.43790054321289,26.71877670288086,0.0018040158320218,-0.0006018929416313
A_raw_s0_r16,00394.png,0.0004381032194942,-0.001574408262968,26.83966445922852,33.93754577636719,-0.0016721602296456,0.0004331695090513
A_raw_s0_r16,00395.png,-0.001889118575491,-0.0005118902190588,21.902700424194336,27.109561920166016,-0.0018878356786444,-0.0026293091941624
A_raw_s0_r16,00396.png,-1.9767707271967083e-05,0.0020589237101376,29.16644859313965,24.20603370666504,0.00224594399333,0.0025758291594684
A_raw_s0_r16,00397.png,0.0001988680160138,-0.0021444249432533,35.5565071105957,31.01694107055664,-0.0003365378652233,0.0005437987856566
A_raw_s0_r16,00398.png,0.0011940585682168,-0.0005431597237475,23.598581314086918,24.988744735717773,-0.0025894397404044,0.0004044189699925
A_raw_s0_r16,00399.png,-0.0009933887049555,-8.627272472949699e-05,23.73822021484375,28.37215805053711,8.553713996661827e-05,0.0004843886999879
A_raw_s0_r16,00400.png,-0.0008118281839415,0.00011525710579,24.981115341186523,25.55126190185547,0.0004106585984118,-0.0009854121599346
A_raw_s0_r16,00401.png,-0.0015532404650002,-0.0003424228925723,23.300609588623047,27.17970085144043,-0.0008738177129998,-0.000135266687721
A_raw_s0_r16,00402.png,0.0008605834445916,0.000445153855253,23.705570220947266,22.125560760498047,0.0012720167869701,-0.0014925773721188
A_raw_s0_r16,00403.png,-0.0005250585381872,-0.0031591304577887,22.462451934814453,24.09076499938965,-0.0004455781017895,0.0025576669722795
A_raw_s0_r16,00404.png,-0.0014805257087573,-0.0016742467414587,30.02755546569824,24.62326431274414,-0.0014132239157333,0.0003317552618682
A_raw_s0_r16,00405.png,0.0006317675579339,0.0018734406912699,23.91986656188965,22.640718460083008,0.001112645259127,-0.0022386694326996
A_raw_s0_r16,00406.png,0.0017171627841889,-0.0007373099797405,24.5045223236084,26.3248233795166,-0.0002534303639549,0.0003442681918386
A_raw_s0_r16,00407.png,0.0012239522766321,0.0004855673178099,27.52476501464844,24.122472763061523,-0.0030419249087572,0.0004689915804192
A_raw_s0_r16,00408.png,-0.0004015509039163,0.0005551319336518,22.01616668701172,22.92131805419922,-0.0029218199197202,-0.0045020561665296
A_raw_s0_r16,00409.png,-0.0001891234423965,0.0017141648568212,25.747581481933597,26.43063735961914,-0.0018191123381257,0.0026372191496193
A_raw_s0_r16,00410.png,0.0009249121067114,0.0012750924797728,23.143075942993164,27.49250602722168,-0.0003920570015907,-5.003929982194677e-05
A_raw_s0_r16,00411.png,0.0004578338994178,0.0007889897096902,25.75633811950684,26.431264877319336,0.001085389056243,0.0006700012600049
A_raw_s0_r16,00412.png,0.0001365372445434,-0.0028734363149851,26.1026668548584,24.79081916809082,0.0006056438433006,0.0007591897738166
A_raw_s0_r16,00413.png,-0.0007093898020684,0.0021603559143841,22.15274429321289,22.264057159423828,0.0012901430018246,-0.0007106799748726
A_raw_s0_r16,00414.png,-0.0023705456405878,-0.000626848777756,31.196229934692383,24.963308334350582,-0.0008042638073675,0.0006683920510113
A_raw_s0_r16,00415.png,0.0003969432727899,-0.0003797321987804,22.21308135986328,25.92516326904297,0.0005429892335087,0.0011403175303712
A_raw_s0_r16,00416.png,0.0011521511478349,0.0007347040227614,24.142391204833984,25.196399688720703,-0.0016660072142258,0.0021332812029868
A_raw_s0_r16,00417.png,0.0024441671557724,0.0030428969766944,25.93630027770996,24.768760681152344,-0.0007575083291158,-0.0009198655025102
A_raw_s0_r16,00418.png,-0.0008052582852542,0.0013803875772282,22.68078994750977,25.17204475402832,0.0029096119105815,-0.000478722853586
A_raw_s0_r16,00419.png,0.0005643886397592,-4.174018613412045e-05,23.43246459960937,27.35166358947754,-0.0038184532895684,0.0011285052169114
A_raw_s0_r16,00420.png,0.0024952674284577,-0.0003032919485121,22.227479934692383,22.39144325256348,0.0006731575704179,0.0010046862298622
A_raw_s0_r16,00421.png,-0.001618469832465,0.0004167166480328,24.56390953063965,26.412656784057617,0.0015787006122991,0.0009024072787724
A_raw_s0_r16,00422.png,-0.0009404472657479,0.0011693738633766,32.180076599121094,27.262531280517575,-0.0009382379357703,-0.0003500136372167
A_raw_s0_r16,00423.png,0.0011350819841027,0.0027168951928615,22.45903968811035,25.808578491210938,-0.001005510916002,0.0032015712931752
A_raw_s0_r16,00424.png,0.0018758808728307,0.0008729098481126,23.55736541748047,20.633485794067383,-0.0015140280593186,0.0008205009507946
A_raw_s0_r16,00425.png,-0.0013553071767091,0.0008335806196555,26.13190269470215,34.70758056640625,-0.0021145569626241,0.0008222726755775
A_raw_s0_r16,00426.png,-0.0001771197858033,0.000667194253765,22.690919876098636,24.629112243652344,-0.0004608519084285,-0.0022034435532987
A_raw_s0_r16,00427.png,0.0005431484314613,0.0021937452256679,24.8985538482666,23.825319290161133,-0.0014710706891492,-0.0003778859681915
A_raw_s0_r16,00428.png,-0.0020437540952116,-0.0016742142615839,27.100318908691406,24.205642700195312,-0.0016018924070522,-0.0009126957156695
A_raw_s0_r16,00429.png,-0.0010538380593061,0.0016061242204159,24.75872039794922,21.197097778320312,0.0010897534666582,-0.0001382433983962
A_raw_s0_r16,00430.png,-0.0004666476161219,0.0016167251160368,23.813552856445312,30.368690490722656,-0.0015882165171205,-0.000317943864502
A_raw_s0_r16,00431.png,0.0001853982103057,-0.0023402345832437,21.988571166992188,28.84905433654785,-8.485186845064163e-05,0.0003708169388119
A_raw_s0_r16,00432.png,0.0009313867194578,0.0009548181551508,24.054765701293945,23.309728622436523,-0.0021685173269361,2.5441206162213348e-05
A_raw_s0_r16,00433.png,-0.0015832625795155,0.0007788407965563,24.169204711914062,25.936742782592773,0.0001917808694997,-0.0019690115004777
A_raw_s0_r16,00434.png,-0.0008519720868207,0.0007865084917284,25.405473709106445,26.15705299377441,-0.0020366837270557,-0.0032219013664871
A_raw_s0_r16,00435.png,0.001127720111981,0.0008633939432911,24.35729217529297,21.732336044311523,0.0001400336041115,-0.0029703879263252
A_raw_s0_r16,00436.png,0.0018199615878984,0.0010443766368553,22.81253242492676,23.681814193725582,-0.001481999293901,-0.0004049907729495
A_raw_s0_r16,00437.png,-0.000537687272299,-0.0020324122160673,24.064727783203125,24.24406242370605,0.0009505397174507,-0.0008898149826563
A_raw_s0_r16,00438.png,0.0002582480665296,-0.0001505237451056,25.461801528930664,25.172592163085938,-0.0010694591328501,-0.0013159230584278
A_raw_s0_r16,00439.png,0.0009299774537794,0.0010429309913888,25.99486923217773,25.346155166625977,-0.0013403906486928,0.0009309294982813
A_raw_s0_r16,00440.png,-5.525549568119459e-05,-0.0004541361122392,25.857667922973636,26.471086502075195,-0.0006347763119265,8.211231033783406e-05
A_raw_s0_r16,00441.png,0.0019860507454723,-0.000183483105502,32.69762420654297,22.460838317871094,-0.0001599555544089,-0.0012306574499234
A_raw_s0_r16,00442.png,-0.0004600741667672,-0.0008160309516824,27.88236427307129,22.927534103393555,-0.0007716497057117,0.0002156316477339
A_raw_s0_r16,00443.png,0.0008444222621619,0.0009366343147121,22.90431785583496,23.307201385498047,4.372971670818515e-05,0.0013052027206867
A_raw_s0_r16,00444.png,-0.0010298270499333,0.0002826281415764,23.100854873657227,25.85951232910156,-8.97589634405449e-05,0.0013198892120271
A_raw_s0_r16,00445.png,0.0012329567689448,-0.0016689248150214,21.43424415588379,30.316312789916992,-0.0024494114331901,7.854076102375984e-06
A_raw_s0_r16,00446.png,-0.0001914871972985,0.0017949562752619,23.375518798828125,22.954500198364254,-0.0023464974947273,-0.0055378684774041
A_raw_s0_r16,00447.png,-0.0010601255344226,0.0009706193814054,25.27479553222656,23.8609561920166,-1.1066265869885685e-05,-0.0023087689187377
A_raw_s0_r16,00448.png,-0.0003353260690346,0.0025606863200664,23.573118209838867,25.66878890991211,0.0034599085338413,0.0028248948510736
A_raw_s0_r16,00449.png,-0.0002782413212116,-0.0012826898600906,27.45816802978516,21.7806339263916,0.0010361669119447,0.0029250085353851
A_raw_s0_r16,00450.png,-0.0012546371435746,0.0014967385213822,25.36610984802246,23.0493278503418,-0.0021530461963266,-0.0018289623549208
A_raw_s0_r16,00451.png,0.0001027579492074,-0.0016357142012566,24.11887550354004,27.94913482666016,0.0033695565070956,0.0004973353934474
A_raw_s0_r16,00452.png,-0.0012422117870301,0.0015501832822337,26.133649826049805,31.35358428955078,0.0001370793179376,0.0015968384686857
A_raw_s0_r16,00453.png,-0.0008833859465084,0.0017606912879273,22.43291282653809,25.001909255981445,0.0006422950536943,-0.0005975116509944
A_raw_s0_r16,00454.png,0.0003209585847798,0.0004928985727019,28.668472290039062,23.83750534057617,-0.0004962671664543,0.0017960923723876
A_raw_s0_r16,00455.png,-0.0012706965208053,0.0011699674651026,20.765260696411133,21.28178024291992,0.0007736746338196,-0.0002175587724195
A_raw_s0_r16,00456.png,0.0012772207846865,-0.0005927875754423,22.44205093383789,24.41080474853516,7.147480209823698e-05,-0.0008092850330285
A_raw_s0_r16,00457.png,0.0019908014219254,0.0031254251953214,25.47125244140625,25.021778106689453,0.0017264599446207,-0.0001881698117358
A_raw_s0_r16,00458.png,-0.0004855437437072,0.0005626929923892,24.865896224975582,25.86469078063965,0.0017819164786487,0.0012314493069425
A_raw_s0_r16,00459.png,0.0001214710864587,-0.0015446699690073,26.29320526123047,22.2628173828125,-0.0005642886972054,0.0004254462546668
A_raw_s0_r16,00460.png,-0.0023770586121827,0.0015080502489581,22.63243865966797,23.892513275146484,-0.0001165419453172,-0.0016718356637284
A_raw_s0_r16,00461.png,0.0018090513767674,-0.0005210625822655,25.80157470703125,23.09648895263672,-0.0011343547375872,0.00178236188367
A_raw_s0_r16,00462.png,0.0013949912972748,0.0021794945932924,21.900745391845703,24.84569931030273,0.0002242303016828,-9.522362233838066e-05
A_raw_s0_r16,00463.png,-0.0009169318364001,-0.0008818264468573,27.799264907836918,28.647937774658203,0.0017656172858551,0.0008735891897231
A_raw_s0_r16,00464.png,-0.0009152023703791,-0.0012033267412334,24.53375625610352,22.998260498046875,-0.0010983695974573,-0.0002684860955923
A_raw_s0_r16,00465.png,-0.003196150297299,-0.0019611038733273,26.976642608642575,25.292274475097656,-0.0003600382187869,0.0011522880522534
A_raw_s0_r16,00466.png,0.0005766610847786,0.0011815837351605,25.324243545532227,26.680404663085938,0.0020649102516472,0.0022704091388732
A_raw_s0_r16,00467.png,0.001345923054032,0.0020793078001588,29.999401092529297,25.41678810119629,-0.0001618250680621,0.0001319037692155
A_raw_s0_r16,00468.png,-0.0027105938643217,-0.0005097895627841,29.40085792541504,24.30780029296875,-0.0010113082826137,0.0025034754071384
A_raw_s0_r16,00469.png,-0.0002270443510496,-0.0001706738112261,23.197290420532227,23.839717864990234,0.0010876172455027,-0.0016642567934468
A_raw_s0_r16,00470.png,0.0017103181453421,0.0016838122392073,26.61010360717773,25.242382049560547,-0.0007237571990117,3.324076169519685e-05
A_raw_s0_r16,00471.png,0.0013403217308223,0.001764282118529,24.71174430847168,22.771129608154297,-0.0019320379942655,-0.0002030014729825
A_raw_s0_r16,00472.png,0.0004979929071851,0.0023987628519535,21.601457595825195,21.56692123413086,0.0001859062322182,0.0025679056998342
A_raw_s0_r16,00473.png,-0.0029019601643085,-0.0010339533910155,26.03691864013672,26.518081665039062,-0.0030605499632656,0.0015684980899095
A_raw_s0_r16,00474.png,-0.0007618094678036,0.0012870453065261,24.82096672058105,29.040916442871094,-0.001960557885468,-0.0012046141782775
A_raw_s0_r16,00475.png,-0.000213857871131,-0.0021035803947597,22.385028839111328,28.384151458740234,-0.0001643424766371,0.0047342181205749
A_raw_s0_r16,00476.png,-0.0017127323662862,-0.0007713290397077,29.031450271606445,23.74165153503418,-0.0011123586446046,-0.0029483973048627
A_raw_s0_r16,00477.png,-0.0007729313219897,-0.0004370690439827,22.046550750732425,22.757959365844727,-0.001855625770986,-0.0031114388257265
A_raw_s0_r16,00478.png,0.0011434779735282,0.0008805600809864,24.463672637939453,27.41301155090332,-0.0007994628394953,0.0006540645845234
A_raw_s0_r16,00479.png,0.0001124939662986,-0.0006474457914009,25.189781188964844,27.612091064453125,0.0018061815062537,0.000844165275339
A_raw_s0_r16,00480.png,-0.0006355314399115,0.0003693053440656,24.000707626342773,22.51060676574707,0.0006763584678992,0.0020259809680283
A_raw_s0_r16,00481.png,0.0011315123410895,0.0016426023794338,21.84697532653809,20.5872859954834,-0.0003410491335671,-0.0015189802506938
A_raw_s0_r16,00482.png,0.0008482577395625,-0.0015647478867322,25.108455657958984,23.712421417236328,-0.0025704866275191,-0.0004070005670655
A_raw_s0_r16,00483.png,0.0010737442644312,0.002025517867878,24.27707290649414,30.24416923522949,0.0009162319474853,0.0013846728252246
A_raw_s0_r16,00484.png,-0.0004483534430619,-0.0016735373064875,33.7465934753418,23.80877113342285,-0.0017366043757647,0.0030146830249577
A_raw_s0_r16,00485.png,0.0008993035880848,-0.0005533992080017,28.003887176513672,21.64936828613281,0.0031725920271128,0.0015883090673014
A_raw_s0_r16,00486.png,-9.530585521133617e-05,-0.0005717597086913,21.964988708496094,23.968055725097656,0.00219720415771,0.0004005280788987
A_raw_s0_r16,00487.png,-0.0001071690858225,0.0007829859969206,23.26239585876465,22.1412353515625,0.0004628546303138,-0.0010495038004592
A_raw_s0_r16,00488.png,0.0013669504551216,0.0018059799913316,22.964488983154297,23.466087341308597,0.0008428815635852,-0.0002382173697696
A_raw_s0_r16,00489.png,-0.0004407225642353,-0.0002459839452058,23.73112297058105,23.432762145996094,-6.48844288662076e-05,0.0008683399646542
A_raw_s0_r16,00490.png,-0.0010259667178615,0.0001296169066336,22.35368537902832,22.973188400268555,-0.0008247036021202,0.0003320678370073
A_raw_s0_r16,00491.png,-0.0006064183544367,-0.0009199301712214,24.767858505249023,24.224884033203125,0.0012872386723756,0.0003590487176552
A_raw_s0_r16,00492.png,8.288492972496897e-05,-0.0035502519458532,24.11205291748047,20.79586410522461,0.0006904479232616,0.0014294101856648
A_raw_s0_r16,00493.png,-0.0008390457369387,0.0005393858300521,24.811019897460938,27.10801696777344,-0.001016596914269,0.0009406456374563
A_raw_s0_r16,00494.png,0.0007461049826815,0.000860015512444,24.714365005493164,26.313615798950195,0.0003615299647208,0.0009096136782318
A_raw_s0_r16,00495.png,-0.001838652184233,-0.0019954754970967,25.014652252197266,25.450288772583008,0.0009161361376754,0.0015669934218749
A_raw_s0_r16,00496.png,0.0023522472474724,-0.0002610897354315,24.08785629272461,23.339698791503903,-0.0033916707616299,0.0043531176634132
A_raw_s0_r16,00497.png,0.0001664392621023,0.0004951658775098,25.79194450378418,24.44990539550781,-0.0013675906229764,-0.0023404811508953
A_raw_s0_r16,00498.png,0.0012345662107691,0.0027947868220508,24.389333724975582,25.1562557220459,0.0010399185121059,-0.001414802740328
A_raw_s0_r16,00499.png,0.0013882365310564,3.834999370155856e-05,21.65897560119629,28.96517562866211,0.0006006691837683,0.0007749707438051
A_raw_s1_r16,00000.png,0.0004594073689077,-0.0005995380925014,24.081995010375977,27.79702377319336,-0.0028712179046124,-0.000740603194572
A_raw_s1_r16,00001.png,-0.0006433285889215,0.002042330102995,33.23523712158203,25.58878517150879,9.790444164536892e-05,-0.0002564194437582
A_raw_s1_r16,00002.png,0.0007358378497883,-0.0001022467840812,26.01128578186035,24.241424560546875,-0.0021662341896444,0.0007744518807157
A_raw_s1_r16,00003.png,0.0023895020131021,0.001204214640893,21.342086791992188,20.77772331237793,-0.0010178128723055,-0.0014710390241816
A_raw_s1_r16,00004.png,-0.0005027885781601,0.0024313260801136,22.78357315063477,24.055234909057617,-0.0033685097005218,0.0014208366628736
A_raw_s1_r16,00005.png,0.0021497418638318,0.003397176740691,26.236555099487305,22.430784225463867,0.0005263571511022,0.0001239805715158
A_raw_s1_r16,00006.png,0.0013887175591662,0.0010672360658645,24.49759864807129,26.96372985839844,-0.0008767297840677,-0.0002189495426137
A_raw_s1_r16,00007.png,-0.0009588605607859,0.0010016978485509,20.52337646484375,24.603002548217773,0.0017153737135231,-0.001365207019262
A_raw_s1_r16,00008.png,-0.0010492416331544,-0.0007710030768066,27.0474853515625,21.971908569335938,-0.000685243983753,0.0015596626326441
A_raw_s1_r16,00009.png,-0.0009551237453706,0.0001012879729387,24.68947029113769,22.921783447265625,-0.0016314199892804,7.139564695535228e-05
A_raw_s1_r16,00010.png,0.0020878384821116,-0.0003123659698758,23.456478118896484,23.40862274169922,-0.001861487631686,-0.0003346023440826
A_raw_s1_r16,00011.png,0.0013305621687322,0.0027200649492442,24.7971305847168,25.215166091918945,-0.0003969055833294,-0.0003684769035317
A_raw_s1_r16,00012.png,-0.0011749895056709,-0.0005782971857115,23.29114532470703,27.670549392700195,0.0032934290356934,0.00278054876253
A_raw_s1_r16,00013.png,0.0006838725530542,-0.0009699777583591,21.32597541809082,23.65145492553711,0.0030008051544427,0.0016377051360905
A_raw_s1_r16,00014.png,-0.000110702101665,0.0020062869880348,23.80379676818848,30.32363510131836,-0.0027046280447393,5.9806952776853e-05
A_raw_s1_r16,00015.png,-0.0007947302074171,-0.0007016001618467,24.71864891052246,23.577556610107425,0.0032504475675523,0.0010888800024986
A_raw_s1_r16,00016.png,0.0001982306712307,0.0027722814120352,25.92047882080078,32.68424606323242,0.0007865047664381,-0.0001724759786156
A_raw_s1_r16,00017.png,-0.0009269831352867,0.000535323168151,26.55617332458496,27.1113338470459,-0.0011823627864941,-0.0027904608286917
A_raw_s1_r16,00018.png,-0.0021071191877126,-0.0016300404677167,25.27910423278809,23.613689422607425,-0.0021228133700788,0.0011001939419656
A_raw_s1_r16,00019.png,0.0010343727190047,-8.541874558432028e-05,22.215776443481445,21.70067405700684,-0.0014736908487975,-0.0021706819534301
A_raw_s1_r16,00020.png,0.0008304941002279,0.0022242022678256,21.40884017944336,21.660024642944336,-0.0026038167998194,-0.0021673645824193
A_raw_s1_r16,00021.png,-0.0020687696523964,-0.0013466132804751,27.54415702819824,23.11265754699707,0.0006979110767133,0.0007403801428154
A_raw_s1_r16,00022.png,-0.0003803608997259,-0.0001833472342696,22.425540924072266,24.955297470092773,-0.0007855775766074,0.0021231633145362
A_raw_s1_r16,00023.png,-0.0007263596635311,0.0003371992788743,22.605527877807617,22.92635154724121,-0.0006418128032237,0.000712412118446
A_raw_s1_r16,00024.png,-0.0003550349210854,-0.0026494653429836,23.459604263305664,25.921091079711918,0.0003623253724072,-0.0017469313461333
A_raw_s1_r16,00025.png,0.0023084955755621,-0.0003388296463526,23.076528549194336,22.539674758911133,9.962772310245782e-05,-0.0007177365478128
A_raw_s1_r16,00026.png,1.7076665244530886e-05,0.0003336186928208,21.647838592529297,24.616159439086918,0.0016447775997221,-0.001042733201757
A_raw_s1_r16,00027.png,0.0001734260731609,0.001299996394664,22.72627830505371,21.247699737548828,-0.0026304884813725,0.0005279624601826
A_raw_s1_r16,00028.png,0.0033055478706955,0.0028704875148832,23.51638984680176,24.2313232421875,0.0022554791066795,0.0007619787938892
A_raw_s1_r16,00029.png,-0.000400742777856,-0.0008091974304988,24.467945098876957,32.126888275146484,1.0314152859791648e-05,-0.0057045766152441
A_raw_s1_r16,00030.png,0.0015592641429975,0.0007145663257688,25.497577667236328,28.773252487182617,0.0013437448069453,0.0003905201738234
A_raw_s1_r16,00031.png,0.0009510387899354,0.0017817355692386,22.9028434753418,31.369041442871094,0.0017692582914605,0.0009545033681206
A_raw_s1_r16,00032.png,-0.0015290846349671,0.0013289579655975,27.97368621826172,26.80005645751953,-0.0034004845656454,-2.747755206655711e-05
A_raw_s1_r16,00033.png,-0.0008629080839455,-0.0023713638074696,25.823057174682617,24.808542251586918,-0.0020415880717337,-0.0011446377029642
A_raw_s1_r16,00034.png,4.710455323220231e-05,-0.0005577981937676,24.70430374145508,31.624685287475582,0.0026032358873635,0.0016335862455889
A_raw_s1_r16,00035.png,-0.000212052866118,0.0006343399873003,22.344497680664062,21.665882110595703,0.0014424511464312,0.0007563098333775
A_raw_s1_r16,00036.png,-0.0009839187841862,0.0008757152827456,24.71921730041504,25.920381546020508,0.0009746268042363,-0.0019191780593246
A_raw_s1_r16,00037.png,0.0005019161617383,-0.0010398909216746,23.522565841674805,21.127376556396484,-0.0008433724287897,-0.0036439364776015
A_raw_s1_r16,00038.png,0.0014027795987203,0.0013824646594002,28.634265899658203,25.4190673828125,-0.0001064352909452,0.0033103288151323
A_raw_s1_r16,00039.png,-0.0004365924978628,0.0014482679544016,29.22956657409668,22.07937812805176,0.0010224898578599,-0.0013378048315644
A_raw_s1_r16,00040.png,0.0010266994358971,0.0002804879622999,24.543994903564453,23.602970123291016,0.0026757000014185,0.0021340523380786
A_raw_s1_r16,00041.png,-0.0006592528079636,-0.0004641412524506,24.286434173583984,24.38784408569336,0.0001856382004916,0.0016447096131742
A_raw_s1_r16,00042.png,0.0018970862729474,-0.0013240245170891,26.952402114868164,23.44759559631348,0.0010742456652224,-0.001737464684993
A_raw_s1_r16,00043.png,0.0010118061909452,0.0024298252537846,23.34254264831543,25.919166564941406,-0.0011996811954304,-1.0684215340006633e-05
A_raw_s1_r16,00044.png,2.034980025200639e-05,0.0007204767316579,25.397674560546875,23.49540328979492,-0.0015238205669447,-0.0024135247804224
A_raw_s1_r16,00045.png,-0.0003986963420175,-0.0011069553438574,19.82969093322754,24.102266311645508,0.000431027408922,-9.929526277119294e-05
A_raw_s1_r16,00046.png,0.0001702531444607,0.0016520991921424,20.83187484741211,22.762432098388672,0.0017892101313918,-0.0002307932008989
A_raw_s1_r16,00047.png,-0.0012320865644142,-0.0005055590299889,24.97085189819336,25.264862060546875,0.0018391001503914,0.0015437444671988
A_raw_s1_r16,00048.png,0.0012584928190335,-0.0007114828331395,29.91546058654785,27.23728370666504,0.0011388061102479,-0.0004222927382215
A_raw_s1_r16,00049.png,-0.0004863617941737,0.0001537801290396,22.611007690429688,28.67036247253418,-0.0022522455547004,0.0007583767874166
A_raw_s1_r16,00050.png,0.0010396079160273,-0.0015606044325977,22.17983055114746,29.521528244018555,-0.001658761058934,-0.0019920733757317
A_raw_s1_r16,00051.png,0.0020996506791561,-0.000917874276638,22.92197799682617,28.75434684753418,-0.0033135768026113,-0.0024195278529077
A_raw_s1_r16,00052.png,-0.0020125398878008,-0.0011116672540083,22.55262756347656,25.678924560546875,0.0035319421440362,-0.0011864694533869
A_raw_s1_r16,00053.png,-0.0004101589729543,-0.0015818247338756,26.95808982849121,23.39168357849121,-0.0010655503720045,5.52293386135716e-05
A_raw_s1_r16,00054.png,-0.0004671499482356,0.0011804734822362,20.87848854064941,26.329614639282227,-0.0018970775417983,0.0023480916861444
A_raw_s1_r16,00055.png,-8.238280133809894e-05,-0.0009434048552066,27.600505828857425,22.5346622467041,-0.001418396946974,-0.0031733801588416
A_raw_s1_r16,00056.png,-0.0013145265402272,-0.0015644570812582,23.6772403717041,24.082056045532227,-0.0021417727693915,-0.0004687516193371
A_raw_s1_r16,00057.png,-0.0006385101587511,-0.0020163669250905,28.64984893798828,26.918516159057617,-0.0014758805045858,-0.0008554311934858
A_raw_s1_r16,00058.png,0.0012893113307654,-0.0005439444212242,22.06051445007324,22.147571563720703,-0.0022996352054178,-0.000188589139725
A_raw_s1_r16,00059.png,-0.0006049556541256,0.002405481878668,28.066650390625,23.32277488708496,0.0026916654314845,0.0027811445761471
A_raw_s1_r16,00060.png,-0.0005989532219246,6.0369697166606784e-05,23.294376373291016,25.831378936767575,0.001541641075164,-0.0010785609483718
A_raw_s1_r16,00061.png,0.0023569215554744,0.0017292835982516,25.804298400878903,26.68604278564453,0.0003071837127208,0.0019662394188344
A_raw_s1_r16,00062.png,-0.0028032739646732,0.0026912363246083,23.42181205749512,26.70808219909668,-0.0010229590116068,0.0008577449480071
A_raw_s1_r16,00063.png,0.0005201055901125,0.0001404335635015,24.448871612548828,27.90385055541992,-0.0018147054361179,-0.0011523055145516
A_raw_s1_r16,00064.png,-0.0013945611426606,0.0012327914591878,36.813697814941406,30.259796142578125,0.0011082631535828,-0.0006717393989674
A_raw_s1_r16,00065.png,0.0002728626714088,0.00276057026349,22.772815704345703,28.29763412475586,-0.0009134919964708,-0.002973647788167
A_raw_s1_r16,00066.png,-0.0011116678360849,-0.0002561194414738,22.9107608795166,31.112377166748047,-0.0003210574504919,-0.0025933599099516
A_raw_s1_r16,00067.png,0.0013763267779722,0.0022496590390801,26.064865112304688,23.28370475769043,0.0004676761163864,0.0018406808376312
A_raw_s1_r16,00068.png,0.0003606033860705,-0.0017125131562352,20.83694839477539,30.9311637878418,0.0001168723683804,-0.0008919441024772
A_raw_s1_r16,00069.png,-0.000170249142684,0.0005621706950478,22.594749450683597,21.89454460144043,-2.1564757844316773e-05,-0.0017804167000576
A_raw_s1_r16,00070.png,-0.0007909685373306,-0.0006311910110525,24.493846893310547,26.368873596191406,-0.0020788644906133,-0.000746430188883
A_raw_s1_r16,00071.png,0.0022988256532698,0.0010410465765744,25.972633361816406,25.44903945922852,0.0004310340445954,-0.0034035330172628
A_raw_s1_r16,00072.png,0.0025880951434373,-0.0014649766962975,22.253101348876957,23.95201110839844,-0.0020832167938351,0.0019878256134688
A_raw_s1_r16,00073.png,-0.0026211088988929,-0.0027160972822457,25.25498962402344,23.61768341064453,0.0016290480270981,0.0007636210648342
A_raw_s1_r16,00074.png,-0.0008510973420925,-0.0006712265894748,22.48994255065918,20.993288040161133,-0.0005810835282318,-0.0025302746798843
A_raw_s1_r16,00075.png,-3.901134914485738e-05,-0.0001518065109848,25.96147727966309,26.98132705688477,-0.001676081563346,-0.0025397385470569
A_raw_s1_r16,00076.png,0.0028616543859243,0.0010653905337676,27.200603485107425,22.161680221557617,-0.0037560502532869,-0.0009264517575502
A_raw_s1_r16,00077.png,0.0003396287793293,0.0002687709929887,23.832956314086918,22.5360164642334,0.0003905146149918,0.0011480588000267
A_raw_s1_r16,00078.png,0.003038881579414,-0.0004493328451644,28.24479484558105,22.476980209350582,0.0026960419490933,-0.0008783936500549
A_raw_s1_r16,00079.png,-0.000675328192301,0.0006964361527934,23.99148178100586,23.866191864013672,-0.0030746140982955,-0.0010740731377154
A_raw_s1_r16,00080.png,-0.002257936168462,0.0024163941852748,24.13988876342773,22.515438079833984,0.0052033769898116,0.0034879758022725
A_raw_s1_r16,00081.png,0.0009319693781435,-0.0009343436686322,23.742576599121094,32.06256103515625,0.0030366303399205,-0.0008632781682536
A_raw_s1_r16,00082.png,0.0012281610397621,-0.000679813849274,24.29961585998535,24.693199157714844,0.000288004084723,-0.0023359060287475
A_raw_s1_r16,00083.png,-0.0012354102218523,-0.0003890058433171,26.642963409423828,25.406965255737305,-0.0006546214572153,-0.0033303240779787
A_raw_s1_r16,00084.png,0.0006470292573794,0.0002273385325679,26.846904754638672,27.324275970458984,-0.0017773518338799,0.0013015319127589
A_raw_s1_r16,00085.png,-7.615044887643307e-05,0.001252946560271,21.12901306152344,27.60039710998535,-0.0031116576865315,0.0007227634778246
A_raw_s1_r16,00086.png,-0.003155521582812,0.0005169193027541,29.32365226745605,23.33403205871582,-0.0002116202231263,-0.0023427938576787
A_raw_s1_r16,00087.png,0.0012917463900521,0.0014013851759955,27.43365859985352,23.50337028503418,-0.0027528018690645,-0.0005872494075447
A_raw_s1_r16,00088.png,8.768229599809274e-05,0.0023554454091936,22.160579681396484,32.329689025878906,0.0006191180436871,0.0036396591458469
A_raw_s1_r16,00089.png,-0.0036832450423389,-0.0002958372060675,22.36650276184082,27.00591278076172,0.0022939497139304,-0.0016152206808328
A_raw_s1_r16,00090.png,4.664082734961994e-05,-0.0006289369775913,26.305042266845703,24.648509979248047,0.0008034285274334,0.0004755984118673
A_raw_s1_r16,00091.png,0.0005326314130797,0.0003218999772798,27.19882583618164,23.28412437438965,0.001549583626911,0.003087292658165
A_raw_s1_r16,00092.png,-0.002401057863608,0.0008882266120053,28.433353424072266,27.09004211425781,-0.0006333618657663,0.0026380186900496
A_raw_s1_r16,00093.png,-0.002420311095193,-0.0014542855788022,25.12728500366211,31.78738212585449,0.0010388038353994,0.0020079480018466
A_raw_s1_r16,00094.png,0.0021262168884277,-0.0005596221308223,22.629058837890625,25.373022079467773,0.0009997589513659,0.0011810732539743
A_raw_s1_r16,00095.png,-0.0004936744226142,0.0006705652922391,23.795669555664062,23.42536735534668,-0.0026673905085772,0.000201859336812
A_raw_s1_r16,00096.png,-0.0015705814585089,0.0003794665972236,24.75163078308105,26.331541061401367,-0.0016737079713493,0.0044714524410665
A_raw_s1_r16,00097.png,0.0005172456731088,-0.0008154538227245,21.145679473876957,22.690460205078125,0.0011690829414874,0.0013125222176313
A_raw_s1_r16,00098.png,0.0001247053587576,0.0015040785074234,27.23960876464844,21.46631622314453,-7.144896517274901e-05,-0.0008767680265009
A_raw_s1_r16,00099.png,0.0004642478888854,-0.0014132224023342,23.006681442260746,25.050203323364254,0.0007972698658704,0.0003805493470281
A_raw_s1_r16,00100.png,5.936469460721128e-05,0.0014682309702038,22.953981399536133,24.393644332885746,0.0011900597019121,-0.0008966766763478
A_raw_s1_r16,00101.png,-0.0005497307283803,0.0014112361241132,24.34500503540039,25.81277847290039,0.0001150942916865,0.0008819210925139
A_raw_s1_r16,00102.png,-0.000787885452155,-0.0017029400914907,25.50063133239746,25.624876022338867,9.412998770130798e-05,0.0007141478126868
A_raw_s1_r16,00103.png,0.0008673722040839,0.0012764090206474,20.30935859680176,32.28828811645508,-0.0018935330444946,-0.0011805715039372
A_raw_s1_r16,00104.png,0.0013847760856151,0.0012805276783183,21.3481559753418,23.854228973388672,-0.0025369361974298,0.0003093839040957
A_raw_s1_r16,00105.png,-0.0019275119993835,-0.0003876505652442,24.91620635986328,27.819311141967773,-0.0025001952890306,0.0014049066230654
A_raw_s1_r16,00106.png,0.0004422937636263,0.0003353696083649,25.181621551513672,22.740812301635746,0.0002238690794911,0.0032418563496321
A_raw_s1_r16,00107.png,0.0011484492570161,0.000899848586414,27.37467384338379,31.46355628967285,0.0006880057626403,0.0012043550377711
A_raw_s1_r16,00108.png,0.0017770244739949,0.0007749567739665,25.47245216369629,24.814552307128903,-0.0013898537727072,0.0016653446946293
A_raw_s1_r16,00109.png,0.0002507374156266,-0.0008353310986422,30.400367736816406,25.44647216796875,-0.0009573958232067,-0.0014935003127902
A_raw_s1_r16,00110.png,-0.0005558076081797,-5.62456734769512e-05,26.32464408874512,25.602434158325195,-0.0007738751592114,0.0002964288578368
A_raw_s1_r16,00111.png,-0.0009903762256726,0.0026829822454601,24.529115676879883,25.010374069213867,-0.0001023078802973,-0.0001191541741718
A_raw_s1_r16,00112.png,-0.0008620538283139,0.0009151462581939,24.37712860107422,22.40250968933105,0.001186555949971,-0.0015038212295621
A_raw_s1_r16,00113.png,0.0009992317063733,0.0016093115555122,25.581676483154297,27.034029006958008,-3.93325972254388e-05,0.0001777636352926
A_raw_s1_r16,00114.png,-0.0001488290727138,-0.0003607052494771,27.25224494934082,27.30711936950684,-0.0014722454361617,-0.0001888415717985
A_raw_s1_r16,00115.png,-0.0004401275655254,-0.0004171813779976,21.295286178588867,22.483909606933597,-0.0007800277671776,0.001467065536417
A_raw_s1_r16,00116.png,-0.0001413730060448,-0.0021130181849002,27.67099380493164,28.03915786743164,-0.0019047228852286,-0.0005613575340248
A_raw_s1_r16,00117.png,-0.0014399385545402,0.0018262956291437,24.261415481567383,25.037771224975582,-0.0013657922390848,0.0008878536173142
A_raw_s1_r16,00118.png,-8.969404007075354e-05,2.3105836589820683e-05,21.149168014526367,25.42083549499512,0.0019937367178499,-0.0011908636661246
A_raw_s1_r16,00119.png,0.0015326649881899,-9.430060163140296e-05,23.59151840209961,23.81110000610352,-0.0008914622012525,0.0011252879630774
A_raw_s1_r16,00120.png,0.0001300083240494,0.0007994631887413,25.00772476196289,24.28779983520508,-0.0023557818494737,-0.0007801636238582
A_raw_s1_r16,00121.png,0.0024464689195156,0.0003619852359406,23.22537040710449,24.555339813232425,-0.0041147116571664,-0.0025246604345738
A_raw_s1_r16,00122.png,-0.0009593563736416,-0.0019751151558011,20.666614532470703,20.891475677490234,8.777308539720252e-05,0.0035409196279942
A_raw_s1_r16,00123.png,0.0018884368473663,0.0003779852995648,27.227109909057617,25.90173721313477,-0.0009227850823663,-0.0032868226990103
A_raw_s1_r16,00124.png,-7.476034807041287e-05,0.0027367630973458,25.39546203613281,21.50240898132324,-0.0010193648049607,-0.0034882337786257
A_raw_s1_r16,00125.png,0.0010377961443737,0.0007556335185654,27.88516998291016,23.1494197845459,0.0003997929452452,-0.000558090803679
A_raw_s1_r16,00126.png,-8.410406007897109e-05,-0.0020307211671024,25.494091033935547,23.850780487060547,-0.0002613777760416,-0.0002270896511618
A_raw_s1_r16,00127.png,0.0018456748221069,0.0016532219015061,24.67036247253418,28.06427383422852,-0.0001593671040609,0.0027620622422546
A_raw_s1_r16,00128.png,0.0003909919178113,-0.0015453675296157,26.07457160949707,23.49711227416992,0.0021387781016528,-0.0018669761484488
A_raw_s1_r16,00129.png,0.0015209250850602,0.0010074124438688,20.94581794738769,30.03800773620605,0.0009100008173845,-0.0013275167439132
A_raw_s1_r16,00130.png,-0.0016050981357693,0.0004970362060703,28.54881477355957,24.33063125610352,-2.259633947687689e-05,-0.0005684533971361
A_raw_s1_r16,00131.png,0.0007656912785023,0.0026484802365303,24.130783081054688,23.9682674407959,-0.0005523734143935,0.0010827867081388
A_raw_s1_r16,00132.png,0.0004231715865898,0.0006903245230205,27.681310653686523,26.25465202331543,-0.0013882396742701,-0.0037237275391817
A_raw_s1_r16,00133.png,0.0001681574067333,-0.0007793188560754,34.92378616333008,30.430349349975582,-0.0010647614253684,0.00176342879422
A_raw_s1_r16,00134.png,0.0020545367151498,0.0008670057868584,20.706676483154297,22.64173126220703,0.0011727537494152,0.0005497151869349
A_raw_s1_r16,00135.png,0.0001128347139456,0.000161358853802,20.696592330932617,25.63117027282715,-0.000917836674489,4.128747605136596e-05
A_raw_s1_r16,00136.png,0.001122441724874,-0.0007234719814732,29.92818260192871,22.50557518005371,-0.004104655701667,-0.003976150881499
A_raw_s1_r16,00137.png,-0.0010667879832908,0.0006284578121267,24.17974090576172,24.768310546875,0.002816122258082,0.0023827501572668
A_raw_s1_r16,00138.png,-0.0019549422431737,-0.0004738274437841,28.752805709838867,24.56552505493164,-0.0015332400798797,0.0029986647423356
A_raw_s1_r16,00139.png,0.0007703221053816,0.0003960059548262,22.051687240600582,22.8193302154541,-0.0005618347786366,0.0018565760692581
A_raw_s1_r16,00140.png,0.0008931315969675,-0.000481329858303,24.33317375183105,21.97035789489746,0.001122138928622,0.000346483575413
A_raw_s1_r16,00141.png,0.0014528000028803,0.0007298435084521,22.92901992797852,26.814584732055664,-0.0021615924779325,-0.0001205286534968
A_raw_s1_r16,00142.png,-0.0002955677919089,-0.000657912925817,26.70829200744629,29.538516998291016,0.0004160460666753,-0.0022116734180599
A_raw_s1_r16,00143.png,0.0009648413397371,-3.903043307218468e-06,30.565160751342773,26.44112014770508,0.0010322619928047,-0.0004373290867079
A_raw_s1_r16,00144.png,0.0002241889305878,-0.0038286140188574,24.53600311279297,23.33691024780273,-0.0011656983988359,-0.0025181351229548
A_raw_s1_r16,00145.png,0.0019828774966299,-0.0004630814655683,25.63259506225586,22.20491600036621,-9.565722575644033e-05,-0.000923064246308
A_raw_s1_r16,00146.png,0.0017938235541805,0.0021008064504712,23.603857040405277,26.98052024841309,0.0035575039219111,0.0016107778064906
A_raw_s1_r16,00147.png,-0.0002277993771713,-0.0011768646072596,24.37858009338379,26.56612014770508,-0.003130161203444,-0.0040517719462513
A_raw_s1_r16,00148.png,-0.000110320514068,0.0022367734927684,25.7469539642334,23.71647453308105,-0.0003925706259906,0.0028919330798089
A_raw_s1_r16,00149.png,-0.0027452835347503,-0.0018039774149656,21.96626853942871,23.471302032470703,-0.0010753025999292,-0.00192289322149
A_raw_s1_r16,00150.png,0.0008854871266521,0.0008293858263641,22.558338165283203,27.4556941986084,0.0002167043567169,0.0004371042887214
A_raw_s1_r16,00151.png,-0.0006710398010909,-0.0018981032771989,27.339393615722656,30.550743103027344,-0.0001946404954651,0.0017183411400765
A_raw_s1_r16,00152.png,-0.0013331078225746,0.0005673130508512,20.97740364074707,23.891944885253903,-0.0005173903773538,-0.0003010504879057
A_raw_s1_r16,00153.png,-0.0001566870196256,0.0007659718394279,22.43986320495605,22.27733421325684,0.0020405258983373,-0.0001157625010819
A_raw_s1_r16,00154.png,0.0004831596743315,0.0008590757497586,23.41517448425293,20.35933494567871,5.141264773556031e-05,-0.0018892927328124
A_raw_s1_r16,00155.png,0.0002658397133927,0.0012198486365377,24.2436637878418,22.93342018127441,-0.0024062308948487,-0.0012051198864355
A_raw_s1_r16,00156.png,-0.0019989404827356,-0.0003179993364028,22.43256950378418,22.201684951782227,0.0028413559775799,-0.0032729795202612
A_raw_s1_r16,00157.png,0.0006581612979061,0.0006428563501685,30.354223251342773,22.11249542236328,-0.0005112952203489,-0.0014052713522687
A_raw_s1_r16,00158.png,0.0005114435334689,1.4879444279358722e-05,28.272275924682617,22.48510360717773,-0.0004616738006006,-0.0024657933972775
A_raw_s1_r16,00159.png,0.0016048757825046,-0.0001652921782806,28.63364791870117,23.437889099121094,-0.0014506774023175,-0.0010900240158662
A_raw_s1_r16,00160.png,0.0019308236660435,0.0013410927494987,22.82002067565918,27.442541122436523,-0.0002899607352446,0.0030650089029222
A_raw_s1_r16,00161.png,0.0001802628248697,-0.0013666603481397,28.33864974975586,22.920799255371094,-0.0044172741472721,0.0012029825011268
A_raw_s1_r16,00162.png,-0.0012104181805625,-0.0036059576086699,28.032514572143555,21.915414810180664,0.0004203565185889,-0.0013454868458211
A_raw_s1_r16,00163.png,-0.0002289998810738,-0.0001315395202254,22.748558044433597,22.729293823242188,0.0004648563335649,0.0020080141257494
A_raw_s1_r16,00164.png,-0.0008806936093606,-0.001418970292434,25.19874763488769,26.712841033935547,0.0011261390754953,-0.0010209635365754
A_raw_s1_r16,00165.png,0.0010118539212271,0.0018053812673315,26.98252487182617,24.275827407836918,-0.0002208948426414,0.0010171778267249
A_raw_s1_r16,00166.png,0.0019709195476025,0.0010849352693185,28.4774112701416,30.24542808532715,-2.822814349201508e-05,-0.0005328024853952
A_raw_s1_r16,00167.png,0.0015465946635231,0.0020129773765802,28.964170455932617,28.79085731506348,-0.0005433406913653,-2.6657535272534005e-05
A_raw_s1_r16,00168.png,0.0004159152158536,0.00191694451496,26.483606338500977,24.588998794555664,0.0039627295918762,-0.0025261237751692
A_raw_s1_r16,00169.png,-0.0004591862089,-5.2906132623320445e-05,25.61082649230957,26.13426971435547,-0.0034364450257271,0.0004019917105324
A_raw_s1_r16,00170.png,0.0010470527922734,0.0011383614037185,24.217309951782227,22.696718215942383,0.001820130390115,0.0029777255840599
A_raw_s1_r16,00171.png,-0.00042978048441,-0.001875513116829,26.86996078491211,25.577289581298828,-0.0021727574057877,0.0012839658884331
A_raw_s1_r16,00172.png,0.0016740906285122,0.0006240382790565,21.693220138549805,22.98210906982422,0.0036070486530661,0.0029686326161026
A_raw_s1_r16,00173.png,-0.0004026352253276,-0.0006337075610645,24.711727142333984,26.846115112304688,0.0005453529884107,-0.0003028641513083
A_raw_s1_r16,00174.png,0.0002552090736571,0.0008669350063428,25.37067222595215,23.795089721679688,0.0018059420399367,0.0003532254486344
A_raw_s1_r16,00175.png,0.0005237885634414,-0.001898939255625,27.208641052246094,24.42438697814941,0.0011234498815611,-0.0004337933496572
A_raw_s1_r16,00176.png,-0.0002799066132865,-0.0004376547585707,25.263681411743164,25.86601448059082,0.0003407191252335,0.0017417325871065
A_raw_s1_r16,00177.png,0.0017746664816513,-0.0013965473044663,25.53194999694824,24.08913803100586,0.0002419704687781,-0.0018434048397466
A_raw_s1_r16,00178.png,-1.1175062354595866e-05,0.0022423900663852,23.666501998901367,25.77631187438965,5.905440957576502e-06,-0.0020669575314968
A_raw_s1_r16,00179.png,0.0013966005062684,0.0022438429296016,21.92888641357422,24.71023368835449,-0.0014396053738892,-0.00027271345607
A_raw_s1_r16,00180.png,0.0006739785894751,0.0008473080815747,30.50786018371582,23.80939292907715,-0.0020726963412016,0.0005809172871522
A_raw_s1_r16,00181.png,0.0017937617376446,-0.0004153271438553,20.451684951782227,22.644418716430664,-0.0033251834101974,-0.0026831193827092
A_raw_s1_r16,00182.png,-0.0006849894416518,-0.0007583535043522,22.715599060058597,24.471755981445312,-0.000728687737137,-0.0001313532993663
A_raw_s1_r16,00183.png,-0.0014872004976496,0.0001142739201895,23.557735443115234,32.24103927612305,0.0020738570019602,-0.000277658808045
A_raw_s1_r16,00184.png,-0.0005360460490919,-0.0012495525879785,23.56483268737793,27.34950065612793,0.0006783967255614,-0.0019349630456417
A_raw_s1_r16,00185.png,0.0005138565320521,-0.0014433006290346,29.41868019104004,25.669057846069336,-0.0017258044099435,0.0018839439144358
A_raw_s1_r16,00186.png,0.0002557713596615,0.0002111754583893,23.46595573425293,21.77387809753418,-0.0014845486730337,-0.0023711954709142
A_raw_s1_r16,00187.png,0.0021869344636797,-0.0007479125051759,24.70837783813477,26.797666549682617,0.0006288370932452,-0.0015449954662472
A_raw_s1_r16,00188.png,0.0019100933568552,0.0006091376999393,31.387849807739254,22.04204750061035,-0.0003763852000702,-0.0026687807403504
A_raw_s1_r16,00189.png,-0.0010267299367114,0.0001250919158337,21.981136322021484,29.934907913208008,0.0028275731019675,0.0009942129254341
A_raw_s1_r16,00190.png,-0.0004855017759837,3.942833791370504e-05,23.908296585083008,26.61701393127441,0.0002674946154002,0.0026222749147564
A_raw_s1_r16,00191.png,0.0009070458472706,0.0008105021552182,24.986312866210938,39.58169174194336,0.0005672756233252,0.0022103823721408
A_raw_s1_r16,00192.png,5.652060281136073e-05,-0.0010548159480094,23.46012306213379,24.400712966918945,-0.0013360830489546,0.0008967830217443
A_raw_s1_r16,00193.png,-0.0005446418654173,0.0030855603981763,23.229537963867188,24.71990966796875,0.0009528649970889,0.0046703433617949
A_raw_s1_r16,00194.png,-0.0010187297593802,0.0014551550848409,26.15401077270508,23.58583068847656,-0.0001648456382099,0.0007212982745841
A_raw_s1_r16,00195.png,-0.0006615183665417,-0.0005775112076662,19.999305725097656,33.4173698425293,0.0014465732965618,-0.0009652430308051
A_raw_s1_r16,00196.png,0.0011469314340502,0.0002230842073913,29.06161880493164,21.79174041748047,-0.0006327378214336,-0.0015512307872995
A_raw_s1_r16,00197.png,0.0008742452482692,0.0004609935858752,25.088245391845703,26.416845321655277,0.0012432829244062,0.0027620464097708
A_raw_s1_r16,00198.png,0.0011411346495151,0.0016272931825369,30.01676750183105,24.175018310546875,-0.0017439885996282,-0.0026878935750573
A_raw_s1_r16,00199.png,-0.0007989620789885,-0.0041170557960867,26.931699752807617,24.540082931518555,0.0012545505305752,-0.0002501572598703
A_raw_s1_r16,00200.png,-0.0018496832344681,0.0011813188903033,24.172008514404297,23.57030296325684,0.0008538895053789,-0.0007767039933241
A_raw_s1_r16,00201.png,-0.0026766704395413,-0.001214959542267,20.621931076049805,23.834556579589844,-0.0041564404964447,-0.0014470607275143
A_raw_s1_r16,00202.png,-6.111394031904638e-05,0.0004065152315888,22.885183334350582,26.588716506958008,0.0011643563630059,-0.0003731324686668
A_raw_s1_r16,00203.png,-0.0007154298364184,0.0013142069801688,23.820331573486328,27.735515594482425,-0.0015522907488048,0.0005479932297021
A_raw_s1_r16,00204.png,-0.0003656522312667,-0.000343795720255,26.19053840637207,22.36920166015625,0.0016692903591319,-0.0006545646465383
A_raw_s1_r16,00205.png,-0.0007396819419227,-0.0014922788832336,22.401302337646484,24.901216506958008,-0.0029508944135159,-0.0009426292381249
A_raw_s1_r16,00206.png,0.0006358870887197,0.0004978162469342,28.41232681274414,27.599658966064453,-0.0002261565969092,-0.000749749247916
A_raw_s1_r16,00207.png,0.0003431395452935,0.002024128800258,26.54965591430664,23.43223190307617,0.0011734429281204,-0.0010201033437624
A_raw_s1_r16,00208.png,-0.0014124930603429,-0.0012600277550518,22.39535903930664,23.605308532714844,-0.0040852618403732,0.0011087113525718
A_raw_s1_r16,00209.png,0.0002045523870037,-0.0016526690451428,27.140283584594727,24.47505187988281,0.0012625295203179,-0.0027419030666351
A_raw_s1_r16,00210.png,0.0012016427936032,0.0024508999194949,26.14605712890625,24.67584991455078,0.0021668856497853,-0.0021614741999655
A_raw_s1_r16,00211.png,-0.0033852502238005,-0.0006034140242263,30.944271087646484,25.505857467651367,0.0010145874693989,0.0022181086242198
A_raw_s1_r16,00212.png,0.0021202098578214,-0.0006461580051109,23.998266220092773,24.48062896728516,0.000714671507012,-0.0009736826759763
A_raw_s1_r16,00213.png,-0.002633680589497,-0.0016671725315973,26.26487922668457,22.20591163635254,-0.0018379086395725,-0.0019405875355005
A_raw_s1_r16,00214.png,0.0003547194355633,-0.0015120526077225,22.044958114624023,25.15947723388672,0.000341554172337,-0.0016340797301381
A_raw_s1_r16,00215.png,-0.0002188184735132,0.0009270173613913,27.86751365661621,28.23753929138184,0.0002399095537839,0.0024878012482076
A_raw_s1_r16,00216.png,0.0005406240816228,0.0003485048946458,22.57601547241211,30.51488304138184,0.0006764525314792,-0.0014962803106755
A_raw_s1_r16,00217.png,0.0015213452279567,-0.001027017366141,27.984697341918945,25.705509185791016,-0.0008499668329022,-0.0012428297195583
A_raw_s1_r16,00218.png,-0.0005429047741927,-0.0012591495178639,24.55734062194824,27.884559631347656,0.0030307222623378,-0.0048180022276937
A_raw_s1_r16,00219.png,0.0028033712878823,-0.001744820154272,21.097637176513672,23.87736320495605,0.0014922375557944,0.0018765325658023
A_raw_s1_r16,00220.png,-0.001706798444502,-0.0012548881350085,23.40055656433105,25.2753849029541,0.0011998116970062,-0.0001828423992265
A_raw_s1_r16,00221.png,-0.00010944675887,-0.0009559286991134,24.137924194335938,26.945066452026367,0.0009654550231061,0.0020230957306921
A_raw_s1_r16,00222.png,-0.0011717900633811,-0.0020308268722146,21.56779289245605,21.20216941833496,-0.0025503954384475,0.000333896750817
A_raw_s1_r16,00223.png,0.0014376781182363,0.0017356172902509,27.96521759033203,24.33386993408203,-0.0015319983940571,-0.0015528809744864
A_raw_s1_r16,00224.png,-0.0001337840658379,0.00070283486275,23.784473419189453,29.917722702026367,-0.0020847800187766,0.0040568872354924
A_raw_s1_r16,00225.png,0.0011056129587814,-0.0002443497360218,24.09189987182617,20.701122283935547,0.0019225135911256,-0.0007943559903651
A_raw_s1_r16,00226.png,0.002586507005617,-0.0011580003192648,24.871078491210938,25.27359962463379,-0.0003104821953456,0.0031859152950346
A_raw_s1_r16,00227.png,-0.0007696053362451,0.0005651907995343,24.467288970947266,24.88482666015625,0.000798771448899,-0.0004330248921178
A_raw_s1_r16,00228.png,0.0010830042883753,-0.0004658358229789,23.276020050048828,31.341928482055664,0.0001553683396195,0.0005762432701885
A_raw_s1_r16,00229.png,0.0018663156079128,-0.0006316826911643,23.764759063720703,24.85852432250977,1.4262845070334151e-05,0.0005605674232356
A_raw_s1_r16,00230.png,0.000816328509245,-0.0001798671582946,35.52592849731445,21.884708404541016,0.0012986450456082,0.0005451109609566
A_raw_s1_r16,00231.png,0.0028513297438621,0.0004204938595648,27.006494522094727,28.10485076904297,0.0021773076150566,0.0004872267600148
A_raw_s1_r16,00232.png,-0.0003370420308783,-0.0009477885905653,21.746374130249023,21.138246536254883,0.0014430921291932,-3.841083980660187e-06
A_raw_s1_r16,00233.png,0.0014139054110273,-0.0007159188971854,21.784053802490234,24.90419578552246,0.0010370761156082,0.0019635972566902
A_raw_s1_r16,00234.png,0.0031884640920907,0.0012377826496958,29.45993423461914,22.073701858520508,0.0018985798815265,-0.0009890525834634
A_raw_s1_r16,00235.png,-0.0014814106980338,0.0011679677991196,21.93216896057129,27.292949676513672,-0.0012064691400155,-0.0008134715026244
A_raw_s1_r16,00236.png,4.280420034774579e-05,-0.0009575934382155,22.818220138549805,23.17179107666016,-0.0017978849355131,0.0014362731017172
A_raw_s1_r16,00237.png,0.0017415866022929,-0.0004612692282535,24.428449630737305,27.54819869995117,-0.0014374604215845,0.0011543788714334
A_raw_s1_r16,00238.png,0.0019638852681964,0.0008422369719482,24.79488182067871,27.05196762084961,0.0010452390415593,0.0006162823410704
A_raw_s1_r16,00239.png,0.0002031937910942,0.0010328956414014,21.420934677124023,25.507568359375,-0.0010072707664221,0.0003536194271873
A_raw_s1_r16,00240.png,0.000407552026445,0.000747719022911,25.180456161499023,28.18361091613769,-0.0017296995501965,0.0013232209021225
A_raw_s1_r16,00241.png,-0.0007755750557407,-0.0008536897366866,25.164628982543945,25.830476760864254,0.0004973505274392,0.0001385277573717
A_raw_s1_r16,00242.png,0.0019691514316946,-0.0009863007580861,25.930797576904297,26.46717834472656,-0.0017334807198494,0.0019887581001967
A_raw_s1_r16,00243.png,0.0009253249736502,-0.000631125352811,23.64681053161621,22.368757247924805,-0.0007606648723594,0.0001707317424006
A_raw_s1_r16,00244.png,-0.0004129449662286,0.0013450041878968,25.210180282592773,23.441659927368164,0.0010999229270964,0.0027706446126103
A_raw_s1_r16,00245.png,-0.0006998382741585,0.0001654745137784,25.870161056518555,23.69695472717285,0.0006062043248675,-1.7179452697746456e-05
A_raw_s1_r16,00246.png,-0.0014094249345362,0.0002456509391777,25.995502471923828,26.844823837280277,-0.0009666458936408,0.0020343773066997
A_raw_s1_r16,00247.png,0.0010203572455793,-1.993667137867305e-05,27.686058044433597,25.67964172363281,0.0005960407434031,0.0020564233418554
A_raw_s1_r16,00248.png,-0.0008563163573853,-0.0019049978582188,20.923952102661133,24.004487991333008,-0.0003094669664278,-0.0001463967200834
A_raw_s1_r16,00249.png,-0.0002451908658258,-0.0023980822879821,22.2374210357666,24.188209533691406,-0.000605555716902,0.0011693735141307
A_raw_s1_r16,00250.png,0.0019479821203276,0.000637465971522,21.4420166015625,24.899850845336918,-0.0013661418342962,-0.0008163505699485
A_raw_s1_r16,00251.png,0.0022604502737522,-0.0002613342949189,21.12580108642578,23.10024642944336,0.001835522823967,0.0003578981268219
A_raw_s1_r16,00252.png,0.0015888806665316,0.0023462260141968,23.170629501342773,30.54188346862793,0.0050180605612695,-0.0010354507248848
A_raw_s1_r16,00253.png,0.0006032267119735,0.0015253275632858,29.47176170349121,20.97620964050293,-0.0009554888820275,0.0001703658344922
A_raw_s1_r16,00254.png,-1.0766046216303948e-05,-0.0008438286022283,27.53862190246582,21.65482711791992,-0.0018593359272927,0.001921204268001
A_raw_s1_r16,00255.png,1.967396201507654e-05,0.0009166526724584,27.858964920043945,26.56799697875977,0.0007823558407835,-0.0016129805007949
A_raw_s1_r16,00256.png,-0.0025075657758861,-0.0019863552879542,25.45186424255371,25.430213928222656,-0.001676419051364,0.0021922944579273
A_raw_s1_r16,00257.png,-0.0002635080309119,-0.0006327516748569,23.20540428161621,24.87961769104004,0.00020995621162,-2.4359611416002732e-05
A_raw_s1_r16,00258.png,0.0008754465961828,1.8443994122208096e-05,33.992427825927734,29.56285095214844,0.0019112188601866,0.00093460874632
A_raw_s1_r16,00259.png,0.0002242480695713,-0.0024053396191447,21.01036262512207,25.784406661987305,0.0021046444308012,-0.0015418450348079
A_raw_s1_r16,00260.png,0.0011331700952723,-0.0003326126025058,22.70226287841797,28.44283676147461,-0.0006499889423139,-0.0028980721253901
A_raw_s1_r16,00261.png,0.0018576892325654,0.0003594896406866,30.650222778320312,26.300630569458008,-0.0015817927196621,0.0009151134290732
A_raw_s1_r16,00262.png,-0.000998749746941,0.0012001295108348,24.954666137695312,25.36984062194824,0.0024335298221558,0.0038446991238743
A_raw_s1_r16,00263.png,-0.0001067237317329,-0.0013192131882533,21.81879234313965,24.304441452026367,0.0001708126510493,-2.0485218556132168e-05
A_raw_s1_r16,00264.png,-0.0030326195992529,0.0001862578646978,29.23295783996582,22.635225296020508,-0.0012312232283875,0.0038532800972461
A_raw_s1_r16,00265.png,-0.0012448232155293,-0.0032376064918935,24.893404006958008,29.18060111999512,0.0001412400160916,0.0006711842142976
A_raw_s1_r16,00266.png,0.0012007756158709,0.0013339946744963,22.411157608032227,33.3588752746582,0.0011794782476499,-0.0006552080158144
A_raw_s1_r16,00267.png,-0.0022402238100767,-0.0020764921791851,25.27967834472656,28.88311767578125,-0.0010115850018337,-0.0003661717346403
A_raw_s1_r16,00268.png,0.002074969233945,-0.0002715600421652,24.97810935974121,27.43383026123047,-0.0023464360274374,-0.0016055454034358
A_raw_s1_r16,00269.png,-0.000405562488595,-0.0001312842505285,28.096105575561523,22.526765823364254,0.0004307714407332,-1.9021066691493616e-05
A_raw_s1_r16,00270.png,-0.0019986117258667,-0.0009671415900811,22.715267181396484,23.74581527709961,-0.0016340432921424,-0.0013917976757511
A_raw_s1_r16,00271.png,-0.0007297538104467,0.000160066425451,27.75130653381348,36.78640365600586,-0.0037864132318645,-0.0003882549935951
A_raw_s1_r16,00272.png,0.0006425985484384,0.0006145486258901,27.33711242675781,25.383533477783203,-0.0007571319001726,-2.573074198153336e-05
A_raw_s1_r16,00273.png,-0.0013707316247746,0.0003547948144841,30.75779914855957,27.402631759643555,0.0002027082664426,-8.868959412211552e-05
A_raw_s1_r16,00274.png,-0.0002453264314681,-0.0012272635940462,23.889339447021484,24.59947967529297,-0.0048067644238471,0.0025725190062075
A_raw_s1_r16,00275.png,0.0007940012146718,-0.001561359851621,21.099878311157227,22.809505462646484,-4.757414717460051e-05,-1.0839111155291905e-06
A_raw_s1_r16,00276.png,-0.0003023216559085,0.0011284765787422,21.80852508544922,24.11852264404297,-0.0011296852026134,-9.339764073956758e-05
A_raw_s1_r16,00277.png,-0.0001063065355992,0.0013731109211221,20.07855224609375,22.48491477966309,0.0018971535610035,-0.0010480445344001
A_raw_s1_r16,00278.png,0.0016797761199995,-4.984269253327511e-05,21.420467376708984,27.09338760375977,0.0010409837123006,-0.0014677285216748
A_raw_s1_r16,00279.png,-0.0009385063312947,-1.1835250006697606e-05,25.45488929748535,21.2768611907959,0.0001618962560314,-0.0020809120032936
A_raw_s1_r16,00280.png,0.0009535681456327,0.0010675225639715,21.26906967163086,23.93169403076172,-0.0018983188783749,0.0031713373027741
A_raw_s1_r16,00281.png,9.993385174311696e-05,9.472368401475252e-05,32.13667678833008,21.948387145996094,-0.0010991739109158,0.003424601862207
A_raw_s1_r16,00282.png,-0.0002026116417255,-0.0006230550352483,24.04623031616211,23.059471130371094,0.0032995424699038,-0.0011396164773032
A_raw_s1_r16,00283.png,-0.0020776349119842,0.000193360610865,20.26223564147949,27.61174964904785,-0.0012197131291031,0.0031602687668055
A_raw_s1_r16,00284.png,0.0016501907957717,-0.0014831984881311,30.463533401489254,22.640775680541992,0.0004420536279212,-0.0003114742867182
A_raw_s1_r16,00285.png,-0.0017623417079448,-0.0014176177792251,23.13798713684082,24.033700942993164,-0.0020664266776293,0.0018735229969024
A_raw_s1_r16,00286.png,-0.0017042240360751,-0.0019288335461169,25.249143600463867,26.55672645568848,0.0004515830078162,0.0019449050305411
A_raw_s1_r16,00287.png,-0.0020406027324497,-0.0027631795965135,22.82271385192871,22.784421920776367,0.0007375245913863,0.0015336086507886
A_raw_s1_r16,00288.png,0.0005815633921884,0.0007797394646331,27.633106231689453,23.06756019592285,-0.0017758073518052,0.0011109807528555
A_raw_s1_r16,00289.png,-0.0006740482640452,-0.0016885303193703,23.00038719177246,24.698753356933597,0.0038884144742041,-3.364388976478949e-05
A_raw_s1_r16,00290.png,0.0012112323893234,0.0008841779199428,23.863672256469727,27.402048110961918,-0.001423118636012,0.0007419611210934
A_raw_s1_r16,00291.png,0.0015565997455269,5.806499029858969e-05,26.3729248046875,21.9312686920166,0.0027470381464809,0.0004102801904082
A_raw_s1_r16,00292.png,-0.0006831094506196,0.000201838571229,27.43166732788086,25.28171157836914,-0.0013125679688528,-0.0060695935972034
A_raw_s1_r16,00293.png,0.0005867062718607,0.0004145120619796,26.66581916809082,24.637451171875,0.0018687994452193,-0.0007942598313093
A_raw_s1_r16,00294.png,-0.0021605847869068,-0.0016685052542015,23.55889892578125,23.076318740844727,-0.0019912624265998,0.001543604186736
A_raw_s1_r16,00295.png,0.0005055901128798,-0.0003113111888524,21.83951187133789,22.2261905670166,0.0015652194852009,0.0065177618525922
A_raw_s1_r16,00296.png,-0.0004874170408584,0.0002815860207192,30.52709197998047,20.554218292236328,-0.0008086691377684,0.0006836098618805
A_raw_s1_r16,00297.png,0.0002818830835167,-0.0029765926301479,22.36042213439941,27.504676818847656,0.0010347424540668,-0.0024927835911512
A_raw_s1_r16,00298.png,-0.0004249149933457,0.000518571876455,25.17967987060547,25.202438354492188,0.0014720042236149,-0.0001417708263034
A_raw_s1_r16,00299.png,-0.0005910633481107,-0.0004215847584418,21.65740776062012,22.04448127746582,-0.0007199896499514,0.0034003818873316
A_raw_s1_r16,00300.png,-0.0024614704307168,-0.0004588938900269,23.84513282775879,27.212909698486328,0.0012651791330426,-0.0032704910263419
A_raw_s1_r16,00301.png,0.0029181321151554,0.0010274100350216,28.33623695373535,25.348318099975582,0.0024363840930163,-0.0003291866159997
A_raw_s1_r16,00302.png,0.0003163254004903,-0.0005085229640826,20.507139205932617,27.89515686035156,-0.0018830550834536,-0.0002384462422924
A_raw_s1_r16,00303.png,0.001334605156444,-0.0002272070414619,22.15782356262207,26.518510818481445,0.0007479221676476,-0.0017589514609426
A_raw_s1_r16,00304.png,0.0002571593795437,-0.0001576739741722,20.725229263305664,24.15885162353516,-0.0026114280335605,0.0007940554060041
A_raw_s1_r16,00305.png,0.0017640182049944,0.0009026799234561,25.17787742614746,22.39666175842285,-0.0009386619203723,0.00113649177365
A_raw_s1_r16,00306.png,0.0012661959044635,0.000123132544104,24.244911193847656,22.555614471435547,0.0013902897480875,0.0013943158555775
A_raw_s1_r16,00307.png,-0.0012559072347357,0.0017213317332789,25.23661994934082,25.81781578063965,0.0015070580411702,0.0009881720179691
A_raw_s1_r16,00308.png,0.0003976701700594,-0.0008932366617955,24.78357315063477,21.928142547607425,0.0008233127300627,-0.0016273082001134
A_raw_s1_r16,00309.png,-0.0019712604116648,-0.0007625299622304,24.774965286254883,25.726093292236328,0.0014350661076605,6.800542905693874e-05
A_raw_s1_r16,00310.png,0.0002072193747153,0.0011204509064555,21.285097122192383,28.469581604003903,0.0025752787478268,0.0008308197138831
A_raw_s1_r16,00311.png,0.0009943862678483,0.002408486790955,25.678564071655277,22.806211471557617,0.0006917230784893,-3.1917734304443e-05
A_raw_s1_r16,00312.png,-2.1278679923852906e-05,0.0008614298421889,26.82986831665039,29.00040054321289,-0.0013651829212903,-0.0005865546991117
A_raw_s1_r16,00313.png,-0.0003481576859485,0.0012701607774943,26.131572723388672,24.06309509277344,-0.0004698359698522,-0.0006274887709878
A_raw_s1_r16,00314.png,0.0003619400958996,0.0037596835754811,28.498876571655277,21.88864517211914,0.0010927859693765,0.0028084651567041
A_raw_s1_r16,00315.png,-0.0024807008448988,0.0004211469786241,21.37714385986328,30.392139434814453,0.0026046193670481,0.0002360642392886
A_raw_s1_r16,00316.png,-0.0011275947326794,-0.0006200555362738,24.74961280822754,30.3076286315918,-0.0010036734165623,0.0016250859480351
A_raw_s1_r16,00317.png,-0.0001861609198385,0.0012446243781596,21.90173721313477,23.456356048583984,0.0007314006797969,0.0008111390634439
A_raw_s1_r16,00318.png,-0.0007256988319568,0.0002596366102807,26.246225357055664,30.14027976989746,0.0016479009063914,-0.0014072180492803
A_raw_s1_r16,00319.png,0.0007158376392908,0.0011544651351869,23.15764808654785,26.172094345092773,-0.0014250598615035,0.0037531147245317
A_raw_s1_r16,00320.png,0.000900532817468,0.0020189653150737,26.40166282653809,21.34534454345703,0.0015804861905053,0.0025591668672859
A_raw_s1_r16,00321.png,0.0038075332995504,-0.0001100397130358,25.775775909423828,24.530641555786133,-0.000987856183201,-0.0015053898096084
A_raw_s1_r16,00322.png,-0.0019862607587128,0.0001668215554673,26.387659072875977,24.16482353210449,0.0005454697529785,-0.0013095395406708
A_raw_s1_r16,00323.png,0.0007292574737221,-0.0015338627854362,19.59653663635254,34.90391159057617,-0.0007153422338888,0.0012789377942681
A_raw_s1_r16,00324.png,-0.0006686992128379,0.0004601459950208,24.70016860961914,31.029443740844727,0.0004170512256678,0.0015323478728532
A_raw_s1_r16,00325.png,0.0007519155624322,-0.0008270416292361,20.88193893432617,22.399568557739254,0.0013529984280467,-0.0008122134022414
A_raw_s1_r16,00326.png,0.0004608271701727,-0.0005592991365119,21.23133850097656,26.472558975219727,-0.0001119190492318,0.0019250524928793
A_raw_s1_r16,00327.png,0.0013488283148035,0.0011287066154181,23.684288024902344,21.211301803588867,0.0006830844213254,-0.0030121970921754
A_raw_s1_r16,00328.png,6.341315383906476e-06,-0.0013654918875545,25.09514808654785,20.8610954284668,0.0001234927185578,0.0021226976532489
A_raw_s1_r16,00329.png,-0.0005719005130231,0.0009591842535883,26.132965087890625,22.00170135498047,0.0044775768183171,0.0017726955702528
A_raw_s1_r16,00330.png,-0.0004846935044042,0.0009728460572659,25.570650100708008,22.58082771301269,0.00075527979061,-1.362161219731206e-05
A_raw_s1_r16,00331.png,0.0011629094369709,0.0004873139259871,21.829587936401367,31.804786682128903,-0.0007302574813365,-0.0007062687654979
A_raw_s1_r16,00332.png,-0.0007933140732347,0.0007880734628997,21.72212028503418,23.020267486572266,0.001499137841165,0.0013847511727362
A_raw_s1_r16,00333.png,0.0002923051652032,-0.0005399117362685,22.083147048950195,23.674509048461918,0.0028543001972138,0.0025146012194454
A_raw_s1_r16,00334.png,-0.0006481406162492,0.0006003230810165,26.18246078491211,24.234882354736328,-0.0024279383942484,0.0015201052883639
A_raw_s1_r16,00335.png,0.0012617977336049,-0.0011198234278708,23.01000213623047,23.16746711730957,-0.0022819372825324,0.0019706920720636
A_raw_s1_r16,00336.png,0.0015747467987239,-0.0001349186641164,27.235736846923828,26.598133087158203,-0.0007623392739333,-0.0014498046366497
A_raw_s1_r16,00337.png,-0.0001941093505593,-0.0010586089920252,21.86923217773437,24.393325805664062,-0.0020441191736608,0.0020266354549676
A_raw_s1_r16,00338.png,0.0007279715500771,0.0006354093784466,25.777124404907227,30.86066055297852,-0.0024274454917758,-0.0022990785073488
A_raw_s1_r16,00339.png,0.0006100874161347,-0.0008825695840641,31.595836639404297,21.73586082458496,-0.0022574919275939,-0.0009052416426129
A_raw_s1_r16,00340.png,0.0005335385212674,-0.0004126981366425,27.88615226745605,24.286376953125,0.0008500671829096,-0.000602689164225
A_raw_s1_r16,00341.png,0.000936706434004,0.0003462326712906,24.097352981567383,25.67632484436035,-0.0002415562194073,0.0006128721288405
A_raw_s1_r16,00342.png,-0.0011062696576118,-0.0016222868580371,20.0855655670166,26.395042419433597,-0.0026630230713635,-0.001947310520336
A_raw_s1_r16,00343.png,0.001445910311304,-6.104355270508677e-05,25.09619903564453,29.33441162109375,0.0011090828338637,0.0010083764791488
A_raw_s1_r16,00344.png,-6.557025335496292e-05,-0.00149652431719,26.078102111816406,28.23345375061035,0.0028048378881067,-0.0010503492085263
A_raw_s1_r16,00345.png,0.0008258318994194,-0.0002226343931397,21.65924835205078,23.43376922607422,-0.0026725642383098,-7.250267663039267e-05
A_raw_s1_r16,00346.png,-0.00135312625207,-0.000842299661599,23.162071228027344,21.99452781677246,-0.0002079305413644,-0.0024590785615146
A_raw_s1_r16,00347.png,-0.0004851111734751,-0.0004807587829418,20.9842529296875,22.58292388916016,0.0027449100743979,5.79519337406964e-06
A_raw_s1_r16,00348.png,-0.0026679444126784,-0.0021689648274332,25.689546585083008,25.64138412475586,0.0029461183585226,0.0026420352514833
A_raw_s1_r16,00349.png,-0.0002753791050054,0.0007620961987413,25.05363273620605,21.66079330444336,0.0019680846016854,-0.0005239291349425
A_raw_s1_r16,00350.png,0.0008278198656626,0.0002822393435053,22.46626091003418,23.607929229736328,0.0004588503798004,0.0003433484525885
A_raw_s1_r16,00351.png,-0.0007651466876268,0.0003950688696932,21.913658142089844,22.935400009155277,0.0029467020649462,0.0012778115924447
A_raw_s1_r16,00352.png,-0.0003552141133695,-0.0010861189803108,27.176780700683597,22.28507804870605,-0.000287193513941,-0.0002794126339722
A_raw_s1_r16,00353.png,-0.0004557833599392,0.0002188552316511,25.59450912475586,24.70443725585937,-4.223731957608834e-05,-0.0011658752337098
A_raw_s1_r16,00354.png,0.0009819910628721,-0.003335021669045,25.35913848876953,31.16942024230957,0.0008272733539342,0.0018122937763109
A_raw_s1_r16,00355.png,-0.0011202072491869,-0.002628045156598,22.428770065307617,23.31471824645996,0.0003439439169596,0.000151542466483
A_raw_s1_r16,00356.png,-0.0021875626407563,-0.0009270313894376,22.13887596130371,22.71673393249512,-0.0013696553651243,-0.0029973625205457
A_raw_s1_r16,00357.png,-0.0001637127570575,0.0022102750372141,25.4331111907959,22.060789108276367,0.0021508915815502,-0.0013302897568792
A_raw_s1_r16,00358.png,0.0002452794578857,-0.0004641716950573,23.434829711914062,24.07494163513184,0.0002981000579893,0.0006949818925932
A_raw_s1_r16,00359.png,0.0008696684963069,0.0005036062211729,27.358057022094727,22.506622314453125,-0.0006413381197489,-0.002487568417564
A_raw_s1_r16,00360.png,0.0002330629795324,0.0009883904131129,28.682981491088867,24.906917572021484,-0.0002057977690128,-0.0006562828202731
A_raw_s1_r16,00361.png,-0.0002867635630536,0.0001193559655803,28.61080551147461,20.27179336547852,0.0003500547318253,-0.0019004308851435
A_raw_s1_r16,00362.png,-0.0001440736086806,0.0019889152608811,23.26421356201172,23.521860122680664,0.0002925450389739,-0.0008990649948827
A_raw_s1_r16,00363.png,-0.0021453073713928,-0.0023154718801379,24.79663848876953,25.56123733520508,0.0018935010302811,-0.0018518570577725
A_raw_s1_r16,00364.png,0.0004119125660508,-0.0001228748005814,23.68482780456543,28.34321403503418,0.0011367546394467,-0.0008991496870294
A_raw_s1_r16,00365.png,0.0014710330870002,-0.0004162274999544,23.16416549682617,23.46315193176269,0.0010059041669592,-0.001247814274393
A_raw_s1_r16,00366.png,0.0017770194681361,0.0003968586097471,23.538530349731445,25.865142822265625,0.0005980706773698,-0.000366333668353
A_raw_s1_r16,00367.png,0.0001521605590824,-0.0014777230098843,25.23053550720215,22.80227470397949,-0.0001799812307581,0.0019060135819017
A_raw_s1_r16,00368.png,-0.0004911240539513,-0.0011786625254899,25.73951530456543,23.374473571777344,-0.000896654848475,-0.0011430636513978
A_raw_s1_r16,00369.png,0.0006965151405893,5.0504564569564536e-05,24.942995071411133,24.608348846435547,0.0014346176758408,-0.0002101380232488
A_raw_s1_r16,00370.png,-0.0002224107010988,0.0016471019480377,23.936737060546875,22.692218780517575,0.0019131988519802,0.0015517013380303
A_raw_s1_r16,00371.png,0.000991869950667,5.471697659231722e-05,28.274423599243164,22.399169921875,-0.0016903623472899,-0.0013672158820554
A_raw_s1_r16,00372.png,-0.000602769840043,-0.0001117989813792,21.308183670043945,24.848114013671875,0.0009437385597266,0.0014160550199449
A_raw_s1_r16,00373.png,-0.00267024198547,-0.0010489837732166,25.080121994018555,22.445741653442383,-0.0029752778355032,0.0002139480784535
A_raw_s1_r16,00374.png,-1.867259561549872e-05,0.0005180891603231,30.98506164550781,27.404232025146484,0.0022111057769507,0.0006852867663837
A_raw_s1_r16,00375.png,-0.0015903866151347,-0.0005158139392733,33.593997955322266,30.550010681152344,-0.0015351937618106,0.0025963170919567
A_raw_s1_r16,00376.png,-0.0001686805480858,0.0010058660991489,24.432504653930664,26.69350242614746,0.0003174770099576,0.00088428723393
A_raw_s1_r16,00377.png,0.0004942474188283,6.563837814610451e-05,35.40827178955078,25.35841560363769,0.0021377457305788,-0.0015457425033673
A_raw_s1_r16,00378.png,-0.0017962621059268,-0.0018451780779287,23.3494815826416,23.49095726013184,0.0002115880779456,0.0005578622804023
A_raw_s1_r16,00379.png,-0.001004758873023,-0.0014402244705706,26.471221923828125,24.157907485961918,0.000585331057664,-0.000332384253852
A_raw_s1_r16,00380.png,-0.0020452931057661,0.000829089723993,22.629600524902344,26.84523200988769,0.0019363971659913,-2.709758518903982e-06
A_raw_s1_r16,00381.png,0.0014294628053903,0.0016768678324297,22.27755355834961,21.28316879272461,-0.002299495274201,0.0002790858561638
A_raw_s1_r16,00382.png,0.0008934031939134,0.0006354708457365,24.55967903137207,25.740402221679688,-0.0022985977120697,0.0017352363793179
A_raw_s1_r16,00383.png,0.0013425410725176,-0.0010346657363697,24.428184509277344,26.51373863220215,0.0013570369919762,-0.0028554364107549
A_raw_s1_r16,00384.png,-4.723342499346472e-05,0.0004259193956386,22.556344985961918,24.75181007385254,-9.539860911900178e-05,0.0019844116177409
A_raw_s1_r16,00385.png,-0.0002758300979621,0.0014767672400921,22.220489501953125,25.136695861816406,0.0017811056459322,0.0027083554305136
A_raw_s1_r16,00386.png,-0.0036455912049859,-0.0013328719651326,23.95530128479004,22.320974349975582,0.0018232120200991,0.0006824075826443
A_raw_s1_r16,00387.png,-0.0002477087255101,-0.0029055816121399,24.41984748840332,26.70687294006348,-0.0012983155902475,-1.872971552074887e-05
A_raw_s1_r16,00388.png,-0.0010059145279228,0.0003336960508022,22.36684226989746,22.7565860748291,0.0011834832839667,0.0003454932302702
A_raw_s1_r16,00389.png,0.0012445502215996,0.0014419462531805,21.650022506713867,29.110485076904297,0.0003663162060547,0.0005286281812004
A_raw_s1_r16,00390.png,-0.0002888445742428,-0.0015707836719229,22.31566047668457,29.86283302307129,0.0024596620351076,-0.0037305506411939
A_raw_s1_r16,00391.png,-0.0017308855894953,-0.0022015238646417,27.89946556091309,24.06583404541016,-0.0026265704073011,-0.0003881675074808
A_raw_s1_r16,00392.png,0.0015777966473251,0.0027995810378342,24.69233512878418,26.55619239807129,0.0017202325398102,-0.0012599825859069
A_raw_s1_r16,00393.png,-0.0016840500757098,0.0017170624341815,25.937862396240234,30.734664916992188,0.0004389317473396,-0.0006374593940563
A_raw_s1_r16,00394.png,6.737916555721313e-05,-0.0022989527788013,20.5549373626709,23.7642822265625,-0.0002289293770445,0.0010668797185644
A_raw_s1_r16,00395.png,-0.002110430272296,0.0003518782323226,26.06023979187012,27.07524299621582,-0.0034155291505157,-0.0005682260962203
A_raw_s1_r16,00396.png,-0.0007667444879189,0.0017999364063143,22.103479385375977,28.54219055175781,0.0005897812079638,0.0036097730044275
A_raw_s1_r16,00397.png,0.0007482967921532,-0.0008261887705884,29.736743927001957,31.91423797607422,0.000240395849687,9.763093839865178e-05
A_raw_s1_r16,00398.png,-0.0007785643101669,0.0006767699378542,21.77342414855957,24.06285285949707,-0.0021647093817591,0.0028119324706494
A_raw_s1_r16,00399.png,-0.0010354435071349,0.0002353056770516,25.08612823486328,24.504228591918945,-0.0007594318594783,-5.1271854317747056e-05
A_raw_s1_r16,00400.png,-7.38628878025338e-05,-0.000631840666756,29.35687255859375,26.14646339416504,-0.0011991234496235,-0.0016053182771429
A_raw_s1_r16,00401.png,-6.763779674656689e-05,0.0017061831895262,23.17212677001953,33.8824462890625,0.0023500174283981,-0.002778117544949
A_raw_s1_r16,00402.png,0.0012432637158781,0.0019405850907787,22.95325469970703,23.42798614501953,-0.0002582279848866,-0.0032250666990876
A_raw_s1_r16,00403.png,0.0008435797062702,-0.0021862983703613,24.8204288482666,25.13944625854492,0.0019551943987607,0.0021870338823646
A_raw_s1_r16,00404.png,0.0007575402269139,-0.0002813013270497,24.222087860107425,26.521568298339844,-0.0007115427288226,0.0012901942245662
A_raw_s1_r16,00405.png,0.0005901958793401,-0.0011219613952562,24.5063591003418,25.12542152404785,-0.0010148402070626,-0.0024257698096334
A_raw_s1_r16,00406.png,4.053274551552022e-06,-0.0005989460623823,26.11656951904297,28.60287094116211,-0.0003247562854085,0.0001532467431388
A_raw_s1_r16,00407.png,0.0015833640936762,-0.0004565996059682,26.61330795288086,24.203388214111328,-0.0026989495381712,-0.0027570833917707
A_raw_s1_r16,00408.png,-0.0012609863188117,0.0003610757994465,22.017414093017575,22.559350967407227,-0.0017604770837351,-0.0010441085323691
A_raw_s1_r16,00409.png,0.0012228175764903,0.0018186327069997,25.95238304138184,30.18099594116211,-0.001355554210022,0.0024393231142312
A_raw_s1_r16,00410.png,-0.0002809524303302,0.0029176948592066,29.462308883666992,23.273334503173828,-0.0003959305759053,-0.0022576488554477
A_raw_s1_r16,00411.png,0.0010136342607438,0.001524054328911,27.3599796295166,24.481006622314453,0.0004597596998792,-0.0015196702443063
A_raw_s1_r16,00412.png,-0.0010038705077022,0.0008063419954851,29.116613388061523,25.690465927124023,0.0010797097347676,0.0009836991084739
A_raw_s1_r16,00413.png,-0.0007439160835929,0.001547674764879,22.61432647705078,34.715721130371094,5.655391578329727e-05,-0.0009069315856322
A_raw_s1_r16,00414.png,3.317993468954228e-05,-0.0008149030618369,27.070594787597656,30.25613212585449,3.102278060396202e-05,0.0022323282901197
A_raw_s1_r16,00415.png,0.00123034149874,-0.0024664814118295,24.51312255859375,25.28323745727539,-0.0012284080730751,-0.0003406724426895
A_raw_s1_r16,00416.png,0.0002494594664312,0.0031144309323281,24.5505428314209,23.44748878479004,-0.0011698217131197,0.001249499968253
A_raw_s1_r16,00417.png,0.0031273497734218,0.0027830912731587,21.11354637145996,22.44215202331543,0.0007030958659015,-0.0007946036057546
A_raw_s1_r16,00418.png,-0.0012011483777314,0.0021598283201456,25.40137481689453,24.51266860961914,0.0017816281178966,-0.0018323831027373
A_raw_s1_r16,00419.png,0.0008660676539875,3.591282438719645e-05,26.831418991088867,25.776918411254883,-0.0010470696724951,0.0003088593366555
A_raw_s1_r16,00420.png,-2.3992557544261217e-05,-0.0005518869729712,22.07437896728516,22.017480850219727,0.003200946142897,0.0031232147011905
A_raw_s1_r16,00421.png,-0.0005781528307124,0.0003133119607809,26.78095817565918,23.40463256835937,-0.0007875803858041,0.0004499434726312
A_raw_s1_r16,00422.png,-0.0006673685275018,-0.0011973448563367,25.669340133666992,24.04448509216309,-0.0007032558205537,-0.001989796757698
A_raw_s1_r16,00423.png,0.001322382944636,0.0003164023801218,24.84370422363281,29.92887306213379,-0.0011519079562276,0.0018078770954161
A_raw_s1_r16,00424.png,0.0025328616611659,0.0015009640483185,30.890993118286133,27.28552627563477,-0.0010917474282905,0.0008493803325109
A_raw_s1_r16,00425.png,-0.0006502516334876,-0.0007520219660364,21.91715240478516,24.434839248657227,0.0004351626266725,-0.0037131467834115
A_raw_s1_r16,00426.png,-0.0009994597639888,0.0005292805144563,21.511289596557617,28.21768951416016,0.0009247592533938,0.0007560533122159
A_raw_s1_r16,00427.png,-2.871731703635305e-05,0.0015813315985724,24.940505981445312,22.88585090637207,0.0002422808756818,-0.0013819247251376
A_raw_s1_r16,00428.png,-0.0007486538379453,-0.0010303145973011,23.32297706604004,25.231773376464844,-0.0006095669232308,-5.72255376027897e-05
A_raw_s1_r16,00429.png,5.070760744274594e-05,0.0002931092749349,38.4944953918457,22.904041290283203,0.0013981965603306,0.0018190360860899
A_raw_s1_r16,00430.png,0.0011708872625604,0.0005638707079924,24.5070858001709,24.012420654296875,-0.0010643497807905,-7.390362497972092e-06
A_raw_s1_r16,00431.png,0.0003126260417047,-0.0017126938328146,30.555286407470703,25.138761520385746,0.0019245956791564,0.0016315231332555
A_raw_s1_r16,00432.png,-0.0002451143227517,0.0020263756159693,27.778051376342773,23.931745529174805,-0.0023541830014437,-0.0003616311296354
A_raw_s1_r16,00433.png,0.0021604718640446,0.0009049308137036,26.539491653442383,26.037792205810547,0.0025000653695315,0.000290884549031
A_raw_s1_r16,00434.png,-0.0006543301860801,0.0011497002560645,27.508699417114254,23.929458618164062,-0.0023610438220202,-9.104541823035106e-05
A_raw_s1_r16,00435.png,0.0019718008115887,0.0011551335919648,27.21567916870117,26.660572052001957,-0.000207038319786,-0.0011083235731348
A_raw_s1_r16,00436.png,0.0001729715731926,-0.0004098174977116,27.55490493774414,24.94406509399414,-0.0035845716483891,-0.0010804636403918
A_raw_s1_r16,00437.png,-0.0015930836088955,-0.003771430812776,22.855562210083008,23.42090606689453,0.0006693879840895,-0.0001786437642294
A_raw_s1_r16,00438.png,-0.0003857036936096,0.0017048433655872,29.39221954345703,23.45484161376953,-0.0009582682978361,-0.0029589147306978
A_raw_s1_r16,00439.png,0.0003196859033778,0.0026411837898194,23.703449249267575,26.70513153076172,0.0010599875822663,0.0004623688873834
A_raw_s1_r16,00440.png,0.0017239280277863,0.0008500684052705,29.738698959350582,25.309310913085938,-0.0004676955577451,-0.0005639910814352
A_raw_s1_r16,00441.png,0.0018384450813755,0.0006240460206754,21.25398826599121,22.61296272277832,-0.0021874497178941,0.0005252755363471
A_raw_s1_r16,00442.png,-0.0007517454214394,-0.0011438791407272,28.44279289245605,20.77808952331543,-0.0014909822493791,-9.419692651135848e-05
A_raw_s1_r16,00443.png,0.0012501666788011,0.0004216541128698,23.5738582611084,26.340917587280277,0.0023883180692791,-0.00175540917553
A_raw_s1_r16,00444.png,-0.0009590493282303,-9.223820234183222e-05,24.115461349487305,23.37917137145996,0.000127957042423,0.0008964100270532
A_raw_s1_r16,00445.png,0.0001669122866587,-0.0016014742432162,20.624143600463867,32.65421676635742,-0.0010531250154599,-0.0012279405491426
A_raw_s1_r16,00446.png,-0.0029661494772881,0.001502334838733,24.902326583862305,23.74516868591309,-0.0009061867604032,-0.0025228322483599
A_raw_s1_r16,00447.png,-0.0004210311162751,0.0010713639203459,25.43655776977539,29.223936080932617,-0.0010795125272125,-0.0022335110697895
A_raw_s1_r16,00448.png,-0.0010522784432396,0.0007577760261483,23.775190353393555,27.03109741210937,0.0037832001689821,0.0032756431028246
A_raw_s1_r16,00449.png,-0.0008101076819002,-0.002834279788658,23.964231491088867,24.781896591186523,-0.0016283452278003,0.0025370058137923
A_raw_s1_r16,00450.png,0.0001229463232448,0.0020560398697853,26.870994567871094,24.943294525146484,-0.0001177395315608,0.0011173890670761
A_raw_s1_r16,00451.png,-0.0009277365170419,-0.0005618995055556,24.61417007446289,23.86933708190918,0.0015155781293287,0.0002292031131219
A_raw_s1_r16,00452.png,-0.0015402225544676,0.002750885207206,23.997283935546875,22.66484260559082,-0.0020500468090176,0.0018210370326414
A_raw_s1_r16,00453.png,-0.0008129093330353,0.0016098720952868,26.177467346191406,26.49844741821289,0.0007969836005941,-0.0020144274458289
A_raw_s1_r16,00454.png,0.0004810423706658,0.001578381517902,25.82610893249512,27.177505493164062,0.0005071945488452,0.0021803984418511
A_raw_s1_r16,00455.png,0.0003011182125192,0.0014398145722225,22.817642211914062,23.873943328857425,-0.0009320126846432,0.0004162514524068
A_raw_s1_r16,00456.png,0.00045140623115,-0.0005003294209018,21.74331283569336,22.755971908569336,0.0002821953676175,-0.0018334625056013
A_raw_s1_r16,00457.png,0.0032237926498055,0.0012956872815266,29.712791442871094,26.397869110107425,0.0019124303944408,0.0009062634198926
A_raw_s1_r16,00458.png,0.0001435212907381,0.0015389252221211,19.785057067871094,22.57864189147949,0.0003492112155072,-0.000274030433502
A_raw_s1_r16,00459.png,0.0001137231374741,-0.002099759876728,23.18573570251465,22.866172790527344,0.0005183129105716,-0.0003144997172057
A_raw_s1_r16,00460.png,-0.002544826362282,-0.0002198013535235,29.60204315185547,25.115833282470703,0.0009799014078453,-0.001529918401502
A_raw_s1_r16,00461.png,0.0015659623313695,-0.0030023623257875,32.195594787597656,21.851886749267575,-0.0035188565962016,0.0002185795456171
A_raw_s1_r16,00462.png,0.0011476663639768,0.0012521439930424,25.968067169189453,31.84441947937012,-0.0004858701722696,-4.649205948226154e-05
A_raw_s1_r16,00463.png,-0.0016793258255347,-0.0009237402118742,23.268659591674805,24.863452911376957,0.0003412249498069,0.0016286541940644
A_raw_s1_r16,00464.png,0.0006195829482749,-0.0009008654160425,24.0438175201416,24.756282806396484,-0.001215775613673,-0.0012052650563418
A_raw_s1_r16,00465.png,-0.0036573538091033,-0.0023684469051659,23.222244262695312,25.078004837036133,0.0021282390225678,-0.0002307406830368
A_raw_s1_r16,00466.png,0.0003188510017935,-0.000634841970168,24.145414352416992,20.98895263671875,0.0013955739559605,0.0012390725314617
A_raw_s1_r16,00467.png,0.0021704107057303,0.0009686448029242,26.44264030456543,23.58035469055176,0.0003787918249145,-0.000145466052345
A_raw_s1_r16,00468.png,-0.0013549664290621,-6.365755689330399e-05,22.1615047454834,24.88397026062012,-0.0018865696620196,0.0002167917409678
A_raw_s1_r16,00469.png,-0.0012007658369839,0.0013099580537527,21.96068382263184,23.141860961914062,0.0024188184179365,-0.0027502665761858
A_raw_s1_r16,00470.png,0.0014709985116496,0.0002421374956611,24.798316955566406,23.87067413330078,0.0021288010757416,0.0006325491704046
A_raw_s1_r16,00471.png,0.0004507858830038,0.0012072717072442,26.518774032592773,29.28904151916504,-0.0020845166873186,-0.0012502270983532
A_raw_s1_r16,00472.png,0.0001779845042619,0.0016354214167222,20.222118377685547,21.92920684814453,-0.0012953827390447,-0.0020998492836952
A_raw_s1_r16,00473.png,-0.0015426190802827,-0.0035182635765522,32.86301803588867,24.78253746032715,-0.0033972323872148,0.0017014506738632
A_raw_s1_r16,00474.png,-0.0012846627505496,0.0020799275953322,25.139406204223636,22.32203483581543,-0.0022309112828224,-0.0012945600319653
A_raw_s1_r16,00475.png,0.0002894738572649,-0.0009932785760611,25.05555725097656,22.293432235717773,0.0002705412916839,0.0019936116877943
A_raw_s1_r16,00476.png,0.0015260288491845,0.0040718740783631,30.068811416625977,24.07326316833496,-0.0004517661873251,-0.0004982576356269
A_raw_s1_r16,00477.png,-0.0021628371905535,-0.0008026700816117,22.160789489746094,25.666736602783203,-0.0018687256379052,-0.0028933300636708
A_raw_s1_r16,00478.png,-0.000575577141717,0.0007057002512738,26.64358329772949,23.504514694213867,0.0009242338128387,0.0004489026323426
A_raw_s1_r16,00479.png,0.0010311430087313,-0.0006478031282313,26.21112823486328,24.709840774536133,0.0012576379813253,0.0006674537435173
A_raw_s1_r16,00480.png,-0.0015125636709854,-0.0004415438452269,28.772092819213867,24.50737762451172,0.0001190997136291,0.0015191504498943
A_raw_s1_r16,00481.png,0.0001272256486117,0.0007720548892393,25.779172897338867,21.54853057861328,8.260019967565313e-05,-0.0009217619663104
A_raw_s1_r16,00482.png,-0.0014512757770717,-0.0033903126604855,29.84388542175293,26.094572067260746,0.001389767974615,-0.0025621694512665
A_raw_s1_r16,00483.png,0.0018516399431973,0.0036439064424484,22.38860893249512,24.95890617370605,0.0033988326322287,0.0019022488268092
A_raw_s1_r16,00484.png,-0.0016964266542345,-0.0017558643594384,23.709123611450195,29.0695743560791,0.0006453648093156,-8.718878962099552e-05
A_raw_s1_r16,00485.png,0.0006143231876194,0.0023852456361055,24.439088821411133,25.35797882080078,0.00306689273566,0.0004718022537417
A_raw_s1_r16,00486.png,-0.00036596134305,-0.0008796788752079,24.55509185791016,24.66402053833008,0.0016446029767394,0.0007348168292082
A_raw_s1_r16,00487.png,-0.0015161879127845,0.0002434567868476,22.50069046020508,26.67970466613769,0.0009498858707956,-0.0002966747269965
A_raw_s1_r16,00488.png,-0.0002806240227073,0.0002422134712105,23.60993003845215,27.65995407104492,-0.000907507026568,0.0005778349004685
A_raw_s1_r16,00489.png,0.0003352040075697,0.0011130438651889,28.11061286926269,26.27547264099121,-0.0014682350447401,0.0038646501488983
A_raw_s1_r16,00490.png,0.0011993858497589,0.0010330221848562,20.799400329589844,29.19413185119629,-0.0013622820843011,0.0012267992133274
A_raw_s1_r16,00491.png,0.0009075170382857,-0.0019402633188292,24.98393440246582,24.83474540710449,0.0009211774449795,0.0011497952509671
A_raw_s1_r16,00492.png,-0.0014140022685751,-0.0023671088274568,20.948740005493164,22.070039749145508,0.001496621640399,-0.0018099565058946
A_raw_s1_r16,00493.png,-0.0005115906824357,0.0012800212716683,21.38946914672852,22.51584243774414,-0.0017203466268256,-0.0007767855422571
A_raw_s1_r16,00494.png,0.0002745642559602,0.0015981085598468,25.769487380981445,21.237478256225582,0.0003957913140766,0.0034781722351908
A_raw_s1_r16,00495.png,0.0018071624217554,-0.0023109763860702,21.690807342529297,23.76395797729492,0.0031965896487236,0.0009749446180649
A_raw_s1_r16,00496.png,0.0026170569472014,-8.654705743538216e-05,21.92003059387207,27.62302017211914,-0.0051678409799933,0.0033851510379463
A_raw_s1_r16,00497.png,0.0002640676393639,-0.0002859377127606,28.99503326416016,25.20606231689453,-3.342662603245117e-05,-0.0023005828261375
A_raw_s1_r16,00498.png,0.0004991520545445,0.0025091501884162,22.778987884521484,30.094263076782227,0.0008830954320728,0.00017573745572
A_raw_s1_r16,00499.png,0.0010307281045243,6.476647831732407e-05,22.728416442871094,22.96951103210449,0.0022107884287834,0.0011637216666713
A_raw_s2_r16,00000.png,-0.0007835967699065,-2.3696937205386348e-05,23.593982696533203,25.78225517272949,-0.0018428202020004,9.384102304466067e-05
A_raw_s2_r16,00001.png,-0.0016149638686329,-1.4513533642457332e-05,27.981599807739254,22.88376808166504,-0.0006864537717774,0.0014084440190345
A_raw_s2_r16,00002.png,0.0005036345683038,-0.0008627970237284,25.714889526367188,24.749244689941406,-0.0020320496987551,-0.0002878174418583
A_raw_s2_r16,00003.png,-0.0005101037677377,0.0019780199509114,21.54336929321289,21.99446678161621,-0.0036734072491526,0.0030074033420532
A_raw_s2_r16,00004.png,-0.0015102208126336,0.0008037312072701,24.410289764404297,27.483491897583008,-0.0010997309582307,0.0003866493352688
A_raw_s2_r16,00005.png,-0.0038891769945621,-0.0008218591683544,26.360679626464844,23.525331497192383,-0.0004122469108551,0.0006245761178433
A_raw_s2_r16,00006.png,-0.0011073829373344,0.0022654039785265,28.803546905517575,25.88623809814453,-0.0015805457951501,0.000457779620774
A_raw_s2_r16,00007.png,-0.0007017377065494,-0.000610766292084,25.42666244506836,23.210880279541016,0.0008607482886873,-0.000982692814432
A_raw_s2_r16,00008.png,-0.0010075052268803,0.0009526722715236,24.760875701904297,27.104082107543945,-1.848951797001064e-05,-0.0011525623267516
A_raw_s2_r16,00009.png,-0.0008793767774477,0.0008508018800057,23.871023178100582,24.68277931213379,-0.0025179812218993,-0.0009625859674997
A_raw_s2_r16,00010.png,0.0009430451900698,0.0003198548802174,23.675838470458984,25.33065223693848,-0.0011614833492785,0.0007640432449989
A_raw_s2_r16,00011.png,0.0015553863486275,0.000933542381972,24.909955978393555,22.909399032592773,-0.0002226696669822,0.0004435897280927
A_raw_s2_r16,00012.png,0.0003126641386188,-0.0004226345045026,24.46611595153809,22.82314682006836,0.0023141629062592,0.0007453998550772
A_raw_s2_r16,00013.png,-0.0013761584414169,-0.0007402388728223,21.41737937927246,25.828054428100582,0.0025570697616785,-0.0001557350333314
A_raw_s2_r16,00014.png,8.538899419363588e-05,0.0003602081851568,22.689987182617188,30.02440452575684,-0.0022764126770198,-0.0003332095220685
A_raw_s2_r16,00015.png,-0.0007405147771351,-0.0008171515655703,23.28742027282715,23.567306518554688,0.000593809178099,-0.0017218216089531
A_raw_s2_r16,00016.png,0.0012384838191792,0.0014473547926172,23.767169952392575,27.918367385864254,0.0004434524453245,-0.0017332113347947
A_raw_s2_r16,00017.png,-0.0007714421954005,0.0004906209069304,22.45453643798828,28.94552993774414,-0.0031772190704941,-0.0025417411234229
A_raw_s2_r16,00018.png,-0.0015418754192069,-0.0014144559390842,23.77430534362793,25.58873176574707,-0.0027745156548917,0.0009576087468303
A_raw_s2_r16,00019.png,0.0019594854675233,0.0005947989993728,24.894908905029297,23.28944396972656,-0.0022130527067929,0.0017886112909764
A_raw_s2_r16,00020.png,0.0017280984902754,0.0007981648668646,22.293893814086918,25.018823623657227,-0.0019952137954533,0.0004101996601093
A_raw_s2_r16,00021.png,-0.0019139400683343,-0.0004013633588328,28.938196182250977,22.076696395874023,-0.0028977857436984,-0.0036992367822676
A_raw_s2_r16,00022.png,0.0001295908296015,0.0006142810452729,26.55998039245605,25.395734786987305,0.001923190546222,0.0025342972949147
A_raw_s2_r16,00023.png,7.893847214290872e-05,0.0003519892925396,25.659461975097656,22.28998374938965,-0.0022076799068599,0.0022385152988135
A_raw_s2_r16,00024.png,-0.0001533784088678,-0.0007591184694319,25.379024505615234,24.00541114807129,0.0027903243899345,-0.0013603660045191
A_raw_s2_r16,00025.png,0.0008471034816466,-0.0024120274465531,23.7431640625,27.041187286376957,0.0002652013790793,-0.0016241188859567
A_raw_s2_r16,00026.png,-0.000853085075505,-7.192637713160366e-05,25.774364471435547,21.36861991882324,0.0011412968160584,-0.0018916126573458
A_raw_s2_r16,00027.png,0.0006313315825536,0.0020690669771283,27.175968170166016,26.603687286376957,-0.0002638641744852,0.000509976001922
A_raw_s2_r16,00028.png,0.0035964723210781,0.0025219118688255,28.34157371520996,27.602418899536133,0.0023958501406013,0.001411554403603
A_raw_s2_r16,00029.png,0.0011165864998474,-0.0016040379414334,23.63641357421875,22.33577537536621,-0.0016271218191832,-0.0007923926459625
A_raw_s2_r16,00030.png,0.0028241875115782,0.0006122253253124,22.587875366210938,26.52489852905273,0.0016287548933178,-0.0001357674045721
A_raw_s2_r16,00031.png,-0.00051240430912,0.0019337631529197,24.035133361816406,26.661115646362305,-0.0011208549840375,-0.0001619839604245
A_raw_s2_r16,00032.png,-0.000479195616208,0.0012428588233888,28.17186737060547,22.51637840270996,-0.0002518774417694,6.76089694024995e-05
A_raw_s2_r16,00033.png,-0.0011462825350463,-0.0021503767929971,27.76861572265625,27.789968490600582,-0.0020669058430939,-0.0002694836293812
A_raw_s2_r16,00034.png,0.0001301342417718,-0.0014469433808699,25.311511993408203,29.93464088439941,0.0008017524378374,0.0012349573662504
A_raw_s2_r16,00035.png,0.0028709338512271,0.0029079478699713,25.578523635864254,22.13467788696289,-0.0011279843747615,0.0001585670397616
A_raw_s2_r16,00036.png,-0.0014128036564216,0.0010831810068339,25.11812400817871,24.33441925048828,-0.0003022825694642,-0.0018366288859397
A_raw_s2_r16,00037.png,-0.001648687175475,-0.0013900997582823,27.152437210083008,25.335023880004883,-8.706407970748842e-05,-0.0026232760865241
A_raw_s2_r16,00038.png,0.0007564148399978,0.0004772878019139,24.078445434570312,28.82348251342773,6.479940930148587e-05,0.0028405252378433
A_raw_s2_r16,00039.png,3.773559365072288e-05,0.0008697455050423,26.431596755981445,21.39653205871582,0.0008356336038559,-0.0005368632264435
A_raw_s2_r16,00040.png,0.0011512874625623,-0.0001492154697189,25.052499771118164,23.207223892211918,0.0013588401488959,0.0022602442186325
A_raw_s2_r16,00041.png,0.000588190392591,-0.0023434297181665,24.53765296936035,24.83381462097168,0.0004533570900093,0.0028706321027129
A_raw_s2_r16,00042.png,-0.0001567281724419,1.1526311027409974e-05,29.959436416625977,27.976600646972656,0.0006371535710059,-0.0020733329001814
A_raw_s2_r16,00043.png,-0.0003967609663959,0.0015604716027155,24.921735763549805,26.316387176513672,-0.0009225086541846,-0.0032359533943235
A_raw_s2_r16,00044.png,-0.0007742997258901,0.0011851517483592,22.479551315307617,21.49019432067871,-1.7410548025509343e-05,0.0003895134432241
A_raw_s2_r16,00045.png,-0.0016606386052444,-0.0001772996765794,22.303844451904297,24.89117431640625,-0.0003647778066806,0.0014239477459341
A_raw_s2_r16,00046.png,0.0012379878899082,0.0001102531750802,22.90452003479004,25.522254943847656,0.0009219304192811,-0.0009710039012134
A_raw_s2_r16,00047.png,-0.0007281875004991,0.0005454829661175,21.915531158447266,30.63825798034668,0.0005562679725699,0.001581928692758
A_raw_s2_r16,00048.png,0.0010058662155643,-0.0009829226182773,28.275352478027344,30.13786125183105,0.0029490175656974,-0.0003921579627785
A_raw_s2_r16,00049.png,-0.0010708909248933,-0.0009960915194824,22.31422233581543,24.859285354614254,-0.0007805550703778,0.0017282254993915
A_raw_s2_r16,00050.png,2.64136838268314e-06,0.0004270518256817,26.815643310546875,21.7470703125,0.0014535634545609,-0.0009481714223511
A_raw_s2_r16,00051.png,-0.0010142730316147,-0.0012685753172263,23.516132354736328,25.65676498413086,-0.0035250722430646,-0.0008547336328774
A_raw_s2_r16,00052.png,0.0012332380283623,-0.0001617290690774,21.649219512939453,25.23575592041016,0.0014820547075942,-0.0019582039676606
A_raw_s2_r16,00053.png,0.0021677429322153,-0.0016421907348558,22.4141902923584,26.472139358520508,-0.0003010519430972,-0.0011067552259191
A_raw_s2_r16,00054.png,0.0008182944147847,0.0047002215869724,25.59589385986328,24.506818771362305,-0.0025772822555154,0.0020560764241963
A_raw_s2_r16,00055.png,0.0011160903377458,-0.000678033044096,27.752628326416016,29.942853927612305,0.0016102280933409,-0.0014650572557002
A_raw_s2_r16,00056.png,-5.601740667771082e-06,-0.0013710480416193,25.41151428222656,26.58338737487793,-0.001003602403216,-0.0003362788120284
A_raw_s2_r16,00057.png,-0.0011602957965806,-0.0013880104525014,23.416736602783203,33.9256591796875,-0.0011212766403332,-0.0010898594046011
A_raw_s2_r16,00058.png,-0.0001878798066172,-0.0003451573429629,27.864694595336918,25.07349395751953,-0.002465600380674,0.0028022436890751
A_raw_s2_r16,00059.png,-0.0010308270575478,0.0009512457181699,27.91074752807617,24.754608154296875,0.0026538267266005,0.0003371894126757
A_raw_s2_r16,00060.png,-0.0001789542147889,-0.0009657366899773,26.96940040588379,26.65758514404297,0.0023817538749426,0.0003509059606585
A_raw_s2_r16,00061.png,-0.0002374896575929,-0.0001652901410125,25.883358001708984,29.048717498779297,-0.000699283205904,0.0033232204150408
A_raw_s2_r16,00062.png,-0.0022789649665355,0.0019211511826142,22.22197151184082,23.137205123901367,-0.0004499010683503,0.0009894568938761
A_raw_s2_r16,00063.png,-0.0003031869418919,0.0005808716523461,30.405977249145508,28.1792106628418,0.0001507336855866,0.0016499735647812
A_raw_s2_r16,00064.png,-0.0013675929512828,0.0019572130404412,30.696168899536133,28.88068199157715,0.0017976810922846,-0.0005920529365539
A_raw_s2_r16,00065.png,-0.0004950488801114,-4.378562516649254e-05,23.09308815002441,22.56768226623535,-0.0011441512033343,-0.002103837672621
A_raw_s2_r16,00066.png,-0.000604301225394,-0.0004115424817427,25.748056411743164,23.93583297729492,0.0022502683568745,0.0023057735525071
A_raw_s2_r16,00067.png,0.0017279688036069,0.0009161902125924,25.93413352966309,23.14976692199707,0.0013443714706227,0.0020185143221169
A_raw_s2_r16,00068.png,-0.0007411629194393,-0.0006126912194304,23.15715217590332,35.648006439208984,-0.0003528433153405,-0.0007323082536458
A_raw_s2_r16,00069.png,0.0018153003184124,0.0015628647524863,24.970592498779297,27.26704788208008,0.0014752516290172,0.0010594590567052
A_raw_s2_r16,00070.png,-0.0007166028372012,0.0001782334147719,25.800750732421875,23.66476249694824,-0.0028806480113416,-0.0001208871763083
A_raw_s2_r16,00071.png,-0.0001483465894125,-0.0006766915903426,21.55649757385254,20.944395065307617,0.0016973876627162,-2.4735099941608496e-05
A_raw_s2_r16,00072.png,0.0016524344682693,0.0002310935087734,21.783174514770508,22.117090225219727,0.0008313436410389,-0.0028897577431052
A_raw_s2_r16,00073.png,-0.0007975187036208,-0.0006348372553475,27.58479118347168,23.543176651000977,-0.0001563411206007,0.0013251702766865
A_raw_s2_r16,00074.png,-0.0017978205578401,-0.0003073069965466,24.43974876403809,24.169750213623047,0.0016640601679682,-0.0026136126834899
A_raw_s2_r16,00075.png,-0.0011145651806145,4.748071660287678e-05,26.40943145751953,30.40166664123535,3.6305616958998144e-05,-0.0005988059565424
A_raw_s2_r16,00076.png,0.0011835136683657,-0.0013980888761579,24.82383155822754,27.81957244873047,-0.0008793946471996,0.0018636620370671
A_raw_s2_r16,00077.png,0.0001758280413923,-0.0004476194444578,24.629674911499023,27.04145622253418,0.0003081349423155,0.0003040337760467
A_raw_s2_r16,00078.png,0.0024073964450508,0.0013842555927112,29.51341819763184,25.850866317749023,0.0017038917867466,-0.0017926736036315
A_raw_s2_r16,00079.png,-0.0009149597608484,0.0003250991576351,22.17172622680664,24.99239921569824,-0.0011196886189281,-0.0018115745624527
A_raw_s2_r16,00080.png,-0.000487650046125,0.0010729199275374,24.983884811401367,26.494672775268555,0.0038417750038206,0.001890433486551
A_raw_s2_r16,00081.png,0.0027296901680529,-0.0004172047774773,21.31249237060547,23.96999168395996,0.0062309098429977,-0.0008670170791447
A_raw_s2_r16,00082.png,0.0021734898909926,-0.0011251170653849,25.75596046447754,25.377954483032227,-0.0004634379583876,-0.0028895398136228
A_raw_s2_r16,00083.png,-0.000457122165244,-0.0007719543646089,24.432052612304688,24.830965042114254,0.0003214467724319,-0.0032360616605728
A_raw_s2_r16,00084.png,0.0003343814169056,0.0015728161670267,25.616050720214844,23.541236877441406,-0.000298042432405,0.0031495129223912
A_raw_s2_r16,00085.png,0.000521027832292,0.0007074502645991,27.24185562133789,23.307971954345703,-0.003216341137886,0.0012889883946627
A_raw_s2_r16,00086.png,-0.0016632552724331,0.0015503949252888,26.9650936126709,25.057052612304688,0.0017230839002877,-0.0010565785923972
A_raw_s2_r16,00087.png,0.0017096365336328,0.0028916515875607,25.518129348754883,21.35395050048828,-0.0003864679310936,-0.0007253587828017
A_raw_s2_r16,00088.png,0.0007572186295874,0.0008433244074694,24.611230850219727,26.99374008178711,0.0006051369127817,0.00182554370258
A_raw_s2_r16,00089.png,-0.0026268621440976,-0.000173798558535,28.00425148010254,24.34478187561035,0.002361086430028,-0.0027486539911478
A_raw_s2_r16,00090.png,0.0013744904426857,-0.0032249758951365,24.52941131591797,22.18217086791992,-0.0017020117957144,-0.0007162785041145
A_raw_s2_r16,00091.png,-0.0002791514270938,0.0001695185783319,28.70873641967773,24.522480010986328,0.0027209229301661,0.0031275586225092
A_raw_s2_r16,00092.png,0.0008823764510452,0.0001752093376126,23.135744094848636,27.012563705444336,0.0011061724508181,0.0023565457668155
A_raw_s2_r16,00093.png,0.0003851694636978,-0.0003942632465623,24.335294723510746,22.112070083618164,-0.0010597320506349,-0.00065942062065
A_raw_s2_r16,00094.png,0.0025676053483039,0.0014386649709194,29.787935256958008,30.91593170166016,0.0008103263098746,-0.0027660904452204
A_raw_s2_r16,00095.png,6.2097969930619e-05,9.341677650809288e-05,25.793405532836918,28.323240280151367,-0.0016182593535631,0.0013147536665201
A_raw_s2_r16,00096.png,0.0008439475786872,-0.0006092624389566,24.87100601196289,29.705345153808597,-0.0002434379130136,0.0012236859183758
A_raw_s2_r16,00097.png,-0.0012057345593348,-0.0001299438008572,25.59608459472656,22.08170509338379,0.0009583532228134,0.0017165010794997
A_raw_s2_r16,00098.png,-0.0004212943604215,0.0005089320475235,26.256309509277344,22.950782775878903,-0.0003282470279373,-7.849208486732095e-05
A_raw_s2_r16,00099.png,0.0001468048576498,-0.0012427679030224,21.31762313842773,28.029003143310547,0.0024336429778486,-0.0008658707956783
A_raw_s2_r16,00100.png,-0.002161533338949,-0.0002777666377369,24.94915008544922,24.93651390075684,0.0006989793037064,2.7901029170607217e-05
A_raw_s2_r16,00101.png,-5.04392410221044e-05,0.0011780908098444,26.59063148498535,27.207983016967773,0.0018118914449587,-0.000528069329448
A_raw_s2_r16,00102.png,-0.0016674881335347,-0.0021727969869971,24.02598571777344,27.44232940673828,-1.532017813588027e-05,-0.0006914570694789
A_raw_s2_r16,00103.png,-7.361572352238e-05,0.0015913840616121,23.57137680053711,23.449899673461918,0.0001464440429117,0.0009325299179181
A_raw_s2_r16,00104.png,-0.0005466236034408,-0.0025427602231502,23.03887176513672,25.88154983520508,-0.0048260544426739,0.0004924345994368
A_raw_s2_r16,00105.png,-0.0027840323746204,-0.0001676857646089,21.29791259765625,21.85638236999512,-0.0012397485552355,0.001205638051033
A_raw_s2_r16,00106.png,-0.0003589049156289,0.0004991611349396,23.928911209106445,30.641578674316406,-0.0006676784250885,0.0029658006969839
A_raw_s2_r16,00107.png,0.0012217429466545,0.00054838496726,23.44894218444824,25.560264587402344,-0.0007484174566343,0.0014064102433621
A_raw_s2_r16,00108.png,0.0002824883558787,0.0004371142422314,24.95193099975586,25.03692054748535,-0.0022811712697148,0.0015568119706586
A_raw_s2_r16,00109.png,0.0015242513036355,-0.0010282192379236,26.04373359680176,21.97219467163086,0.0013778810389339,0.0018638205947354
A_raw_s2_r16,00110.png,6.500885501736775e-05,-0.001043427735567,24.17778778076172,23.23148536682129,0.0014389039715752,0.0007700438727624
A_raw_s2_r16,00111.png,-0.0028646076098084,3.833139999187552e-05,22.25804710388184,24.53578758239746,0.0009932095417752,0.000463238422526
A_raw_s2_r16,00112.png,-0.001400182605721,-2.099121229548473e-05,22.82608985900879,33.340816497802734,0.0012051976518705,0.0006279234657995
A_raw_s2_r16,00113.png,0.001763175940141,0.0001837164309108,22.832155227661133,27.860185623168945,0.000668037624564,0.0005992886144667
A_raw_s2_r16,00114.png,-9.491282980889082e-05,0.0008786055841483,27.525285720825195,21.98297500610352,-0.0020219618454575,0.0005238630692474
A_raw_s2_r16,00115.png,0.0009543903870508,-0.001039543072693,23.532495498657227,20.87715721130371,0.0011918301461264,0.0019899201579391
A_raw_s2_r16,00116.png,0.0009278097422793,-0.0006405803142115,29.86776351928711,26.37558364868164,-0.0003103235503658,-0.0005763610824942
A_raw_s2_r16,00117.png,-0.0011223390465602,0.0013302714796736,24.73464012145996,26.584665298461918,-0.0019315734971314,0.0009959876770153
A_raw_s2_r16,00118.png,-0.000498259672895,-0.0001191837509395,27.7705135345459,24.354284286499023,0.0009272976312786,-0.0014907334698364
A_raw_s2_r16,00119.png,0.0009382489952258,0.0007808758527971,31.438352584838867,25.626998901367188,-0.0001196667362819,0.0010296734981238
A_raw_s2_r16,00120.png,0.0010259826667606,0.0004677215183619,26.836870193481445,27.99785804748535,-0.0021000339183956,0.0009984469506889
A_raw_s2_r16,00121.png,0.0016758925048634,0.0015809799078851,24.923973083496094,22.392383575439453,-0.0028093948494642,-0.0017132576322183
A_raw_s2_r16,00122.png,-0.0009727761498652,-0.001769280876033,24.465553283691406,22.301700592041016,-0.0026876488700509,-0.0007704225135967
A_raw_s2_r16,00123.png,0.0007180881802923,0.0002472148917149,22.74537849426269,24.294757843017575,-0.0015148784732446,-0.0024388059973716
A_raw_s2_r16,00124.png,-0.0002844898845069,0.0011088406899943,21.7147274017334,28.867578506469727,0.0011570561910048,-0.0012798203388229
A_raw_s2_r16,00125.png,-0.0014615905238315,-0.0015902300365269,22.32140350341797,23.123458862304688,0.0025638048537075,-0.0014990508789196
A_raw_s2_r16,00126.png,8.017336949706078e-05,-0.0015748775331303,23.980674743652344,26.71845054626465,0.0009399117552675,0.0005421951063908
A_raw_s2_r16,00127.png,-0.0002208166988566,-0.0009870996000245,26.931867599487305,23.84073257446289,0.0010980049846693,0.002158822491765
A_raw_s2_r16,00128.png,0.0006559945177286,-0.0013457562308758,26.444849014282227,24.694053649902344,8.622802852187306e-05,-0.002130381995812
A_raw_s2_r16,00129.png,0.001415726612322,0.0013940919889137,25.06261444091797,19.75275039672852,-0.0002878862724173,-0.0009522972395643
A_raw_s2_r16,00130.png,-0.0037038135342299,-0.0016128130955621,26.51327896118164,23.870628356933597,0.0007796111167408,0.0007237379904836
A_raw_s2_r16,00131.png,0.0005585961625911,0.00213333661668,23.849143981933597,27.70149040222168,-0.0014213246759027,0.0002450182510074
A_raw_s2_r16,00132.png,0.0016702956054359,0.0004047169641125,23.48099708557129,30.67367172241211,-0.0016621047398075,-0.0031842426396906
A_raw_s2_r16,00133.png,-0.0001255787647096,-0.000594995683059,25.25495719909668,27.830337524414062,-0.0022387730423361,0.0024664723314344
A_raw_s2_r16,00134.png,0.0034620726946741,0.0016367924399673,21.409975051879883,28.71019554138184,0.0019359197467565,0.000358325720299
A_raw_s2_r16,00135.png,0.0009065587073564,-0.000243485730607,24.960960388183597,27.02341079711914,-0.0010519719216972,0.0012675744947046
A_raw_s2_r16,00136.png,0.00071824650513,0.0013832773547619,24.65934181213379,28.700241088867188,0.0011417450150474,0.0013438019668683
A_raw_s2_r16,00137.png,-0.0010483008809387,0.0001583355187904,32.367889404296875,25.211503982543945,0.0022588912397623,0.0010956908809021
A_raw_s2_r16,00138.png,0.0008065720903687,-0.0010840793838724,34.26860809326172,26.735958099365234,-0.0007784369518049,0.0014388959389179
A_raw_s2_r16,00139.png,-0.0002942722057923,0.0010149532463401,23.20192527770996,23.611391067504883,1.1321808415232226e-05,0.0005591208464466
A_raw_s2_r16,00140.png,-0.0015367958694696,-0.0028411336243152,24.498682022094727,26.47820854187012,0.0008037532679736,0.0012258446076884
A_raw_s2_r16,00141.png,0.002404466504231,0.0007298602140508,25.13724899291992,29.676517486572266,-0.0012875370448455,-0.0004484980308916
A_raw_s2_r16,00142.png,0.0012425507884472,0.0004902381333522,23.01256561279297,23.831850051879883,-0.0002502577845007,-0.0004948321729898
A_raw_s2_r16,00143.png,-0.0002967500477097,-0.0004527181445155,28.485088348388672,29.55479621887207,-0.0010112359886988,-0.0003017209819518
A_raw_s2_r16,00144.png,0.001113039907068,-0.0016216811491176,29.22015380859375,27.943675994873047,0.0003548860840965,-0.0009231863659806
A_raw_s2_r16,00145.png,0.0025576772168278,-0.0002960283309221,28.745046615600582,27.107404708862305,0.0006516625871881,-0.003848947584629
A_raw_s2_r16,00146.png,0.0010065026581287,-0.0006433691014535,24.04852294921875,25.96716690063477,0.0025018916931003,0.0005756821483373
A_raw_s2_r16,00147.png,-0.0005673913401551,-0.0007701573777012,26.777891159057617,26.675752639770508,0.0009881575824692,-0.0030186984222382
A_raw_s2_r16,00148.png,-0.0011869926238432,-0.0002643634506966,24.196165084838867,22.806928634643555,-0.0014149949420243,-0.0008946748566813
A_raw_s2_r16,00149.png,-0.0023562251590192,-0.000831167504657,25.08663558959961,26.483158111572266,0.0020541057456284,-0.0002353956224396
A_raw_s2_r16,00150.png,0.000804791226983,0.0001893040316645,23.77210998535156,20.040185928344727,0.0013254254590719,0.0007568773580715
A_raw_s2_r16,00151.png,-0.0001822942140279,0.000173433611053,30.28376579284668,24.657316207885746,0.0008226275676861,0.0010591502068564
A_raw_s2_r16,00152.png,0.0002273353165946,-0.0007587419822812,27.81436538696289,24.406524658203125,-0.0028275961522012,-0.0012246761471033
A_raw_s2_r16,00153.png,0.0032679298892617,0.0032860040664672,24.477069854736328,21.36057472229004,-0.0015644134255126,0.0022904595825821
A_raw_s2_r16,00154.png,-0.0005421622190624,0.0015925482148304,22.03441047668457,25.58240509033203,-0.0005305485683493,-0.0010731333168223
A_raw_s2_r16,00155.png,0.0014643616741523,2.3563799913972616e-05,23.07534408569336,25.08807182312012,-0.0030617269221693,-0.0002354220050619
A_raw_s2_r16,00156.png,-0.0016062875511124,9.30359419726301e-07,24.153430938720703,21.03982162475586,0.0011788519332185,-0.0025355317629873
A_raw_s2_r16,00157.png,-0.0005796508048661,-0.0020777096506208,27.719268798828125,25.60529327392578,-0.0031802877783775,-0.0014217442367225
A_raw_s2_r16,00158.png,0.0024438488762825,0.0021396186202764,22.178415298461918,24.67423248291016,0.0025972134899348,-0.0039351372979581
A_raw_s2_r16,00159.png,0.0003463255998212,-0.0009991771075874,24.423057556152344,25.743236541748047,-0.0021159674506634,-0.0017744846409186
A_raw_s2_r16,00160.png,0.000817502499558,0.0007210022304207,24.793386459350582,22.00660514831543,-0.0004721528384834,0.0025023773778229
A_raw_s2_r16,00161.png,0.0017361401114612,0.0001372765109408,27.83278083801269,29.950380325317383,-0.0025969028938561,-0.0004100767837371
A_raw_s2_r16,00162.png,0.0013077202020213,5.5314380006166175e-05,28.572345733642575,22.36601448059082,0.0011841388186439,0.0026711493264883
A_raw_s2_r16,00163.png,-0.0001645415322855,-0.0001082994203898,28.57084846496582,25.13657760620117,0.0017217480344697,0.0032976926304399
A_raw_s2_r16,00164.png,0.0003793934301938,0.0011532285716384,21.6549015045166,21.12404060363769,0.0001301395095651,0.0020154679659754
A_raw_s2_r16,00165.png,-0.0002967532491311,-0.000216340937186,25.631893157958984,23.91726303100586,0.0005209477385506,0.0025148054119199
A_raw_s2_r16,00166.png,-0.0001580656244186,-0.0014710127143189,27.720333099365234,31.686912536621094,-0.0012807454913854,-0.0017924956046044
A_raw_s2_r16,00167.png,0.0004795732966158,-0.0006555815925821,24.91840362548828,22.8160343170166,0.0006230864673852,-0.0006999276811257
A_raw_s2_r16,00168.png,-0.0019461800111457,0.0023547003511339,25.40511512756348,22.78446388244629,-0.0005657290457747,-0.0027622149791568
A_raw_s2_r16,00169.png,-0.0015991070540621,-0.0005582486046478,23.206565856933597,31.185914993286133,-0.0025917880702763,7.46129808248952e-05
A_raw_s2_r16,00170.png,0.0008707539527677,0.0008340097847394,23.21687889099121,26.386756896972656,0.0011608012719079,0.0015103253535926
A_raw_s2_r16,00171.png,0.001777121447958,-0.0016313723754137,20.422367095947266,25.49751281738281,-0.0022181624080985,-0.0003271461464464
A_raw_s2_r16,00172.png,-1.4114727491687518e-05,-0.0014928195159882,30.676782608032227,24.12831115722656,0.0037176122423261,-0.0011740911286324
A_raw_s2_r16,00173.png,-0.0017087996238842,-0.0010017259046435,25.323659896850582,27.33401870727539,0.0004629046889021,2.0126422896282747e-05
A_raw_s2_r16,00174.png,-0.0008428916917182,0.0006989456596784,24.177682876586918,29.63933753967285,9.68497624853626e-05,0.0019596714992076
A_raw_s2_r16,00175.png,0.001405163668096,-0.0010073032462969,23.16527557373047,26.174579620361328,0.0025849416851997,-7.344676851062104e-05
A_raw_s2_r16,00176.png,0.000114366877824,-0.0002822662936523,29.05913543701172,25.81600952148437,0.0016485952073708,0.0024393459316343
A_raw_s2_r16,00177.png,0.0009445071918889,-0.0007536968914791,27.613290786743164,23.318666458129883,0.0005006282590329,0.0015417382819578
A_raw_s2_r16,00178.png,-0.0014502725098282,0.0015023490414023,26.970373153686523,29.46074485778809,0.0014771580463275,-0.0004410760884638
A_raw_s2_r16,00179.png,0.000635401753243,-4.9224920076085255e-05,25.69625663757324,26.00704574584961,-0.0002460762043483,-0.000480175454868
A_raw_s2_r16,00180.png,-0.0010021309135481,0.0004397181037347,27.966726303100582,23.129457473754883,-0.0021721650846302,0.0011239808518439
A_raw_s2_r16,00181.png,0.0036316094920039,-0.0003648506535682,21.463594436645508,21.04129409790039,-0.0037462259642779,-0.0015114775160327
A_raw_s2_r16,00182.png,0.0008321409695781,-0.0017137081595137,25.78101921081543,27.986417770385746,-0.0008039188105612,0.000322336476529
A_raw_s2_r16,00183.png,-0.0022323615849018,-0.0006679335492663,30.23879814147949,25.988142013549805,-0.0015083213802427,-0.0011453968472778
A_raw_s2_r16,00184.png,-0.001353706466034,-0.0010814708657562,24.219770431518555,25.386859893798828,0.0015539589803665,-0.0010294071398675
A_raw_s2_r16,00185.png,2.390649569861125e-05,-0.0012948082294315,35.81950759887695,25.12225341796875,-0.000593671167735,0.0002208098594564
A_raw_s2_r16,00186.png,-0.0003160614578519,0.0009149746620096,27.37370491027832,21.9868106842041,-0.0016794500406831,-0.0006041788146831
A_raw_s2_r16,00187.png,0.0018637835746631,0.0004277006664779,26.505199432373047,20.67870330810547,-0.0018120647873729,-0.0043641696684062
A_raw_s2_r16,00188.png,-0.0002691822010092,-0.000280183245195,25.890581130981445,26.92579460144043,0.0011251136893406,-0.0004619669634848
A_raw_s2_r16,00189.png,0.0017396302428096,0.0007656588568352,26.213459014892575,24.68529510498047,0.0008817759226076,-0.0008273895946331
A_raw_s2_r16,00190.png,-0.000863512745127,-0.0001542612735647,26.732370376586918,27.28810691833496,-0.0005004081176593,0.0013069236883893
A_raw_s2_r16,00191.png,0.0006013590609654,0.0008671936811879,25.217405319213867,33.413272857666016,0.0004307335184421,0.0025351985823363
A_raw_s2_r16,00192.png,-0.0014192513190209,0.0004315784026402,28.24457550048828,26.97872543334961,-0.0008708588429726,-2.0489336748141795e-05
A_raw_s2_r16,00193.png,-0.0011619648430496,0.0012655955506488,25.2384090423584,25.14676284790039,-0.0002405344712315,0.0013120794901624
A_raw_s2_r16,00194.png,0.0003824360319413,0.0011293485295027,23.98417091369629,24.58888053894043,-0.000829842116218,-0.0007503225351683
A_raw_s2_r16,00195.png,-0.000535138125997,0.0008041619439609,26.789831161499023,23.708860397338867,-0.0011661944445222,0.0023856414481997
A_raw_s2_r16,00196.png,-0.0002053464559139,-5.433085243566893e-05,20.974740982055664,22.896623611450195,-0.0023436867631971,-0.0005684230127371
A_raw_s2_r16,00197.png,-0.0010734517127275,-0.0004922160878777,23.833635330200195,36.402286529541016,0.0003620024945121,0.0005390583537518
A_raw_s2_r16,00198.png,0.001461834879592,0.0008066787268035,27.471660614013672,23.995512008666992,-0.0013713920488953,-0.0016410894459113
A_raw_s2_r16,00199.png,-0.0010257888352498,-0.0012595830485224,25.271211624145508,26.793386459350582,0.000592521217186,-0.0009635921451263
A_raw_s2_r16,00200.png,-0.0010772389359772,-0.0023174707312136,25.05480194091797,27.00498390197754,-0.0012899514986202,0.0024664280936121
A_raw_s2_r16,00201.png,-0.004165212623775,-0.0004873914294876,22.839948654174805,22.912107467651367,-0.0008450858294963,-0.0014809847343713
A_raw_s2_r16,00202.png,0.0010560181690379,-0.0005496385856531,27.36273765563965,25.794660568237305,0.0016397143481299,-0.0008760548662394
A_raw_s2_r16,00203.png,-0.0003518515150062,0.0005034704809077,27.627531051635746,25.770233154296875,-0.0005769849522039,0.0019836644642055
A_raw_s2_r16,00204.png,0.0016621351242065,-0.0005350214778445,24.80760955810547,23.99030113220215,0.000985398190096,-0.0010696745011955
A_raw_s2_r16,00205.png,0.001368751632981,-0.0016203079139813,22.915752410888672,27.111814498901367,-0.0024960259906947,-0.0011271600378677
A_raw_s2_r16,00206.png,-0.0002580890723038,-0.0009393574437126,28.80577278137207,25.281147003173828,-0.0021496328990906,-0.0005311762797646
A_raw_s2_r16,00207.png,2.291119562869426e-05,0.0028911207336932,23.21044921875,26.06560516357422,0.0031049770768731,-0.0007282993756234
A_raw_s2_r16,00208.png,-0.0003624596283771,-0.0016244242433458,24.31034278869629,23.42343139648437,-0.0002482219715602,-0.0019012716365978
A_raw_s2_r16,00209.png,0.0020984495058655,0.0007151401368901,22.099164962768555,25.42803382873535,-0.0004219824331812,-0.0006026887567713
A_raw_s2_r16,00210.png,0.0006483940524049,0.0023435931652784,29.805280685424805,23.320802688598636,0.0025984016247093,0.0015748353907838
A_raw_s2_r16,00211.png,-0.0025633110199123,0.0010632185731083,23.70950508117676,22.589195251464844,0.0012635320890694,0.0022416831925511
A_raw_s2_r16,00212.png,0.0013313929084688,-0.0005549154011532,24.52994155883789,22.51384735107422,-0.000370029680198,-0.0020413482561707
A_raw_s2_r16,00213.png,-0.0016267392784357,-0.0010308888740837,23.45681571960449,23.22424697875977,-0.0022821682505309,-0.0015014540404081
A_raw_s2_r16,00214.png,0.001320018665865,-0.0009937649592757,22.31859016418457,22.112529754638672,-0.0001079119319911,0.0001008274630294
A_raw_s2_r16,00215.png,-0.002167610451579,0.0008846016135066,26.448776245117188,24.8320369720459,-0.0006402590661309,0.0033121320884674
A_raw_s2_r16,00216.png,-4.495725534070516e-06,0.0005738335312344,27.65241241455078,23.956016540527344,0.0006270798039622,-0.0015111216343939
A_raw_s2_r16,00217.png,0.0006556695443578,-0.0001107101561501,23.767969131469727,26.50588798522949,3.2716994610382244e-05,0.000440305127995
A_raw_s2_r16,00218.png,-0.0003154071164317,-0.0002058283862425,30.118919372558597,24.57790946960449,0.0027541629970073,-0.0043770438060164
A_raw_s2_r16,00219.png,0.0007909306441433,0.0004804841300938,22.154699325561523,24.44338607788086,0.0020725263748317,0.0005037543014623
A_raw_s2_r16,00220.png,-0.0011207244824618,-0.0007221015985123,21.23457336425781,24.99625396728516,0.0010705591412261,0.0004551687161438
A_raw_s2_r16,00221.png,0.0008075608056969,-0.0016805243212729,25.33581924438477,24.68742179870605,0.0021070591174066,0.0015004466986283
A_raw_s2_r16,00222.png,-0.0002489941252861,-0.0003030466323252,21.82818603515625,23.37126350402832,-0.0004609476600307,0.0014339333865791
A_raw_s2_r16,00223.png,0.0015328278532251,0.0028798300772905,26.76203727722168,25.23903083801269,-0.0011305292136967,0.0004501551156863
A_raw_s2_r16,00224.png,-0.0004059533239342,0.0010264045558869,24.754047393798828,24.0839900970459,0.0011354153975844,-0.0006773980567231
A_raw_s2_r16,00225.png,0.0014056819491088,-0.0015523297479376,21.806299209594727,27.859542846679688,0.0002713483117986,-0.0015835895901545
A_raw_s2_r16,00226.png,0.0011988512706011,-0.0012274932814761,23.229650497436523,28.07001495361328,0.0027793471235781,0.0040255007334053
A_raw_s2_r16,00227.png,-0.0003771781630348,0.0037039297167211,29.421724319458008,25.206918716430664,0.0026121458504348,-0.0021358183585107
A_raw_s2_r16,00228.png,0.000943012884818,0.0003648117417469,24.55361557006836,25.966567993164062,-0.0031135433819144,0.0009643902885727
A_raw_s2_r16,00229.png,0.0018107574433088,-0.0001606822042958,27.531051635742188,26.59262466430664,-0.0003153928846586,0.0003177904291078
A_raw_s2_r16,00230.png,0.0025436154101043,-0.0005237837322056,25.02975082397461,26.77320098876953,0.0006024051108397,-0.001420481596142
A_raw_s2_r16,00231.png,-0.0009914212860167,-0.000107095875137,26.444913864135746,23.242185592651367,0.0010801417520269,-0.0015504746697843
A_raw_s2_r16,00232.png,-0.0006716962670907,0.0023694417905062,25.965059280395508,23.47271728515625,-0.0009213699377141,0.0022231200709939
A_raw_s2_r16,00233.png,-6.833517545601353e-06,-5.6875654991017655e-05,21.596668243408203,21.91815948486328,0.0010356763377785,0.0016556589398533
A_raw_s2_r16,00234.png,0.0019712329376488,-1.950120122273802e-06,23.251611709594727,23.348737716674805,-4.290638753445819e-05,-0.001808694913052
A_raw_s2_r16,00235.png,-0.0017304953653365,-0.0003485935740172,25.08374786376953,24.298978805541992,-0.0024142446927726,-0.0019553615711629
A_raw_s2_r16,00236.png,-0.0003686182317323,-0.0001321560121141,21.60506248474121,22.50418472290039,-0.0031287246383726,-0.000970916589722
A_raw_s2_r16,00237.png,0.0004495418397709,0.0005096836830489,27.127592086791992,24.10961151123047,-0.0004970444133505,0.0007207196322269
A_raw_s2_r16,00238.png,0.0014993674121797,0.0005805086111649,22.027315139770508,22.84978675842285,0.0012033745879307,0.0008198417490348
A_raw_s2_r16,00239.png,-0.0002148996136384,-0.0008028577431105,23.837417602539062,22.0437126159668,0.0007182934205047,-0.0001043019656208
A_raw_s2_r16,00240.png,7.372112304437906e-05,4.5062271965434775e-05,28.87813377380371,25.11483383178711,-0.0018171427072957,0.0006317134830169
A_raw_s2_r16,00241.png,-0.0013603175757452,-0.0007149124867282,26.32228279113769,20.576269149780277,-0.0031855206470936,0.0019876521546393
A_raw_s2_r16,00242.png,0.0005539854173548,-4.847230593441054e-05,32.62795639038086,25.563011169433597,-0.0008591031073592,0.0028549639973789
A_raw_s2_r16,00243.png,0.0002626963541842,0.0010187545558437,25.356170654296875,23.648527145385746,-0.0007313346141017,0.0015077583957463
A_raw_s2_r16,00244.png,0.0005313701694831,-2.7328556825523265e-05,22.54936408996582,24.94044303894043,0.0006145096267573,0.002119354205206
A_raw_s2_r16,00245.png,-0.0001363744668196,-0.0019895497243851,24.12247085571289,21.10301971435547,0.0008503206772729,-0.0002645649074111
A_raw_s2_r16,00246.png,0.00078480981756,0.0011285173241049,28.97090148925781,24.06702041625977,-0.0015385785372927,0.001605188823305
A_raw_s2_r16,00247.png,0.0002823256945703,-0.0005422092508524,29.15120506286621,23.77338218688965,-0.0007186774746514,0.002046835841611
A_raw_s2_r16,00248.png,0.0013967619743198,-0.0007991247111931,28.904905319213867,26.94624328613281,0.0003960698959417,0.0008379677310585
A_raw_s2_r16,00249.png,-0.0014518714742735,0.001650019432418,26.40731811523437,30.976295471191406,-0.0011195932747796,0.0013854902936145
A_raw_s2_r16,00250.png,0.0012207766994833,0.0015997230075299,23.448144912719727,23.919523239135746,-0.0018607530510053,-0.0013693624641746
A_raw_s2_r16,00251.png,0.0014689719537273,3.637016925495118e-05,27.30430603027344,25.438697814941406,0.0011001171078532,0.00019416140276
A_raw_s2_r16,00252.png,-5.956889253866393e-06,-7.553318573627621e-05,28.943307876586918,31.125328063964844,0.0036764482501894,-0.0023584805894643
A_raw_s2_r16,00253.png,-0.00037198420614,0.0014684825437143,27.12722396850586,22.055177688598636,0.001747278845869,-0.0001446269161533
A_raw_s2_r16,00254.png,0.000299260369502,0.0002175419940613,25.887205123901367,26.08573341369629,-0.0027594706043601,0.0007542791427113
A_raw_s2_r16,00255.png,-0.0011980140116065,-0.0006052432581782,24.35549736022949,25.608322143554688,0.000715171569027,-0.0020015109330415
A_raw_s2_r16,00256.png,-0.0014335755258798,0.0005197108257561,19.53978538513184,23.761091232299805,-0.0011211072560399,0.0017696612048894
A_raw_s2_r16,00257.png,0.0003434138197917,-0.000485375552671,21.907644271850582,23.934221267700195,0.000534277583938,0.0013285073218867
A_raw_s2_r16,00258.png,0.0009602689533494,-9.711114398669451e-05,22.43222045898437,24.250507354736328,0.0012909187935292,0.0012125993380323
A_raw_s2_r16,00259.png,0.000652689137496,-0.003245746018365,22.85091209411621,25.000158309936523,6.192793807713315e-05,-0.0014131668722257
A_raw_s2_r16,00260.png,0.0002988501510117,-0.0002471979823894,25.216537475585938,28.327417373657227,-0.0016011461848393,-0.0024999594315886
A_raw_s2_r16,00261.png,0.0002568417694419,0.0001622318086447,25.975738525390625,23.578588485717773,0.001080674235709,-0.000109195098048
A_raw_s2_r16,00262.png,0.0019028261303901,0.0003230916918255,22.911375045776367,23.96365737915039,0.0033445674926042,-0.0007382564363069
A_raw_s2_r16,00263.png,0.0011461828835308,0.0002473132917657,25.65543365478516,25.15635108947754,0.0001250410132342,0.0016298975097015
A_raw_s2_r16,00264.png,-0.0009951356332749,0.0012645707465708,28.09562110900879,24.31729888916016,-0.0002017412916757,0.0027804425917565
A_raw_s2_r16,00265.png,0.0013350838562473,-0.0015567623777315,26.04471015930176,22.60605812072754,-0.0012386018643155,0.0019519501365721
A_raw_s2_r16,00266.png,0.0015794372884556,0.0007953728782013,22.76670265197754,23.44434928894043,0.0022193738259375,-0.0002562058798503
A_raw_s2_r16,00267.png,-0.0002321537467651,-0.0014437665231525,31.21465301513672,21.01435852050781,0.0013152522733435,-0.0013966293772682
A_raw_s2_r16,00268.png,-0.0008697069715708,-0.0006707864813506,25.36772346496582,28.296525955200195,0.0001174213102785,-0.0014029694721102
A_raw_s2_r16,00269.png,-0.0004934355383738,0.0012394082732498,23.29191398620605,28.249229431152344,-0.0023846991825848,0.0009084889316
A_raw_s2_r16,00270.png,-0.0008090190240181,-8.830984006635845e-05,21.29395866394043,29.53561782836914,0.0009910210501402,-0.0006437668926082
A_raw_s2_r16,00271.png,-0.000571314652916,-0.0011746620293706,20.57166290283203,22.01494407653809,-0.0027025798335671,-0.0009438729612156
A_raw_s2_r16,00272.png,0.0007050629938021,0.0022636123467236,21.57688331604004,26.14200782775879,9.556388249620797e-05,0.002586945425719
A_raw_s2_r16,00273.png,-0.0008919342071749,0.0013138175709173,27.5933837890625,32.58085632324219,0.000750154373236,0.0005948995240032
A_raw_s2_r16,00274.png,0.001282840501517,-0.0005602440214715,33.20116424560547,24.564483642578125,-0.0033155647106468,0.0022682705894112
A_raw_s2_r16,00275.png,0.0009066392667591,0.000276723440038,24.395639419555664,22.959686279296875,0.0010611702455207,0.0018252392765134
A_raw_s2_r16,00276.png,-0.000854714307934,0.0004270352073945,26.294649124145508,24.109434127807617,-0.0005837312201038,1.7680140445008874e-05
A_raw_s2_r16,00277.png,-0.0002472153573762,0.0001023613658617,21.428152084350582,23.08566665649414,0.0020273658446967,-0.0028829069342464
A_raw_s2_r16,00278.png,-0.0002980274439323,0.0001544753031339,24.68756484985352,28.093589782714844,0.0022922321222722,-0.0005426973802968
A_raw_s2_r16,00279.png,0.000489197554998,-0.0009176193270832,22.40915298461914,22.77069091796875,-0.0011081033153459,-0.0009373732609674
A_raw_s2_r16,00280.png,0.0025300034321844,0.0014705029316246,21.612621307373047,24.54805564880371,-0.0025811698287725,-0.0003134636499453
A_raw_s2_r16,00281.png,-0.0006789099425077,-0.0011625795159488,26.32835578918457,31.132495880126957,-0.0012512963730841,0.0011191966477781
A_raw_s2_r16,00282.png,0.000103510916233,-0.0011787991970777,23.69627571105957,30.472654342651367,-0.0001960664085345,0.0015700018266215
A_raw_s2_r16,00283.png,-0.0024762977845966,-0.0004428393731359,21.839984893798828,22.690170288085938,-0.0004146251594647,0.0009499742882326
A_raw_s2_r16,00284.png,0.0012290005106478,-0.0013083553640171,21.226533889770508,24.147369384765625,-0.0003816586104221,-0.0011495444923639
A_raw_s2_r16,00285.png,-0.0008327197865583,-0.0018918778514489,22.015336990356445,25.538236618041992,-0.0024823485873639,0.0026269627269357
A_raw_s2_r16,00286.png,-0.0008740718476474,-0.0003316610818728,29.249059677124023,26.50355339050293,0.0006464616162702,0.0013824786292389
A_raw_s2_r16,00287.png,-0.0005021153483539,0.0008356259204447,26.610239028930664,26.40485191345215,0.0004676617099903,0.0012669241987168
A_raw_s2_r16,00288.png,-6.35380856692791e-05,0.0003848130872938,20.82782554626465,25.73543930053711,0.0008167977794073,0.0020832598675042
A_raw_s2_r16,00289.png,0.0015504289185628,0.0003527221269905,23.391420364379883,25.79680061340332,0.0032307291403412,-0.0003895622212439
A_raw_s2_r16,00290.png,-0.0007586664287373,-0.0001067395423888,25.465951919555664,28.20493698120117,-0.0005865075509063,0.0008354461169801
A_raw_s2_r16,00291.png,0.0012516733258962,0.0015559925232082,21.82218742370605,28.22085189819336,0.0005056054797023,0.0013622421538457
A_raw_s2_r16,00292.png,-0.0010874453000724,-0.0005692129489034,22.527761459350582,24.487781524658203,0.0046563693322241,-0.0038533080369234
A_raw_s2_r16,00293.png,0.0010198880918323,-0.0010664875153452,24.22652244567871,27.04669570922852,0.0003996852319687,0.0016872137784957
A_raw_s2_r16,00294.png,0.0005985691095702,-0.0016908405814319,22.26502799987793,24.57415771484375,-0.0008455126662738,-0.0001225862215505
A_raw_s2_r16,00295.png,-0.0016496214084327,-0.0005220015882514,25.402626037597656,26.305015563964844,0.0021282990928739,0.0038044254761189
A_raw_s2_r16,00296.png,0.0005257516750134,-0.0005547043401747,23.47238540649414,25.33265686035156,0.0011555224191397,-0.0013483869843184
A_raw_s2_r16,00297.png,0.0007038880721665,-0.0014428708236664,33.4498291015625,31.566770553588867,0.000269285752438,0.0010704568121582
A_raw_s2_r16,00298.png,-0.0009824084118008,0.0014035247731953,20.60405540466309,24.454978942871094,-0.0002014755300479,-0.0002638555306475
A_raw_s2_r16,00299.png,0.0002629171649459,-0.0015547310467809,21.874515533447266,26.138307571411133,-0.0012959940358996,0.0006675467011518
A_raw_s2_r16,00300.png,-0.003204435808584,-0.0003317436494398,26.17364501953125,25.06494903564453,0.0006205194513313,-0.0027495468966662
A_raw_s2_r16,00301.png,0.0013402649201452,0.0020988543983548,25.42943382263184,24.80653953552246,0.0005530269700102,-0.000673845061101
A_raw_s2_r16,00302.png,0.0008178721764124,-0.0004535638727247,27.483325958251957,32.27175521850586,0.0004034044395666,-0.0001322450116276
A_raw_s2_r16,00303.png,-0.0007576908683404,-0.0014791510766372,29.007007598876957,29.885496139526367,0.002195662818849,-0.001725748530589
A_raw_s2_r16,00304.png,-0.0004887672257609,0.0008454833878204,22.93558692932129,23.745380401611328,-0.0019957001786679,0.0006830134661868
A_raw_s2_r16,00305.png,-0.0003423890157137,-0.0003552775888238,26.14420890808105,25.19844436645508,-0.0007157062646001,-0.0006935420678928
A_raw_s2_r16,00306.png,0.0020067729055881,-0.0010142303071916,22.08114624023437,21.96658515930176,-4.7291927330661565e-05,-0.0007631907355971
A_raw_s2_r16,00307.png,0.000330812879838,-0.000228881050134,24.17283058166504,20.93052291870117,0.0025135499890893,0.0008233081316575
A_raw_s2_r16,00308.png,3.2123127311933786e-05,-0.0017097082454711,26.21625518798828,25.077131271362305,-0.0003052274987567,-0.0010479830671101
A_raw_s2_r16,00309.png,-0.0012459260178729,-0.0004146188148297,29.499679565429688,23.06486320495605,0.0011134647065773,-0.0001313819375354
A_raw_s2_r16,00310.png,6.730347377015278e-05,0.0017458407673984,24.19187355041504,28.4143009185791,0.0006618513725697,0.0002659433230292
A_raw_s2_r16,00311.png,0.0015777685912325,0.0007466285023838,24.95804786682129,25.12042999267578,-0.0006761027616448,0.0001962387905223
A_raw_s2_r16,00312.png,-0.0003745572757907,0.0021023845765739,22.20867156982422,23.831846237182617,-2.198238144046627e-05,-0.000685041595716
A_raw_s2_r16,00313.png,-0.0001381862093694,0.0001603510609129,33.18551254272461,26.474023818969727,0.0004829831887036,-0.002976263873279
A_raw_s2_r16,00314.png,0.0010676681995391,0.0008005178533494,28.530075073242188,27.13212013244629,-8.096613441921363e-07,-0.0003532785340212
A_raw_s2_r16,00315.png,-0.0016266329912468,-0.0003010517393704,26.72513008117676,27.398351669311523,-0.0006870328797958,-0.0004360565217211
A_raw_s2_r16,00316.png,-0.0001378550077788,-0.0008269192767329,24.890913009643555,24.553346633911133,-0.0008927117451094,0.0004861934867221
A_raw_s2_r16,00317.png,0.0014697718434035,3.643677337095141e-05,29.125757217407227,23.80064010620117,0.0011336769675835,-0.0001351693936157
A_raw_s2_r16,00318.png,-0.0007133795879781,-0.000312715768814,27.38066864013672,35.957305908203125,0.0012216408504173,0.0005095152300782
A_raw_s2_r16,00319.png,0.0001992986508412,0.0034706448204815,29.85702133178711,29.948774337768555,-0.0012342064874246,0.0039578494615852
A_raw_s2_r16,00320.png,0.0008304198272526,0.0021312681492418,25.61739730834961,25.67877960205078,0.0012373202480375,0.0017943866550922
A_raw_s2_r16,00321.png,0.0024152556434273,0.000285279325908,27.978654861450195,25.61592483520508,0.0004041848587803,-0.0018402198329567
A_raw_s2_r16,00322.png,0.0003662324743345,-0.0006736450595781,20.45867919921875,22.21029281616211,0.0027049423661082,0.0011588017223402
A_raw_s2_r16,00323.png,0.0007449751719832,-0.0007309295469895,22.70047950744629,28.851146697998047,-0.0010850733378902,0.00114767474588
A_raw_s2_r16,00324.png,-0.0011820383369922,0.0009719673544168,22.717554092407227,29.16830062866211,0.0001726836781017,0.001845636870712
A_raw_s2_r16,00325.png,-0.0005358737544156,0.0003607980324886,23.29335594177246,28.25445556640625,-0.0012557149166241,0.0001584360143169
A_raw_s2_r16,00326.png,0.0013456618180498,0.0006344642024487,24.259546279907227,22.560155868530277,0.0008562539005652,0.0008227069047279
A_raw_s2_r16,00327.png,0.0005369310965761,0.0017337235622107,23.065242767333984,24.658754348754883,0.0020466989371925,-0.0015283164102584
A_raw_s2_r16,00328.png,-0.0002674691204447,7.614370406372473e-05,22.7066650390625,28.83272933959961,0.0006839918787591,0.0003253914765082
A_raw_s2_r16,00329.png,-0.0014395616017282,-0.0010629830649122,26.71697235107422,27.889516830444336,0.0020125161390751,0.0017727391095831
A_raw_s2_r16,00330.png,0.0010745587060227,8.13075530459173e-05,25.87493705749512,26.496543884277344,0.0014131775824353,-0.0002190395171055
A_raw_s2_r16,00331.png,0.0021678016055375,0.0009574995492585,22.93668365478516,27.935216903686523,-0.0006579043692909,-0.0008660975145176
A_raw_s2_r16,00332.png,-0.0003521793405525,0.0007060984498821,28.988750457763672,24.85502815246582,0.0010957377962768,0.0008986224420368
A_raw_s2_r16,00333.png,0.0013619994278997,0.0003170605632476,23.243974685668945,25.45392417907715,0.0022895741276443,0.000603737484198
A_raw_s2_r16,00334.png,-0.0007015944574959,-0.0016060584457591,24.62597274780273,25.106279373168945,-0.0022292877547442,0.0021463513839989
A_raw_s2_r16,00335.png,0.0019758671987801,-0.0007997562061063,25.1906852722168,24.65472221374512,-0.0032547686714679,0.0028127757832407
A_raw_s2_r16,00336.png,0.0025944190565496,0.0011477241059765,25.68914794921875,25.544416427612305,0.0003563621430657,-0.001502493279986
A_raw_s2_r16,00337.png,-0.0016479484038427,-0.0022499044425785,31.15928840637207,26.279455184936523,-0.0013089693384245,0.0013153502950444
A_raw_s2_r16,00338.png,-0.0018632977735251,0.0007645559380762,25.52283096313477,26.2752628326416,0.0019374013645574,-0.0017381163779646
A_raw_s2_r16,00339.png,0.0002159811556339,0.0003770238545257,26.6552848815918,29.919727325439453,-0.0007190257892943,0.0003483027976471
A_raw_s2_r16,00340.png,-0.0005370144499465,-0.0010721361031755,21.57564163208008,29.599550247192383,0.0027161354664713,-0.0001978370564756
A_raw_s2_r16,00341.png,0.000707657483872,0.0003806952445302,24.46318817138672,22.084392547607425,-0.0001935078180395,-6.460096483351663e-05
A_raw_s2_r16,00342.png,-0.0009798698592931,-0.0005720889312215,27.963611602783203,21.306474685668945,-0.0002658744051586,-7.172825280576944e-05
A_raw_s2_r16,00343.png,0.000488517107442,-0.000140884600114,26.53036117553711,28.80806541442871,0.0017101771663874,-0.000741216528695
A_raw_s2_r16,00344.png,0.0001862102508312,-0.0012051672674715,24.28273200988769,22.29070472717285,0.0021101986058056,-0.0012449666392058
A_raw_s2_r16,00345.png,0.0006423242739401,0.0001908908161567,27.561443328857425,24.98504638671875,0.0006160589982755,-0.0021090467926114
A_raw_s2_r16,00346.png,-0.0023369174450635,-0.0001913801534101,21.490833282470703,22.750089645385746,-0.0027311102021485,-0.0011934242211282
A_raw_s2_r16,00347.png,-0.0008393469615839,-0.0009391963249072,19.976341247558597,21.90997886657715,0.0013180063106119,-0.0007198141538538
A_raw_s2_r16,00348.png,0.0002255238214274,-3.970976831624285e-05,22.97090530395508,24.622276306152344,0.0012052402598783,0.0032999536488205
A_raw_s2_r16,00349.png,-0.0004380169266369,0.0014510792680084,23.00913429260254,28.20318984985352,0.0013774923281744,-0.0022176338825374
A_raw_s2_r16,00350.png,0.0006398466066457,-0.0016120971413329,21.350812911987305,24.321582794189453,0.0002227591612609,0.0021083301398903
A_raw_s2_r16,00351.png,-0.0014758158940821,-0.0017629731446504,25.450315475463867,24.577373504638672,0.0006775952642783,0.0004215959343127
A_raw_s2_r16,00352.png,-0.0009429419296793,0.0008470654138363,23.90475273132324,26.431610107421875,0.0001557751529617,0.0015941554447636
A_raw_s2_r16,00353.png,0.0002190457307733,-0.0011397229973226,21.479076385498047,31.580867767333984,0.0012328565353527,-0.0008446986903436
A_raw_s2_r16,00354.png,0.0008501502452418,-0.0035784291103482,26.527544021606445,26.3200740814209,-0.0015930737135931,-0.000154903755174
A_raw_s2_r16,00355.png,-0.0006077020661905,-0.0012405149172991,21.649715423583984,22.730382919311523,0.00113328138832,0.0001288404891965
A_raw_s2_r16,00356.png,-0.0005727140814997,-0.000522103277035,23.32842445373535,24.505807876586918,0.0003125762741547,-0.0005913041532039
A_raw_s2_r16,00357.png,-0.0013822168111801,0.0006528962985612,21.761425018310547,22.03204727172852,0.0043075499124825,-0.0005058507085777
A_raw_s2_r16,00358.png,0.0028388439677655,-0.0015830610645934,23.298099517822266,21.123523712158203,0.0005692489212378,-0.0001737407437758
A_raw_s2_r16,00359.png,-0.0003582104982342,0.001037863199599,27.57124328613281,25.981246948242188,-0.0017625741893425,-0.0021060416474938
A_raw_s2_r16,00360.png,-0.0003660190850496,-0.0003122523485217,23.85106086730957,24.82772254943848,-0.0014280194882303,-0.0019741016440093
A_raw_s2_r16,00361.png,-0.0004665442684199,-0.0007670603808946,27.466800689697266,25.5227165222168,0.0002520980197004,-0.0018683901289477
A_raw_s2_r16,00362.png,-0.0013443054631352,-6.14430828136392e-05,31.63793563842773,22.97983169555664,4.603645720635541e-05,-0.0003866340848617
A_raw_s2_r16,00363.png,-0.0006673708558082,0.000165793535416,23.443288803100582,25.71133041381836,0.0015859615523368,-0.0022471970878541
A_raw_s2_r16,00364.png,-0.0009017050615511,-0.0003963413764722,25.07770156860352,34.755943298339844,0.0002066128363367,-0.0005801594816148
A_raw_s2_r16,00365.png,3.1698724342277274e-05,0.0011924630962312,22.510129928588867,27.33623504638672,-0.0019690713379532,-0.0008762759389355
A_raw_s2_r16,00366.png,0.0012508687796071,0.0008822463569231,25.08270263671875,25.40080451965332,0.0001723480527289,0.0016760863363742
A_raw_s2_r16,00367.png,0.0006621642387472,-0.0003258148499298,23.94396209716797,26.49931526184082,-0.0005659376620315,0.0006101636681705
A_raw_s2_r16,00368.png,-0.0006495460984297,-0.0015827800380066,25.23680877685547,24.75578498840332,-0.0011191990924999,-0.0003891496453434
A_raw_s2_r16,00369.png,0.0019645183347165,-0.0004957687924616,23.8586483001709,23.76215362548828,-0.0009358097449876,0.0024852845817804
A_raw_s2_r16,00370.png,-0.0010848280508071,0.0013799268053844,24.65449523925781,25.76412773132324,0.0017623091116547,0.0007480746135115
A_raw_s2_r16,00371.png,0.0012004167074337,-0.0001066749464371,27.765478134155277,24.890369415283203,-0.0002345570101169,0.0012939306907355
A_raw_s2_r16,00372.png,-0.0004872280696872,-0.0032841514330357,26.337709426879883,22.628116607666016,-0.0007393204141408,0.0023019365034997
A_raw_s2_r16,00373.png,-0.0013430882245302,0.0014985047746449,26.850297927856445,23.27156639099121,-0.0009682286763563,0.0011248711962252
A_raw_s2_r16,00374.png,0.0009831280913203,0.0010921239154413,29.485326766967773,26.399948120117188,0.0015602387720718,0.0008520905976183
A_raw_s2_r16,00375.png,-0.0001563045516377,0.0003038608992937,27.475372314453125,22.803539276123047,-0.0024984097108244,0.0010825465433299
A_raw_s2_r16,00376.png,-0.0002461412805132,0.0005225948407314,22.910505294799805,29.83726692199707,0.0005256915464997,-3.62361352017615e-05
A_raw_s2_r16,00377.png,0.0014356883475556,0.002174622612074,28.02720069885254,28.30327415466309,-0.0007566324202343,-0.0006744327838532
A_raw_s2_r16,00378.png,-2.1444891899591312e-05,-0.0026733244303613,33.546417236328125,27.970922470092773,0.0007796813733875,-0.0023707458749413
A_raw_s2_r16,00379.png,-0.001467133522965,0.0002074116491712,23.195789337158203,26.138824462890625,0.0023476728238165,0.0005063847638666
A_raw_s2_r16,00380.png,-0.0009523354819975,0.0015681883087381,30.266510009765625,23.849496841430664,0.0016065544914454,0.0010172566398978
A_raw_s2_r16,00381.png,-2.3208913262351416e-05,0.0010953816818073,20.967653274536133,23.595674514770508,-0.0030473733786493,0.0012676902115345
A_raw_s2_r16,00382.png,0.0013745779870077,0.0004573297628667,26.361536026000977,26.359210968017575,-0.0034186472184956,0.0013972909655421
A_raw_s2_r16,00383.png,0.0016837147995829,-0.0009984117932617,30.754825592041016,28.371557235717773,0.0019010393880307,-0.0017836242914199
A_raw_s2_r16,00384.png,0.001287744496949,0.0006068533984944,27.21097755432129,25.077207565307617,-0.0017376216128468,-0.0007744681788608
A_raw_s2_r16,00385.png,0.0031661908142268,0.0048434175550937,21.5206241607666,29.032869338989254,-0.0004132553294766,0.0012190809939056
A_raw_s2_r16,00386.png,-0.0030425253789871,-0.0008842058014124,20.269269943237305,24.2312126159668,-0.0008525716257281,0.0017179539427161
A_raw_s2_r16,00387.png,0.0001914382883114,-0.0025890541728585,30.248842239379883,21.51881217956543,-0.0035746076609939,0.0024030751083046
A_raw_s2_r16,00388.png,-0.0009859952842816,-0.0003331168263684,22.944299697875977,24.09678840637207,-0.0005150801734998,0.0008568220655433
A_raw_s2_r16,00389.png,0.0006646102992817,0.0007712976657785,25.41535186767578,28.214677810668945,-0.0022240374237298,-9.51325364439981e-06
A_raw_s2_r16,00390.png,-0.0004588942683767,-0.0011424620170146,24.67621421813965,21.134239196777344,0.0010727988556027,-0.0024619069881737
A_raw_s2_r16,00391.png,0.0007757141138426,-0.0001861593918874,26.1917667388916,21.305988311767575,-0.0019894680008292,0.0007756536942906
A_raw_s2_r16,00392.png,0.0024922839365899,0.0040287910960614,30.92501640319824,26.06846046447754,-6.958415906410664e-05,-0.0028163811657577
A_raw_s2_r16,00393.png,-0.0006791929481551,0.0007465373491868,25.24836158752441,24.8327693939209,0.0013876088196411,-0.0006132671842351
A_raw_s2_r16,00394.png,0.000971328408923,-0.001618749462068,28.666400909423828,24.10668563842773,-0.0007117377826943,0.0016816484276205
A_raw_s2_r16,00395.png,-0.0013376269489526,-0.0004245287564117,23.25857162475586,26.76049423217773,-0.0030428082682192,-0.0012515884591266
A_raw_s2_r16,00396.png,0.0004215096705593,0.001520097721368,24.02720260620117,22.542903900146484,0.0019407897489145,0.0008268178789876
A_raw_s2_r16,00397.png,7.027012179605663e-05,-0.0017239517765119,27.62219619750977,22.62292861938477,4.267556960257934e-06,-5.878700903849676e-05
A_raw_s2_r16,00398.png,-0.0014426666311919,0.0003651280421763,35.23839569091797,28.646604537963867,-0.004217751789838,0.0015024438034743
A_raw_s2_r16,00399.png,-0.0009877117117866,0.0005869648302905,25.113924026489254,23.4284782409668,-0.0002441381220705,-1.003875809146848e-06
A_raw_s2_r16,00400.png,-0.0015701134689152,0.0003285330312792,30.383777618408203,27.30694961547852,-0.0007643593125976,-0.0010991058079525
A_raw_s2_r16,00401.png,-0.0011859223013743,-0.0008848359575495,25.132457733154297,23.009929656982425,0.0002578163985162,-0.0022553685121238
A_raw_s2_r16,00402.png,0.001142792054452,0.0005466496804729,23.950824737548828,25.68478012084961,0.0016248999163508,0.0001235136733157
A_raw_s2_r16,00403.png,0.0026539501268416,-0.0012419406557455,27.6470947265625,28.58305931091309,0.0002451460168231,0.0036686749663203
A_raw_s2_r16,00404.png,0.0007554229814559,0.0019993134774267,21.27760505676269,23.63382148742676,-0.0011077767703682,-0.0003641985822468
A_raw_s2_r16,00405.png,0.0013274678494781,0.0003286766877863,24.107873916625977,25.85738182067871,0.0008438557852059,-0.0008371095755137
A_raw_s2_r16,00406.png,0.0013618706725537,-0.0017254435224458,23.39075088500977,25.420297622680664,0.0007329973741434,-0.0002016037178691
A_raw_s2_r16,00407.png,0.0011097175301983,-0.0006905396003276,22.94017601013184,24.981264114379883,-0.0025589338038116,-0.0002488732279743
A_raw_s2_r16,00408.png,-0.0008670483948662,0.0019000412430614,28.4960994720459,25.977619171142575,-0.0008623996400274,-0.0016357324784621
A_raw_s2_r16,00409.png,-0.0004064527747686,0.0015188887482509,24.9577579498291,24.71344947814941,-0.0014296384761109,-4.3100131733808666e-05
A_raw_s2_r16,00410.png,0.0015046673361212,0.0005552294896915,22.245100021362305,24.68802070617676,0.0001438108301954,-0.0003439298598095
A_raw_s2_r16,00411.png,-0.000718388473615,-0.0012417199322953,27.75106430053711,25.042064666748047,0.0002562949375715,-0.0009116851724684
A_raw_s2_r16,00412.png,-0.0008324893424287,-0.000492115621455,22.6215763092041,26.562623977661133,0.0010483430232852,0.0013519680360332
A_raw_s2_r16,00413.png,0.0008554539526812,0.0029908802825957,19.05370330810547,22.464282989501957,-0.0008437520591542,-0.0003553381538949
A_raw_s2_r16,00414.png,-2.7156022042618133e-05,-0.0011780777713283,25.300127029418945,24.46369361877441,-0.0008291770354844,0.0006459405412897
A_raw_s2_r16,00415.png,0.0009800076950341,4.390918184071779e-05,26.20649528503418,22.13505172729492,-0.0005507091409526,-0.0023061304818838
A_raw_s2_r16,00416.png,0.0009869331261143,0.0018116892315447,24.2044677734375,27.952375411987305,-0.0006149691180326,0.0011466044234111
A_raw_s2_r16,00417.png,0.0002261212212033,-7.181915862020105e-05,24.112327575683597,25.847171783447266,0.001548021682538,-0.0013432226842269
A_raw_s2_r16,00418.png,-0.0006753660272806,0.0008606301271356,23.178600311279297,25.304271697998047,0.0027436236850917,0.0007712219958193
A_raw_s2_r16,00419.png,0.0010882108472287,-0.0006405948079191,24.7932186126709,29.96652030944824,-0.0021256250329315,0.0012611750280484
A_raw_s2_r16,00420.png,0.0002308661933057,-0.0014155430253595,25.677284240722656,23.37767791748047,-0.0012617434840649,0.00232226960361
A_raw_s2_r16,00421.png,-0.00115547189489,-0.0006264848052524,24.396244049072266,33.048526763916016,0.0011956943199038,0.00078545010183
A_raw_s2_r16,00422.png,-0.0008328363182954,0.0017082529375329,22.85810089111328,26.966766357421875,-0.0013522254303097,-0.0011527138995006
A_raw_s2_r16,00423.png,0.0017611174844205,0.0006147784879431,22.67171287536621,22.29797744750977,-0.0005087159224785,0.0015949918888509
A_raw_s2_r16,00424.png,0.0011536723468452,0.0018214476294815,28.650712966918945,29.84816169738769,-0.0003038251015823,0.0019107346888631
A_raw_s2_r16,00425.png,-0.0007082250085659,0.0008038695668801,28.189794540405277,28.30873680114746,-0.0003361163544468,-0.0032261002343147
A_raw_s2_r16,00426.png,0.0004552978207357,0.0013585347915068,23.243379592895508,22.73500061035156,0.0004874309233855,-0.0028008834924548
A_raw_s2_r16,00427.png,-0.0013974697794765,0.0007250790367834,25.69269752502441,22.987239837646484,-8.591669029556215e-05,-0.0001125593771575
A_raw_s2_r16,00428.png,-0.0016020296607166,-0.0019836616702377,25.37349319458008,24.67600440979004,-0.0015804447466507,-0.0002783460658974
A_raw_s2_r16,00429.png,-0.0002123841113643,0.0006009234348312,25.43843460083008,29.16569709777832,0.0019005024805665,0.0014555971138179
A_raw_s2_r16,00430.png,-0.0004164162382949,8.378710481338203e-05,25.1739501953125,24.22104835510254,-0.0012668402632698,-0.0007125571137294
A_raw_s2_r16,00431.png,-2.710175613174215e-05,-0.0024339316878467,31.28699493408203,23.31548500061035,0.0004434754955582,0.0001536996132927
A_raw_s2_r16,00432.png,0.0002487830352038,0.0013514703605324,24.74445533752441,23.171125411987305,-0.0022358987480401,-0.0002768816484604
A_raw_s2_r16,00433.png,0.0007603066042065,0.0017168974736705,30.206239700317383,24.86182975769043,0.0008742072968743,-0.0004291076038498
A_raw_s2_r16,00434.png,-0.001386864692904,0.0005123844020999,26.944000244140625,24.67154884338379,-0.0013314166571944,-0.0025726971216499
A_raw_s2_r16,00435.png,0.0021010225173085,0.0007606348372064,25.4805908203125,23.761674880981445,-0.0011269940296187,0.0004584256676025
A_raw_s2_r16,00436.png,-0.0004289452335797,-0.001377954147756,23.087499618530277,22.91614151000977,-0.0022026528604328,-0.0017803870141506
A_raw_s2_r16,00437.png,-0.0006237191264517,-0.0027412499766796,29.362497329711918,23.06619071960449,0.0013391455868259,-0.0005518970428965
A_raw_s2_r16,00438.png,-0.0002986862964462,0.0009141416521742,23.00713157653809,26.39118385314941,-0.0014617398846894,-0.0016216305084526
A_raw_s2_r16,00439.png,0.000665015541017,0.0008522143471054,24.084997177124023,25.181272506713867,-0.000368715787772,-0.0002076494129141
A_raw_s2_r16,00440.png,0.0001431921700714,-4.806671131518669e-05,29.045988082885746,26.5926513671875,-0.0008632446988485,-0.0006645790417678
A_raw_s2_r16,00441.png,0.0017778284382075,0.0003887960338033,21.6236572265625,23.699935913085938,0.0011402884265407,0.0025051410775631
A_raw_s2_r16,00442.png,-0.0001823264756239,-0.0017811054131016,23.904359817504883,24.13652801513672,-0.0012772267218679,0.0011326902313157
A_raw_s2_r16,00443.png,-0.0001272533409064,0.0003848066262435,24.33387756347656,23.41694641113281,0.0002443449338898,0.000185392666026
A_raw_s2_r16,00444.png,-0.0014760955236852,-0.0005591753288172,21.432920455932617,20.25895118713379,0.0026745898649096,-7.99335612100549e-05
A_raw_s2_r16,00445.png,-0.0001311934902332,-0.0016739611746743,21.348642349243164,29.59454345703125,-0.0001059903297573,0.001253537251614
A_raw_s2_r16,00446.png,0.0008184157777577,0.0016844975762069,22.681245803833008,24.227598190307617,0.0004857775638811,-0.0015618603210896
A_raw_s2_r16,00447.png,-0.0007650298066437,-0.0002111477951984,21.82086753845215,22.95343017578125,0.0004219623224344,-0.0021055068355053
A_raw_s2_r16,00448.png,-0.001686998992227,0.0014832363231107,24.621644973754883,26.006893157958984,0.0015976264839991,0.0018457334954291
A_raw_s2_r16,00449.png,0.0013040789635851,0.0012002814328297,22.01434135437012,21.94303321838379,-0.0027916699182242,0.002117792610079
A_raw_s2_r16,00450.png,-0.0001796948927221,0.0002706657105591,30.52300453186035,21.679149627685547,-0.0010006342781707,-0.0009231906733475
A_raw_s2_r16,00451.png,0.0014574253000319,-2.6308443921152506e-05,21.7554874420166,24.74764060974121,6.795989611418918e-05,-0.0017407094128429
A_raw_s2_r16,00452.png,-0.0003749866154976,0.0007262959261424,26.989471435546875,23.97014808654785,0.0009228801354765,0.0012955712154507
A_raw_s2_r16,00453.png,-0.0009877103148028,0.0010749922366812,24.918048858642575,26.076810836791992,0.0002815537445712,0.0005354650202207
A_raw_s2_r16,00454.png,-0.0005158656276762,0.0015722101088613,25.331018447875977,29.843908309936523,-0.0013409907696768,0.0020678252913057
A_raw_s2_r16,00455.png,0.0031222500838339,0.0041733803227543,24.791479110717773,25.442790985107425,-0.0001526639389339,0.0009680755320005
A_raw_s2_r16,00456.png,-0.0010669251205399,0.0010431682458147,23.253705978393555,25.63402557373047,0.0018114063423126,0.0006456410628743
A_raw_s2_r16,00457.png,0.0031877236906439,0.0019487706013023,26.767654418945312,26.70167350769043,0.0012100184103474,0.0011796690523624
A_raw_s2_r16,00458.png,-0.0024642290081828,-0.0001610621984582,23.564388275146484,26.71979522705078,0.0026050135493278,0.0019471967825666
A_raw_s2_r16,00459.png,-0.0004422564234118,-0.0014361815992742,26.555248260498047,22.80180931091309,0.0017708817031234,-0.0001821551995817
A_raw_s2_r16,00460.png,-0.0026450466830283,-0.0002578345593065,23.41088104248047,23.775863647460938,1.76852845470421e-05,-0.0017938475357368
A_raw_s2_r16,00461.png,0.0007592663168907,-0.0004085671098437,23.75765037536621,24.16924476623535,-0.0032769530080258,0.0011666181962937
A_raw_s2_r16,00462.png,0.0005804842803627,0.0002795489272102,28.33637237548828,28.50408744812012,-0.0014959082473069,0.000528510834556
A_raw_s2_r16,00463.png,-0.0006678820354864,0.0001103201793739,25.34898376464844,24.434446334838867,0.001153013552539,0.0011353335576131
A_raw_s2_r16,00464.png,-0.0011928431922569,-0.0007213516510091,24.89265251159668,24.61387062072754,1.847702151280828e-05,0.0009892067173495
A_raw_s2_r16,00465.png,-0.0023729314561933,-0.0005615939735434,21.02510452270508,21.07271194458008,-0.0003285925777163,-0.0012933282414451
A_raw_s2_r16,00466.png,0.0026827657129615,0.0006190981948748,26.301551818847656,27.447248458862305,0.0001389306853525,0.0006401833379641
A_raw_s2_r16,00467.png,0.0003548209497239,0.0013090970460325,25.982038497924805,21.880491256713867,0.0007160395616665,-0.000986426253803
A_raw_s2_r16,00468.png,0.0001574458001414,-0.0012336174258962,28.028018951416016,28.807546615600582,-0.0008130627102218,0.0004460011841729
A_raw_s2_r16,00469.png,0.0001190049006254,0.0005699931643903,22.319393157958984,22.015613555908203,0.0020407401025295,0.0003261215169914
A_raw_s2_r16,00470.png,0.0019781980663537,0.0016378823202103,25.41161346435547,23.12371826171875,0.0014453625772148,0.0026204369496554
A_raw_s2_r16,00471.png,0.0007412212435156,0.0009385354933328,22.542144775390625,22.40418815612793,-0.0009806440211832,-0.0006247751880437
A_raw_s2_r16,00472.png,-0.0014535433147102,-0.0001741893938742,20.089902877807617,22.29979133605957,-0.0006838897243142,-0.000145172845805
A_raw_s2_r16,00473.png,-0.0026807114481925,0.0002224061900051,35.240478515625,24.84339714050293,-0.0038381300400942,0.0011174126993864
A_raw_s2_r16,00474.png,-0.0015908512286841,0.000599548977334,23.56982421875,26.52084732055664,-0.0037236956413835,-6.437751289922744e-05
A_raw_s2_r16,00475.png,0.0002561134751886,0.0004835457948502,25.607500076293945,22.88474464416504,0.0007252444629557,0.0013174009509384
A_raw_s2_r16,00476.png,-0.0031162369996309,-0.0010662483982741,25.618724822998047,28.418546676635746,-0.0027261818759143,-0.0005442068213596
A_raw_s2_r16,00477.png,-0.0006150992121547,0.0012796672526746,24.43158531188965,24.534942626953125,-0.0014436629135161,-0.0018357663648203
A_raw_s2_r16,00478.png,0.0001714409590931,-0.00020087401208,25.35442924499512,26.763242721557617,-8.053969941101968e-05,-0.0004976995405741
A_raw_s2_r16,00479.png,-0.0001830823312047,-0.0015130918473005,23.915571212768555,24.74420928955078,0.0006210293504409,0.0009604459046386
A_raw_s2_r16,00480.png,-0.0003477959544397,0.0004349959781393,25.76288604736328,29.577905654907227,0.0004916011821478,0.0009144028881564
A_raw_s2_r16,00481.png,0.0002790507569443,0.0026275517884641,26.46605491638184,24.281330108642575,0.0016839308664202,-0.0005690419347956
A_raw_s2_r16,00482.png,0.0008896034560166,-0.0018164694774895,24.65909767150879,26.846704483032227,-0.0012948518851771,7.469395768566756e-07
A_raw_s2_r16,00483.png,0.0008135525276884,0.0009991147089749,22.15516662597656,22.523605346679688,0.0011668498627841,-0.0003906996862497
A_raw_s2_r16,00484.png,6.854375533293933e-05,-0.0002505993179511,20.517000198364254,30.10255622863769,-0.0016011475818231,0.0053935414180159
A_raw_s2_r16,00485.png,0.0013011753326281,0.001152238342911,23.38011932373047,23.93717765808105,0.0031969442497938,0.0025274993386119
A_raw_s2_r16,00486.png,0.000800164125394,-0.0005078585236333,23.81209754943848,25.77272224426269,0.0001496522454544,-0.0001867582031991
A_raw_s2_r16,00487.png,0.001064138719812,0.0009603382204659,24.58865547180176,33.098758697509766,0.0002111495414283,-0.0012096940772607
A_raw_s2_r16,00488.png,-0.0007828658563084,0.0011985162273049,26.214948654174805,28.990949630737305,0.0017182624433189,-0.0021630441769957
A_raw_s2_r16,00489.png,-0.0002784221142064,0.0010553469182923,22.215730667114254,29.1533317565918,0.0013774564722552,0.0008673535194247
A_raw_s2_r16,00490.png,-0.0001384634379064,0.0017383303493261,23.82185935974121,27.36469078063965,0.0005284416256472,0.0023830258287489
A_raw_s2_r16,00491.png,0.00038913305616,-0.0012507793726399,25.41637420654297,24.47982406616211,0.0014629721408709,0.0006965355132706
A_raw_s2_r16,00492.png,-0.0001997905346797,-0.004436760675162,27.74609375,28.650785446166992,-0.0005569840432144,-0.0007540670922026
A_raw_s2_r16,00493.png,-0.0008489276515319,-0.0011088802712038,28.58133125305176,23.58474349975586,-0.0008159602293744,0.0016233245842158
A_raw_s2_r16,00494.png,0.0012627824908122,0.0016115156468003,23.17064666748047,27.036245346069336,-0.001449015806429,0.0021767627913504
A_raw_s2_r16,00495.png,-0.000439963361714,-0.0004331669770181,21.781709671020508,26.04449462890625,9.627386316424236e-05,0.0012332870392128
A_raw_s2_r16,00496.png,0.001859845360741,0.0006113607669249,26.684011459350582,24.86064910888672,-0.0010886727832257,0.0042326925322413
A_raw_s2_r16,00497.png,-0.0014017771463841,0.0007027643150649,26.012868881225582,25.28816795349121,-0.0012593743158504,-0.0008924527210183
A_raw_s2_r16,00498.png,0.0010301182046532,0.0036610646639019,27.542015075683597,25.64051628112793,0.0003536311269272,0.0007836834993213
A_raw_s2_r16,00499.png,-0.0002168533828807,-0.0005054695648141,24.69202995300293,22.772462844848636,0.0019684159196913,-0.002088492969051
B_raw_s0_r16,00000.png,-9.733123442856596e-05,0.0010246888268738,25.8243465423584,29.556291580200195,-0.000205502481549,0.0005966352764517
B_raw_s0_r16,00001.png,-0.0027018752880394,0.0029127653688192,25.37541007995605,28.291072845458984,-0.0017155483365058,0.000993809197098
B_raw_s0_r16,00002.png,-0.0002252932317787,0.0015835528029128,25.325145721435547,23.144960403442383,-0.0011171867372468,-2.1664545784005892e-05
B_raw_s0_r16,00003.png,0.0002987732586916,0.0004757660790346,24.15656280517578,20.63029289245605,-0.0016855616122484,-5.768891060142778e-05
B_raw_s0_r16,00004.png,-0.0003516240103635,0.0008408971480093,27.873403549194336,31.538957595825195,-0.0025372132658958,0.001325556077063
B_raw_s0_r16,00005.png,0.0016389477532356,0.0025568271521478,22.92579841613769,27.6220645904541,0.0003316027577966,-0.0015108197694644
B_raw_s0_r16,00006.png,0.0004550653684418,0.0007855311851017,24.39280891418457,26.964031219482425,0.0002684855717234,-0.000632845039945
B_raw_s0_r16,00007.png,0.0007923276862129,0.000679760123603,23.463499069213867,24.639841079711918,0.0009759172098711,-0.0015841407002881
B_raw_s0_r16,00008.png,0.0008759123156778,0.0005049980827607,24.35860824584961,28.44188499450684,-0.0007864054641686,-0.0016330356011167
B_raw_s0_r16,00009.png,0.0004337255377322,0.0016944732051342,22.79681396484375,25.41639518737793,-0.0026811046991497,0.0008638004073873
B_raw_s0_r16,00010.png,-0.0006775182555429,-0.0004628302413038,23.444828033447266,30.61411476135254,-0.0003686680574901,-0.0023246123455464
B_raw_s0_r16,00011.png,0.0014117085374891,5.5867589253466576e-05,24.82453727722168,25.3796501159668,-3.9719398046145216e-05,-0.0003576129674911
B_raw_s0_r16,00012.png,0.0003247997374273,-0.0009782944107428,26.763931274414062,23.07724380493164,0.0010444071376696,0.0007969809230417
B_raw_s0_r16,00013.png,-0.0014099662657827,-0.0013989283470436,23.195293426513672,23.79205703735352,0.0046746530570089,8.316835737787187e-05
B_raw_s0_r16,00014.png,0.0012946838978677,-0.0005303378566168,28.57090377807617,22.209455490112305,-0.0004923713277094,-0.0001760406303219
B_raw_s0_r16,00015.png,0.0001941513328347,0.0002679539320524,23.622373580932617,21.26398277282715,-0.0009190600248984,-0.0003601654898375
B_raw_s0_r16,00016.png,0.0007776551647111,0.0021201609633862,21.566511154174805,22.72663116455078,0.0019898249302059,0.0001669033372309
B_raw_s0_r16,00017.png,0.0002844501577783,7.989096775418147e-05,28.299047470092773,24.2025089263916,-0.0008652679389342,-0.0030357763171195
B_raw_s0_r16,00018.png,0.0001506189873907,-6.30190916126594e-05,23.912443161010746,28.839696884155277,-0.0014695430872961,-0.001350081176497
B_raw_s0_r16,00019.png,0.002160555217415,0.0018953767139464,23.616886138916016,26.78005790710449,-0.0031710949260741,-0.0012709443690255
B_raw_s0_r16,00020.png,2.618479629745707e-05,-0.001393572310917,27.16971206665039,29.28164291381836,0.0004946492845192,-0.0021463581360876
B_raw_s0_r16,00021.png,-0.0039370912127196,-0.0014160661958158,20.17339324951172,23.6644229888916,-0.0031880044844001,0.0030135009437799
B_raw_s0_r16,00022.png,-0.0012016302207484,0.0003367995086591,26.39559364318848,26.94593620300293,-0.001078019849956,0.0034258873201906
B_raw_s0_r16,00023.png,-0.0005235468270257,0.0004137200303375,22.38971519470215,28.89100646972656,0.0004431084962561,0.0023133247159421
B_raw_s0_r16,00024.png,0.0004646043526008,0.0007005347288213,27.68433952331543,23.872920989990234,0.0016389238880947,-0.0005617392016574
B_raw_s0_r16,00025.png,0.0006307066651061,-0.0011016295757144,22.452564239501957,23.91873359680176,0.0012285707052797,-0.0022074850276112
B_raw_s0_r16,00026.png,-0.0001537785283289,1.574183625052683e-05,23.749561309814453,19.29464340209961,0.0004350120143499,0.0001963442191481
B_raw_s0_r16,00027.png,0.0007775403209961,0.0027737519703805,23.119632720947266,26.305828094482425,-0.0008590937941335,0.0017447898862883
B_raw_s0_r16,00028.png,0.0030787207651883,0.0009911671513691,23.02779006958008,25.898344039916992,-9.905976185109466e-05,0.0029766210354864
B_raw_s0_r16,00029.png,0.0027805217541754,0.0012408893089741,22.338653564453125,25.30789566040039,0.0005164232570677,-0.0033764156978577
B_raw_s0_r16,00030.png,0.0037410657387226,0.0003826883039437,22.9361629486084,29.542457580566406,-0.0002259322209283,-0.0012278191279619
B_raw_s0_r16,00031.png,0.0001285633625229,0.0017254158155992,23.523149490356445,23.68050193786621,-0.0035203432198613,-0.0006180265918374
B_raw_s0_r16,00032.png,0.0014582908479496,-0.001571389962919,23.531028747558597,26.86613273620605,-0.0005581644945777,-0.000185233191587
B_raw_s0_r16,00033.png,-0.0015716436319053,-0.001551144872792,27.636343002319336,29.76154518127441,-0.0026367919053882,-0.0001905538956634
B_raw_s0_r16,00034.png,0.0022237251978367,0.0023907430004328,24.51283836364746,22.300350189208984,-0.0027005390729755,0.0021313221659511
B_raw_s0_r16,00035.png,-0.0010143662802875,0.0003452892415225,25.443151473999023,22.83617401123047,-7.958271453389898e-05,-0.0003126093943137
B_raw_s0_r16,00036.png,-0.000920561957173,-0.0004063914529979,21.643991470336918,22.70514869689941,0.0045812595635652,-0.0018392875790596
B_raw_s0_r16,00037.png,0.0001818656019167,0.0008419465739279,31.73291015625,22.59501075744629,-0.0003685823758132,-0.0015729216393083
B_raw_s0_r16,00038.png,0.0006350499461404,0.0015135610010474,24.73299598693848,30.762636184692383,-0.0001677290129009,0.001472721225582
B_raw_s0_r16,00039.png,-0.0009478425490669,0.000922828388866,24.299535751342773,23.17457771301269,-0.0006645070970989,0.0001833649876061
B_raw_s0_r16,00040.png,-0.0029343268834054,0.000394970702473,24.46175193786621,24.494050979614254,-0.0008434345363639,0.0024257381446659
B_raw_s0_r16,00041.png,-0.0001004061778075,0.0003118153254035,28.75010108947754,37.12282943725586,-0.0021985098719596,0.0035829320549964
B_raw_s0_r16,00042.png,0.0019592752214521,-0.0023131258785724,22.150779724121094,23.23573875427246,0.0008124726009555,-0.0005829370929859
B_raw_s0_r16,00043.png,0.0004050783172715,-0.0009466813644394,24.99200820922852,21.881444931030277,0.0001976621424546,-0.0002726106904447
B_raw_s0_r16,00044.png,0.0004064509121235,0.0009462662274017,26.604324340820312,28.08038330078125,0.001113130361773,-5.449316813610494e-05
B_raw_s0_r16,00045.png,-0.0007054842426441,-0.0003382057475391,25.192819595336918,24.959604263305664,-0.0028468775562942,0.0003961608163081
B_raw_s0_r16,00046.png,4.283534872229211e-05,0.0005829478031955,25.509010314941406,24.82941246032715,0.0004422234778758,0.0005101425922475
B_raw_s0_r16,00047.png,-0.000281055632513,0.0008296053274534,26.30238151550293,29.516788482666016,0.0002623497857712,-0.0002805309195537
B_raw_s0_r16,00048.png,0.0006513192784041,-0.0006334903300739,27.455087661743164,29.22789001464844,0.0026376484893262,-0.0020110155455768
B_raw_s0_r16,00049.png,0.0002083303261315,0.0003818521217908,27.130470275878903,25.832181930541992,-0.001696822233498,7.71047270973213e-05
B_raw_s0_r16,00050.png,0.0002008730662055,-0.0021320071537047,20.71995735168457,21.631074905395508,0.0024328790605068,-0.0013504613889381
B_raw_s0_r16,00051.png,-0.0025968449190258,-0.0036661804188042,24.1299991607666,24.798168182373047,-0.0004632772470358,-0.0016839513555169
B_raw_s0_r16,00052.png,0.0015068368520587,0.000471438455861,22.51607894897461,27.419403076171875,-0.0015665796818211,-0.0007358815637417
B_raw_s0_r16,00053.png,0.0011511124903336,0.0004102896491531,24.376144409179688,26.32391166687012,0.0016917873872444,1.2121420240873704e-06
B_raw_s0_r16,00054.png,-0.0014943918213248,0.0028304611332714,28.718618392944336,27.549678802490234,-0.0022355178371071,0.0017290364485234
B_raw_s0_r16,00055.png,-0.000385291990824,-7.487202310585417e-06,24.03328895568848,29.49765968322754,-0.0005744502996094,-0.0018976485589519
B_raw_s0_r16,00056.png,-0.0001320681185461,-0.0011597373522818,23.675182342529297,21.189743041992188,-0.0010996498167514,-0.0011348386760801
B_raw_s0_r16,00057.png,-0.0014403434470295,-0.0016243440331891,23.03411293029785,23.322738647460938,-0.0006619066698476,-0.0021906206384301
B_raw_s0_r16,00058.png,-0.0006929978262633,-0.0013118685455992,22.32683563232422,25.677461624145508,-0.0040558953769505,0.0045433985069394
B_raw_s0_r16,00059.png,0.0003329160390421,0.0008574549574404,23.636699676513672,28.236225128173828,0.0042613837867975,0.0015148116508498
B_raw_s0_r16,00060.png,-4.538660959951812e-06,-0.0016692411154508,30.135089874267575,25.54354476928711,0.0002267366216983,-0.0001549584849271
B_raw_s0_r16,00061.png,0.0006727802683599,-0.0006380096892826,24.06072807312012,22.926424026489254,0.0007315563270822,0.0018142440821975
B_raw_s0_r16,00062.png,-0.0013068772386759,-0.0001624913420528,26.606203079223636,29.65746688842773,0.0009868462802842,-2.144505015166942e-05
B_raw_s0_r16,00063.png,0.0009016022086143,0.0008237950969487,23.85068702697754,30.240619659423828,-0.0001842091296566,-0.0014520632103085
B_raw_s0_r16,00064.png,-0.0014281253097578,0.0015306193381547,23.47843742370605,27.52015686035156,0.0008405431290157,-0.0005884955171495
B_raw_s0_r16,00065.png,0.0005556308897212,0.0014106989838182,24.3234977722168,27.26886749267578,-0.0014334735460579,-0.0030245778616517
B_raw_s0_r16,00066.png,-0.0003162712964694,3.103501876466908e-05,24.629587173461918,26.09630012512207,0.0043698321096599,0.0013455841690301
B_raw_s0_r16,00067.png,0.000837551895529,0.0030429908074438,26.904590606689453,25.22041702270508,0.0012428722111508,0.0019714329391717
B_raw_s0_r16,00068.png,-0.0001443225919501,-6.244380347197875e-05,25.978635787963867,21.72379493713379,0.0018824321450665,0.0018848571926355
B_raw_s0_r16,00069.png,0.002046393463388,0.0004453623259905,31.516185760498047,21.26060485839844,-0.0001684377202764,0.0005129799246788
B_raw_s0_r16,00070.png,-0.0026780732441693,4.6906774514354765e-05,20.777294158935547,29.00079917907715,-0.0005578337004408,0.0013001393526792
B_raw_s0_r16,00071.png,0.0010611767647787,0.0010278281988576,25.47899627685547,21.399328231811523,0.0024864990264177,-0.0028172738384455
B_raw_s0_r16,00072.png,0.0012531792744994,-4.033208097098395e-05,23.263996124267575,22.72635269165039,-0.0019392115063965,0.001952763297595
B_raw_s0_r16,00073.png,-0.0007589245797134,0.0009576660231687,29.119144439697266,25.70653343200684,-0.0005852133617736,0.002089770976454
B_raw_s0_r16,00074.png,2.6028445063275285e-05,-0.0006254675099626,21.6943473815918,21.60842514038086,0.0014718379825353,-0.0012518384028226
B_raw_s0_r16,00075.png,-0.0001904270175145,-0.0005772131262347,22.313703536987305,31.010377883911133,-0.0015472926897928,-0.0020604117307811
B_raw_s0_r16,00076.png,-0.0002279826439917,-0.0025733790826052,24.700761795043945,22.791231155395508,-0.0008059136453084,0.0004312890523578
B_raw_s0_r16,00077.png,-0.0011872722534462,-0.0005515074008144,21.49199104309082,22.679004669189453,-0.0009920422453433,0.0016662505222484
B_raw_s0_r16,00078.png,-5.248842353466898e-05,0.0007662925054319,29.561058044433597,26.86257553100586,0.0013627812732011,3.662360904854722e-05
B_raw_s0_r16,00079.png,-0.0002189114165958,-0.0007415666477754,24.54789161682129,25.17427635192871,-0.0023161242716014,-0.0033994128461927
B_raw_s0_r16,00080.png,0.0010804065968841,0.000654729665257,23.846010208129883,26.24790382385254,0.003452984848991,-4.302841625758447e-05
B_raw_s0_r16,00081.png,-0.0001719502179184,-0.0020242852624505,27.969606399536133,22.461061477661133,0.0009458001004531,-0.0012965284986421
B_raw_s0_r16,00082.png,0.0012899504508823,0.0004310783115215,23.634706497192383,20.134536743164062,-0.000436304428149,0.0005098390392959
B_raw_s0_r16,00083.png,-0.0011226956266909,-0.0017494077328592,27.640520095825195,26.824966430664062,0.0028081997297704,-6.4789732277859e-05
B_raw_s0_r16,00084.png,-9.80045078904368e-05,0.0010090473806485,32.98479461669922,25.055828094482425,0.0014222041936591,0.0032889740541577
B_raw_s0_r16,00085.png,0.0005876866634935,-0.0014722308842465,21.58371353149414,22.31709671020508,-0.0037760983686894,0.0015462472802028
B_raw_s0_r16,00086.png,-0.0014716119039803,0.0015553713310509,27.46575355529785,27.11819267272949,-0.0003666814591269,0.0006400449783541
B_raw_s0_r16,00087.png,0.0022561012301594,0.0023507445584982,22.74790573120117,23.188926696777344,-0.0016669421456754,0.0006798136164434
B_raw_s0_r16,00088.png,-0.0002851884346455,0.002160231815651,24.94419479370117,32.1728630065918,0.0011350645218044,0.0011781728826463
B_raw_s0_r16,00089.png,-0.0005491445190273,0.0008388066780753,25.506696701049805,29.73226547241211,0.0014179991558194,-0.0017010305309668
B_raw_s0_r16,00090.png,-1.763929867593106e-05,-0.0058132456615567,23.769752502441406,27.978775024414062,-0.001553664682433,3.820121855824255e-05
B_raw_s0_r16,00091.png,0.0003593109140638,-0.0002083477156702,29.495773315429688,25.611230850219727,0.0018454032251611,0.0015475730178877
B_raw_s0_r16,00092.png,-0.0006721161189489,0.00209756125696,26.8240909576416,24.405431747436523,-0.0001358128502033,-0.0017358270706608
B_raw_s0_r16,00093.png,0.0033530674409121,-0.0002333151351194,24.72015380859375,26.316267013549805,0.0011669325176626,0.0014084697468206
B_raw_s0_r16,00094.png,0.001280223368667,-0.0003706219722516,24.698137283325195,21.517900466918945,-0.0002829072473105,-0.0032332751434296
B_raw_s0_r16,00095.png,0.0003607823746278,-0.0014166492037475,26.102127075195312,24.31529998779297,0.0004912622389383,0.002682781079784
B_raw_s0_r16,00096.png,0.0017642149468883,-0.0003218987549189,23.714920043945312,22.959545135498047,-0.0014994259690865,0.0011967078316956
B_raw_s0_r16,00097.png,0.0011118941474705,0.0029396584723144,22.584243774414062,23.7177677154541,0.0010816818103194,0.004548517987132
B_raw_s0_r16,00098.png,-0.0008305669180117,0.0002131316141458,25.3955135345459,22.535001754760746,0.000653346593026,-0.000918905599974
B_raw_s0_r16,00099.png,-4.755165718961507e-05,-0.0011569185880944,22.722728729248047,21.33039093017578,0.0012854363303631,-0.0017548458417877
B_raw_s0_r16,00100.png,0.0007363997865468,0.0018924144096672,24.369949340820312,24.331201553344727,0.0002131307555828,0.0007015857263468
B_raw_s0_r16,00101.png,0.0008395565091632,0.0002747453690972,23.70933151245117,25.64787101745605,0.0002081390848616,0.0021417352836579
B_raw_s0_r16,00102.png,-0.000656028103549,-0.0029909673612564,23.4849853515625,21.60439109802246,-5.116856846143492e-05,-0.0006252374732866
B_raw_s0_r16,00103.png,-0.0005225131171755,-0.0002912154013756,29.818893432617188,28.49580955505371,-0.0003590864653233,0.0009280137019231
B_raw_s0_r16,00104.png,0.0006926860660314,-0.0014510565670207,24.10695457458496,27.987817764282227,-0.0006527818040922,-0.0010761118028312
B_raw_s0_r16,00105.png,7.88670513429679e-05,0.000704787496943,21.75714492797852,27.092979431152344,0.0016748424386605,0.0005567168700508
B_raw_s0_r16,00106.png,0.0002712984278332,0.0023895071353763,21.61573600769043,22.0516414642334,0.0008335217135027,0.0006842921720817
B_raw_s0_r16,00107.png,0.0002840899105649,0.0008107452304102,23.636762619018555,23.170412063598636,0.0013517055194824,0.0018451457144692
B_raw_s0_r16,00108.png,0.0017396208131685,0.0003124320064671,28.99435806274414,23.43594741821289,-0.002127863233909,0.0012528637889772
B_raw_s0_r16,00109.png,0.00082929211203,5.628155486192554e-05,24.88178253173828,20.87681198120117,-0.0024717494379729,0.0009586923988536
B_raw_s0_r16,00110.png,0.0012246236437931,-0.0004967390559613,29.49946594238281,23.794038772583008,0.0020685472991317,0.0021984679624438
B_raw_s0_r16,00111.png,2.3701799364062023e-05,-0.0015936559066176,25.530858993530277,25.540721893310547,0.0007289668428711,0.0014189600478857
B_raw_s0_r16,00112.png,-0.0018214905867353,-0.0001627165911486,20.356395721435547,24.766111373901367,-0.0011320767225697,0.000274871563306
B_raw_s0_r16,00113.png,-0.0005367945414036,0.0009896050905808,26.428203582763672,28.18300437927246,-0.0010060145286843,0.0036711113061755
B_raw_s0_r16,00114.png,-0.0005814750329591,-0.0004517538181971,21.065244674682617,23.770402908325195,0.0018221189966425,-0.0003836506803054
B_raw_s0_r16,00115.png,0.0006427364423871,0.0001319370494456,24.222047805786133,23.381179809570312,-0.0005547857144847,0.0009668071870692
B_raw_s0_r16,00116.png,0.0015654901508241,0.0019591529853641,21.50129127502441,25.070533752441406,0.0007501759682781,0.0017502375412732
B_raw_s0_r16,00117.png,-7.142064987419872e-06,0.0011338692856952,25.567991256713867,27.7232666015625,0.0003419846761971,-0.0009783445857465
B_raw_s0_r16,00118.png,-9.51113397604786e-05,0.0002895978686865,28.17436981201172,27.0419921875,0.0006934345001354,-0.0017059311503544
B_raw_s0_r16,00119.png,0.0026144918520003,0.0017543955473229,34.71075820922852,27.23902130126953,-0.0008739017648622,0.0004942610394209
B_raw_s0_r16,00120.png,0.0001869315456133,0.0006666695117019,23.476581573486328,26.531627655029297,-0.0018084153998643,-1.3347255844564644e-05
B_raw_s0_r16,00121.png,0.000920997466892,0.0010622376576066,27.58418083190918,28.29013442993164,-0.0023465005215257,0.0004013733414467
B_raw_s0_r16,00122.png,-0.0013647191226482,-0.0010386458598077,26.3369140625,26.50446319580078,-1.5812100173207e-05,0.0016783676110208
B_raw_s0_r16,00123.png,-0.0004136501520406,-0.0004726991464849,22.291479110717773,25.947420120239254,-0.0006184693775139,-0.0016279787523671
B_raw_s0_r16,00124.png,-0.0014156987890601,0.0003342826967127,21.5997371673584,23.61417388916016,0.000498121138662,0.000306888250634
B_raw_s0_r16,00125.png,0.0017477596411481,0.001151455217041,21.704105377197266,20.796052932739254,0.0008757644682191,-0.0010476467432454
B_raw_s0_r16,00126.png,-0.000159779418027,-0.0007540420629084,25.6364803314209,27.405689239501957,-0.0002703040954656,-0.0004010062548331
B_raw_s0_r16,00127.png,0.0022895524743944,0.001963440561667,23.064184188842773,22.81117248535156,-0.0002667789813131,0.0036817574873566
B_raw_s0_r16,00128.png,0.0015035794349387,0.001582613796927,33.92374801635742,22.59702491760254,0.0007430581608787,0.0012837823014706
B_raw_s0_r16,00129.png,0.0008026293944567,0.0013312924420461,25.00724029541016,24.508071899414062,0.0001278691343031,-0.0011551944771781
B_raw_s0_r16,00130.png,-0.0008425122359767,0.0011907054577022,19.75210189819336,25.95330619812012,0.0030899543780833,-0.0008826095727272
B_raw_s0_r16,00131.png,0.0014333778526633,0.0021501462906599,27.5606746673584,24.032365798950195,-0.0006706389249302,0.0021147113293409
B_raw_s0_r16,00132.png,0.0001013709770631,-0.0007779372390359,22.85247611999512,26.10446548461914,0.0003141664201393,-0.0036791171878576
B_raw_s0_r16,00133.png,-0.0002769887505564,-0.0007572341128252,26.02352905273437,27.87550926208496,-0.0023232933599501,0.0032127380836755
B_raw_s0_r16,00134.png,0.0021402353886514,-0.0008851223392412,22.78220558166504,27.761993408203125,-0.0024104849435389,0.0017480126116424
B_raw_s0_r16,00135.png,-0.0011580877471715,-0.0009892059024423,23.108068466186523,28.30204963684082,0.000891220930498,-3.290799941169098e-05
B_raw_s0_r16,00136.png,3.952575571020134e-05,-0.0014628823846578,23.1573429107666,21.27057647705078,-0.0048296158201992,-0.0027825909201055
B_raw_s0_r16,00137.png,6.784429569961503e-05,-0.0004033169534523,25.67902946472168,23.214040756225582,0.0020145908929407,0.0032169329933822
B_raw_s0_r16,00138.png,-0.0010733240051195,0.0011131794890388,25.45735740661621,23.68399429321289,-0.0018147621303796,0.0031752462964504
B_raw_s0_r16,00139.png,0.0005454426864162,7.758828724035993e-05,22.146265029907227,24.278823852539062,0.0009914487600326,-0.0003925469645764
B_raw_s0_r16,00140.png,0.0006187512190081,-0.0006807933095842,24.906856536865234,26.517305374145508,0.0010779605945572,-0.0026095998473465
B_raw_s0_r16,00141.png,0.0021033135708421,0.001887789927423,23.881101608276367,23.686887741088867,-0.0030993951950222,0.0018488647183403
B_raw_s0_r16,00142.png,0.0017806040123105,-0.0002709129767026,23.706499099731445,23.975873947143555,9.547288209432736e-05,-0.0022586348932236
B_raw_s0_r16,00143.png,-0.0011528931790962,0.0011980769922956,24.169225692749023,21.695430755615234,0.0004863018111791,-0.0009129992686212
B_raw_s0_r16,00144.png,0.0011793167795985,-0.0005837168428115,24.30267143249512,30.291400909423828,0.0029527123551815,-0.0010575172491371
B_raw_s0_r16,00145.png,0.0026552092749625,-0.0008141529397107,29.717721939086918,27.54109001159668,-0.0006290794117376,-0.0016386609058827
B_raw_s0_r16,00146.png,-0.0008026943542063,-0.0014589186757802,24.60594367980957,23.253883361816406,0.0057287896052002,-0.0004194628563709
B_raw_s0_r16,00147.png,-0.0007812636904418,-0.001796267228201,34.78722381591797,25.46816062927246,0.0019835310522466,0.0027833273634314
B_raw_s0_r16,00148.png,-0.0005329377017915,0.0002707243547774,22.14615249633789,26.595727920532227,-9.064026380656288e-05,0.0014801522484049
B_raw_s0_r16,00149.png,-0.0024358893278986,-0.0026318533346056,29.76724624633789,24.14458656311035,0.0009788505267351,0.0041138608939945
B_raw_s0_r16,00150.png,0.0002011428150581,6.659221253357828e-05,22.88642692565918,28.666488647460938,-0.0005047651939094,0.0018384100403636
B_raw_s0_r16,00151.png,-0.0003358173999004,0.0010165529092773,28.8707332611084,27.35898780822754,-0.0008482714765705,0.0012172916904091
B_raw_s0_r16,00152.png,0.0021868923213332,-0.0016390307573601,26.59447288513184,24.73273277282715,-0.0020756681915372,0.0004690390778705
B_raw_s0_r16,00153.png,-0.0008019211818464,-0.0002533013466745,21.23604202270508,21.07381629943848,-2.27701957555837e-06,-0.0005576342227868
B_raw_s0_r16,00154.png,-0.0003734986821655,0.0011721859918907,22.309091567993164,22.648303985595703,-0.003859095973894,0.0004724892205558
B_raw_s0_r16,00155.png,0.0001982338581001,0.0001863827055785,25.424325942993164,26.22748565673828,-0.0049805738963186,0.0016682998975738
B_raw_s0_r16,00156.png,-0.0008288516546599,-0.0009147607488557,24.03907966613769,23.720870971679688,0.0025790354702621,-0.000375196308596
B_raw_s0_r16,00157.png,-0.0014006498968228,-0.0015358016826212,24.16066169738769,25.37552833557129,0.0007052989094518,0.0001541079691378
B_raw_s0_r16,00158.png,7.970996375661343e-05,-0.0006921552703715,25.87099838256836,26.42647171020508,0.0036106589250266,-0.0035829311236739
B_raw_s0_r16,00159.png,0.0010978801874443,-0.0004237318935338,24.613618850708008,28.303165435791016,-0.0004051071882713,-0.0034378177952021
B_raw_s0_r16,00160.png,0.0006929614464752,0.0001058666457538,20.526220321655277,24.19643783569336,-0.0041948016732931,-0.0005225111963227
B_raw_s0_r16,00161.png,0.0004506074474193,-0.0017433590255677,24.333965301513672,25.30178642272949,-0.0019660133402794,-0.0007677898393012
B_raw_s0_r16,00162.png,0.0009211412398144,-0.0005207564681768,24.86977767944336,22.480121612548828,-0.0006079114973545,-0.0007154878694564
B_raw_s0_r16,00163.png,-0.0003506356442812,-0.0006686203414574,23.389057159423828,27.158180236816406,0.0005498544196598,0.0009371215128339
B_raw_s0_r16,00164.png,0.0003715303901117,0.001245018444024,24.007080078125,22.557802200317383,0.0001906930265249,-0.0009589822147972
B_raw_s0_r16,00165.png,-0.0008672117837704,0.0009694496402516,25.382984161376957,26.70281791687012,0.0007585613057017,0.0014833561144769
B_raw_s0_r16,00166.png,0.0006247262354008,-0.0010241041891276,32.79573059082031,28.654163360595703,-0.0019299567211419,-0.0011653959518298
B_raw_s0_r16,00167.png,0.0004677102260757,-0.0003500182647258,23.023128509521484,22.688684463500977,0.0005339201889,-0.000828159507364
B_raw_s0_r16,00168.png,-0.0004872101126238,0.0024530107621103,25.48684501647949,23.80087661743164,0.0020819099154323,0.0006625248352065
B_raw_s0_r16,00169.png,-0.0001639083930058,0.0006348604802042,24.831619262695312,25.787023544311523,-0.0013355714036151,0.0012569872196763
B_raw_s0_r16,00170.png,-0.0014014778425917,-0.0007548679132014,25.237171173095703,27.73617553710937,8.051025361055508e-05,0.0019203125266358
B_raw_s0_r16,00171.png,0.0029467602726072,0.0010901403147727,21.037750244140625,24.82982063293457,-0.0028044339269399,0.0031980727799236
B_raw_s0_r16,00172.png,0.0005058883689343,-0.0006867128540761,33.57080078125,28.43134307861328,0.0047822911292314,0.0012653189478442
B_raw_s0_r16,00173.png,-0.0011821361258625,0.0001029736522468,22.63008689880371,26.30023193359375,-9.403030708199368e-05,0.0001209268157253
B_raw_s0_r16,00174.png,-0.0018811558838933,0.0011666144710034,25.74639129638672,20.34888458251953,0.0009292353061027,-0.0005276112351566
B_raw_s0_r16,00175.png,0.0006155783776193,-0.000533063604962,23.81606101989746,29.63634490966797,-0.0012162374332547,-0.0003362913266755
B_raw_s0_r16,00176.png,0.0007513033924624,-0.0006323637790046,22.823802947998047,37.2229118347168,0.0011524958536028,0.0017143214354291
B_raw_s0_r16,00177.png,-0.0015595491277053,-0.001511292066425,25.691131591796875,29.58731842041016,0.0015189492842182,-0.0028720907866954
B_raw_s0_r16,00178.png,-0.0010310743236914,-2.4136013962561265e-05,25.595436096191406,21.84526634216309,0.0008572229999117,0.0019402201287448
B_raw_s0_r16,00179.png,0.0010798135772347,0.0011640222510322,24.692481994628903,22.65965461730957,-0.0009022793383337,-0.003292144043371
B_raw_s0_r16,00180.png,0.0014579285634681,0.0009136221488006,23.288501739501957,25.013259887695312,-0.0006031453958712,0.0006374145159497
B_raw_s0_r16,00181.png,7.834800271666609e-06,0.000614472606685,24.393836975097656,22.370079040527344,-0.0012115157442167,-0.0006033054669387
B_raw_s0_r16,00182.png,0.0001429040421498,-0.0003452117962297,23.516136169433597,23.699522018432617,0.0028163434471935,-0.0032637796830385
B_raw_s0_r16,00183.png,-0.0003678504435811,0.0015199290355667,22.86854553222656,25.21825218200684,0.0007539415964856,-0.001262376550585
B_raw_s0_r16,00184.png,-0.0002128932246705,0.001052497071214,25.776798248291016,25.63619804382324,-0.0021267321426421,0.0004568082513287
B_raw_s0_r16,00185.png,0.0008137742988765,-0.0011158528504893,23.95090675354004,31.21087074279785,0.0027694865129888,0.0004008901887573
B_raw_s0_r16,00186.png,-0.0014688756782561,0.0005416853819042,25.76263999938965,20.69345092773437,-0.0018567383522167,-0.0019134390167891
B_raw_s0_r16,00187.png,0.001352253369987,0.0009519401355646,26.66869735717773,23.672348022460938,0.0005910366307944,-0.0017064436106011
B_raw_s0_r16,00188.png,0.0010738587006926,-0.0011522371787577,23.595190048217773,23.823509216308597,0.0014067852171137,8.697795419720933e-05
B_raw_s0_r16,00189.png,0.0003847258631139,-0.0002530696219764,26.765287399291992,23.9527587890625,0.0031805571634322,-0.0012254716129973
B_raw_s0_r16,00190.png,-0.0010048658587038,0.0005684336065314,23.2432804107666,26.45957565307617,0.0019351764349266,0.0004586405993904
B_raw_s0_r16,00191.png,-0.0008622869499959,0.0004979566438123,24.774168014526367,26.74554443359375,-0.0003585956583265,0.0026860202196985
B_raw_s0_r16,00192.png,-0.0002382124512223,-0.001032420201227,25.995899200439453,27.00521850585937,-7.466978422598913e-05,-0.0023280731402337
B_raw_s0_r16,00193.png,-0.0002999055141117,0.0010110880248248,21.545564651489254,20.649194717407227,-0.0009354391368106,0.0024478326085954
B_raw_s0_r16,00194.png,0.0008624829933978,-0.0003497923607937,23.43826103210449,28.32120513916016,0.001828707405366,-0.0003040582814719
B_raw_s0_r16,00195.png,0.0013099304633215,0.0029720135498791,24.9615421295166,22.97003936767578,0.0031923516653478,-0.0027609234675765
B_raw_s0_r16,00196.png,0.0017650842200964,0.0002167227212339,22.208066940307617,26.22894096374512,-0.0009339586831629,-0.0005427761352621
B_raw_s0_r16,00197.png,0.0006130195106379,0.0009974692948162,22.475772857666016,27.42291831970215,0.0004311090451665,0.0007624375284649
B_raw_s0_r16,00198.png,0.0009803428547456,0.0006319442181847,30.37157440185547,23.909591674804688,-1.049760430760216e-05,-0.0013479249319061
B_raw_s0_r16,00199.png,0.0007414472056552,0.0007104870746843,25.058446884155277,26.1655216217041,0.0018707932904362,-0.0004101229424122
B_raw_s0_r16,00200.png,-0.0006850374629721,-0.0005811227601952,23.81332015991211,27.533376693725582,0.0004163751436863,-0.0029267501085996
B_raw_s0_r16,00201.png,-0.002229468896985,0.000732188578695,25.245018005371094,21.786067962646484,-0.0013829984236508,-4.499537681112997e-05
B_raw_s0_r16,00202.png,0.0013983275275677,6.127305823611096e-05,31.41800880432129,33.24322509765625,0.000361799262464,-0.0012542423792183
B_raw_s0_r16,00203.png,0.0008320101769641,0.0004143232363276,30.39349174499512,31.32142639160156,-0.0014877953799441,0.0009158508619293
B_raw_s0_r16,00204.png,0.0002359237696509,-0.0002411232126178,24.936384201049805,27.313438415527344,0.0003303504490759,-0.0013436432927846
B_raw_s0_r16,00205.png,0.0005659132730215,-0.0013189377496019,22.67415428161621,32.34946823120117,-0.0017004841938614,0.0031322606373578
B_raw_s0_r16,00206.png,-0.0024933256208896,0.0014654886908829,21.84908103942871,23.50594139099121,-9.131120168603955e-05,-0.000737284135539
B_raw_s0_r16,00207.png,-0.0017042986582964,0.001831903704442,23.05906105041504,24.806150436401367,0.0028441469185054,-0.000959857890848
B_raw_s0_r16,00208.png,-7.162507699831622e-06,-0.0018693993333727,22.704975128173828,26.82090950012207,-0.000987657578662,0.0012317650252953
B_raw_s0_r16,00209.png,0.0003919804003089,-0.0008173121022991,22.42259407043457,24.45673942565918,-3.185609602951445e-05,-0.0033449199981987
B_raw_s0_r16,00210.png,0.0002047720481641,0.0023318822495639,23.530941009521484,23.67362403869629,0.0010190812172368,-0.0013984866673126
B_raw_s0_r16,00211.png,-0.0009111406980082,0.0002401300589554,22.679731369018555,23.527456283569336,0.0042862510308623,0.001151145552285
B_raw_s0_r16,00212.png,0.0017264387570321,-0.0015778499655425,21.938379287719727,23.200626373291016,-0.0002907650487031,-0.002214660635218
B_raw_s0_r16,00213.png,1.9091739886789583e-05,-0.0007985900156199,25.937253952026367,24.3897647857666,-0.0001238389522768,0.0016410320531576
B_raw_s0_r16,00214.png,0.0006480236188508,0.0014561389107257,26.02036476135254,31.78384780883789,0.0001549732551211,-0.0028432870749384
B_raw_s0_r16,00215.png,0.0003275627095717,0.0002979819255415,26.18592834472656,23.755273818969727,-0.0025319033302366,-0.000198033027118
B_raw_s0_r16,00216.png,0.001035758992657,0.0022945988457649,28.516061782836918,24.27302360534668,0.0009194381418637,-0.0003357565728947
B_raw_s0_r16,00217.png,0.0017030348535627,-0.0005835879128426,24.538787841796875,26.543046951293945,0.0006832957733422,-0.001239234348759
B_raw_s0_r16,00218.png,0.0020094390492886,-0.000216730782995,27.737571716308597,27.472150802612305,0.002011178759858,-0.0030072471126914
B_raw_s0_r16,00219.png,0.0012200961355119,-0.0007078517810441,21.785724639892575,23.36808204650879,0.0027059246785938,9.847546607488766e-05
B_raw_s0_r16,00220.png,-0.0007753914687782,-0.0006330059841275,23.995460510253903,22.14158821105957,0.000898644211702,-0.0024082192685455
B_raw_s0_r16,00221.png,-0.0018053712556138,0.0006068156217224,29.046405792236328,28.17064666748047,0.0019709405023604,0.0005988363409414
B_raw_s0_r16,00222.png,-0.0004595599893946,-0.0007205487927421,22.37027740478516,20.86607551574707,-0.000599819002673,-0.0014211420202627
B_raw_s0_r16,00223.png,0.0013151979073882,0.0014228075742721,23.22642707824707,25.92927360534668,-0.0002375137410126,0.0008521684794686
B_raw_s0_r16,00224.png,0.0002545313327573,0.0019062887877225,27.633594512939453,25.966110229492188,0.0032506883144378,0.0013144760159775
B_raw_s0_r16,00225.png,0.0016650826437398,-0.0008030586177483,22.3400821685791,23.14503288269043,0.0054739215411245,0.0017156775575131
B_raw_s0_r16,00226.png,0.0010514952009543,0.0004466257523745,22.229415893554688,21.52168846130371,0.0019764241296797,0.0028915219008922
B_raw_s0_r16,00227.png,-7.26185244275257e-05,0.0026125365402549,21.849288940429688,22.937000274658203,-1.884716584754642e-05,-0.0024305575061589
B_raw_s0_r16,00228.png,0.0010349504882469,-0.0005425633280538,29.64251518249512,27.39653968811035,0.0019911052659153,0.0011716681765392
B_raw_s0_r16,00229.png,0.0004190560721326,-0.0004896485479548,25.525239944458008,26.76854515075684,0.0002210950769949,-0.0007835525902919
B_raw_s0_r16,00230.png,0.0020996683742851,0.0011434576008468,24.970443725585938,29.126264572143555,0.0014483204577118,-0.0003536778676789
B_raw_s0_r16,00231.png,0.0019910964183509,-0.000498988374602,20.7326602935791,23.944658279418945,0.0010061191860586,-0.0013791117817163
B_raw_s0_r16,00232.png,-4.1425413655815646e-05,0.000179854381713,29.693294525146484,23.837316513061523,0.0013842339394614,0.0008131954818964
B_raw_s0_r16,00233.png,0.0002078023971989,-0.0002060287079075,23.2794132232666,21.70539665222168,0.0026697111316025,0.0004369149683043
B_raw_s0_r16,00234.png,0.0023364291992038,0.0010942585067823,26.685829162597656,22.237083435058597,-0.0004093556199222,-0.00109047756996
B_raw_s0_r16,00235.png,0.0004374651180114,0.0014065848663449,23.954439163208008,23.615461349487305,-0.0022530388087034,-0.0006861268193461
B_raw_s0_r16,00236.png,-0.0007597474614158,0.0001771051174728,24.78583335876465,26.49176025390625,-0.0006503868498839,-3.7334084481699392e-06
B_raw_s0_r16,00237.png,0.0016179933445528,0.0002779830538202,21.46639060974121,24.04608917236328,0.0027724744286388,0.0010867216624319
B_raw_s0_r16,00238.png,0.0033903652802109,-0.0013780639274045,24.466358184814453,24.52637481689453,0.0042157028801739,0.0020679656881839
B_raw_s0_r16,00239.png,0.0008748500840738,-0.0004164056153967,28.14048194885254,27.195505142211918,-0.0007614101050421,0.0033068982884287
B_raw_s0_r16,00240.png,0.0015820178668946,0.0009075702982954,27.21312141418457,35.46601104736328,-0.0012001870200037,0.0012327251024544
B_raw_s0_r16,00241.png,-0.0006790537154302,0.0004216033266857,27.00375366210937,24.682222366333008,0.0012017528060823,0.0003364123695064
B_raw_s0_r16,00242.png,-0.0004092729068361,-0.0007659117109142,26.27698516845703,29.805524826049805,0.0005186829366721,0.0001246742758667
B_raw_s0_r16,00243.png,-0.000519385212101,-0.0010698552941903,21.578577041625977,25.23470497131348,0.0002566856564953,0.0005771908909082
B_raw_s0_r16,00244.png,-0.0002924787695519,0.0028496850281953,23.658416748046875,23.07043838500977,6.150784611236304e-05,0.0028138945344835
B_raw_s0_r16,00245.png,-0.0049255168996751,-0.0083462689071893,23.627683639526367,29.802047729492188,0.001000800053589,-0.0010846082586795
B_raw_s0_r16,00246.png,-0.0024971505627036,-0.0009112345869652,22.461381912231445,31.91004943847656,-0.0024575779680162,0.0016778190620243
B_raw_s0_r16,00247.png,0.0015535834245383,0.0008212582324631,27.712987899780277,36.91207504272461,-0.0013783908216282,-0.0005710924742743
B_raw_s0_r16,00248.png,8.692179835634306e-05,-0.0009985974757,23.608835220336918,21.20185852050781,0.000222068032599,-0.0012066543567925
B_raw_s0_r16,00249.png,0.0006429989007301,0.0030683171935379,21.92327308654785,22.641685485839844,-9.907028470479418e-06,0.0022175968624651
B_raw_s0_r16,00250.png,0.0001820566831156,0.0011752480641007,21.08621025085449,20.79830551147461,-0.0040980703197419,0.0002399518416495
B_raw_s0_r16,00251.png,0.0016013596905395,0.0010530574945732,29.231794357299805,27.26228904724121,0.0016131541924551,-0.000583267014008
B_raw_s0_r16,00252.png,0.001214648829773,-0.0011238765437155,25.36097526550293,23.59388732910156,0.0035364115610718,-0.0019237146480008
B_raw_s0_r16,00253.png,0.0011813131859526,0.0021088747307658,23.12170791625977,24.671052932739254,-0.0027168320957571,0.0006525394855998
B_raw_s0_r16,00254.png,-0.0007267803885042,0.0016018350142985,20.927684783935547,26.9953556060791,0.0004675702366512,-0.0021282148081809
B_raw_s0_r16,00255.png,0.0002273070567753,0.0006244165124371,26.535720825195312,21.00726318359375,0.0010891982819885,0.0006120853940956
B_raw_s0_r16,00256.png,-0.0016789955552667,-0.0010602485854178,22.09532928466797,22.70711898803711,-0.001781785278581,-0.0033261943608522
B_raw_s0_r16,00257.png,0.0018095009727403,0.0019684149883687,22.05042266845703,23.558269500732425,0.0014788897242397,0.0010641870321705
B_raw_s0_r16,00258.png,0.0012455985415726,-0.0003976221487391,25.23482131958008,21.29142189025879,-0.0007471079588867,0.0015610626433044
B_raw_s0_r16,00259.png,-0.000853625300806,-0.0022301150020211,22.32358932495117,22.92233085632324,-0.0004651155904866,-0.0018271286971867
B_raw_s0_r16,00260.png,0.0008676587603986,0.0003492504765745,25.086862564086918,24.30155563354492,0.0010415557771921,-0.0039305952377617
B_raw_s0_r16,00261.png,-0.0002494762302376,0.0006689433939754,23.60962677001953,25.19484519958496,0.0010529126739129,0.000770928512793
B_raw_s0_r16,00262.png,0.0020951449405401,0.0005796004552394,29.635730743408203,23.433841705322266,0.0005157581763342,0.0013276579556986
B_raw_s0_r16,00263.png,0.0023327472154051,0.0005718975444324,25.835567474365234,24.57986831665039,-0.0016424624482169,0.0009991186670958
B_raw_s0_r16,00264.png,-0.0011758023174479,0.0003377314424142,23.1423454284668,24.32801055908203,0.0002483175776433,0.0019820742309093
B_raw_s0_r16,00265.png,-0.000315243814839,0.0012861187569797,24.95868682861328,23.37397766113281,-0.0013748838100582,0.0019295145757496
B_raw_s0_r16,00266.png,-0.0004908677074126,0.0011921125696972,23.2253532409668,25.07674789428711,0.0005109317717142,-0.0020927609875798
B_raw_s0_r16,00267.png,0.0005401204107329,-0.0009077050490304,21.490324020385746,27.25180435180664,2.32208585657645e-05,-0.0010389669332653
B_raw_s0_r16,00268.png,0.000474153435789,-0.0001138887091656,22.501588821411133,22.274076461791992,0.0016752339433878,0.0018477072007954
B_raw_s0_r16,00269.png,0.0003078310401178,0.0015252109151333,21.888917922973636,25.583663940429688,9.21539594855858e-06,-0.0008434360497631
B_raw_s0_r16,00270.png,-0.001004623947665,-0.0006807771860621,21.326696395874023,26.35576438903809,0.0002740817435551,0.0024679333437234
B_raw_s0_r16,00271.png,-0.0008063770947046,-0.000460830546217,26.90254592895508,29.43436813354492,-0.0017841095104813,0.0001831200934248
B_raw_s0_r16,00272.png,0.0003471738600637,0.0030050638597458,22.758167266845703,23.218338012695312,0.0013522109948098,-0.0027723528910428
B_raw_s0_r16,00273.png,-0.0008952300995588,0.0002506820892449,23.93573760986328,25.46492576599121,0.0006874004029668,-0.0011441506212577
B_raw_s0_r16,00274.png,0.0009594882139936,0.0002536118845455,20.399837493896484,26.684574127197266,0.0018579786410555,-0.0014162465231493
B_raw_s0_r16,00275.png,0.0013391523389145,0.0004838111344724,22.226280212402344,24.881893157958984,-0.0023063530679792,-0.001037267036736
B_raw_s0_r16,00276.png,0.0002367973211221,0.0005665718344971,21.697925567626957,20.908357620239254,-0.0022224721033126,-0.0045566926710307
B_raw_s0_r16,00277.png,-0.0007071608561091,-0.0004974032053723,22.132997512817383,24.99017333984375,-0.0018137068254873,-0.000730981468223
B_raw_s0_r16,00278.png,-0.0002192991087213,0.0019087435211986,27.75830078125,23.8189754486084,0.0029740058816969,-0.0025715560186654
B_raw_s0_r16,00279.png,0.0005733396392315,0.0004840991168748,23.14946937561035,24.110801696777344,-0.0050734244287014,0.0006738937227055
B_raw_s0_r16,00280.png,0.0024718369822949,0.0009347933228127,24.32535552978516,24.80522918701172,-0.0008660532766953,0.0006578978500328
B_raw_s0_r16,00281.png,-0.0018150524701923,-0.0020163354929536,26.61350440979004,22.45563507080078,0.0006489034276455,0.0025916814338415
B_raw_s0_r16,00282.png,0.0009050897788256,-0.000490901293233,22.058446884155277,27.779088973999023,0.0043467357754707,0.0008896950166672
B_raw_s0_r16,00283.png,-0.0016257045790553,0.0006130538531579,28.50747299194336,23.050861358642575,-0.001378019223921,-0.0008017292711883
B_raw_s0_r16,00284.png,0.0004573914338834,-0.0001488710404373,25.71927070617676,21.684955596923828,0.0019953260198235,-0.0007402590708807
B_raw_s0_r16,00285.png,-0.001590137486346,-0.0027053514495491,22.80988311767578,29.76082420349121,-0.0010167957516387,0.0015049105277284
B_raw_s0_r16,00286.png,-0.0009854946983978,-0.0012705851113423,22.553136825561523,21.954349517822266,0.0009270849986933,0.0014292957494035
B_raw_s0_r16,00287.png,0.00152372661978,0.0019719654228538,24.05916976928711,23.516828536987305,-0.0016519932541996,-0.0007161988760344
B_raw_s0_r16,00288.png,-0.0010898056207224,0.0003840590070467,21.61046600341797,22.254676818847656,-0.0034449438098818,-0.0009343702113255
B_raw_s0_r16,00289.png,-0.0005884630372747,-0.0005732132703997,20.033239364624023,22.60050392150879,0.0010366762289777,-0.0015276921913027
B_raw_s0_r16,00290.png,-0.001224840292707,0.0003475880657788,22.140552520751957,24.45396423339844,-0.0006645555258728,0.0042050066404044
B_raw_s0_r16,00291.png,-0.0010227125603705,0.0015417714603245,24.797666549682617,23.32369041442871,0.0015801291447132,0.0024441250134259
B_raw_s0_r16,00292.png,0.000155152491061,3.491774623398669e-05,28.073144912719727,22.29681396484375,0.0006923999171704,-0.0002335476747248
B_raw_s0_r16,00293.png,0.0016824902268126,0.0004896783502772,28.80715560913086,26.228904724121094,0.0007340688607655,0.0007045943639241
B_raw_s0_r16,00294.png,-0.0021059808786958,-0.000226238684263,23.64243698120117,25.234695434570312,0.0007278802804648,0.001045512384735
B_raw_s0_r16,00295.png,0.0005625425255857,-0.0002793729654513,21.651878356933597,23.41366195678711,0.005492310039699,0.0033781107049435
B_raw_s0_r16,00296.png,-0.0004178842355031,-9.398803376825526e-05,20.24986267089844,24.97957801818848,0.0008425819687545,0.0007865615189075
B_raw_s0_r16,00297.png,2.9926892239018343e-05,-0.0011242888867855,22.40373420715332,23.270692825317383,-0.0004344933258835,-0.0015563113847747
B_raw_s0_r16,00298.png,-0.0010044957743957,0.0010227208258584,23.23803329467773,26.720367431640625,0.0013741118600592,0.0001791750255506
B_raw_s0_r16,00299.png,-0.001607786049135,0.0012608544202521,24.167139053344727,26.21302795410156,-0.0022653057239949,0.0040481467731297
B_raw_s0_r16,00300.png,-0.0004195521469227,-0.0002113261725753,25.55799102783203,23.787616729736328,-0.0020921055693179,-0.0007081240182742
B_raw_s0_r16,00301.png,0.0009596938616596,0.0027231366839259,28.34298515319824,23.44871711730957,0.0028272350318729,-0.0003655219916254
B_raw_s0_r16,00302.png,-0.0003824883606284,0.001063922420144,24.12090301513672,28.902910232543945,-0.001027732505463,0.0001194068390759
B_raw_s0_r16,00303.png,0.0009793627541512,0.0002021546970354,23.53595542907715,24.78089714050293,0.00038500566734,-0.0002543923910707
B_raw_s0_r16,00304.png,-0.0021292434539645,-0.0011306739179417,23.9122314453125,19.672685623168945,0.0009800635743886,-0.0002295742306159
B_raw_s0_r16,00305.png,-0.0001574217167217,-0.0008687306544743,29.58791923522949,27.157958984375,-0.0013582869432866,0.0001708575728116
B_raw_s0_r16,00306.png,0.0032161439303308,-4.124316183151677e-05,23.443737030029297,22.925029754638672,-8.642370374900565e-08,-0.000385672727134
B_raw_s0_r16,00307.png,-0.0008702604682184,-0.0013383942423388,20.98784446716309,27.31567001342773,0.0012052281526848,-0.0009017369011417
B_raw_s0_r16,00308.png,-0.0005267214728519,-0.0007363621843978,23.314617156982425,22.660200119018555,0.002218933776021,0.0011263755150139
B_raw_s0_r16,00309.png,-0.0001172723787021,-0.0006250176229514,30.18976783752441,23.887540817260746,0.0014464335981756,-0.002138023963198
B_raw_s0_r16,00310.png,0.0001718029961921,0.0011754690203815,23.261192321777344,20.077943801879883,0.001586620346643,-0.0010049612028524
B_raw_s0_r16,00311.png,0.0007454399019479,0.0010148192523047,22.610382080078125,30.830175399780277,-0.0002454351633787,-0.0002538550179451
B_raw_s0_r16,00312.png,0.0010945022804662,0.0017641901504248,25.1958065032959,24.71626091003418,-0.0009845730382949,-0.0011566063622012
B_raw_s0_r16,00313.png,0.0006158291362226,0.0006638813065364,26.398509979248047,28.400135040283203,-0.0026601173449307,0.0016002967022359
B_raw_s0_r16,00314.png,-3.8153808418428525e-05,0.0013381817843765,23.14000129699707,24.562807083129883,-0.0017451961757615,0.0011018337681889
B_raw_s0_r16,00315.png,-0.0011028333101421,2.9454788091243245e-05,23.76520729064941,25.03905296325684,0.0008985023596324,0.0007543134270235
B_raw_s0_r16,00316.png,0.0003154367732349,-0.0007082627853378,32.450435638427734,25.09583854675293,-0.0004582502297125,0.0004651827621273
B_raw_s0_r16,00317.png,0.0001972423488041,0.0038318075239658,23.83049774169922,20.42866516113281,-0.0019362792372703,0.0011796583421528
B_raw_s0_r16,00318.png,-0.0006782602868042,-8.944467117544264e-05,25.09149169921875,39.78086853027344,0.0007690879283472,-0.0014884782722219
B_raw_s0_r16,00319.png,0.0007073888555169,0.0014946949668228,22.91326713562012,22.260719299316406,-0.0001029614140861,0.0014188670320436
B_raw_s0_r16,00320.png,0.0002031655749306,0.0021838617976754,24.138181686401367,24.20412254333496,0.0015505738556385,0.0027692213188856
B_raw_s0_r16,00321.png,0.0025319959968328,0.0001669397606747,24.946184158325195,24.914527893066406,-0.0005631187814287,-0.002054524840787
B_raw_s0_r16,00322.png,0.000635846692603,-0.0002983084705192,24.50385284423828,25.6595458984375,0.00033251781133,0.0011345382081344
B_raw_s0_r16,00323.png,0.0018908525817096,-0.001168436021544,21.79753875732422,24.28302955627441,-0.0014065287541598,0.000783477036748
B_raw_s0_r16,00324.png,-0.0001661074347794,-0.0001411328848917,29.508861541748047,27.42701911926269,0.0008316208259202,0.0021639338228851
B_raw_s0_r16,00325.png,-0.0001185031360364,9.827735993894748e-06,22.599504470825195,21.78641891479492,-0.0006230706931091,-0.0002247376833111
B_raw_s0_r16,00326.png,-0.0002010395255638,0.0002528526820242,31.06288146972656,25.596118927001957,0.0021660807542502,-0.0003885898913722
B_raw_s0_r16,00327.png,-4.326951238908805e-05,0.0012127362424507,23.69769859313965,25.576007843017575,-0.000465264864033,-0.0032408849801868
B_raw_s0_r16,00328.png,-0.0010181759716942,0.0006111031980253,24.09979820251465,26.5144157409668,-0.0009059500880539,0.0019997248891741
B_raw_s0_r16,00329.png,0.000657495111227,0.0002791020961012,28.806432723999023,22.088424682617188,-0.0013921938370913,-0.0004382302577141
B_raw_s0_r16,00330.png,0.0001916922192322,-0.0010948600247502,20.59797477722168,32.51526641845703,0.001690866658464,-0.0001972192694665
B_raw_s0_r16,00331.png,0.0020397852640599,0.0014347851974889,23.901782989501957,26.45986557006836,-0.0010773030808195,-1.826690277084708e-05
B_raw_s0_r16,00332.png,0.0006181739154271,-0.0002383787359576,25.451011657714844,24.14961624145508,0.0007204149733297,0.0004716247494798
B_raw_s0_r16,00333.png,0.0002326247049495,-0.0001449036208214,22.41769218444824,26.20856475830078,0.0011253567645326,0.0020324441138654
B_raw_s0_r16,00334.png,0.000204398020287,0.0002306249807588,24.503826141357425,25.94776153564453,0.0006212923908606,0.0023590824566781
B_raw_s0_r16,00335.png,0.0028972353320568,-0.0023005595430731,22.748884201049805,27.391586303710938,-0.000402805453632,-0.0013340726727619
B_raw_s0_r16,00336.png,-0.0005957324756309,-0.0011891569010913,22.800710678100582,23.13109397888184,0.0028847702778875,-0.0017116712406277
B_raw_s0_r16,00337.png,0.0012114741839468,-3.645953256636858e-05,23.764066696166992,23.725852966308597,-0.0013625111896544,-0.0017169325146824
B_raw_s0_r16,00338.png,-0.0004147530707996,0.0006270160665735,23.579051971435547,22.23835182189941,0.0018693380989134,-0.0024543318431824
B_raw_s0_r16,00339.png,8.527878526365384e-05,0.0002880107495002,24.3862247467041,23.77164649963379,-0.0017651923699304,0.0012522489996626
B_raw_s0_r16,00340.png,-0.0003742130065802,-2.1230596303212224e-06,23.18901824951172,22.946949005126957,-0.0031958515755832,-0.0024272364098578
B_raw_s0_r16,00341.png,-0.0003728921874426,-9.157113527180628e-05,26.39676094055176,22.904436111450195,7.827574154362082e-05,-0.0003323321870993
B_raw_s0_r16,00342.png,-0.0003988300450146,-0.0006362643325701,27.336639404296875,27.802135467529297,5.837844219058752e-05,-0.0039927065372467
B_raw_s0_r16,00343.png,-0.0003610445419326,0.0005719870678149,23.87812614440918,24.876489639282227,0.0014074393548071,-0.001321543357335
B_raw_s0_r16,00344.png,-0.000206176599022,-0.000565399415791,23.19203186035156,25.430051803588867,6.672384188277647e-05,-0.0022580916993319
B_raw_s0_r16,00345.png,0.0005921857664361,-0.0007171510369516,24.87085723876953,22.46451568603516,0.0015984245110303,-0.0002959000121336
B_raw_s0_r16,00346.png,-2.539102206355892e-05,0.0005959340487606,29.41495704650879,24.808523178100582,-0.0016909515252336,-0.0031768875196576
B_raw_s0_r16,00347.png,0.0001604426943231,-0.0013430694816634,24.119686126708984,23.75090980529785,-0.0019730483181774,-0.0039021407719701
B_raw_s0_r16,00348.png,0.0005392386810854,-0.0011900357203558,26.01681137084961,25.273725509643555,8.074370271060616e-05,0.0017036733916029
B_raw_s0_r16,00349.png,-0.0016000827308744,-4.444319711183198e-05,24.180456161499023,28.647157669067383,-0.0030378198716789,-0.0003102112968917
B_raw_s0_r16,00350.png,0.0016431687399744,-0.0017850880976766,23.99890518188477,30.17522621154785,-0.0004816474101971,-0.0005058788810856
B_raw_s0_r16,00351.png,-0.0004727538034785,0.0001659482368268,24.300609588623047,25.8602294921875,0.0026805370580404,-0.0013009743997827
B_raw_s0_r16,00352.png,0.0014405942056328,0.0003357719397172,25.4831600189209,32.16738510131836,0.0006260298541747,0.0005049799219705
B_raw_s0_r16,00353.png,0.000880668812897,-0.0020167701877653,26.88492774963379,26.3179931640625,0.0007269136840477,-0.0034408767241984
B_raw_s0_r16,00354.png,0.0006902205059304,-0.0002909866161644,25.81131172180176,24.87496757507324,-0.0002120059798471,-0.0027503164019435
B_raw_s0_r16,00355.png,-0.0016490857815369,-0.0010451156413182,26.060083389282227,23.975017547607425,-0.0014402294764295,0.0008375003235414
B_raw_s0_r16,00356.png,-0.0008913528290577,-0.0007645238074474,23.909467697143555,28.875953674316406,0.0016121433582156,-0.0007223268039524
B_raw_s0_r16,00357.png,0.0004162895784247,0.0022384596522897,23.79740333557129,26.9350700378418,0.0024212449789047,0.0005776535836048
B_raw_s0_r16,00358.png,-0.000416801252868,-0.0003239631769247,26.8475284576416,26.235567092895508,0.0007063433877192,-0.0010308161145076
B_raw_s0_r16,00359.png,-0.0006068710936233,-0.0012503226753324,28.952302932739254,22.8892822265625,-0.0008209606749005,-0.0019950696732848
B_raw_s0_r16,00360.png,-0.0004525776894297,0.0009941866155713,25.839338302612305,28.711679458618164,0.0007634880603291,0.0003964926290791
B_raw_s0_r16,00361.png,0.0029572753701359,0.0009609885164536,25.58648681640625,22.68366241455078,4.730480213765986e-05,-0.0013962987577542
B_raw_s0_r16,00362.png,-0.0005200227024033,-0.000218589004362,28.230262756347656,21.53335189819336,0.0011567956535145,-0.0008932834607549
B_raw_s0_r16,00363.png,-0.0011739970650523,-0.0012599206529557,23.538795471191406,22.787790298461918,0.0009648907580412,0.0002098440600093
B_raw_s0_r16,00364.png,-0.0005788393900729,-0.0005698423483408,25.48280334472656,37.82154083251953,0.0009184403461404,0.0016861140029504
B_raw_s0_r16,00365.png,0.000867559632752,0.000743523996789,24.16866111755371,24.355003356933597,0.0014723009662702,-0.0006652621086686
B_raw_s0_r16,00366.png,6.0600788856390864e-05,-0.0004113851755391,24.26834487915039,27.05489921569824,9.088629303732888e-05,0.0005513576325029
B_raw_s0_r16,00367.png,0.0012978981249034,0.0002740907948464,23.244422912597656,23.873924255371094,-0.0007437012973241,3.3756656193872914e-05
B_raw_s0_r16,00368.png,-0.000333419709932,-2.0682478861999695e-05,20.81326675415039,24.06466484069824,-0.0004456216702237,-0.0008236555731855
B_raw_s0_r16,00369.png,-0.0004397398733999,0.0008435162599198,25.321277618408203,23.149843215942383,-0.0001044180971803,-0.0003653046733234
B_raw_s0_r16,00370.png,-4.762877870234661e-05,0.0005022860132157,22.29172134399414,24.17744255065918,0.000880105770193,-0.0005684409989044
B_raw_s0_r16,00371.png,0.000464646378532,0.0004484186938498,26.42243385314941,25.29130172729492,0.0020671468228101,0.0014832209562882
B_raw_s0_r16,00372.png,0.0007937540067359,-0.0004615210636984,24.908586502075195,24.169092178344727,-0.0004721711447928,0.0007041394128464
B_raw_s0_r16,00373.png,0.0004387933877296,0.0008574755047447,21.817880630493164,25.155771255493164,0.0005038265371695,0.0010847117519006
B_raw_s0_r16,00374.png,-0.000746636535041,-0.0027520277071744,22.348148345947266,25.38686180114746,-0.001829047454521,0.0002988979103974
B_raw_s0_r16,00375.png,-0.0010248551843687,0.0003814727533608,21.61663055419922,25.77719116210937,0.0015034552197903,0.0017851960146799
B_raw_s0_r16,00376.png,-0.0010020458139479,-0.0001494039461249,22.070993423461918,23.02578353881836,0.0006174491718411,0.0014427702408283
B_raw_s0_r16,00377.png,-0.0020662741735577,-0.0016646108124405,21.561023712158203,23.03175926208496,-0.0001086186312022,-0.0001642358256503
B_raw_s0_r16,00378.png,0.000255007558735,0.0012138553429394,22.488473892211918,25.97435760498047,-0.0029032386373728,-0.0020826617255806
B_raw_s0_r16,00379.png,-0.0013930372660979,0.0010670261690393,23.599380493164062,26.41026306152344,0.0020140286069363,-0.0018561152974143
B_raw_s0_r16,00380.png,-0.0007945978431962,0.0007234348449856,27.50835227966309,21.763687133789062,0.0015524845803156,-0.0002102008875226
B_raw_s0_r16,00381.png,-0.0004389482201077,-0.0005474674981087,25.05874252319336,22.719932556152344,0.0012492046225816,-0.0016530606662854
B_raw_s0_r16,00382.png,0.0007835315191186,-7.603772246511653e-05,23.10136604309082,22.53208541870117,-0.0009510479285381,-0.0001522901147836
B_raw_s0_r16,00383.png,-0.0002029048919212,-0.0019998953212052,25.743391036987305,25.78709602355957,-0.0013222499983385,-0.0024178880266845
B_raw_s0_r16,00384.png,-0.0009930207161232,0.0004283488087821,31.96951103210449,26.95584297180176,-0.0006474197725765,0.0030887201428413
B_raw_s0_r16,00385.png,-0.0011943775461986,-0.0023182043805718,32.80189514160156,25.69646644592285,-0.000341968552675,-0.0030105826444923
B_raw_s0_r16,00386.png,-0.0017163223819807,-0.0006205763784237,25.28944969177246,22.940074920654297,0.0026430268771946,-0.0030333478935062
B_raw_s0_r16,00387.png,-0.000595093879383,-0.0016651977784931,28.085617065429688,23.56960105895996,-4.255636304151267e-05,0.001701042172499
B_raw_s0_r16,00388.png,0.0011434281477704,0.0017666573403403,24.01401138305664,23.59354591369629,0.0005598085117526,-0.0014297208981588
B_raw_s0_r16,00389.png,1.2547460755740758e-05,-0.0009380471310578,25.92337417602539,30.4541015625,-0.0019846984650939,0.0001293401583097
B_raw_s0_r16,00390.png,0.0002212511899415,-0.0024788351729512,25.008649826049805,21.49127769470215,0.00011025321146,-0.002810021629557
B_raw_s0_r16,00391.png,0.0012009856291115,0.0009572007111273,26.25118827819824,24.211462020874023,-0.0002623826148919,-0.0019443535711616
B_raw_s0_r16,00392.png,0.0004395277064759,-0.0017272686818614,25.165815353393555,24.017253875732425,0.0018580928444862,-0.0028173273894935
B_raw_s0_r16,00393.png,-6.474148540291935e-05,-0.0006392383365891,24.789569854736328,21.6336669921875,0.0011365036480128,-0.0008377908961847
B_raw_s0_r16,00394.png,0.0034109319094568,-0.0018103886395692,24.580114364624023,23.30256080627441,0.0003436065744608,-0.0006965683423914
B_raw_s0_r16,00395.png,-0.0007355868583545,-0.0007861455669626,27.24444580078125,30.03338623046875,-0.0007375009590759,-0.0003763392451219
B_raw_s0_r16,00396.png,-0.0011719036847352,0.0004332457610871,21.52960205078125,22.681344985961918,0.0008543723379261,0.0001146577633335
B_raw_s0_r16,00397.png,-0.00170385139063,-0.00157131254673,32.90814208984375,25.357595443725582,0.0003892638196703,0.0015191724523901
B_raw_s0_r16,00398.png,-0.0006911978125572,-0.0017316398443654,27.807111740112305,29.30039978027344,-0.0012831791536882,-0.0002470576728228
B_raw_s0_r16,00399.png,-0.0009231445146724,-0.000423134304583,25.19148826599121,27.00337791442871,-0.0003989468968939,-4.543420800473541e-05
B_raw_s0_r16,00400.png,-0.0008446042775176,0.0027107337955385,40.02063751220703,27.629159927368164,-0.0016390949022024,-0.0004134552727919
B_raw_s0_r16,00401.png,0.0017972764326259,-0.0013267631875351,28.543251037597656,20.89698600769043,-0.0013504334492608,-0.0014523257268592
B_raw_s0_r16,00402.png,0.0013862646883353,-0.0002875133359339,27.68982696533203,22.75034713745117,-0.0021054444368928,-0.0003403468290343
B_raw_s0_r16,00403.png,0.0002213296975241,-0.001612632535398,25.629047393798828,22.52363586425781,0.0008339083869941,0.0005748332478106
B_raw_s0_r16,00404.png,-0.0015407626051455,-0.0003568495158106,22.62026596069336,24.4082088470459,0.0030040007550269,-0.0004709759959951
B_raw_s0_r16,00405.png,0.0009271427989006,0.0016543203964829,23.975778579711918,23.978782653808597,0.0007826362852938,-0.0029028998687863
B_raw_s0_r16,00406.png,-0.0006327531882561,-0.0009345175349153,24.344482421875,28.462142944335938,-0.0015427108155563,0.0010063269874081
B_raw_s0_r16,00407.png,-0.000161057076184,7.947810081532225e-05,23.571483612060547,25.43426513671875,-0.0022926323581486,-0.000257893349044
B_raw_s0_r16,00408.png,-0.0016730374190956,0.0001873754372354,25.830629348754883,21.59941864013672,0.0002439867821522,-0.0004373207048047
B_raw_s0_r16,00409.png,0.0017945226281881,9.053040412254632e-05,23.337162017822266,26.682636260986328,0.0006749863969162,-0.0010558060603216
B_raw_s0_r16,00410.png,0.0003934086998924,0.0012436115648597,24.60444641113281,27.171157836914062,0.0006702841492369,-0.0011302721686661
B_raw_s0_r16,00411.png,0.0020278575830161,0.0005781702348031,23.510719299316406,26.025131225585938,-0.0017025350825861,0.0001795775606296
B_raw_s0_r16,00412.png,0.0002252829290227,-0.0005486776935867,25.841699600219727,25.558162689208984,-0.0007932990556582,-0.0002284544607391
B_raw_s0_r16,00413.png,-0.0003023288736585,0.0013270294293761,27.913272857666016,23.054807662963867,0.0002286495000589,-0.0011507280869409
B_raw_s0_r16,00414.png,0.0002730982378125,-0.0012928112410008,33.61515426635742,31.75181579589844,0.0006639308412559,0.0011761722853407
B_raw_s0_r16,00415.png,0.0014890677994117,-4.726853148895316e-05,23.21812057495117,30.145339965820312,0.0003065872006118,0.0017501664115116
B_raw_s0_r16,00416.png,-0.0006895216647535,0.0003803622676059,27.675050735473636,24.974834442138672,0.0011072427732869,0.0024313554167747
B_raw_s0_r16,00417.png,0.0019303279696032,0.0015427110483869,26.15545654296875,22.44308090209961,-0.0009054740658029,-0.0023990713525563
B_raw_s0_r16,00418.png,0.0011033876799046,0.0003710573655553,23.000154495239254,29.284942626953125,0.0020405116956681,0.0001097623971872
B_raw_s0_r16,00419.png,0.0006992128910496,-4.861446359427646e-05,22.90084457397461,22.650632858276367,-0.0026870775036513,0.0019501678179949
B_raw_s0_r16,00420.png,0.0016173858894035,-0.0022755432873964,25.49516868591309,25.544452667236328,0.0021439131814986,0.0024021593853831
B_raw_s0_r16,00421.png,-0.0007372876279987,0.0003294058551546,25.90233993530273,33.45963287353516,0.0039052779320627,-0.0012173649156466
B_raw_s0_r16,00422.png,-0.0014720145845785,0.0016962888184934,25.56431007385254,28.87408447265625,-0.0013850933173671,-0.0012995898723602
B_raw_s0_r16,00423.png,0.0013190428726375,0.0014434036565944,26.175447463989254,31.524566650390625,6.134204159025103e-05,0.0036273396108299
B_raw_s0_r16,00424.png,0.0017078195232897,0.0013031923444941,22.517444610595703,28.89097213745117,-0.0025478862226009,0.0042683938518166
B_raw_s0_r16,00425.png,-0.0005364033277146,0.000368961103959,24.121660232543945,22.9362735748291,0.001594545552507,-0.0004838955355808
B_raw_s0_r16,00426.png,-0.0013996580382809,-0.0001098999200621,21.7127685546875,23.648162841796875,-0.0013891735579818,-0.0008104607695713
B_raw_s0_r16,00427.png,0.0015557615552097,0.0032371755223721,21.903432846069336,21.12063980102539,-0.0023269918747246,-0.0017950093606486
B_raw_s0_r16,00428.png,0.0010507098631933,5.6342043535551056e-05,22.97014045715332,25.229475021362305,-0.0017582547152414,0.0013002406340092
B_raw_s0_r16,00429.png,-0.0001819989993236,0.0020344776567071,22.82550430297852,23.834869384765625,0.0018253622110933,0.0015477528795599
B_raw_s0_r16,00430.png,-0.0007524529355578,0.0016788670327514,23.858753204345703,24.2556209564209,-0.0025465653743594,0.0001153744960902
B_raw_s0_r16,00431.png,0.0008537982357665,-0.0014385530957952,21.58382797241211,24.09151840209961,-0.0013760880101472,0.0001749527582433
B_raw_s0_r16,00432.png,0.0009714832995086,0.002955999225378,25.50459861755371,23.466035842895508,-0.0024802589323371,0.0001738814607961
B_raw_s0_r16,00433.png,-0.0008181974408216,-0.0013943067751824,24.41816520690918,21.93071556091309,0.0001182276682811,0.0009278572397306
B_raw_s0_r16,00434.png,-0.0012235563481226,0.0009905581828206,23.62126350402832,23.51870346069336,-4.836652078665793e-05,0.001022984390147
B_raw_s0_r16,00435.png,0.0006112726405262,-0.0001206363813253,23.18310546875,27.082727432250977,-0.0008171866647899,-0.0016564624384045
B_raw_s0_r16,00436.png,0.0018545882776379,5.63816174690146e-05,27.03546905517578,30.32445526123047,0.0014850990846753,-0.0016532654408365
B_raw_s0_r16,00437.png,0.0004932812298648,-0.0007248246693052,26.883956909179688,22.23203468322754,-0.0011455346830189,-0.0020409380085766
B_raw_s0_r16,00438.png,-0.0006794660002924,-0.00016317536938,23.716997146606445,22.550493240356445,0.0012222990626469,-0.0023252228274941
B_raw_s0_r16,00439.png,0.0002032409684034,-0.0005004744743928,27.579221725463867,21.814817428588867,-0.0001494587777415,0.0015259737847372
B_raw_s0_r16,00440.png,-0.0016365204937756,0.0001318723225267,28.25152969360352,32.32752227783203,-0.0002386324340477,-0.0006346293375827
B_raw_s0_r16,00441.png,0.0013891387498006,0.0014801518991589,21.55821990966797,22.365447998046875,0.0012542981421574,-0.0005710289697162
B_raw_s0_r16,00442.png,-0.0002061560371657,-0.0004832667473237,22.55935478210449,24.659595489501957,0.000920548045542,-0.0001614013890502
B_raw_s0_r16,00443.png,-0.0001358086592517,0.0005274532013572,22.669885635375977,23.37511444091797,0.0017756065353751,-0.0011985910823568
B_raw_s0_r16,00444.png,-0.0005193054093979,-0.0005277686286717,24.00090789794922,23.712100982666016,0.0007675936794839,0.0002300282358191
B_raw_s0_r16,00445.png,-0.0008757541072554,-0.0011512077180668,25.15760040283203,28.28509521484375,-0.0004546651034615,-0.0006461637676693
B_raw_s0_r16,00446.png,0.0013300866121426,0.0006817931425757,24.11849021911621,22.467870712280277,-0.0003880563308484,-0.0010294115636497
B_raw_s0_r16,00447.png,4.929391798214056e-05,0.0010100107174366,28.007831573486328,25.35960960388184,-0.0017244288465008,-0.0024347086437046
B_raw_s0_r16,00448.png,-0.0007424003561027,0.0015800135442987,25.69014549255371,32.558631896972656,0.000561720051337,0.0029089986346662
B_raw_s0_r16,00449.png,-0.0014937554951757,-0.0007953871390782,24.625978469848636,23.938995361328125,-0.0006890235817991,0.0016448404639959
B_raw_s0_r16,00450.png,0.0002167044876841,0.000130692802486,33.41887283325195,30.022188186645508,-2.60035212704679e-05,0.0020302447956055
B_raw_s0_r16,00451.png,0.0005027172737754,0.0002561500587034,21.880157470703125,26.359331130981445,0.0002023827400989,-0.0005183435860089
B_raw_s0_r16,00452.png,0.0021646847017109,0.0023559804540127,21.78183364868164,23.63839340209961,0.0023525410797446,-0.0023363810032606
B_raw_s0_r16,00453.png,0.0009873429080471,0.0010553959291428,21.904226303100582,28.84443664550781,-0.0006441479199565,-0.0011270414106547
B_raw_s0_r16,00454.png,0.0008795897010713,0.001127912546508,28.1861515045166,25.26772117614746,0.0005580043653026,0.0008121227147057
B_raw_s0_r16,00455.png,0.0013790510129183,0.0030098962597548,24.727279663085938,27.05092430114746,-0.000563918496482,-0.0014875745400786
B_raw_s0_r16,00456.png,0.0006575986626558,-0.0004051289870403,22.778358459472656,24.896411895751957,-0.0019503006478771,-9.475614206166938e-05
B_raw_s0_r16,00457.png,0.0033956842962652,0.0018330893944948,27.791309356689453,25.556516647338867,0.003713039914146,0.0004019034095108
B_raw_s0_r16,00458.png,-0.0009911161614581,-0.0017869152361527,21.74788475036621,24.794158935546875,0.0027303488459438,-7.930266292532906e-05
B_raw_s0_r16,00459.png,-0.0003835396491922,-0.0013388072839006,21.4271297454834,22.986469268798828,-0.0014633948449045,-0.0008361209183931
B_raw_s0_r16,00460.png,-0.0011818784987553,0.0009213971206918,22.154491424560547,27.091686248779297,-0.0002172802196582,-0.0018819090910255
B_raw_s0_r16,00461.png,0.0005793723976239,0.0008497503586113,24.27704620361328,26.03143119812012,-0.001928697223775,-1.4638740140071604e-05
B_raw_s0_r16,00462.png,0.001285177306272,0.0014706237707287,27.419921875,25.68924331665039,-2.9620334771607304e-06,4.3943477066932246e-05
B_raw_s0_r16,00463.png,-0.0004338396247476,0.000971840810962,27.161516189575195,22.94206428527832,0.0008468602318316,0.0013264389708638
B_raw_s0_r16,00464.png,0.0001426358649041,-0.0006746052531525,25.14024543762207,28.291704177856445,-0.0001013994187815,-0.0018940116278827
B_raw_s0_r16,00465.png,-0.0017793859587982,-0.0001350317179458,21.089677810668945,21.592527389526367,-0.0022689090110361,-0.0019870582036674
B_raw_s0_r16,00466.png,0.001816872972995,-0.0007724848110228,31.82758140563965,32.731937408447266,0.0002321085339644,0.0019023154163733
B_raw_s0_r16,00467.png,0.0008104882435873,0.0016642189584672,27.151365280151367,21.054351806640625,0.0006241938681341,-0.0035375719889998
B_raw_s0_r16,00468.png,-0.0001013984801829,-1.440024334442569e-05,26.678787231445312,23.875253677368164,-0.0016173182521015,-0.0004816253494936
B_raw_s0_r16,00469.png,-0.0005397164495661,0.0002651276008691,30.091777801513672,23.630352020263672,8.560562855564058e-05,0.0010746559128165
B_raw_s0_r16,00470.png,0.0006924616172909,0.0016507152467966,26.07400321960449,21.664005279541016,0.003198544960469,0.0025930602569133
B_raw_s0_r16,00471.png,0.0031495410948991,0.0028838354628533,24.62176513671875,23.48222541809082,-0.0003577652678359,0.0020353703293949
B_raw_s0_r16,00472.png,-0.0029848865233361,4.235794403939508e-05,22.557353973388672,22.0903263092041,-0.001090008416213,-0.0014217589050531
B_raw_s0_r16,00473.png,-0.0021612574346363,-0.0020805748645216,24.83709144592285,23.028640747070312,-0.0020900159142911,0.0016616325592622
B_raw_s0_r16,00474.png,5.5249179240490776e-06,-0.0006937542930245,23.575876235961918,27.709392547607425,0.0012925964547321,-0.0004859778564423
B_raw_s0_r16,00475.png,-0.0014762978535145,-5.445512942969799e-05,24.42313766479492,24.89480972290039,0.0005812390591017,0.0014416065532714
B_raw_s0_r16,00476.png,0.0025485318619757,0.001757375895977,24.523067474365234,21.91726303100586,-0.0009393079672008,-0.0034914563875645
B_raw_s0_r16,00477.png,0.0010869062971323,0.000201958042453,24.196008682250977,41.09052276611328,0.0011797043262049,-0.0020813941955566
B_raw_s0_r16,00478.png,0.0009343949495814,-0.0001129170996136,27.12228202819824,24.60934829711914,0.0004136280622333,0.0003063735784962
B_raw_s0_r16,00479.png,0.0004472646687645,-0.0006892683450132,24.513452529907227,24.664649963378903,0.0014013830805197,0.0008454488124698
B_raw_s0_r16,00480.png,-0.00051955669187,6.732139445375651e-05,21.496294021606445,22.83406639099121,-4.779286973644048e-05,0.0012869177153334
B_raw_s0_r16,00481.png,-0.0001172570919152,0.0012725142296403,25.296316146850582,23.75034713745117,0.0012841611169278,-0.0011509160976856
B_raw_s0_r16,00482.png,0.0015487479977309,0.0008163166348822,31.27012062072754,24.3476619720459,-0.0005782034713774,-0.0009108196245506
B_raw_s0_r16,00483.png,0.0011824149405583,0.0024447606410831,20.88575553894043,25.27500534057617,-0.0005333027220331,-0.0007084981771185
B_raw_s0_r16,00484.png,-0.0007453318103216,0.0005311027634888,19.66214370727539,25.437694549560547,0.0026539445389062,0.0013493105070665
B_raw_s0_r16,00485.png,0.0016005291836336,-0.000949204491917,24.212156295776367,29.206863403320312,0.0002269779652124,-0.0012268192367628
B_raw_s0_r16,00486.png,0.0009970548562705,1.154774690803606e-05,24.19598960876465,27.407737731933597,-0.0020477706566452,0.0023299234453588
B_raw_s0_r16,00487.png,-4.450160849955864e-05,0.000475937500596,23.72886276245117,24.3951473236084,-0.0002152482338715,0.0012828311882913
B_raw_s0_r16,00488.png,0.0011127833276987,0.0011466562282294,24.57866859436035,22.500646591186523,0.0017545472364872,-0.0018919130088761
B_raw_s0_r16,00489.png,0.0008728340035304,0.0008239086018875,22.59623146057129,28.029584884643555,0.0041290568187832,-7.171354081947356e-05
B_raw_s0_r16,00490.png,0.0011311379494145,0.0007426633965224,27.31474876403809,23.05525779724121,0.0001294386602239,0.0010262411087751
B_raw_s0_r16,00491.png,0.0013566688867285,-0.0021565547212958,23.274030685424805,26.543943405151367,0.0005912213819101,0.0023887262213975
B_raw_s0_r16,00492.png,-0.0019974927417933,-0.001635231426917,26.21146583557129,22.930212020874023,0.0003588430699892,0.0016024382784962
B_raw_s0_r16,00493.png,-0.0020279984455555,-0.0006827235920354,26.163068771362305,24.24852180480957,-0.0024723864626139,0.0009978701127693
B_raw_s0_r16,00494.png,0.0012204661034047,0.0015343688428401,29.53953742980957,22.36732482910156,0.0008595259860157,1.621133560547605e-05
B_raw_s0_r16,00495.png,-0.0005673665436916,-0.0018622241914272,23.11675453186035,22.453784942626957,0.0015581683255732,-0.0005071422783657
B_raw_s0_r16,00496.png,-0.0023379225749522,-0.0044784056954085,24.31059455871582,22.387603759765625,-0.0020906939171254,-0.0016315517714247
B_raw_s0_r16,00497.png,-9.258833597414196e-05,-0.0004163084377069,23.79814338684082,24.96502113342285,-0.0001319666043855,-0.0040797223336994
B_raw_s0_r16,00498.png,0.0009335304494015,0.0021079948637634,25.410888671875,25.41334342956543,-0.0009107245714403,0.0027641218621283
B_raw_s0_r16,00499.png,0.0004852787242271,-0.0017316188896074,22.54696273803711,28.49785804748535,0.0020059107337146,-0.0034168891143053
B_raw_s1_r16,00000.png,0.000140386109706,0.0005619500298053,28.18585586547852,29.55841827392578,-0.0005293831345625,4.7925270337145776e-05
B_raw_s1_r16,00001.png,-0.0022721257992088,0.0016737350961193,28.210193634033203,25.536096572875977,-0.0008345774258486,0.0016225046711042
B_raw_s1_r16,00002.png,0.0002995561517309,-0.0009257746278308,29.73251724243164,25.07828712463379,-0.0020006499253213,-0.0001605069701327
B_raw_s1_r16,00003.png,0.0013834028504788,0.0013225034344941,20.57563018798828,27.362913131713867,-0.0027593658305704,0.0023671598173677
B_raw_s1_r16,00004.png,-0.0001304550096392,0.0030368899460881,25.461774826049805,24.832557678222656,-0.0024709512945264,0.0017703793710097
B_raw_s1_r16,00005.png,-0.0008157490519806,0.0001204419604619,29.472047805786133,31.88128471374512,0.0012570557883009,-0.0011725724907591
B_raw_s1_r16,00006.png,0.000901123159565,0.0012395959347486,23.380903244018555,23.573755264282227,-0.0017812440637499,-0.0013878439785912
B_raw_s1_r16,00007.png,-0.000666631211061,0.0006547852535732,24.58621597290039,23.71323013305664,0.0003741933323908,-0.0003653305757325
B_raw_s1_r16,00008.png,0.0013503374066203,0.0011881487444043,22.98919486999512,23.53045654296875,-0.0018110991222783,-0.0001598685921635
B_raw_s1_r16,00009.png,-0.0010758369462564,0.0005015183123759,21.1623592376709,23.43301773071289,-0.0028059182222932,-0.0006134734721854
B_raw_s1_r16,00010.png,0.0011759747285395,5.127122494741343e-05,22.61355781555176,24.760181427001957,-0.0018078596331179,-0.0007271188660524
B_raw_s1_r16,00011.png,-0.0002651289396453,8.287554373964667e-05,23.41633415222168,26.50536346435547,-0.0017197066918015,-0.0007430885452777
B_raw_s1_r16,00012.png,0.00019106020045,-0.0005455238861031,21.267446517944336,25.377979278564453,0.0023211149964481,0.0002560283464845
B_raw_s1_r16,00013.png,0.0008495600777678,-0.0010190492030233,23.674400329589844,27.015613555908203,0.0039197485893964,0.0002927281602751
B_raw_s1_r16,00014.png,0.0013559754006564,-0.0011127447942271,27.313465118408203,22.537921905517575,0.0004628938622772,0.0006615672027692
B_raw_s1_r16,00015.png,-0.0001300966832786,0.0011074738577008,25.93570327758789,23.40945816040039,0.0026341222692281,0.0001980883971555
B_raw_s1_r16,00016.png,0.0012354794889688,0.0014463965781033,28.42360115051269,22.37289428710937,0.0009889253415167,0.0010014113504439
B_raw_s1_r16,00017.png,3.701187597471289e-05,0.0003018763673026,23.929262161254883,32.435428619384766,-0.0002309134288225,0.0003102712507825
B_raw_s1_r16,00018.png,0.0011523240245878,0.0021649382542818,25.634599685668945,22.086332321166992,-0.0018653467996045,0.0017919378587976
B_raw_s1_r16,00019.png,0.0028063897043466,0.0013037635944783,32.537506103515625,25.26447486877441,-0.0017100421246141,-0.0005368994898162
B_raw_s1_r16,00020.png,0.0014039492234587,-0.0018577014561742,24.87226867675781,28.79690170288086,0.0021119872108101,-0.0005436810315586
B_raw_s1_r16,00021.png,-0.0017800064524635,-0.0002847677969839,25.83927726745605,28.176347732543945,-0.0006031388766132,0.0014506556326523
B_raw_s1_r16,00022.png,-0.002097152872011,0.0003607131075114,26.233034133911133,22.850318908691406,-0.0036694412119686,0.004495421424508
B_raw_s1_r16,00023.png,2.1794932763441462e-05,-0.0005059422110207,24.72272491455078,20.752405166625977,-0.000965170096606,0.0019375024130567
B_raw_s1_r16,00024.png,-5.776332181994803e-05,-0.0018576893489807,26.564491271972656,27.155481338500977,0.0032585924491286,-0.0020927658770233
B_raw_s1_r16,00025.png,0.000856616825331,-0.0009089708910323,26.53106117248535,23.684032440185547,-0.0001860487827798,0.0002047867747023
B_raw_s1_r16,00026.png,-0.0006023323512636,-0.0013058776967227,23.31195640563965,26.53116798400879,0.0019409457454457,-1.375719511997886e-05
B_raw_s1_r16,00027.png,0.0009564017527736,0.0013435304863378,21.823894500732425,24.269994735717773,-0.0010247757891193,0.0015497208805754
B_raw_s1_r16,00028.png,0.0029545845463871,0.002621283289045,22.268709182739254,23.35825538635254,0.0008492517517879,0.0016606476856395
B_raw_s1_r16,00029.png,0.0016807836946099,2.004651287279557e-05,29.30061149597168,19.70242500305176,0.0021123273763805,-0.0045391805469989
B_raw_s1_r16,00030.png,0.0026821442879736,0.0013088237028568,26.27617835998535,32.9135856628418,0.0006305871065706,-0.0007056345348246
B_raw_s1_r16,00031.png,-0.000421664037276,0.0020955398213118,27.20182991027832,24.439512252807617,-0.001755642471835,0.0004123052058275
B_raw_s1_r16,00032.png,0.0014476360520347,-0.0011294399155303,21.157928466796875,21.39474105834961,0.0010766801424324,-0.0007725699688307
B_raw_s1_r16,00033.png,-0.0009731415193527,-0.0018985042115673,23.17580986022949,23.46413993835449,-0.0003583350044209,-0.0009876863332465
B_raw_s1_r16,00034.png,0.0001739814761094,0.0004208110331092,24.724201202392575,21.51789665222168,0.0012271149316802,-0.0014223367907106
B_raw_s1_r16,00035.png,0.0004665762244258,0.0003516453725751,28.101099014282227,25.916969299316406,-0.0041704340837895,-0.0031203073449432
B_raw_s1_r16,00036.png,-0.0006989090470597,0.0010451413691043,23.35967063903809,24.65572166442871,0.0017185844480991,-0.002700202865526
B_raw_s1_r16,00037.png,0.0017371379071846,0.0015908642672002,23.10306739807129,22.45322608947754,-2.8112373911426403e-05,-0.0007763861794956
B_raw_s1_r16,00038.png,-0.0010340302251279,0.0012646319810301,24.106468200683597,30.4841251373291,-0.0006578845786862,0.0029642495792359
B_raw_s1_r16,00039.png,-0.0011614442337304,0.0002454175846651,24.911157608032227,27.58663558959961,-0.0012293831678107,0.0008145524770952
B_raw_s1_r16,00040.png,-0.0010222431737929,0.0004735127440653,23.070777893066406,24.158063888549805,0.0006397469551302,0.0014301708433777
B_raw_s1_r16,00041.png,0.0014150164788588,0.0003446153714321,20.60913848876953,25.105674743652344,0.001555745024234,0.0016937626060098
B_raw_s1_r16,00042.png,0.0020770970731973,-0.0017645263578742,22.34576988220215,23.94757843017578,0.0003348020254634,-0.0013579168589785
B_raw_s1_r16,00043.png,0.0006165973609313,-0.0005668170633725,20.488582611083984,22.01201820373535,0.0037271929904818,0.0001338478323305
B_raw_s1_r16,00044.png,-0.0002521600981708,-0.0002419868105789,27.547039031982425,21.59757804870605,-0.0002005301066674,0.0005625564954243
B_raw_s1_r16,00045.png,-0.0012852560030296,-0.0022713814396411,24.121240615844727,22.91506767272949,-0.0004482340591493,6.506104455183959e-06
B_raw_s1_r16,00046.png,0.0003473907127045,0.0007338975556194,24.52401351928711,23.899415969848636,0.0016785970656201,0.0005522036226466
B_raw_s1_r16,00047.png,-0.0006604133523069,0.0008212302927859,28.878192901611328,24.628490447998047,-0.0007439080509357,0.0003550899564288
B_raw_s1_r16,00048.png,0.0006855683168396,-0.0014663857873529,23.292049407958984,27.70149803161621,0.0021354097407311,5.46090814168565e-05
B_raw_s1_r16,00049.png,-0.0003133379796054,-0.0014193861279636,24.31910896301269,25.01188087463379,0.0003567964886315,0.0007883557700552
B_raw_s1_r16,00050.png,0.0009365240694023,-0.0013983594253659,22.518434524536133,24.959304809570312,-0.0025678207166492,0.0014294472057372
B_raw_s1_r16,00051.png,-0.0018045504111796,-0.0027523804455995,26.69777488708496,25.694555282592773,-0.0024427643511444,-0.0008176246192306
B_raw_s1_r16,00052.png,-0.0002168602368328,0.0001402411144226,21.593284606933597,27.64385986328125,0.0024840964470058,0.0004646955057978
B_raw_s1_r16,00053.png,-0.0014616978587582,-0.0019621604587882,22.226783752441406,25.342998504638672,0.0003721019311342,0.000508461263962
B_raw_s1_r16,00054.png,-0.0018188817193731,0.002288510557264,25.76150131225586,25.9323844909668,-0.002492347266525,-0.0005513604846782
B_raw_s1_r16,00055.png,-0.0002723231445997,-0.0004317250859457,26.74019432067871,24.45542526245117,-0.0021136947907507,-0.0007365081110037
B_raw_s1_r16,00056.png,0.0009335248032584,-0.0017854844918474,23.55177497863769,27.635257720947266,-0.0016958476044237,0.0008173179230652
B_raw_s1_r16,00057.png,-0.0024163052439689,-0.0040197754278779,26.32765007019043,27.27760505676269,0.0012917342828586,-0.001098915701732
B_raw_s1_r16,00058.png,-0.0019990992732346,-0.0003903942124452,20.711240768432617,22.566118240356445,-0.0005152714438736,-0.0012778096133843
B_raw_s1_r16,00059.png,0.0014372237492352,-0.0001148210067185,20.85335731506348,22.01494026184082,0.0031653048936277,0.0017505208961665
B_raw_s1_r16,00060.png,-3.091914186370559e-05,-0.000993242370896,27.26613044738769,23.260011672973636,-0.0008620935841463,-0.0013910055859014
B_raw_s1_r16,00061.png,0.0013126943958923,-0.0002176119596697,31.739665985107425,24.23185539245605,0.0001499061909271,0.0029741066973656
B_raw_s1_r16,00062.png,-0.0023056548088788,0.0017838510684669,22.76400756835937,24.541683197021484,0.0006043487810529,-0.0001409778342349
B_raw_s1_r16,00063.png,0.0012367446906864,0.0007997400825843,23.55580711364746,25.555912017822266,0.0020850887522101,0.0001768656366039
B_raw_s1_r16,00064.png,-0.0006604423979297,0.0010519089410081,26.798019409179688,23.022117614746094,0.0010654953075572,-0.0006443547899834
B_raw_s1_r16,00065.png,0.0010413050185889,0.0017972297500818,22.601408004760746,22.51551818847656,-0.0011312731076031,-0.0020266401115804
B_raw_s1_r16,00066.png,-0.0007649746257811,0.000548148760572,30.194976806640625,22.368087768554688,-0.0001781692699296,0.002387732733041
B_raw_s1_r16,00067.png,0.001264170743525,0.0010067437542602,25.090614318847656,25.341066360473636,0.0004454621812328,0.000102887112007
B_raw_s1_r16,00068.png,-0.0017847034614533,-0.0019370884401723,23.55322265625,26.609506607055664,-0.0006760549149475,-0.0007730064680799
B_raw_s1_r16,00069.png,0.0022988957352936,-0.000654881587252,26.089757919311523,32.83257293701172,-0.0003152464632876,0.0011905401479452
B_raw_s1_r16,00070.png,-0.0026378815528005,-0.0019544411916285,28.14849853515625,24.572710037231445,-0.0007868378888815,8.580717258155346e-05
B_raw_s1_r16,00071.png,0.0018532316898927,0.0015484928153455,24.926050186157227,26.19913673400879,-0.0012735319323837,-0.0020269474480301
B_raw_s1_r16,00072.png,6.272340868918036e-08,6.52237722533755e-05,23.923452377319336,25.43739891052246,-0.0022984086535871,0.0015478410059586
B_raw_s1_r16,00073.png,-5.835494448547252e-05,0.0013486387906596,27.025123596191406,22.27521705627441,0.0034489971585571,0.0019583576358854
B_raw_s1_r16,00074.png,-0.000456405658042,-0.0001156711805379,22.992870330810547,22.43568992614746,0.0004106111300643,0.0005091963685117
B_raw_s1_r16,00075.png,-0.0003334037610329,0.0012880141148343,24.15415954589844,26.143983840942383,-0.0024989789817482,-0.0019582170061767
B_raw_s1_r16,00076.png,0.0004518494824878,0.0001880282943602,23.41084671020508,27.294883728027344,-0.0004034390731249,-0.0010069485288113
B_raw_s1_r16,00077.png,6.43983730697073e-05,-0.0004698778793681,23.922985076904297,24.420595169067383,-7.698298577452078e-05,0.0017178218113258
B_raw_s1_r16,00078.png,0.0011461729882284,0.0013357355492189,33.01362228393555,25.17982482910156,0.0015319709200412,-0.0022915420122444
B_raw_s1_r16,00079.png,-0.0001458623446524,-0.0007210301118902,22.67056655883789,21.405893325805664,0.002080385107547,-0.0005243686609901
B_raw_s1_r16,00080.png,-0.0003220318758394,0.0005850842571817,24.584766387939453,24.752159118652344,0.002053678035736,0.0001942085364134
B_raw_s1_r16,00081.png,-0.0021691448055207,-0.0031797862611711,25.832429885864254,24.787111282348636,0.0007823168998584,-0.0034785848110914
B_raw_s1_r16,00082.png,0.0002727988176047,-0.001677397522144,33.52450942993164,26.88913345336914,-0.0022347127087414,0.0001504419342381
B_raw_s1_r16,00083.png,-0.0016737704863771,-0.0007894740556366,22.79530143737793,23.9575252532959,0.000273256591754,-0.0017334802541881
B_raw_s1_r16,00084.png,0.0003707084106281,0.001133655430749,29.01658058166504,21.157695770263672,0.0009448394994251,0.002010500524193
B_raw_s1_r16,00085.png,-0.0012221983633935,0.0014740308979526,21.20941734313965,21.58680725097656,-0.0012753165792673,0.0022624132689088
B_raw_s1_r16,00086.png,-0.000989448511973,0.0006331837503239,20.84934425354004,25.458097457885746,-0.0008214461850002,7.695925160078332e-05
B_raw_s1_r16,00087.png,-0.0006907497299835,0.0012018493143841,24.4405574798584,23.270999908447266,1.4727471352671271e-05,0.0034043677151203
B_raw_s1_r16,00088.png,0.0002383353566983,0.0014933493221178,25.48727226257324,25.560148239135746,-0.0021541158203035,0.0015531642129644
B_raw_s1_r16,00089.png,-0.0003492675023153,-0.0006423836457543,23.747713088989254,28.6816349029541,0.0006459705764427,-0.0020827658008784
B_raw_s1_r16,00090.png,0.0003119128523394,-0.005832799244672,27.04878616333008,19.95868682861328,0.0006942867767065,0.0015288344584405
B_raw_s1_r16,00091.png,0.0004388777015265,0.0003753280325327,27.2332763671875,24.889951705932617,0.002044711029157,0.0024998462758958
B_raw_s1_r16,00092.png,-0.0002973006048705,0.0025417099241167,26.748010635375977,25.00531005859375,-0.0008954276563599,0.001304647186771
B_raw_s1_r16,00093.png,0.0017088461900129,0.0002664414059836,23.447315216064453,28.646360397338867,0.0001862510544015,0.0008408998255617
B_raw_s1_r16,00094.png,0.0012809246545657,0.0008187980856746,27.023481369018555,21.01708221435547,0.0001912827574415,-0.0024875639937818
B_raw_s1_r16,00095.png,0.0013051300775259,-0.0011863997206091,24.935697555541992,23.409433364868164,0.0002486281155142,0.0021958355791866
B_raw_s1_r16,00096.png,0.0026144022122025,-0.0004216246015857,25.056941986083984,21.951759338378903,-0.0023324394132941,0.0006006601615808
B_raw_s1_r16,00097.png,0.0003893636458087,0.0012045743642374,27.14641571044922,24.50558280944824,0.0014359155902639,0.0028779769781976
B_raw_s1_r16,00098.png,-0.0009379151742905,0.0008096563979052,25.30716133117676,22.530893325805664,-0.0014994830125942,0.0016681574052199
B_raw_s1_r16,00099.png,-0.0003487358917482,-0.0005676883738487,24.274797439575195,29.252161026000977,0.0006558877066709,-0.0007459058542735
B_raw_s1_r16,00100.png,0.000175178356585,0.0007868690299801,27.2911376953125,25.55584526062012,-0.0007145373965613,-0.0017387856496497
B_raw_s1_r16,00101.png,0.0011287933448329,0.0020545737352222,23.45708274841309,25.03681755065918,0.0015175838489085,0.0024755052290856
B_raw_s1_r16,00102.png,-0.0002874202036764,-0.0037270404864102,24.67437744140625,24.398826599121094,-4.834969149669632e-05,-0.0007035424932837
B_raw_s1_r16,00103.png,-0.0007345540216192,-0.0005641938187181,24.835054397583008,27.44830322265625,-0.0015179393813014,0.0009199219639413
B_raw_s1_r16,00104.png,0.0012959908926859,-0.0008770558051764,24.298067092895508,23.847484588623047,-0.0043884306214749,0.0016090867575258
B_raw_s1_r16,00105.png,-0.000101995159639,-0.0004058600170537,26.965076446533203,21.503154754638672,-0.0012231038417667,0.0016809209482744
B_raw_s1_r16,00106.png,0.0004325426998548,0.0016371952369809,27.373291015625,23.922304153442383,0.0008122795843519,0.0016894688596948
B_raw_s1_r16,00107.png,0.0022668368183076,0.0005337949842214,25.833696365356445,29.871522903442383,0.0003435294202063,0.0015086574712768
B_raw_s1_r16,00108.png,-0.0007149040466174,-0.0006467979983426,30.10396194458008,26.475685119628903,-0.0012452406808733,0.0020794062875211
B_raw_s1_r16,00109.png,-0.00070057134144,-0.0014951626071706,26.63406753540039,24.339252471923828,0.0009609157568775,-0.0009552967967465
B_raw_s1_r16,00110.png,0.0004932524752803,-0.0006718402146361,24.528085708618164,24.58267974853516,-0.0001945083786267,0.0030978431459516
B_raw_s1_r16,00111.png,-0.0014923269627615,-0.0014728603418916,29.028512954711918,27.00419235229492,0.001177535043098,-0.0002865508431568
B_raw_s1_r16,00112.png,-0.0020431692246347,0.0002413755428278,23.945695877075195,24.9257869720459,-0.0005298934411257,0.0011727693490684
B_raw_s1_r16,00113.png,0.0004449000116437,0.0017707389779388,25.924943923950195,28.256494522094727,0.0006207836559042,0.0001493347372161
B_raw_s1_r16,00114.png,0.0006682277307845,-0.0007695985259488,24.107820510864254,23.617826461791992,-0.0015961261233314,-0.0025950754061341
B_raw_s1_r16,00115.png,0.0004479533818084,-0.0003201534564141,20.499101638793945,25.055980682373047,-0.0023174046073108,0.0015074466355144
B_raw_s1_r16,00116.png,-0.0003116381412837,0.0002056201483355,22.274946212768555,24.507774353027344,0.0004200726980343,0.0018435667734593
B_raw_s1_r16,00117.png,0.0003402719739824,0.0023535941727459,27.93680763244629,23.22641372680664,-0.0011577890254557,-8.541619899915531e-05
B_raw_s1_r16,00118.png,0.0003609514678828,0.0016420483589172,21.56407928466797,26.26214408874512,3.882007877109572e-05,-0.0017402942758053
B_raw_s1_r16,00119.png,0.0013919409830123,0.0004909889539703,32.06645584106445,22.1954288482666,-0.0015012441435828,-0.0006192292785272
B_raw_s1_r16,00120.png,0.0021414787042886,0.002138769486919,32.55384826660156,25.16874313354492,-0.0020142714492976,-0.0004970378358848
B_raw_s1_r16,00121.png,0.0004092072776984,-0.0007529009599238,23.59285926818848,21.891345977783203,-0.0007640384719707,-0.0030458117835223
B_raw_s1_r16,00122.png,-0.0014215197879821,-0.0020645414479076,23.640670776367188,23.991331100463867,0.0007170466706156,0.0028718197718262
B_raw_s1_r16,00123.png,0.0013874423457309,-7.360239396803081e-05,25.55268859863281,29.944074630737305,-0.0027066094335168,-0.0019495338201522
B_raw_s1_r16,00124.png,-0.0031889902893453,-0.0025602281093597,26.216205596923828,25.683570861816406,0.0004343782493378,0.0002488655736669
B_raw_s1_r16,00125.png,-0.0001333031686954,0.0001691198267508,25.317541122436523,22.1385555267334,0.0020449557341635,-0.0025307605974376
B_raw_s1_r16,00126.png,-0.0012805106816813,-0.0017756776651367,22.63766288757324,24.86942481994629,0.0013964060926809,0.0008992942166514
B_raw_s1_r16,00127.png,0.003570582717657,0.0024993545375764,25.356990814208984,24.769420623779297,-0.0001549469016026,0.0037959415931254
B_raw_s1_r16,00128.png,0.0002166663762181,0.0004450455016922,29.565820693969727,21.349151611328125,-0.0015832850476726,0.0028828999493271
B_raw_s1_r16,00129.png,0.0006339747924357,0.0022229205351322,24.44328117370605,24.17460060119629,0.0006846927572041,1.7450314771849662e-05
B_raw_s1_r16,00130.png,-0.0034736925736069,-0.0011775135062634,22.722715377807617,24.6999626159668,-0.0001170838586403,-0.0030718583147972
B_raw_s1_r16,00131.png,0.0020953596103936,0.0023488092701882,24.88321304321289,22.2900333404541,-0.000865532841999,0.0004571663739625
B_raw_s1_r16,00132.png,0.0018636871827766,0.0007091068546287,30.73747062683105,26.85932731628418,-0.0016129476716741,-0.0028564194217324
B_raw_s1_r16,00133.png,-0.0006931153475306,-0.0006714026094414,24.159725189208984,27.93421173095703,-0.0017082295380532,0.0011581510771065
B_raw_s1_r16,00134.png,0.0005871713510714,-0.000346466404153,26.834136962890625,21.21388816833496,0.0002463310665916,0.0009609585395082
B_raw_s1_r16,00135.png,0.0002084777661366,-0.0009460431756451,28.57423210144043,31.93632698059082,8.310692646773532e-05,0.0015332062030211
B_raw_s1_r16,00136.png,0.0013105209218338,-0.0003455061814747,26.495943069458008,26.355131149291992,-0.0023590007331222,-0.0036617422010749
B_raw_s1_r16,00137.png,-0.0029229074716567,-0.0008355420432053,23.94744110107422,21.139102935791016,0.0012920656008645,0.0026106818113476
B_raw_s1_r16,00138.png,-0.0017973782960325,-0.0006203418015502,23.685565948486328,26.35777473449707,-0.0002187163481721,0.0016791122034192
B_raw_s1_r16,00139.png,0.0001009768602671,0.0011915158247575,34.74943161010742,24.37346839904785,-0.0012966628419235,0.0035736623685806
B_raw_s1_r16,00140.png,0.0012112850090488,-8.721888661966659e-06,23.153770446777344,21.332019805908203,-0.0018344646086916,0.0009913549292832
B_raw_s1_r16,00141.png,0.00117224722635,-5.298617179505527e-05,21.754344940185547,24.28167152404785,0.0003548256936483,0.0001112550671678
B_raw_s1_r16,00142.png,0.0002805770782288,-0.0004876332823187,29.43779945373535,22.11548614501953,0.0003997492894995,-0.001165252062492
B_raw_s1_r16,00143.png,0.0009535980643704,-0.0008442460675723,23.925954818725582,21.88094520568848,0.0001267368061235,-0.000295563484542
B_raw_s1_r16,00144.png,-0.0010173303307965,-0.0004983528633601,22.60482788085937,21.559833526611328,0.0027217122260481,-0.0028757285326719
B_raw_s1_r16,00145.png,0.0016083329683169,0.000717508024536,22.41869163513184,26.174415588378903,-0.0007582470425404,-0.0023519091773778
B_raw_s1_r16,00146.png,-0.0009171986603178,-0.0007217816310003,24.558269500732425,19.886791229248047,0.0063486895523965,0.0014823952224105
B_raw_s1_r16,00147.png,0.0016052040737122,-0.0007666219607926,22.261707305908203,26.04764747619629,0.0005481347907334,-0.0021756989881396
B_raw_s1_r16,00148.png,-0.0005746991373598,0.0003458730352576,22.60653305053711,24.73841857910156,0.000433483015513,0.0020302350167185
B_raw_s1_r16,00149.png,-0.0025482284836471,-0.0017664940096437,20.79376792907715,27.14116859436035,0.0014001994859427,0.0037495358847081
B_raw_s1_r16,00150.png,0.0008610975346527,0.0015719082439318,22.937217712402344,23.91396141052246,-6.477840361185372e-05,0.0016952827572822
B_raw_s1_r16,00151.png,-0.000926254724618,0.0009459737339057,26.05010414123535,27.874248504638672,0.0005488043534569,0.0013300409773364
B_raw_s1_r16,00152.png,0.0012638905318453,-0.0021654923912137,22.2885684967041,23.54138565063477,-0.0034732720814645,0.0009240719955414
B_raw_s1_r16,00153.png,-0.0013199581298977,-0.0011810725554823,22.53571128845215,27.2755184173584,0.0015598469180986,0.0002312645374331
B_raw_s1_r16,00154.png,1.0660769476089628e-05,0.0020483774133026,23.36444091796875,25.532745361328125,-0.0025362898595631,0.0040648495778441
B_raw_s1_r16,00155.png,0.000601002073381,2.4911638320190832e-05,27.107994079589844,31.25267601013184,-0.0016937270993366,0.0020348459947854
B_raw_s1_r16,00156.png,-0.0021551414392888,-0.0005795074393972,23.66566467285156,21.32683753967285,0.0027582498732954,-0.002275878097862
B_raw_s1_r16,00157.png,-0.000296222657198,-0.0004092627495992,24.48072052001953,25.24822998046875,0.0033314446918666,-0.0056660096161067
B_raw_s1_r16,00158.png,-0.0001725946494843,-0.0016754042590036,24.995132446289062,28.301645278930664,0.0004634233773685,-0.0015156094450503
B_raw_s1_r16,00159.png,0.0004178836825303,-0.0003977751766797,22.241779327392575,22.359447479248047,-0.0011168274795636,-0.000662553415168
B_raw_s1_r16,00160.png,0.0005512322532013,-0.0009657790651544,30.5114803314209,25.03840446472168,-7.294763054233044e-05,0.0022976039908826
B_raw_s1_r16,00161.png,0.0011007906869053,0.0015310927992686,23.6163272857666,32.47164535522461,-0.0027988615911453,-0.0009192778379656
B_raw_s1_r16,00162.png,0.0004469897248782,-0.0014285198412835,21.47038459777832,25.330781936645508,-0.0035250277724117,-0.0010033958824351
B_raw_s1_r16,00163.png,-0.0011134658707305,-0.0009740098030306,23.9586181640625,35.68106460571289,-0.0011784579837694,0.0038208009209483
B_raw_s1_r16,00164.png,-0.0001442119100829,0.0006116927252151,22.29698944091797,26.606687545776367,0.0007620881660841,-0.0006342155393213
B_raw_s1_r16,00165.png,-0.00047876406461,0.0018815340008586,24.76311492919922,24.501934051513672,8.954306395025924e-05,0.0018185571534559
B_raw_s1_r16,00166.png,0.0015894175739958,0.0007887828396633,24.66823959350586,27.570941925048828,0.000401560391765,-0.0014211236266419
B_raw_s1_r16,00167.png,0.0002709936816245,0.000276091392152,24.792821884155277,24.15122604370117,0.0001069306817953,0.0003963444905821
B_raw_s1_r16,00168.png,-0.0009900494478642,0.0018026856705546,24.225147247314453,20.656238555908203,0.0005122180446051,0.0003614124725572
B_raw_s1_r16,00169.png,0.0003627666446845,0.0025247561279684,22.526376724243164,35.73887252807617,-0.0023412001319229,0.0009118562447838
B_raw_s1_r16,00170.png,4.904260276816785e-05,0.0019189945887774,29.765182495117188,21.613582611083984,0.0010554129257798,0.0025151805020868
B_raw_s1_r16,00171.png,0.0009929318912327,0.0014699226012453,22.955434799194336,25.48307609558105,-0.0020711119286715,-0.0001370585523545
B_raw_s1_r16,00172.png,0.0005518876714631,-9.632401634007692e-05,19.304935455322266,24.008838653564453,0.0043231286108493,-0.0003591897257138
B_raw_s1_r16,00173.png,-0.0027259578928351,-0.0006876133265905,22.86861801147461,29.75176239013672,0.0015307995490729,-4.510620783548802e-05
B_raw_s1_r16,00174.png,-0.0018276568735018,0.0002592436794657,24.74778175354004,21.89490509033203,-0.0001518337958259,-0.0003966274380218
B_raw_s1_r16,00175.png,0.0018341672839596,-0.0007901125936768,25.70833396911621,32.79818344116211,0.0008495103684253,0.0004042142536491
B_raw_s1_r16,00176.png,-0.0002455491921864,-0.0014514906797558,23.489633560180664,23.3090763092041,0.000545913237147,0.0027198006864637
B_raw_s1_r16,00177.png,-0.0008913807105273,-0.0004888608236797,23.97112464904785,22.537233352661133,0.001578384428285,-0.0015299224760383
B_raw_s1_r16,00178.png,-0.000549815245904,0.0015396660892292,23.885149002075195,29.399978637695312,-0.0007166743744164,0.0004666945606004
B_raw_s1_r16,00179.png,0.0005456967046484,0.0003494279226288,20.515649795532227,22.04802131652832,-0.0029624530579894,-0.000339072314091
B_raw_s1_r16,00180.png,0.0012098636943846,0.0016780184814706,23.394405364990234,25.64392471313477,-0.0017945438157767,0.0023217289708554
B_raw_s1_r16,00181.png,0.0027498726267367,0.0005893303314223,30.12965583801269,21.89341735839844,0.0010387344518676,-0.0003092046245001
B_raw_s1_r16,00182.png,0.0010700703132897,-0.0012565271463245,23.512672424316406,27.99161529541016,0.0009980165632441,-0.0014791486319154
B_raw_s1_r16,00183.png,0.0011899595847353,-0.0001144019697676,29.14227867126465,24.751787185668945,-0.0007998822256922,-0.0057422965764999
B_raw_s1_r16,00184.png,-0.0007432467537,-0.000261338223936,21.99538230895996,23.16040802001953,0.0006771564949303,0.0012938262661918
B_raw_s1_r16,00185.png,-0.0009033771348185,7.745784387225285e-05,25.774192810058597,25.419044494628903,-0.0012807721504941,0.0014535273658111
B_raw_s1_r16,00186.png,-0.0008178254356607,-0.0011723935604095,28.277263641357425,20.436861038208008,-0.0014815792674198,-0.0034663998521864
B_raw_s1_r16,00187.png,0.0008584528113715,-0.0005550333298742,21.514760971069336,26.17297744750977,-0.0001452607684768,-0.0028374826069921
B_raw_s1_r16,00188.png,0.0032489988952875,0.0002779057249426,23.89613151550293,24.71388816833496,0.0015521025052294,-0.0018211805727332
B_raw_s1_r16,00189.png,0.0001419798645656,-0.0004354833799879,25.080047607421875,29.030012130737305,0.0002142613957403,-0.0003442105371505
B_raw_s1_r16,00190.png,-0.0010113850003108,0.0002049328031716,23.996828079223636,23.734575271606445,-0.0001062633018591,-0.0004371362447272
B_raw_s1_r16,00191.png,-0.0007459487533196,0.0018036852125078,25.7233943939209,32.69524383544922,-0.0005260626785457,0.0022736294195055
B_raw_s1_r16,00192.png,-0.0004928417038172,-0.0017185844480991,25.609132766723636,22.81309700012207,-0.0017163857119157,-0.0001212896022479
B_raw_s1_r16,00193.png,-0.0003644192183855,0.0021298225037753,24.95399475097656,28.619991302490234,-3.967478187405504e-05,0.0031376585830003
B_raw_s1_r16,00194.png,0.0016778093995526,0.0008652741671539,24.980165481567383,27.671220779418945,0.0001074457395588,0.0004663038707803
B_raw_s1_r16,00195.png,0.0008936747908592,0.0024707249831408,26.827865600585938,24.774932861328125,0.0040891794487833,-0.0018238152842968
B_raw_s1_r16,00196.png,4.0952374547487125e-05,-0.0007870703702792,22.877857208251957,27.08556365966797,-0.001799177727662,-0.0019415984861552
B_raw_s1_r16,00197.png,0.000588598952163,0.0014366757823154,29.92147827148437,25.176889419555664,-0.0002019417152041,-0.0009088841034099
B_raw_s1_r16,00198.png,0.0025128661654889,-0.0003105775977019,24.58041381835937,24.16059112548828,-0.0009662040974944,-0.0014651798410341
B_raw_s1_r16,00199.png,0.0009391799685545,-0.0019110908033326,22.87225151062012,26.6518611907959,0.0016304815653711,0.0011980106355622
B_raw_s1_r16,00200.png,-0.0002249873796245,-0.0015737548237666,24.18357276916504,30.14116859436035,-0.0006395300733856,0.0010093678720295
B_raw_s1_r16,00201.png,-0.0019655206706374,0.0006438026903197,26.192218780517575,20.789945602416992,-0.000748083461076,-0.0029319925233721
B_raw_s1_r16,00202.png,-0.0003793899086304,-0.0015829323092475,24.563705444335938,24.051910400390625,0.0013439670437946,-0.0004151388129685
B_raw_s1_r16,00203.png,-0.0005097021348774,0.0001538121141493,25.44318580627441,25.405641555786133,0.000349939946318,0.0008225883939303
B_raw_s1_r16,00204.png,-0.0005982663133181,-0.001038268324919,25.444679260253903,21.53582191467285,0.001282094977796,-0.0027837180532515
B_raw_s1_r16,00205.png,0.0003492464020382,-0.0013886644737794,25.258852005004883,24.06119537353516,-0.0025510569103062,-0.0004980866215191
B_raw_s1_r16,00206.png,-0.0024318683426827,0.000594921526499,23.878129959106445,27.760597229003903,-0.0007033800357021,-0.0013115239562466
B_raw_s1_r16,00207.png,-0.0028846559580415,0.0003836476244032,22.59532165527344,25.44278907775879,0.0004389602981973,-0.0019143583485856
B_raw_s1_r16,00208.png,-0.0003489659575279,-0.0006752229528501,23.734601974487305,22.246973037719727,0.001228304230608,0.0027981996536254
B_raw_s1_r16,00209.png,0.0003858302661683,-0.0014894208870828,22.463594436645508,20.63562393188477,0.0009915998671203,-0.0001016484457068
B_raw_s1_r16,00210.png,-0.0003505987406242,0.0014823285164311,22.59163475036621,20.968116760253903,0.0005133034428581,-0.000736963993404
B_raw_s1_r16,00211.png,-0.0004206801240798,0.0001899524941109,24.379825592041016,25.79795265197754,0.001865948899649,-4.4603479182114825e-05
B_raw_s1_r16,00212.png,0.0006372868665494,-0.0013004328357055,24.095678329467773,22.616788864135746,0.0008650858071632,-0.0019417551811784
B_raw_s1_r16,00213.png,0.0001916318433359,0.000973594316747,26.253070831298828,27.63364028930664,-0.0011388874845579,0.0008032395271584
B_raw_s1_r16,00214.png,-0.0005686920485459,0.0011094082146883,23.623401641845703,22.953649520874023,0.0006101346807554,0.0004899754421785
B_raw_s1_r16,00215.png,0.0020628909114748,0.0006459703436121,27.656686782836918,25.370994567871094,-0.0004828527744393,0.0007126873824745
B_raw_s1_r16,00216.png,0.0019908773247152,0.0032722640316933,28.56512260437012,33.52122497558594,0.0017385355895385,-0.0003071722167078
B_raw_s1_r16,00217.png,0.0030856763478368,-0.0007328198989853,28.127910614013672,25.235429763793945,0.0002517143730074,-0.0007783059263601
B_raw_s1_r16,00218.png,0.0020626187324523,-0.0014263757038861,28.370197296142575,28.128881454467773,0.0032672267407178,-0.0043220305815339
B_raw_s1_r16,00219.png,0.0021217735484242,0.0003099942987319,25.362998962402344,20.866195678710938,0.0019286369206383,0.0004887792165391
B_raw_s1_r16,00220.png,-3.552770067472011e-05,0.0001110168304876,22.6400146484375,27.816320419311523,0.0028599291108548,-0.0006910526426509
B_raw_s1_r16,00221.png,-5.443513873615302e-05,0.0004023740475531,26.40065574645996,24.337570190429688,0.0029901613015681,0.0008567229961045
B_raw_s1_r16,00222.png,-0.0006040281732566,-0.001492730109021,21.19314956665039,24.577150344848636,-0.0011049541644752,4.123620601603761e-05
B_raw_s1_r16,00223.png,0.0012129796668887,0.0016919117188081,26.357894897460938,26.07061767578125,-0.001808222848922,0.0005630161031149
B_raw_s1_r16,00224.png,-0.000789456476923,0.0008566429605707,21.413789749145508,23.235271453857425,0.0048992321826517,0.0026435100007802
B_raw_s1_r16,00225.png,0.0011860968079417,-0.0013353126123547,29.42621421813965,24.353906631469727,0.0044164722785353,-0.0002866999711841
B_raw_s1_r16,00226.png,0.0009034409886226,-0.0016617815708741,24.10614776611328,27.13436508178711,0.0049227336421608,0.0046034418046474
B_raw_s1_r16,00227.png,-0.000703101279214,0.0009351633489131,23.0986270904541,20.915380477905277,0.0007816625293344,-0.0031470006797462
B_raw_s1_r16,00228.png,0.0001228729524882,-1.989035627047997e-05,20.876924514770508,20.55208396911621,0.0002012652985285,-0.0002715051814448
B_raw_s1_r16,00229.png,-0.0004832297854591,0.0003210734867025,31.52873420715332,27.731176376342773,0.0015641134232282,0.0001159524472313
B_raw_s1_r16,00230.png,0.0008865752024576,0.0001483697124058,26.25746154785156,25.869951248168945,-0.0006706067943014,-0.0009896248811855
B_raw_s1_r16,00231.png,0.0024253991432487,-0.0007959887734614,30.75198554992676,28.22676658630371,0.0005757746985182,-0.0015396430389955
B_raw_s1_r16,00232.png,0.0007461362984031,0.0002966664906125,22.563676834106445,26.35136032104492,0.0010234038345515,0.0015774009516462
B_raw_s1_r16,00233.png,-0.0003005723410751,-1.831550798669923e-05,20.58561134338379,21.1980094909668,0.0002463903801981,0.0005617308197543
B_raw_s1_r16,00234.png,0.0026404131203889,0.00135825923644,22.88124084472656,24.990596771240234,-0.000244918919634,0.0010881909402087
B_raw_s1_r16,00235.png,-5.699439498130232e-05,0.0011403652606531,24.379987716674805,22.42554473876953,-0.0003187886613886,-0.0002555442624725
B_raw_s1_r16,00236.png,-0.0005076468805782,7.323061436181888e-05,30.486347198486328,29.869667053222656,-0.0029150312766432,-0.0011432120809331
B_raw_s1_r16,00237.png,3.142084460705519e-05,-0.0004166793951299,20.791156768798828,23.386837005615234,-0.0001505606778664,0.0015915561234578
B_raw_s1_r16,00238.png,0.0015864778542891,-0.0019517893670126,25.5611515045166,22.804296493530277,0.0003179952327627,0.0010281895520165
B_raw_s1_r16,00239.png,0.0005087853060103,-0.0011264134664088,22.386695861816406,27.028194427490234,-0.0004905362147837,0.0017986480379477
B_raw_s1_r16,00240.png,0.0017781062051653,0.0009725117706693,27.55695533752441,26.38709831237793,-0.0012177632888779,0.0013709677150472
B_raw_s1_r16,00241.png,-0.0007354200934059,-0.0013822247274219,24.522077560424805,20.74964904785156,0.0017010007286444,-4.956019620294683e-05
B_raw_s1_r16,00242.png,0.0001855793379945,-0.0004394017159938,23.605831146240234,28.64351463317871,0.0004832951526623,0.0040171896107494
B_raw_s1_r16,00243.png,-0.0011663065524771,-0.0009548213565722,25.92226791381836,22.301559448242188,-0.0019489233382046,0.0020500198006629
B_raw_s1_r16,00244.png,-0.0008673044503666,0.0005836414638906,23.5176944732666,24.781227111816406,-0.0046014380641281,0.0017560662236064
B_raw_s1_r16,00245.png,-0.0048354663886129,-0.007466587703675,25.456918716430664,24.32977294921875,0.0019378375727683,-0.0013622109545394
B_raw_s1_r16,00246.png,-0.0001325598277617,0.0013661191333085,25.99887084960937,27.62856101989746,-0.000511925201863,0.0029080987442284
B_raw_s1_r16,00247.png,0.0008303131908178,-0.0003828762855846,22.958402633666992,24.35187721252441,-0.0001433000870747,0.0010173813207075
B_raw_s1_r16,00248.png,-0.000417696632212,-0.0020353149157017,28.101198196411133,22.29145622253418,0.0011627963976934,-7.325533806579188e-05
B_raw_s1_r16,00249.png,-0.0004225272859912,-0.0003975364670623,20.82270622253418,24.128440856933597,0.0021853945218026,-0.0005057228263467
B_raw_s1_r16,00250.png,-0.0005215184064581,0.0006075208657421,21.538623809814453,23.55072784423828,-0.0022803302854299,-0.0015119587769731
B_raw_s1_r16,00251.png,0.0007632509223185,-0.0001561723911436,26.29814720153809,35.074188232421875,0.0014217778807505,-0.0022503060754388
B_raw_s1_r16,00252.png,0.0004294592654332,-0.0005373099120333,23.67898941040039,25.50750160217285,0.0027503794990479,-0.0042612119577825
B_raw_s1_r16,00253.png,0.0013141531962901,0.0023830158170312,20.43679428100586,21.42301750183105,0.0002825621631927,0.0007013419526629
B_raw_s1_r16,00254.png,-0.0008171831141225,0.001291555352509,25.764036178588867,23.625886917114254,-0.0002309584670001,-0.0029054533224552
B_raw_s1_r16,00255.png,0.0008448855951428,0.0013385524507611,23.603633880615234,27.259187698364254,0.0010450610425323,0.0006459344294853
B_raw_s1_r16,00256.png,-0.0037212842144072,-0.0017369310371577,23.43927383422852,20.87346076965332,6.697484059259295e-05,0.0011508751194924
B_raw_s1_r16,00257.png,0.001010964740999,0.0001841339108068,22.53233528137207,24.56938362121582,0.0006042484310455,0.0017023863038048
B_raw_s1_r16,00258.png,0.000896374345757,-0.0010075623868033,26.64781188964844,23.70409774780273,-0.000491140235681,-9.724362462293357e-05
B_raw_s1_r16,00259.png,0.0001726306654745,-0.001556186703965,33.03208541870117,27.26823616027832,-0.0017231734236702,0.0009338688687421
B_raw_s1_r16,00260.png,0.0008171634981408,0.0001535523624625,22.883861541748047,24.01060485839844,-0.0002224573690909,-0.0028640329837799
B_raw_s1_r16,00261.png,0.000860008993186,0.00108651118353,23.18683242797852,27.282995223999023,-0.0006214423337951,0.0009042770834639
B_raw_s1_r16,00262.png,-0.0005929834442213,0.0003361957205925,31.620580673217773,26.63083839416504,0.0024096926208585,0.0022144943941384
B_raw_s1_r16,00263.png,0.0017204293981194,0.0021946504712104,24.58568572998047,22.748655319213867,0.0025156105402857,0.0022050065454095
B_raw_s1_r16,00264.png,0.0011620533186942,0.004018454812467,26.56731986999512,24.0113525390625,-0.0004711419751401,-0.0015857334947213
B_raw_s1_r16,00265.png,-0.0011882563121616,-0.0019194377819076,23.49932098388672,21.69638061523437,-0.0012775277718901,0.0013738716952502
B_raw_s1_r16,00266.png,-0.000718826719094,0.0001980925881071,25.25929832458496,30.405941009521484,-0.00058496609563,-0.0028407683130353
B_raw_s1_r16,00267.png,-0.000463132164441,-0.0008504647412337,28.49251937866211,24.39162254333496,-0.0009233822347596,-0.0030911637004464
B_raw_s1_r16,00268.png,0.0011015177005901,0.0030351891182363,21.640350341796875,23.865005493164062,9.80754048214294e-05,-0.0002141741570085
B_raw_s1_r16,00269.png,0.0002310811687493,0.0006213426240719,23.732271194458008,26.29994010925293,-0.0008642977336421,-0.0011031239992007
B_raw_s1_r16,00270.png,-0.0022982745431363,-0.0002973889640998,22.17807006835937,21.4207763671875,-0.0001988246222026,0.0008008399163372
B_raw_s1_r16,00271.png,-0.0001415958686266,-0.0005490539479069,21.06786155700684,27.814477920532227,-0.0042700278572738,0.0002334021992282
B_raw_s1_r16,00272.png,-0.0001202659623231,0.0022327941842377,25.761369705200195,26.9404296875,-0.0007623482379131,-0.0017137641552835
B_raw_s1_r16,00273.png,-0.0016151232412084,0.0010004851501435,25.823110580444336,26.359180450439453,-0.0003304056881461,-3.3573473046999425e-05
B_raw_s1_r16,00274.png,0.0021121480967849,0.0007904010126367,22.29778480529785,25.781837463378903,-0.0001346318313153,-0.0008211347740143
B_raw_s1_r16,00275.png,0.000916298944503,0.0004395692376419,22.37450218200684,23.21442031860352,0.0003740388783626,-0.0012333617778494
B_raw_s1_r16,00276.png,0.0001787520304787,0.0016880044713616,23.479990005493164,24.28343391418457,-0.0040154419839382,-0.0003154971636831
B_raw_s1_r16,00277.png,0.0005818133358843,-0.0006171511486172,23.532062530517575,24.366958618164062,0.0019226330332458,-0.0018202946521341
B_raw_s1_r16,00278.png,-0.0011159828864037,0.0023557036183774,27.306509017944336,20.263330459594727,0.001539914868772,-0.0002790805592667
B_raw_s1_r16,00279.png,6.014806785969995e-05,0.001058247173205,20.82611846923828,29.15443420410156,-0.0034638219512999,0.0030143554322421
B_raw_s1_r16,00280.png,0.0033669369295239,0.0004108769644517,22.669166564941406,22.825050354003903,-0.0008334318990819,0.0002666786022018
B_raw_s1_r16,00281.png,-0.0013981289230287,-0.002570703625679,21.32241439819336,24.25511932373047,-0.0003218427009414,0.0038425691891461
B_raw_s1_r16,00282.png,0.0003695092746056,-0.0012221665820106,23.275840759277344,21.475757598876957,0.0024765220005065,0.0011432799510657
B_raw_s1_r16,00283.png,-0.0008002488757483,0.0003255123447161,25.41848564147949,25.4317684173584,-0.0017668118234723,-0.001061218092218
B_raw_s1_r16,00284.png,0.0001651833008509,-0.0007261867867782,28.470855712890625,26.10816764831543,0.0011377321789041,-0.0031860140152275
B_raw_s1_r16,00285.png,-0.0005015328642912,-0.0013278588885441,23.005908966064453,29.518754959106445,-0.0024199085310101,0.0020931272301822
B_raw_s1_r16,00286.png,-0.0003155266458634,-0.0003486918285489,23.50859642028809,29.484174728393555,0.000563722802326,-0.0003797157260123
B_raw_s1_r16,00287.png,-0.0002077219833154,-0.0014248470542952,22.688161849975582,23.47832489013672,-0.0007847165106795,-0.0002354898897465
B_raw_s1_r16,00288.png,-0.0018025283934548,0.0009398468537256,28.681102752685547,28.333362579345703,-0.0015097598079591,-0.0008202828466892
B_raw_s1_r16,00289.png,-0.0010258457623422,-0.0003432617231737,23.63357162475586,24.216249465942383,0.0010925219394266,-0.0026279492303729
B_raw_s1_r16,00290.png,-0.0032084523700177,0.0005367122939787,24.49208641052246,24.970918655395508,-0.0012244567042216,0.0011586289620026
B_raw_s1_r16,00291.png,0.0010165957501158,0.001357726752758,26.339258193969727,23.37510871887207,0.0011746574891731,0.0031528014224022
B_raw_s1_r16,00292.png,0.0011731629492715,-0.0003090280806645,27.42315673828125,24.135087966918945,8.934623110690154e-06,0.0018276941264048
B_raw_s1_r16,00293.png,0.0017131044296547,-0.0003969697572756,26.27472686767578,25.27580070495605,0.001364569645375,0.0001787338551366
B_raw_s1_r16,00294.png,-0.0007596738869324,-0.0018482881132513,20.875289916992188,25.312885284423828,0.0018651419086381,0.0001568162260809
B_raw_s1_r16,00295.png,0.0003657543275039,-0.0014757858589291,23.188894271850582,23.618728637695312,0.003839814569801,0.0050321966409683
B_raw_s1_r16,00296.png,5.302217323333025e-05,0.0009920566808432,24.31961441040039,25.598880767822266,0.0030216914601624,0.0004416522278916
B_raw_s1_r16,00297.png,-0.0001742332970025,-0.0027570934034883,22.349544525146484,25.90204429626465,0.0020837713964283,-0.0008819893701002
B_raw_s1_r16,00298.png,-0.0013921911595389,0.0007707299082539,24.601030349731445,23.798311233520508,0.000499838439282,0.000652951770462
B_raw_s1_r16,00299.png,-0.0009376191301271,0.0004671147326007,23.395952224731445,22.32758903503418,-0.0008481257245875,0.0019926845561712
B_raw_s1_r16,00300.png,-0.0019554723985493,-0.0012628834228962,26.905961990356445,25.248291015625,0.0021783742122352,-0.0050605409778654
B_raw_s1_r16,00301.png,0.0009342912817373,0.0012161245103925,23.78665542602539,22.076387405395508,-0.0022104959934949,-0.0022788629867136
B_raw_s1_r16,00302.png,-0.0009957272559404,0.000177310386789,25.976119995117188,26.0687198638916,-0.0009830479975789,-0.0001260352000826
B_raw_s1_r16,00303.png,-0.0001971549063455,0.0008224186021834,23.691953659057617,22.42217445373535,0.0014964450383558,-0.0012024198658764
B_raw_s1_r16,00304.png,-0.0014858855865895,-0.0017797542968764,23.161794662475582,24.83448600769043,0.0007144046248868,0.0002615923294797
B_raw_s1_r16,00305.png,0.0005208438960835,-0.0010024638613685,24.26225852966309,25.06109619140625,0.000638156721834,-0.0005623899633064
B_raw_s1_r16,00306.png,0.0034486546646803,0.0014438837533816,20.70948600769043,22.09410095214844,0.0013559960061684,-1.0635176295181736e-05
B_raw_s1_r16,00307.png,0.0015187023673206,-0.0012433981755748,24.61014747619629,25.91847038269043,0.0002647420333232,-0.000495636020787
B_raw_s1_r16,00308.png,0.0009922137251123,-0.0004665044543799,24.49095344543457,24.26874542236328,0.0003385654708836,0.0003708465083036
B_raw_s1_r16,00309.png,-7.030440610833466e-05,-6.827990728197619e-05,25.99847221374512,30.718914031982425,0.0029284814372658,-0.0035014147870242
B_raw_s1_r16,00310.png,-0.0001748542563291,0.0010901388013735,26.228151321411133,24.72931861877441,0.0015970437088981,-0.0008583026356063
B_raw_s1_r16,00311.png,0.00164060969837,0.0013919220073148,25.917949676513672,28.7712459564209,-0.0017044333508238,0.0001074839528882
B_raw_s1_r16,00312.png,6.899203435750678e-05,0.0029410859569907,21.24221420288086,22.931377410888672,-5.1990900828968734e-05,0.0010000215843319
B_raw_s1_r16,00313.png,-0.0004131151363253,0.0010336866835132,24.760257720947266,24.32387924194336,0.0013257754035294,-0.004586084280163
B_raw_s1_r16,00314.png,0.0009026980842463,0.000759174930863,27.77678108215332,28.36761283874512,-0.0022292090579867,-0.00062675436493
B_raw_s1_r16,00315.png,-0.0029306882061064,0.0001080939910025,27.04823112487793,24.17751121520996,-7.742614252492785e-05,0.0002774593303911
B_raw_s1_r16,00316.png,-6.407740875147283e-05,-0.0005158446729183,29.85921669006348,26.207969665527344,-0.0022503889631479,-0.0003281018871348
B_raw_s1_r16,00317.png,0.002444548998028,0.0058694519102573,23.742679595947266,26.05707359313965,0.000669507542625,0.0003401135618332
B_raw_s1_r16,00318.png,-0.001905791228637,-0.0010839079041033,23.42763328552246,20.90000534057617,0.0014775202143937,0.0004458542389329
B_raw_s1_r16,00319.png,0.0014846957055851,0.0020544338040053,25.91718101501465,23.5932674407959,-0.0006544197094626,0.0003580173943191
B_raw_s1_r16,00320.png,0.0001714229147182,0.0012804889120161,23.6512393951416,26.9699649810791,0.0020514116622507,0.0016965484246611
B_raw_s1_r16,00321.png,0.0029397620819509,0.0011705220676958,23.12542533874512,28.1876163482666,-0.0005901156691834,-0.0011880954261869
B_raw_s1_r16,00322.png,0.0010189076419919,-0.0002477710368111,24.830766677856445,25.965381622314453,-0.0013023059582337,-0.0005970107158645
B_raw_s1_r16,00323.png,0.0022091642022132,-0.0016180904349312,26.66593360900879,27.007686614990234,-0.0009453474776819,-0.0011847775895148
B_raw_s1_r16,00324.png,-0.0005717860185541,0.0004006114904768,23.70602035522461,25.26169776916504,0.0006448964122682,0.0018262036610394
B_raw_s1_r16,00325.png,-0.0012805222067981,-0.0006482831086032,26.15717315673828,24.202537536621094,0.001092889229767,-0.0019383614417165
B_raw_s1_r16,00326.png,0.0015548798255622,0.000838448991999,31.222543716430664,23.553377151489254,0.0010192025220021,0.001646289601922
B_raw_s1_r16,00327.png,0.0011235943529754,0.0019074789015576,22.05084800720215,26.22853660583496,-0.002507901052013,-0.0028296683449298
B_raw_s1_r16,00328.png,-0.0006219262722879,0.0002684040518943,26.10130500793457,22.91641998291016,0.0008086603484116,0.0003397965629119
B_raw_s1_r16,00329.png,0.0015355749055743,0.0010611825855448,22.58229637145996,23.21730232238769,-0.0005976309184916,0.0016186085995286
B_raw_s1_r16,00330.png,0.0024431133642792,0.0004215721564833,24.19074821472168,21.433748245239254,0.0021478713024407,-0.0004057674668729
B_raw_s1_r16,00331.png,0.0024275099858641,0.0016963373636826,29.74099540710449,24.480987548828125,-0.001047114143148,0.0001698085980024
B_raw_s1_r16,00332.png,0.0008413687464781,-0.0003715827770065,25.39183807373047,23.496397018432617,0.0005453252815641,-0.0010504741221666
B_raw_s1_r16,00333.png,0.000895045697689,0.0002791719452943,24.957239151000977,29.5087833404541,0.0012998378369957,0.0013752441154792
B_raw_s1_r16,00334.png,0.0008051913464441,0.0008323376532644,24.54176521301269,23.14371109008789,-0.0015922620659694,0.0024221709463745
B_raw_s1_r16,00335.png,0.0022068656980991,-0.0004928234848193,23.764766693115234,26.183542251586918,-0.001443880260922,-0.0019971039146184
B_raw_s1_r16,00336.png,-0.0008571473881602,-0.0020032706670463,24.26837158203125,22.82194709777832,0.0027570796664804,-0.0048024025745689
B_raw_s1_r16,00337.png,0.0014762558275833,0.0016389229567721,27.4969539642334,25.58106231689453,-0.0017658345168456,-0.0023989425972104
B_raw_s1_r16,00338.png,0.0006762353004887,0.0012319481465965,25.01903915405273,25.24785804748535,-0.0016547628911212,-0.0009710956946946
B_raw_s1_r16,00339.png,-0.0003565252991393,-0.0009550532558932,24.528459548950195,22.044479370117188,-0.0009383051656186,0.0006671905284747
B_raw_s1_r16,00340.png,0.0010254393564537,0.0020921805407851,24.987743377685547,25.64189910888672,0.0027214128058403,-0.0024447387550026
B_raw_s1_r16,00341.png,-5.927425377194595e-07,-0.0005392607417888,25.898910522460938,24.544160842895508,0.0001050547361955,-0.0010489809792488
B_raw_s1_r16,00342.png,-0.0001684038143139,-0.0004006976669188,25.724721908569336,21.452003479003903,-0.0018273645546287,-0.0013870442053303
B_raw_s1_r16,00343.png,0.0011801329674199,-4.552934842649847e-05,27.2374267578125,23.396949768066406,0.0008908550371415,-0.0001984170812647
B_raw_s1_r16,00344.png,0.0002545164315961,-0.0013929726555943,21.484516143798828,28.439252853393555,0.001586320111528,-0.0006084835622459
B_raw_s1_r16,00345.png,0.0017487268196418,-0.0001229882327606,24.24254608154297,25.21407890319824,-0.0003505237982608,-0.0012186743551865
B_raw_s1_r16,00346.png,-0.0027854689396917,0.0009622316574677,21.5216064453125,21.64424133300781,-0.0006412997026927,-0.0009703592513687
B_raw_s1_r16,00347.png,-0.0003683796385303,-0.0006676206248812,23.21847343444824,24.33785629272461,0.0008762863581068,0.0022147474810481
B_raw_s1_r16,00348.png,0.0008181076264008,-0.0008008359582163,24.145248413085938,20.214954376220703,0.0004382884071674,0.0006146044470369
B_raw_s1_r16,00349.png,0.0002864973794203,0.000806369294878,30.92770195007324,21.259397506713867,-0.0005802388186566,3.871951412293129e-05
B_raw_s1_r16,00350.png,0.0009193757432512,0.0002134859532816,21.5314884185791,26.37586212158203,0.0011788733536377,0.0005504497676156
B_raw_s1_r16,00351.png,-0.0018312033498659,-0.0005386818083934,26.159791946411133,25.37580680847168,0.0012344280257821,-0.0007885771337896
B_raw_s1_r16,00352.png,0.0009596588206477,5.42536326975096e-05,24.589021682739254,25.978090286254883,0.0018015417736023,0.0011189520591869
B_raw_s1_r16,00353.png,0.0006820572889409,-0.0029295433778315,26.25141716003418,23.772846221923828,-0.001549971057102,-0.0014566242462024
B_raw_s1_r16,00354.png,-0.0010120486840605,-0.0003684980329126,25.084470748901367,26.41477394104004,-0.004413638729602,0.0005987145123071
B_raw_s1_r16,00355.png,0.0020359833724796,0.0017913944320753,23.730810165405277,26.304468154907227,-0.0016468898393213,0.0001296950358664
B_raw_s1_r16,00356.png,-0.0007319158758036,5.018393858335912e-05,22.4976863861084,22.60477638244629,0.0008998432313092,-0.0012426781468093
B_raw_s1_r16,00357.png,-0.0009303651750087,0.0014722930500283,21.953880310058597,21.8792724609375,0.0030538626015186,-0.0017133346991613
B_raw_s1_r16,00358.png,0.0009234320023097,0.0015672695590183,22.91416358947754,25.616533279418945,-0.0007001704070717,3.809234840446152e-05
B_raw_s1_r16,00359.png,-0.0004113708273507,-0.0008967649191617,25.58847999572754,24.5130615234375,-0.0011706808581948,-0.002307420829311
B_raw_s1_r16,00360.png,-0.0009284599218517,-0.0003275135240983,26.744752883911133,26.912368774414062,0.0006302983965724,0.0017482031835243
B_raw_s1_r16,00361.png,0.0001972678146557,0.0014181016013026,22.699277877807617,21.810924530029297,0.0008510074112564,-0.0003896390553563
B_raw_s1_r16,00362.png,-0.0012818474788218,-0.001487654284574,23.43278312683105,30.88120651245117,0.0006525792414322,-0.0018228483386337
B_raw_s1_r16,00363.png,-0.0009419586276635,0.0025295196101069,26.397260665893555,25.09921264648437,0.0012978863669559,-0.0009845866588875
B_raw_s1_r16,00364.png,-0.0015408693579956,-0.0001028200349537,22.74302864074707,22.887237548828125,-0.0004332261742092,-0.0004276940890122
B_raw_s1_r16,00365.png,0.0004683971055783,-0.0003132705169264,23.96925926208496,22.861230850219727,0.0020129804033786,-0.001353409839794
B_raw_s1_r16,00366.png,0.0033196762669831,0.0016084261005744,25.31510353088379,21.706209182739254,0.0006481995224021,0.0003746839647646
B_raw_s1_r16,00367.png,0.0009066332131624,-0.0015951304230839,20.827783584594727,22.26957130432129,-0.0008048947784118,0.0027803974226117
B_raw_s1_r16,00368.png,0.000134584333864,0.0001830635301303,23.58634185791016,22.88079643249512,-0.0004159394011367,9.783852874534205e-06
B_raw_s1_r16,00369.png,-0.0004399972094688,0.0007489144918508,25.775196075439453,21.62032699584961,0.0022111942525953,-0.0012728312285616
B_raw_s1_r16,00370.png,-0.0007514027529396,0.0017686185892671,23.42724609375,25.427892684936523,0.0017615117831155,0.0006496885325759
B_raw_s1_r16,00371.png,0.0005596035043708,0.0002613557444419,25.598308563232425,30.8889102935791,0.0009132844861596,0.000888003676664
B_raw_s1_r16,00372.png,0.0008422240498475,-0.0008012674516066,23.48886489868164,22.542400360107425,-0.0004703176673501,0.0010983436368405
B_raw_s1_r16,00373.png,-0.0007132494938559,0.0013161456445232,22.002819061279297,28.339353561401367,0.0004349763621576,0.0006038144929334
B_raw_s1_r16,00374.png,-0.0001244726008735,-0.0007929757703095,25.059326171875,29.124561309814453,0.0014706318033859,0.0012534796260297
B_raw_s1_r16,00375.png,-0.0001459206250729,0.0013860358158126,24.92712783813477,26.157123565673828,0.0005256806616671,0.0011998733971267
B_raw_s1_r16,00376.png,0.0009987303055822,0.0029207107145339,23.703876495361328,31.269535064697266,0.0014252675464376,0.0017275026766583
B_raw_s1_r16,00377.png,-0.0028901230543851,-0.0010170229943469,21.222551345825195,22.478029251098636,0.0004487074329517,0.0009876096155494
B_raw_s1_r16,00378.png,0.0009661976946517,0.001596572692506,25.34816169738769,29.3262996673584,-0.0019848386291414,0.001680193003267
B_raw_s1_r16,00379.png,-0.0013871792471036,-0.0006167963147163,27.7464542388916,25.9687442779541,0.002101183636114,-0.0009118090965785
B_raw_s1_r16,00380.png,-0.002085443586111,0.0019262389978393,30.27433586120605,23.974231719970703,0.0020108735188841,6.7946361923532095e-06
B_raw_s1_r16,00381.png,0.000738387228921,0.0010178008815273,23.71708297729492,27.170042037963867,-0.0013955523027107,0.0001802593760658
B_raw_s1_r16,00382.png,-0.0001600932446308,-0.0002953560324385,22.66387176513672,23.76632499694824,-0.0009426756296306,0.0011289345566183
B_raw_s1_r16,00383.png,0.0004763974866364,-0.0007497237529605,31.4172306060791,27.77635955810547,0.0021097457502037,-0.0007385471835732
B_raw_s1_r16,00384.png,0.0002100886340485,0.0021682807710021,21.762605667114254,23.64072799682617,-0.0007272973889485,0.0029197332914918
B_raw_s1_r16,00385.png,7.014387665549293e-05,-0.0013645897852256,27.58659553527832,25.58451271057129,-0.000686221406795,-0.0026666750200092
B_raw_s1_r16,00386.png,-0.0029619403649121,-0.001544440165162,24.724178314208984,22.035863876342773,0.0044018742628395,0.0026242535095661
B_raw_s1_r16,00387.png,0.0007995433406904,-0.000708594394382,24.99628448486328,23.04486846923828,-0.0011168383061885,0.001123177469708
B_raw_s1_r16,00388.png,0.0007906218525022,0.0016283249715343,19.772186279296875,26.46243095397949,0.0010296053951606,-0.0004289233474992
B_raw_s1_r16,00389.png,0.0005804530228488,0.001195095712319,21.986204147338867,26.804340362548828,-0.0027546808123588,-0.0004962991806678
B_raw_s1_r16,00390.png,-0.0003075067943427,-0.0012291923630982,22.70687294006348,28.00038719177246,1.322653770330362e-05,-0.0018566080834716
B_raw_s1_r16,00391.png,0.0006996653391979,-0.0008268508245237,21.47378158569336,23.206892013549805,-0.0012397655518725,-1.1218656254641246e-05
B_raw_s1_r16,00392.png,0.0012203457299619,0.0027285045944154,26.334083557128903,22.733312606811523,0.0022522418294101,-0.000347405730281
B_raw_s1_r16,00393.png,-0.0011239014565944,0.0002673331764526,26.546464920043945,23.42058563232422,-0.001802151906304,-0.0015750639140605
B_raw_s1_r16,00394.png,0.0006995804724283,0.0001019505798467,22.430402755737305,27.3586483001709,-0.0002215077984146,0.0012136383447796
B_raw_s1_r16,00395.png,-0.0016356137348338,-9.475478145759551e-05,23.336009979248047,26.21295547485352,-0.002795091131702,-0.0011439134832471
B_raw_s1_r16,00396.png,0.0001993595360545,0.0009290131856687,22.38616180419922,21.17234992980957,3.1478739401791245e-05,-0.0002672063128557
B_raw_s1_r16,00397.png,-0.0014999622944742,-0.0026130797341465,26.68519401550293,25.588224411010746,0.0021230615675449,0.0002958596160169
B_raw_s1_r16,00398.png,0.0004920989740639,-0.0019971672445535,22.521617889404297,25.24278450012207,-0.0008272703853435,-0.000366279418813
B_raw_s1_r16,00399.png,-0.0010877855820581,-0.0009828845504671,26.29760360717773,25.24193382263184,-0.0003507776709739,0.0011897623771801
B_raw_s1_r16,00400.png,-0.0007718129199929,0.0023205406032502,24.01251220703125,22.22052955627441,-3.850955909001641e-05,-0.000336791796144
B_raw_s1_r16,00401.png,-0.0008045976865105,-0.0025801961310207,22.951892852783203,28.7039737701416,-0.0012074653059244,-0.0007788453949615
B_raw_s1_r16,00402.png,0.0038361912593245,0.0013791038654744,24.00010108947754,22.16715240478516,0.0018505521584302,-0.0022723365109413
B_raw_s1_r16,00403.png,-0.0005078772082924,-0.0036441225092858,27.48200416564941,22.536531448364254,0.0033633597195148,0.0012249463470652
B_raw_s1_r16,00404.png,0.0011460377136245,0.0039711617864668,22.461557388305664,23.384618759155277,-0.0004163755511399,0.0016283853910863
B_raw_s1_r16,00405.png,-1.6118377970997244e-05,0.0009124701609835,30.18637466430664,24.524002075195312,1.017713930195896e-05,-0.0025620174128562
B_raw_s1_r16,00406.png,0.0016734261298552,-0.001705824281089,27.805551528930664,27.0091609954834,-0.0001740700827213,0.0009790367912501
B_raw_s1_r16,00407.png,0.0004815547144971,0.0005330176791176,30.188522338867188,30.8010311126709,-0.0035538836382329,-0.0002597770653665
B_raw_s1_r16,00408.png,0.0003096420550718,0.0014505113940685,24.46894836425781,20.939111709594727,-0.0018532421672716,0.0008378747734241
B_raw_s1_r16,00409.png,-0.0005562826991081,0.0019152278546243,24.62737846374512,22.03877067565918,-0.0006384991575032,0.002866264199838
B_raw_s1_r16,00410.png,0.0012913318350911,0.0017391041619703,29.11219596862793,25.481225967407227,0.0013414535205811,-0.0036470589693635
B_raw_s1_r16,00411.png,0.0011302257189527,-0.0005329775740392,28.52587127685547,24.03137969970703,0.0005811929004266,-0.000895521021448
B_raw_s1_r16,00412.png,-0.0012781424447894,-0.0012312425533309,21.88268280029297,21.389137268066406,-0.0009765144786797,-0.0001662387949181
B_raw_s1_r16,00413.png,-0.0042962883599102,-0.0011790285352617,28.01126480102539,25.11171531677246,0.0005449336604215,-0.0012829632032662
B_raw_s1_r16,00414.png,-0.0010159008670598,-0.0017588405171409,24.101661682128903,25.633852005004883,0.0003501651517581,0.0018856931710615
B_raw_s1_r16,00415.png,0.0005651167593896,-0.0002522181894164,25.482421875,23.270505905151367,-0.0010220374679192,0.0005966469761915
B_raw_s1_r16,00416.png,0.0002845489652827,0.00034919322934,27.111743927001957,23.62978172302246,0.000206137803616,0.0009851286886259
B_raw_s1_r16,00417.png,0.0014673678670078,0.0004158075898885,26.954063415527344,22.43939208984375,0.0008394615724682,-0.0004277270054444
B_raw_s1_r16,00418.png,0.0007243514992296,0.0011326959356665,22.316593170166016,26.766677856445312,0.0029976142104715,0.0014367827679961
B_raw_s1_r16,00419.png,-0.0014739382313564,-0.000419233838329,24.14634895324707,27.686281204223636,0.0004190051695331,0.0005745990783907
B_raw_s1_r16,00420.png,-0.0003119690809398,-0.0008864767150953,21.921783447265625,26.33279037475586,0.0022312065120786,0.0018012811196967
B_raw_s1_r16,00421.png,-0.000148751962115,-0.0014434659387916,24.619548797607425,22.779544830322266,0.000918123347219,0.0007232371717691
B_raw_s1_r16,00422.png,-0.0010603369446471,0.0021321922540664,25.2120418548584,24.64202117919922,-0.0013590831076726,-0.0013768462231382
B_raw_s1_r16,00423.png,0.0010169791057705,0.0011055907234549,30.783597946166992,26.058536529541016,-0.0006486775237135,0.0027833289932459
B_raw_s1_r16,00424.png,0.0027190840337425,0.0014499726239591,21.943307876586918,24.388681411743164,0.0006630574935115,2.680457146198023e-05
B_raw_s1_r16,00425.png,-0.0007911782595328,0.0014688197989016,20.897048950195312,25.438278198242188,2.9320788598852232e-05,0.0005969848134554
B_raw_s1_r16,00426.png,-0.0020533024799078,-0.0011324938386678,22.16860008239746,20.99134826660156,-0.0019259818363934,-0.0005533233052119
B_raw_s1_r16,00427.png,0.0003164266527164,0.0018140355823561,28.848711013793945,26.31434440612793,-0.0005380294751375,0.0027450488414615
B_raw_s1_r16,00428.png,0.0004602256231009,-0.0005438494263216,26.753963470458984,28.164831161499023,-0.0018855484668165,0.0003069425583817
B_raw_s1_r16,00429.png,-0.0018756306963041,0.0005661125760525,23.544523239135746,23.96517372131348,0.0011760841589421,-0.0017271977849304
B_raw_s1_r16,00430.png,-0.0003484786429908,0.001987058436498,22.065141677856445,21.082984924316406,-0.0021881447173655,-0.0018058662535622
B_raw_s1_r16,00431.png,-0.0001447492250008,-0.0017647191416472,27.560014724731445,28.21849250793457,0.0029571678023785,0.0001043964221025
B_raw_s1_r16,00432.png,-0.0004324184847064,0.002338562393561,25.63618850708008,26.402082443237305,-0.0018280679360032,0.000348134082742
B_raw_s1_r16,00433.png,-0.000961196492426,0.0013444176875054,25.867584228515625,22.5296630859375,0.0005788446869701,0.0010777903953567
B_raw_s1_r16,00434.png,-0.0017697418807074,0.0005536244716495,25.806509017944336,27.87273597717285,-0.0019348728237673,-0.0001996410428546
B_raw_s1_r16,00435.png,-3.933486823370913e-06,0.0010553076863288,20.797775268554688,23.09756851196289,-0.0021285857073962,-0.001681241672486
B_raw_s1_r16,00436.png,0.0005703353672288,0.0003044314216822,23.228471755981445,28.362335205078125,-0.0002947472094092,0.000868965871632
B_raw_s1_r16,00437.png,-0.0004040792118757,-0.0003737831430044,23.55199432373047,27.959810256958008,0.0014063647249713,0.0004192898340988
B_raw_s1_r16,00438.png,0.0002776606415864,0.0010843735653907,25.062597274780277,21.38446617126465,2.8870006644865495e-05,-0.0005738341715186
B_raw_s1_r16,00439.png,-0.0003918396832887,0.0016362620517611,21.60598564147949,22.96590232849121,0.0005025116843171,0.0008848055149428
B_raw_s1_r16,00440.png,-0.0008251967956312,0.0001069306963472,21.6446533203125,25.589191436767575,-0.0004176485526841,-0.0008875734638422
B_raw_s1_r16,00441.png,0.0019131425069645,0.0024046460166573,22.62553977966309,25.99474334716797,0.0001871303102234,0.0015009635826572
B_raw_s1_r16,00442.png,8.837094355840236e-05,0.0004126557032577,27.19403839111328,29.76565170288086,-0.0018697273917496,0.0006428687484003
B_raw_s1_r16,00443.png,-0.0001103992617572,-0.0001468562986701,30.284421920776367,26.49314308166504,0.0001146134964074,-0.0013795045670121
B_raw_s1_r16,00444.png,-0.0013030661502853,-0.0002325688692508,23.667482376098636,21.188526153564453,0.0005596014088951,0.0006322601111605
B_raw_s1_r16,00445.png,-0.0011707184603437,-0.0016235903603956,24.533998489379883,27.526277542114254,-0.0002878214581869,-0.0005130016943439
B_raw_s1_r16,00446.png,-0.0010301900329068,0.0015933469403535,25.08817481994629,24.17020034790039,0.0011625089682638,-0.0016650358447805
B_raw_s1_r16,00447.png,-0.001689254422672,-7.185989670688286e-05,20.812833786010746,26.952133178710938,-0.0025983962696045,-0.0025563875678926
B_raw_s1_r16,00448.png,-0.0002859447558876,0.0017650163499638,31.296852111816406,27.06493377685547,0.0005044125718995,0.0031934506259858
B_raw_s1_r16,00449.png,0.0005911876796744,0.0004292514640837,22.09044647216797,22.632381439208984,-0.0025529810227453,0.0020615013781934
B_raw_s1_r16,00450.png,-3.598008333938196e-05,7.78783141868189e-05,27.947751998901367,27.291868209838867,0.0026552032213658,0.002863491885364
B_raw_s1_r16,00451.png,-0.0017896586796268,-0.0013276241952553,26.53021240234375,32.58016586303711,0.0006670136353932,-0.0011217640712857
B_raw_s1_r16,00452.png,-0.0006442958838306,0.0022201677784323,26.161754608154297,25.513521194458008,-0.0008150327485054,-0.0014382522786036
B_raw_s1_r16,00453.png,0.0022901045158505,0.0023487992584705,26.9752140045166,20.494850158691406,-0.0003786476445384,-0.0011797926854342
B_raw_s1_r16,00454.png,-0.0004560142115224,0.0021126782521605,34.6807746887207,25.47025489807129,-0.001511100679636,0.0014742424245923
B_raw_s1_r16,00455.png,0.0013741833390668,0.0020588631741702,22.652196884155277,33.23935317993164,-0.0014777245232835,-0.0032951871398836
B_raw_s1_r16,00456.png,-7.646915764780715e-05,-0.0008489472675137,25.360483169555664,30.915672302246094,0.0003156079910695,0.0007780434680171
B_raw_s1_r16,00457.png,0.0022309699561446,0.0028262960258871,26.733673095703125,26.48264503479004,0.0036852518096566,0.0003604633675422
B_raw_s1_r16,00458.png,-0.0016744745662435,-0.0017209063516929,23.00591468811035,25.364444732666016,0.0027446469757705,0.0003492811811156
B_raw_s1_r16,00459.png,-0.0003732456534635,-0.0015136001165956,28.143836975097656,22.133769989013672,0.0004227527533657,-0.000155567555339
B_raw_s1_r16,00460.png,-0.0016547234263271,0.0003152749268338,25.818260192871094,24.55235290527344,-6.9515393988695e-05,-0.0013256614329293
B_raw_s1_r16,00461.png,0.0017839171923696,0.0002080609847325,24.857948303222656,23.875030517578125,-0.0015357353258877,0.0011337882606312
B_raw_s1_r16,00462.png,0.0009802591521292,0.0011657300638034,24.53877830505371,28.87824821472168,-0.0005149320932105,0.0018528582295402
B_raw_s1_r16,00463.png,-3.051962630706839e-05,0.00118290388491,25.084829330444336,25.71875762939453,0.0016461078776046,-0.0005662848125211
B_raw_s1_r16,00464.png,-0.0008618432912044,-0.0001433342549717,24.71430778503418,25.26694107055664,0.0006350733456201,0.0014451306778937
B_raw_s1_r16,00465.png,-0.000751114625018,-0.0016541164368391,25.89850616455078,23.047496795654297,-0.0006692369934171,0.0002445296850055
B_raw_s1_r16,00466.png,0.0014328015968203,0.0005959490081295,22.833297729492188,27.244524002075195,0.0003737905644811,0.0022811945527791
B_raw_s1_r16,00467.png,0.0019173155305907,0.0014812753070145,28.764911651611328,22.03804016113281,0.0002406884304946,-0.0010039184708148
B_raw_s1_r16,00468.png,-0.000927084009163,0.0006836188258603,24.0822868347168,25.94479179382324,-0.0013552927412092,-0.0006856755935586
B_raw_s1_r16,00469.png,-0.0004925828543491,0.0010746198240667,24.77185440063477,25.29291343688965,0.0003553174028638,0.0008539369446225
B_raw_s1_r16,00470.png,0.0002015719510382,-0.0013047724496573,26.657041549682617,23.287338256835938,0.0005835308693349,0.0016926544485613
B_raw_s1_r16,00471.png,0.001265492872335,0.0012412079377099,23.758325576782227,27.49312400817871,0.0035747892688959,0.0017349852714687
B_raw_s1_r16,00472.png,-0.0002529511693865,0.0008455592906102,21.65456199645996,24.040040969848636,0.0010686580790206,-0.00194691226352
B_raw_s1_r16,00473.png,-0.0022678668610751,-0.0021343044936656,30.4073543548584,25.74005699157715,-0.0019954883027821,-0.0001759784936439
B_raw_s1_r16,00474.png,-0.0006981044425629,-0.0002976743271574,24.34774208068848,22.116065979003903,-0.0020725342910736,-0.0014374925522133
B_raw_s1_r16,00475.png,-0.0002425268612569,0.0004069574351888,25.244384765625,31.503700256347656,-0.0004732250235974,0.0044254721142351
B_raw_s1_r16,00476.png,0.0017451713792979,0.0002678282908163,27.067665100097656,31.93779945373535,0.000575847341679,-0.0004508621350396
B_raw_s1_r16,00477.png,0.0004144714912399,0.0010145356645807,25.96855926513672,33.36234664916992,-0.0017216185806319,-0.0013047824613749
B_raw_s1_r16,00478.png,-0.0009761998662725,-0.0011173404054716,31.661516189575195,25.17705535888672,-0.0009445546893402,0.0006979976315051
B_raw_s1_r16,00479.png,0.0011763559887185,-0.0008004208211787,30.37557983398437,27.810762405395508,0.0020320354960858,0.0007464784430339
B_raw_s1_r16,00480.png,-0.0015867871697992,-0.0001770965754985,21.490909576416016,22.19997978210449,0.0017313148127868,-0.0004480235220398
B_raw_s1_r16,00481.png,0.0007782955071888,0.0001360168826067,24.529447555541992,21.400394439697266,-0.0005157136474736,0.0003630115825217
B_raw_s1_r16,00482.png,-0.0011123901931568,-0.0001922171359183,30.92350959777832,22.66381454467773,0.0012483497848734,-0.0005185395129956
B_raw_s1_r16,00483.png,0.0026351504493504,0.000972127658315,27.74751281738281,25.15152931213379,-0.0004807551740668,3.886185368173756e-05
B_raw_s1_r16,00484.png,0.0006249240250326,-0.0005084974691271,20.743587493896484,27.24343490600586,0.0015512739773839,0.0023573448415845
B_raw_s1_r16,00485.png,0.0011830171570181,-0.0013052014401182,29.02925682067871,35.6631965637207,0.0010773312533274,0.0023901879321783
B_raw_s1_r16,00486.png,-8.060770051088184e-05,-0.0011942400597035,24.182222366333008,24.34506607055664,-0.0013474652078002,0.0014546583406627
B_raw_s1_r16,00487.png,0.0011940125841647,0.0007195311482064,24.76417732238769,25.502859115600582,-0.0001474244054406,0.0017948537133634
B_raw_s1_r16,00488.png,0.0010902244830504,0.00042671393021,21.919965744018555,23.375133514404297,-0.0006179561605677,-0.0010355024132877
B_raw_s1_r16,00489.png,0.0010138588258996,-0.000388249347452,24.69934844970703,27.021547317504883,0.0006455317488871,0.0008478791569359
B_raw_s1_r16,00490.png,-0.000254501675954,0.0010259221307933,22.91727828979492,22.78704643249512,-9.030036017065868e-05,0.0008746671373955
B_raw_s1_r16,00491.png,0.0019932070281356,-0.0001341835450148,21.614599227905277,28.67527961730957,0.0003401990106794,0.0012812968343496
B_raw_s1_r16,00492.png,-0.0005156443221494,-0.0026338659226894,26.484275817871094,22.716596603393555,0.0002313035947736,0.001210642280057
B_raw_s1_r16,00493.png,0.0005954532534815,0.0004794794367626,24.10762596130371,24.912765502929688,-0.0012737467186525,-0.0003360479313414
B_raw_s1_r16,00494.png,0.0016503316583111,0.0023120492696762,24.2523250579834,22.45757484436035,0.000273192388704,-0.0013503223890438
B_raw_s1_r16,00495.png,0.0004807131481356,-0.0015817618696019,22.851694107055664,32.14784622192383,0.002094174735248,0.0003070171223953
B_raw_s1_r16,00496.png,-0.0003671291924547,-0.0008861736860126,23.53092765808105,23.501708984375,-0.0035543120466172,0.0018996782600879
B_raw_s1_r16,00497.png,-0.0004559584485832,-0.000712769513484,28.071630477905277,25.503448486328125,-0.0008398161153309,-0.0026782471686601
B_raw_s1_r16,00498.png,0.0014815091853961,0.0022378407884389,24.30927276611328,24.841426849365234,0.0008606789051555,-0.0005034751375205
B_raw_s1_r16,00499.png,0.0019014048157259,-0.0011801460059359,25.747730255126957,25.273313522338867,0.0006741249817423,-0.0013343084137886
B_raw_s2_r16,00000.png,0.0004908987320959,-8.383193198824301e-05,23.041763305664062,26.135202407836918,-0.0011390029685571,-0.0004536057240329
B_raw_s2_r16,00001.png,-0.0014345673844218,0.0001405249931849,22.60761260986328,23.854949951171875,-0.0003753810597117,0.0018002777360379
B_raw_s2_r16,00002.png,0.0005941115086898,-0.0006822230643592,28.17168235778809,22.824138641357425,-0.001819335273467,-0.0006085424101911
B_raw_s2_r16,00003.png,0.0001873323199106,0.0019389025401324,29.69574737548828,21.5799503326416,-0.0019994443282485,0.0021790340542793
B_raw_s2_r16,00004.png,-0.0003098841698374,0.0010995770571753,23.176219940185547,26.7722110748291,-0.0015050277579575,0.0017021308885887
B_raw_s2_r16,00005.png,0.0017873130273073,0.003989222459495,25.334325790405277,24.22822952270508,0.0005432126345112,-0.0005732398713007
B_raw_s2_r16,00006.png,0.0011936835944652,0.0008633621619082,23.78615951538086,26.620811462402344,-0.0012326095020398,0.000104306913272
B_raw_s2_r16,00007.png,-0.0012440389255061,0.0003789140610024,24.48469352722168,24.4755916595459,5.221430910751224e-05,-0.0023438318166881
B_raw_s2_r16,00008.png,0.0004449312982615,0.0012630887795239,25.05268096923828,30.217777252197266,-0.0008768904954195,-0.0002858588995877
B_raw_s2_r16,00009.png,-0.0007223844295367,0.0008466326980851,26.465625762939453,21.900415420532227,-0.0035231194924563,-0.0008803129312582
B_raw_s2_r16,00010.png,0.0005761887878179,0.0004289770149625,24.279327392578125,24.78011131286621,-0.0007805772474966,-0.0010840180329978
B_raw_s2_r16,00011.png,0.0004982960526831,0.0008114505326375,23.717836380004883,23.23295211791992,-0.0003314866917207,-0.000437801296357
B_raw_s2_r16,00012.png,0.0005948413163423,0.0001505734253441,25.25516891479492,22.40325736999512,-0.0003663775860331,0.0006021271692588
B_raw_s2_r16,00013.png,-0.0009917680872604,-0.0023490865714848,26.26555824279785,26.091781616210938,0.0041262819431722,-0.0013503241352736
B_raw_s2_r16,00014.png,0.0006855109822936,8.113405056064948e-05,23.700458526611328,27.11979484558105,-0.0030800404492765,-0.0003705316339619
B_raw_s2_r16,00015.png,-0.0017764660296961,0.0013292827643454,22.068937301635746,20.448217391967773,-0.0004054637975059,0.000650678819511
B_raw_s2_r16,00016.png,0.0014656772837042,0.0003669334691949,26.493797302246094,24.847801208496094,0.0021737904753535,0.0015005444874987
B_raw_s2_r16,00017.png,0.00035206406028,0.0005770919378846,25.201988220214844,28.466354370117188,-0.0033751539885997,-0.0004301433509681
B_raw_s2_r16,00018.png,0.0015629077097401,0.0011931180488318,31.443660736083984,26.68255615234375,-0.0006176707684062,-0.0013325792970135
B_raw_s2_r16,00019.png,0.0023758744355291,0.0005597394774667,20.8784294128418,27.10385131835937,0.0006724204286001,-0.0001037470938172
B_raw_s2_r16,00020.png,0.0008546708268113,-0.0008331722347065,24.980314254760746,24.439069747924805,-0.0016394730191677,0.000428961822763
B_raw_s2_r16,00021.png,-0.0025941268540918,-0.000834357633721,25.96412467956543,24.195650100708008,-0.000394670816604,-0.0017358254408463
B_raw_s2_r16,00022.png,-0.0017889264272525,-0.001319773029536,25.17594718933105,24.31950187683105,-0.0003072205290663,0.0030825876165181
B_raw_s2_r16,00023.png,0.0009734803461469,0.0007732184021733,24.51719856262207,21.00569725036621,-0.0001172986303572,0.0019970182329416
B_raw_s2_r16,00024.png,-0.0006276946514844,-0.0017116010421887,22.043964385986328,22.168312072753903,0.001591297914274,6.930439121788368e-05
B_raw_s2_r16,00025.png,0.0017233076505362,-0.0009731336613185,23.31084632873535,24.89494132995605,6.206178659340367e-05,-0.0003011037188116
B_raw_s2_r16,00026.png,-0.0007828963571228,-0.0003643572563305,23.33514213562012,20.942323684692383,0.0017689116066321,-0.0016864377539604
B_raw_s2_r16,00027.png,0.0004919936181977,0.0028975144959986,23.32902717590332,28.76728630065918,-0.0022432489786297,0.0016902143834158
B_raw_s2_r16,00028.png,0.0031571364961564,0.0024344897828996,23.59740257263184,23.619327545166016,-0.0010462261270731,0.0020172274671494
B_raw_s2_r16,00029.png,0.0003458623832557,-0.0030447386670857,22.67507743835449,23.520679473876957,-0.0029134864453226,-0.0030634154099971
B_raw_s2_r16,00030.png,0.0021374889183789,-0.000640433805529,24.83209609985352,25.9398136138916,0.0007835491560399,0.0002984988968819
B_raw_s2_r16,00031.png,-0.001660761074163,0.0011047628941014,23.16635131835937,25.686288833618164,0.0001047611658577,0.0017092747148126
B_raw_s2_r16,00032.png,0.0014710810501128,0.0005828159046359,22.153413772583008,22.51004219055176,0.0001055921529768,0.0011830144794657
B_raw_s2_r16,00033.png,-0.001392280566506,-0.0018471858929842,25.35283660888672,26.99041175842285,-0.0026287608779966,-0.0011738899629563
B_raw_s2_r16,00034.png,-0.0005637630238197,-0.0011472158366814,24.646114349365234,25.498897552490234,-0.0011485327268019,0.0025502573698759
B_raw_s2_r16,00035.png,0.000467848178232,0.0005886672297492,28.94709205627441,23.95821189880371,-0.0014051317702978,-0.0010437696473672
B_raw_s2_r16,00036.png,-0.0003936408902518,0.0013475039741024,25.845808029174805,25.731843948364254,0.0001122614339692,-0.0025843507610261
B_raw_s2_r16,00037.png,-0.0013139453949406,-0.0004601268447004,20.64866828918457,25.999027252197266,0.0004078752826899,-0.0025156766641885
B_raw_s2_r16,00038.png,-0.0002916835364885,0.0020033337641507,23.304527282714844,27.54414939880371,-0.0002859285741578,0.0027587579097598
B_raw_s2_r16,00039.png,0.0002154646790586,0.0010173260234296,20.84395408630371,27.60682678222656,-0.0013430775143206,-3.416966137592681e-05
B_raw_s2_r16,00040.png,-0.0019786288030445,9.414536179974677e-05,21.4553279876709,27.31217765808105,-0.0013133829925209,0.0017586115282028
B_raw_s2_r16,00041.png,0.0005165109178051,-0.0005602965247817,24.11614799499512,22.058639526367188,0.0003250496520195,0.0030775412451475
B_raw_s2_r16,00042.png,0.001038899179548,-0.001759233418852,22.376768112182617,24.107742309570312,0.0007267631590366,-0.0005398485227487
B_raw_s2_r16,00043.png,0.001081743161194,0.0017322808271273,26.39741516113281,31.372779846191406,-0.002231964142993,0.0003944796917494
B_raw_s2_r16,00044.png,-0.0003000826691277,0.0002178622526116,21.93271255493164,25.04055404663086,0.0021429143380373,0.0073522813618183
B_raw_s2_r16,00045.png,-0.0003071365063078,-0.0007392966654151,27.03596305847168,35.403221130371094,-0.0001687278709141,-0.0007175237406045
B_raw_s2_r16,00046.png,0.0001928278798004,0.0003861136501654,23.84750366210937,25.12933158874512,0.0004511000297497,-7.589602319058031e-05
B_raw_s2_r16,00047.png,-0.0015137841692194,0.0002393950417172,22.78372001647949,24.503515243530277,-0.0019519845955073,0.0003002295270562
B_raw_s2_r16,00048.png,0.0014026428107172,-0.0014443658292293,28.251789093017575,25.084871292114254,0.0016356614651158,-0.000758453446906
B_raw_s2_r16,00049.png,0.0002731040876824,-0.0021596052683889,24.854387283325195,24.54124641418457,-0.0011429693549871,0.0004339691950008
B_raw_s2_r16,00050.png,-0.0005032268236391,-0.0026611413341015,22.71099853515625,23.94038200378418,-0.000573044468183,-0.0018848092295229
B_raw_s2_r16,00051.png,0.002187255769968,-0.0001705749309621,26.851951599121094,26.33942413330078,-0.0028593942988663,-0.0029487733263522
B_raw_s2_r16,00052.png,0.0015471378574147,-6.075854253140278e-05,23.5723819732666,23.834383010864254,0.0038448695559054,-0.0031034741550683
B_raw_s2_r16,00053.png,0.0007375971763394,-0.0002492426428943,24.912317276000977,22.12089157104492,6.985035724937916e-05,-0.0009898570133373
B_raw_s2_r16,00054.png,-0.0005704145296476,0.003405345370993,18.90475845336914,22.915302276611328,5.474484169099014e-06,0.0028635077178478
B_raw_s2_r16,00055.png,0.0018332420149818,0.0014695281861349,24.38056182861328,25.831003189086918,-0.003475253470242,-0.0006921317544765
B_raw_s2_r16,00056.png,0.0001559687661938,-0.0015184070216491,20.219331741333008,24.03432273864746,0.0008622381137683,-0.0008603973546996
B_raw_s2_r16,00057.png,-0.000122506840853,-0.0019989339634776,21.843894958496094,25.323570251464844,-0.0004509441496338,-0.0012933579273521
B_raw_s2_r16,00058.png,-0.0008520850678905,-0.000188558929949,20.459491729736328,22.235816955566406,-0.0036429942119866,-0.0004887473187409
B_raw_s2_r16,00059.png,0.0008427826687693,0.0018381939735263,24.56258583068848,24.400331497192383,0.0027974871918559,0.0022161996457725
B_raw_s2_r16,00060.png,0.0005082071875222,-0.0006958929006941,23.2913875579834,23.664581298828125,0.0016586033161729,-0.001600963412784
B_raw_s2_r16,00061.png,0.0003538797900546,-0.0004031370335724,33.37924575805664,27.78877258300781,0.000610314309597,0.0028547334950417
B_raw_s2_r16,00062.png,-0.0017341751372441,0.0025946057867258,22.941835403442383,25.76241683959961,0.000503618561197,-0.0002687025407794
B_raw_s2_r16,00063.png,0.0005762263317592,0.0022185004781931,27.319011688232425,23.122974395751957,4.272942896932364e-05,-0.0008782990626059
B_raw_s2_r16,00064.png,-0.0024964292533695,0.00117742724251,28.460716247558597,21.7180290222168,0.0023905101697891,-0.0002834619081113
B_raw_s2_r16,00065.png,0.0009066936909221,0.0024564613122493,21.60395622253418,21.558767318725582,-0.0022667197044938,-0.0013710233615711
B_raw_s2_r16,00066.png,-0.0001429418334737,-0.000107047468191,21.95018577575684,26.72138023376465,0.004207236226648,0.0024349719751626
B_raw_s2_r16,00067.png,0.0011702722404152,0.0015820921398699,23.96367073059082,24.30475807189941,0.0011574563104659,0.0020774267613887
B_raw_s2_r16,00068.png,0.0011717943707481,-0.0004680698912125,24.54554748535156,25.746383666992188,0.0004695238894782,0.0031685368157923
B_raw_s2_r16,00069.png,0.0021293074823915,0.0005122367874719,29.0893497467041,23.424095153808597,-6.764216959709302e-05,0.0010267060715705
B_raw_s2_r16,00070.png,-0.0008560271235182,-0.0010569522855803,23.32036018371582,20.06601333618164,-0.0022269915789365,-0.0002825726405717
B_raw_s2_r16,00071.png,-0.0003222449449822,0.0006314751808531,25.75857925415039,27.434141159057617,0.003408697200939,-0.0017297771992161
B_raw_s2_r16,00072.png,0.0027612098492681,0.0004931633593514,26.523351669311523,28.90203857421875,0.0003225763794034,-0.0001568240841152
B_raw_s2_r16,00073.png,0.000492735824082,0.0002845885464921,20.27462577819824,27.70654296875,0.0010289084166288,-0.0017380280187353
B_raw_s2_r16,00074.png,-0.002307990565896,-0.0013620186364278,24.87227249145508,22.61661720275879,-0.0005182128516025,-0.0003348493191879
B_raw_s2_r16,00075.png,0.0008211267413571,0.0004739275609608,22.639568328857425,24.56720924377441,-0.0033842714037746,-0.0018665597308427
B_raw_s2_r16,00076.png,-3.217901030438952e-05,-0.0012940921587869,22.7859001159668,26.480852127075195,-0.001945323543623,-0.0004775035777129
B_raw_s2_r16,00077.png,-0.0002625896595418,8.193050598492846e-05,23.39419937133789,25.31861686706543,-0.0011052106274291,0.0024312266614288
B_raw_s2_r16,00078.png,0.001930963830091,0.0007278428529389,29.157360076904297,24.013408660888672,0.002125835744664,-0.0018360456451773
B_raw_s2_r16,00079.png,-0.0021861088462173,-0.0004772598622366,20.37810516357422,22.523908615112305,-0.0026824288070201,-0.0001453883305657
B_raw_s2_r16,00080.png,0.0013694402296096,0.0007662086864002,25.477293014526367,22.605138778686523,0.0035396390594542,0.0007829937385395
B_raw_s2_r16,00081.png,-0.0015186120290309,-0.0033647464588284,26.820913314819336,25.32710838317871,0.0016173941548913,-0.0009016668191179
B_raw_s2_r16,00082.png,0.001130502205342,0.0001262014120584,21.1512508392334,24.3370304107666,0.0015676182229071,-0.001940801157616
B_raw_s2_r16,00083.png,-0.0005353153683245,-0.0010620213579386,22.80785179138184,30.417186737060547,-0.0001207816603709,-0.002537693362683
B_raw_s2_r16,00084.png,-0.0005702686612494,0.0015797422965988,28.47469139099121,20.57612991333008,-0.0003595913585741,0.0023320100735872
B_raw_s2_r16,00085.png,-3.3971296943491325e-05,0.0009879221906885,24.601213455200195,27.07502174377441,-0.0046518892049789,0.001093719038181
B_raw_s2_r16,00086.png,-0.0023362895008176,0.0003840119752567,21.46882438659668,26.649232864379883,-0.0011100554838776,0.0008586361072957
B_raw_s2_r16,00087.png,0.0019556109327822,0.0006485079647973,25.4610652923584,23.14447593688965,-0.0009968195809051,0.0014870838494971
B_raw_s2_r16,00088.png,0.0004825210780836,0.001262601930648,26.229337692260746,27.168514251708984,6.571304402314126e-05,0.0029525002464652
B_raw_s2_r16,00089.png,-0.0014439722290262,-0.0002128551423083,24.29803466796875,27.355579376220703,0.0007701750728301,-0.0017974731745198
B_raw_s2_r16,00090.png,-0.0003803704457823,-0.0016744695603847,23.43070411682129,27.614564895629883,-0.0008377603371627,0.000848774856422
B_raw_s2_r16,00091.png,-0.0010323423193767,0.0006009964272379,22.563045501708984,21.7641544342041,0.001576739246957,0.0039784000255167
B_raw_s2_r16,00092.png,-0.0021480650175362,0.0003877658455166,22.521411895751957,30.331336975097656,-0.0012768566375598,-0.0012652584118768
B_raw_s2_r16,00093.png,-0.0017376310424879,-0.001191423041746,23.99802017211914,24.247228622436523,0.0012780948309227,-7.922543591121212e-05
B_raw_s2_r16,00094.png,0.0010172929614782,-0.0001375378342345,26.778305053710938,22.00498390197754,0.0029894430190324,-0.0059242034330964
B_raw_s2_r16,00095.png,-0.0003295071364846,-0.0014443850377574,23.336105346679688,23.42247200012207,3.148560426780023e-05,0.0019019719911739
B_raw_s2_r16,00096.png,0.0005637449212372,6.335391390166478e-06,22.23582649230957,29.453012466430664,-0.0014313628198578,0.0007488600676879
B_raw_s2_r16,00097.png,-0.0002557176339905,0.0008089103503152,21.65876579284668,21.576595306396484,0.0017566399183124,0.0030072338413447
B_raw_s2_r16,00098.png,-0.0012100347084924,-0.0003835378738585,25.853111267089844,24.44110107421875,-0.0006996329757384,9.799597319215536e-05
B_raw_s2_r16,00099.png,-0.0001301388838328,-0.000321737374179,24.84337043762207,27.864885330200195,-0.0002981546858791,4.843459100811742e-05
B_raw_s2_r16,00100.png,-9.241987572750077e-05,-3.202579318895005e-05,25.35708236694336,24.090654373168945,-0.0007347124628722,-0.0004512215964496
B_raw_s2_r16,00101.png,0.0003296854847576,0.0015114422421902,24.04997062683105,28.080322265625,0.0009451632504351,-0.0022654144559055
B_raw_s2_r16,00102.png,-0.0011381020303815,-0.0016630991594865,24.87591361999512,23.905214309692383,0.0005215593264438,0.0008624927140772
B_raw_s2_r16,00103.png,-3.5130229662172496e-05,0.0001764425105648,27.06695556640625,31.775840759277344,-0.0008286495576612,2.122349542332813e-05
B_raw_s2_r16,00104.png,0.0012686982518061,0.0002498759131412,27.528688430786133,25.603992462158203,-0.0040153404697775,-0.0019285440212115
B_raw_s2_r16,00105.png,-0.0020575341768562,-0.0009648900013417,21.733373641967773,21.694011688232425,2.323500484635588e-05,0.0024143103510141
B_raw_s2_r16,00106.png,-3.259222285123542e-05,0.0012509673833847,30.164247512817383,24.37547874450684,0.0004956288030371,0.0014385315589606
B_raw_s2_r16,00107.png,0.0015476106200367,0.0002357471385039,24.1217098236084,23.10322570800781,0.0006141269695945,0.0017700776224955
B_raw_s2_r16,00108.png,-0.0012262293603271,-7.239584374474362e-05,27.228986740112305,27.394676208496094,-0.0027881329879164,0.0014801112702116
B_raw_s2_r16,00109.png,0.0015282086096704,5.172035162104294e-05,29.612266540527344,26.28404998779297,-0.0017108366591855,0.0003969310491811
B_raw_s2_r16,00110.png,-0.0006920240703038,-0.0001558677467983,21.83326911926269,23.594301223754883,0.0001885126257548,0.0001243350270669
B_raw_s2_r16,00111.png,-0.0020004932302981,-3.017939525307156e-05,28.29175567626953,30.31650161743164,0.000984120182693,0.0014169408241286
B_raw_s2_r16,00112.png,-0.003526693675667,-0.0026359814219176,27.408897399902344,24.329612731933597,0.0011750975390896,0.00022518041078
B_raw_s2_r16,00113.png,0.0009358882671222,0.001804944477044,27.174325942993164,24.327119827270508,-0.0007358117145486,0.0015384502476081
B_raw_s2_r16,00114.png,0.0002545223978813,0.002123893238604,29.05887222290039,24.03291320800781,-0.000885309302248,-0.0005748447147198
B_raw_s2_r16,00115.png,0.0009880466386675,-0.0011026303982362,25.428857803344727,28.996246337890625,-0.000179737660801,0.0013787897769361
B_raw_s2_r16,00116.png,-0.000804889423307,-0.0003739879757631,24.72853279113769,23.39747810363769,0.0002047495509032,-0.0015242084627971
B_raw_s2_r16,00117.png,0.0002615483535919,0.0021640371996909,25.49983787536621,21.886119842529297,0.0019392913673073,0.0018814699724316
B_raw_s2_r16,00118.png,-0.0003634706663433,0.000408799824072,26.15689468383789,27.438396453857425,0.0012015106622129,-6.171238783281296e-05
B_raw_s2_r16,00119.png,0.0016295355744659,0.0019690829794853,23.007953643798828,21.88957023620605,-0.0018494935939088,0.0014332795981317
B_raw_s2_r16,00120.png,0.0006333016208373,0.0001893893931992,25.03813743591309,31.683818817138672,-0.0021665652748197,-0.0004056202596984
B_raw_s2_r16,00121.png,0.001685535418801,0.0009442542213946,24.46114158630371,22.595428466796875,-0.0003459537110757,-0.0026064713019877
B_raw_s2_r16,00122.png,-0.002373820869252,-0.0025890285614877,23.17721176147461,25.693260192871094,0.0010445534717291,-0.0001907275000121
B_raw_s2_r16,00123.png,0.0020615889225155,0.0012857887195423,25.074811935424805,26.832387924194336,-0.0021421150304377,-0.0016172303585335
B_raw_s2_r16,00124.png,-0.0022668258752673,-7.33052656869404e-05,25.24945831298828,27.605226516723636,-0.0013912844005972,-0.0017497363733127
B_raw_s2_r16,00125.png,0.0014222564641386,-0.0001611703046364,22.96785926818848,23.83925437927246,-0.0004517631605267,-0.0016774331452324
B_raw_s2_r16,00126.png,-0.0013713977532461,-0.0024802407715469,26.000099182128903,26.72692108154297,0.0015687665436416,0.0007695270469412
B_raw_s2_r16,00127.png,0.0024848894681781,0.0027114830445498,31.843006134033203,26.649667739868164,0.0006028796778991,0.004501802381128
B_raw_s2_r16,00128.png,0.0007677896064706,-0.0010164245031774,24.566699981689453,27.51321792602539,0.0010342666646465,-0.001972560537979
B_raw_s2_r16,00129.png,0.0030145251657813,0.0025776198599487,20.776430130004883,23.346445083618164,-0.0005114909145049,-0.0005621244199573
B_raw_s2_r16,00130.png,-0.0016231557819992,0.0009446506737731,26.41187858581543,25.797269821166992,0.0014775232411921,-0.0017343421932309
B_raw_s2_r16,00131.png,0.0015372281195595,0.0002886984730139,26.758451461791992,23.42902183532715,-0.0027313136961311,0.0003422082518227
B_raw_s2_r16,00132.png,0.0019006540533155,0.0003266372368671,23.980716705322266,23.29168128967285,-0.0015614109579473,-0.0033838707022368
B_raw_s2_r16,00133.png,-3.5234792449045926e-05,0.0007187171140685,26.2009391784668,23.131715774536133,-0.0021673976443707,0.0021734987385571
B_raw_s2_r16,00134.png,0.0009108457597903,0.0004955662298016,29.604366302490234,28.14787483215332,0.0009943268960341,0.0029478652868419
B_raw_s2_r16,00135.png,0.0015993308043107,-0.0008708657696843,25.201705932617188,30.918710708618164,0.0008026158902794,-7.978134817676619e-05
B_raw_s2_r16,00136.png,0.0009365602163597,0.0020481741521507,21.145282745361328,25.64521598815918,0.0025056423619389,0.0006453982787206
B_raw_s2_r16,00137.png,-0.0013120876392349,-0.0011064092395827,26.36417388916016,20.987154006958008,0.003246055683121,0.0024589363019913
B_raw_s2_r16,00138.png,-0.0005370728904381,0.0007348039653152,24.041791915893555,23.84009552001953,-0.0019692331552505,0.0024948231875896
B_raw_s2_r16,00139.png,-0.0001041010546032,0.0006866807234473,21.02555274963379,24.464414596557617,-0.0004686047905124,0.0022102703806012
B_raw_s2_r16,00140.png,-0.0003639204078353,-0.0019325369503349,22.75005149841309,25.22272109985352,-0.0027487869374454,0.0006188889383338
B_raw_s2_r16,00141.png,0.0016053037252277,0.0008115068776533,23.701187133789062,24.647558212280277,-0.0012924715410917,0.000859762832988
B_raw_s2_r16,00142.png,0.0014545586891472,0.0011728967074304,25.547224044799805,25.105913162231445,-0.0002458300441503,-0.0006050415686331
B_raw_s2_r16,00143.png,0.001140251988545,0.0009174001170322,23.51837921142578,23.854883193969727,0.0009751953184604,-0.0011203784961253
B_raw_s2_r16,00144.png,0.0009241015068255,-0.0017387183615937,22.44740104675293,26.297571182250977,0.0008011733298189,-0.001407555420883
B_raw_s2_r16,00145.png,0.0024501332081854,0.001456796657294,27.17436981201172,21.23269271850586,0.0001703635789453,-0.0021764894481748
B_raw_s2_r16,00146.png,-0.0005816655466333,3.305135760456324e-05,25.73959350585937,23.84855461120605,0.0046830968931317,0.0012498586438596
B_raw_s2_r16,00147.png,0.0020318264141678,-0.0016570247244089,23.198843002319336,23.16525077819824,-0.0001204259897349,-0.0009619951015338
B_raw_s2_r16,00148.png,-0.0007320314180105,0.0004432628629729,27.089920043945312,23.73080062866211,-0.0023529017344117,0.0026373884174972
B_raw_s2_r16,00149.png,-0.0012145973742008,-0.0014242266770452,22.559961318969727,33.15045547485352,0.0029492932371795,-0.0001075255058822
B_raw_s2_r16,00150.png,0.0007238638936541,0.000811431731563,24.584836959838867,26.11003303527832,-0.0015281435335054,-0.0005817398196086
B_raw_s2_r16,00151.png,0.0002647516666911,0.0007651792839169,23.76225471496582,27.41145133972168,-0.000301709602354,0.0020241648890078
B_raw_s2_r16,00152.png,0.0021060858853161,0.0008818940841592,28.295387268066406,22.908735275268555,0.0001891004649223,-0.000444146367954
B_raw_s2_r16,00153.png,-0.0007030030246824,-0.0003457370621617,22.852413177490234,26.35608291625977,0.0021650316193699,0.0010341786546632
B_raw_s2_r16,00154.png,-0.0011906550498679,0.0012690379517152,25.09508514404297,26.323780059814453,-0.0018191413255408,0.0014348323456943
B_raw_s2_r16,00155.png,-0.0007194404606707,0.0004026683745905,22.055139541625977,25.88547706604004,-0.003218401223421,-0.0003197669866494
B_raw_s2_r16,00156.png,-0.0036807646974921,-0.0007975570042617,25.18598747253418,24.982770919799805,0.0022293890360742,-0.0026327844243496
B_raw_s2_r16,00157.png,-0.0004670882772188,-0.0007787175709381,26.824052810668945,24.916954040527344,-0.0025717581156641,-0.0037524669896811
B_raw_s2_r16,00158.png,0.0008061274420469,6.508031219709665e-05,30.72981071472168,25.35992431640625,0.00281094876118,-0.0049651898443698
B_raw_s2_r16,00159.png,-0.0001392534468322,0.0003258156357333,21.802520751953125,25.67222213745117,-0.0022862460464239,-0.0012875330867245
B_raw_s2_r16,00160.png,0.0003075397689826,-0.0015820030821487,37.57946395874024,28.68655014038086,-0.0023378205951303,0.0032204731833189
B_raw_s2_r16,00161.png,0.000171595995198,0.0003814718220382,31.2166748046875,24.344528198242188,-0.0026241007726639,-0.0008205266785807
B_raw_s2_r16,00162.png,0.0005617071874439,-0.0006828074110671,25.10686683654785,29.246252059936523,-0.0022184511180967,-0.0009775040671229
B_raw_s2_r16,00163.png,0.0003682657261379,-0.0007989309378899,23.54446792602539,21.64292335510254,-0.0004849069810006,0.0018137679435312
B_raw_s2_r16,00164.png,-0.0002988492196891,0.0005754364538006,22.48352432250977,26.30643081665039,0.0004495886387303,0.0022916491143405
B_raw_s2_r16,00165.png,-0.001629784470424,0.0017190614016726,24.17198181152344,25.18826484680176,-9.714159386930989e-05,-4.057560363435186e-05
B_raw_s2_r16,00166.png,0.0015009716153144,0.0003152333083562,24.835968017578125,26.84995651245117,-0.001376491272822,-0.0017830682918429
B_raw_s2_r16,00167.png,0.0009190148557536,-0.0002317590406164,28.34265899658203,23.69478225708008,-8.875384810380638e-05,0.0002099528792314
B_raw_s2_r16,00168.png,-0.0010694625088945,0.0025246876757591,21.41930389404297,22.791078567504883,0.0002253054408356,-8.338881161762401e-05
B_raw_s2_r16,00169.png,0.0002935698721557,0.001870326581411,29.549461364746094,28.77467918395996,-0.0041035637259483,0.0008192574023269
B_raw_s2_r16,00170.png,-0.0008742872742004,0.000505732896272,23.557064056396484,24.597637176513672,0.0010307912016287,0.0030371937900781
B_raw_s2_r16,00171.png,0.0014757324242964,-0.0008647552458569,21.65083694458008,21.10766220092773,-0.0024039908312261,1.5806905139470473e-05
B_raw_s2_r16,00172.png,0.0007057894836179,-0.0007130942540243,22.8681755065918,24.02137565612793,0.0047116014175117,0.0021951904054731
B_raw_s2_r16,00173.png,-0.0021080248989164,-0.0002291325945407,27.62040328979492,21.942968368530277,0.0006613894947804,-0.0003695707127917
B_raw_s2_r16,00174.png,-0.0015858139377087,0.0010411137482151,24.570701599121094,23.954652786254883,-0.0002361211227253,-0.0001683032460277
B_raw_s2_r16,00175.png,0.0011134364176541,0.000473968393635,20.1747989654541,24.06260871887207,0.0011855033226311,4.13163797929883e-05
B_raw_s2_r16,00176.png,-0.0003889383515343,0.0001988433650694,23.82822799682617,23.64010238647461,-0.0014435531338676,0.0018658980261534
B_raw_s2_r16,00177.png,0.0016455970471724,-0.0002693464630283,24.751060485839844,26.767940521240234,0.0016272688517346,-0.0011133742518723
B_raw_s2_r16,00178.png,0.0003188933769706,0.0003022499731741,23.94690322875977,21.818029403686523,0.000178295711521,-7.936884503578767e-05
B_raw_s2_r16,00179.png,0.0017668297514319,0.0011976612731814,24.68166732788086,28.36224365234375,-0.001990052871406,0.0001731680677039
B_raw_s2_r16,00180.png,0.0014512069756165,0.0020302515476942,24.557565689086918,25.514049530029297,-0.0020397217012941,0.0029577163513749
B_raw_s2_r16,00181.png,0.0020509811583906,0.0011221152963116,22.896203994750977,20.566944122314453,-0.0010019079782068,-0.0026949173770844
B_raw_s2_r16,00182.png,0.0005998506094329,-0.0010280522983521,24.2451286315918,23.51767921447754,0.0024181907065212,-0.0013561693485826
B_raw_s2_r16,00183.png,-0.0012665432877838,-8.801549847703427e-05,26.070114135742188,23.45696258544922,-0.0007154694176279,-0.0019378256984055
B_raw_s2_r16,00184.png,-0.0020863972604274,-0.0008411722956225,23.06186866760254,27.18124771118164,0.0009710195590741,-0.0013482067734003
B_raw_s2_r16,00185.png,0.0004258487606421,-0.0020596648100763,27.30044937133789,22.84754753112793,-0.0012464730534702,-0.0004984661936759
B_raw_s2_r16,00186.png,-0.0012400175910443,0.0013116083573549,24.237764358520508,24.10151481628418,-0.0023022994864732,-0.0004197309899609
B_raw_s2_r16,00187.png,0.0017488014418631,0.0005505495937541,22.712034225463867,22.64373207092285,-0.0007538491045124,-0.0017909636953845
B_raw_s2_r16,00188.png,0.0031061677727848,3.778067548410036e-05,23.361099243164062,28.11556625366211,-3.824929808615707e-05,0.0001540292287245
B_raw_s2_r16,00189.png,0.0003122793859802,0.0001133876721723,23.06063842773437,23.4202880859375,0.0010057426989078,-0.0007925069076009
B_raw_s2_r16,00190.png,-0.0012136948062106,0.000726297206711,27.32788848876953,24.779794692993164,0.0023871520534157,0.000274155056104
B_raw_s2_r16,00191.png,-4.269896089681424e-05,0.0016971280565485,24.36044692993164,30.270044326782227,0.0003216171171516,0.0024067983031272
B_raw_s2_r16,00192.png,-0.0010739332064986,-0.0007981196395121,24.253904342651367,22.21957015991211,-0.0033290279097855,-0.0008586006588302
B_raw_s2_r16,00193.png,-0.0007393881678581,0.0023815929889678,26.136550903320312,24.170181274414062,-0.0004836565931327,0.0038860116619616
B_raw_s2_r16,00194.png,-0.0005670778336934,0.0007853466086089,26.787193298339844,22.338247299194336,-0.001267017214559,0.0001775622367858
B_raw_s2_r16,00195.png,0.0021354311611503,0.0044750203378498,23.682376861572266,24.60446548461914,-0.0021695822943001,0.0006460808799602
B_raw_s2_r16,00196.png,0.0001419097388861,-9.717749344417824e-05,28.18205451965332,26.71509552001953,-0.000604189641308,-0.0002162695891456
B_raw_s2_r16,00197.png,0.0001745564659358,5.429237262433162e-06,29.16790008544922,23.517187118530277,0.0006439426797442,0.003265660488978
B_raw_s2_r16,00198.png,0.0010316658299416,0.0011758196633309,28.895658493041992,26.13432502746582,-0.0010262129362672,-0.0027326748240739
B_raw_s2_r16,00199.png,-0.0005100271664559,-0.0019521627109497,28.08988571166992,27.91510581970215,-2.1960555386613123e-05,0.000179484632099
B_raw_s2_r16,00200.png,-0.0011311541311442,-0.0007635205402038,25.243349075317383,24.60092544555664,-0.0001086346601368,-0.0009328490123152
B_raw_s2_r16,00201.png,-0.0021278986241668,-0.000305595487589,22.70060157775879,23.131103515625,-0.0024485674221068,-0.0022462818305939
B_raw_s2_r16,00202.png,-0.0004886963288299,-0.0008491770131513,23.134300231933597,33.30030059814453,-0.000654243864119,-0.0005312408902682
B_raw_s2_r16,00203.png,-0.0007075101020745,0.0014343389775604,23.03093147277832,29.40945243835449,0.0004702436272054,0.0025480657350271
B_raw_s2_r16,00204.png,0.0010770355584099,-0.0002735285961534,27.70315742492676,26.58578491210937,0.0007568657165393,-0.0009792507626116
B_raw_s2_r16,00205.png,-0.0002839444496203,-0.0005178581341169,26.42098617553711,27.33247184753418,-0.0027839010581374,0.0006723917322233
B_raw_s2_r16,00206.png,-0.0014983153669163,0.0002019850799115,25.459794998168945,27.11241340637207,-0.0018631058046594,-0.0015384566504508
B_raw_s2_r16,00207.png,-0.000659926852677,0.0033565931953489,24.864803314208984,22.44017601013184,0.0039891991764307,0.0007953709573484
B_raw_s2_r16,00208.png,-0.0005337678012438,-0.0004757257411256,24.99896812438965,24.352882385253903,-0.0029049096629023,-4.409141547512263e-05
B_raw_s2_r16,00209.png,-0.000506060954649,-0.003942702896893,21.35841560363769,24.898929595947266,-0.0035844254307448,-0.0031757766846567
B_raw_s2_r16,00210.png,-0.0009207010152749,0.0024196992162615,22.558734893798828,26.305662155151367,0.0045391893945634,-0.002170072402805
B_raw_s2_r16,00211.png,-0.0022311711218208,0.0002677273296285,20.65337562561035,25.855688095092773,0.0016505321254953,0.0017639275174587
B_raw_s2_r16,00212.png,0.0005203984910622,-0.0015898972051218,27.04120445251465,22.66553497314453,0.0005953749641776,-0.0023273041006177
B_raw_s2_r16,00213.png,0.0009503330802544,-0.0016065493691712,21.30584144592285,23.341777801513672,-0.0010602343827486,3.864172322209925e-05
B_raw_s2_r16,00214.png,0.0012262423988431,-0.0007824294734746,21.421506881713867,23.00581169128418,-0.0017782651120796,0.0006828299956396
B_raw_s2_r16,00215.png,-9.489386138739064e-05,0.0012327608419582,23.327396392822266,26.34372329711914,-0.0011166634503751,0.0023865490220487
B_raw_s2_r16,00216.png,-0.0001032077780109,0.000988733372651,28.449466705322266,22.07120513916016,0.0006939135491847,-0.002903550164774
B_raw_s2_r16,00217.png,0.0014043591218069,0.0004864502698183,32.17828369140625,27.19942283630371,0.0004169854219071,0.0004540231602732
B_raw_s2_r16,00218.png,0.0017289659008383,-0.0009643316152505,23.89575958251953,28.9255485534668,0.0025225039571523,-0.0048023276031017
B_raw_s2_r16,00219.png,0.0016415897989645,0.001012869994156,24.88165855407715,25.43657493591309,0.0010033863363787,-0.0010433729039505
B_raw_s2_r16,00220.png,-0.0004342422471381,-0.0012187622487545,26.008752822875977,23.82291030883789,0.0016194590134546,-0.0012836398091167
B_raw_s2_r16,00221.png,0.0002307460526935,-0.0017030108720064,24.86892890930176,25.768535614013672,0.0025305857416242,0.0003348377649672
B_raw_s2_r16,00222.png,-0.0008783011580817,-0.0016945417737588,25.923269271850582,25.067716598510746,-0.0008953664219006,-0.000840910244733
B_raw_s2_r16,00223.png,0.0014093708014115,0.0026939921081066,23.119220733642575,26.55603408813477,-0.0010165794519707,0.0019087363034486
B_raw_s2_r16,00224.png,-0.0007212962955236,0.0012077842839062,32.17924880981445,22.23382377624512,0.0006024069152772,0.0014243457699194
B_raw_s2_r16,00225.png,0.0002960802230518,-0.0020235725678503,24.6040153503418,22.66580581665039,0.0025400349404662,0.0005920666153542
B_raw_s2_r16,00226.png,0.0022003194317221,0.0013989824801683,24.921329498291016,20.860164642333984,0.003609241452068,0.0055558630265295
B_raw_s2_r16,00227.png,-0.0011769765987992,0.0037724885623902,25.511911392211918,23.338523864746094,0.0029998805839568,-0.0016622731927782
B_raw_s2_r16,00228.png,-0.0011823881650343,-0.0007901942590251,22.163597106933597,22.36991500854492,-0.0020109678152948,-0.0007712766528129
B_raw_s2_r16,00229.png,0.0010804993798956,-0.0003899967996403,25.442197799682617,24.87130546569824,8.382237865589559e-05,-0.0002995725662913
B_raw_s2_r16,00230.png,0.0021758179645985,0.0004040474595967,21.69184875488281,20.58716583251953,-0.0005471693002618,-0.0005432748585008
B_raw_s2_r16,00231.png,0.0024861770216375,-8.26442483230494e-05,23.87618064880371,22.769147872924805,0.0016246268060058,-0.0018171297851949
B_raw_s2_r16,00232.png,-0.0006364434957504,-4.603292109095492e-05,27.70713806152344,22.90254211425781,0.0031331472564488,-0.0003080366004724
B_raw_s2_r16,00233.png,0.0003435547696426,8.147474727593362e-05,26.05541229248047,24.03243064880371,0.0005562614533118,0.001748212845996
B_raw_s2_r16,00234.png,0.0022879778407514,0.0011419915826991,26.723005294799805,22.22735023498535,-3.980652763857506e-05,0.0013864006614312
B_raw_s2_r16,00235.png,-0.0007201296975836,0.0008296860614791,26.039810180664062,24.597267150878903,-0.001574526540935,-0.0002484107099007
B_raw_s2_r16,00236.png,0.0001377049338771,-0.0003215816686861,23.73078727722168,31.05677032470703,-0.0025956991594284,-0.000427170045441
B_raw_s2_r16,00237.png,0.0010055063758045,0.0002534202940296,23.62624740600586,23.698266983032227,-0.0005058062379248,0.0021238699555397
B_raw_s2_r16,00238.png,0.002391182584688,-0.0001856219605542,25.343982696533203,27.162128448486328,0.0010391500545665,6.558871973538771e-05
B_raw_s2_r16,00239.png,0.0001879243645817,-4.137990981689654e-05,37.30600357055664,24.768688201904297,-0.0014059763634577,0.0006155171431601
B_raw_s2_r16,00240.png,0.0014362575020641,0.0009316559298895,23.885814666748047,28.732616424560547,-0.0007680089911445,0.0004675933741964
B_raw_s2_r16,00241.png,-0.0001882593642221,-3.79648081434425e-05,22.66444396972656,24.308748245239254,-0.001122004003264,0.0016585711855441
B_raw_s2_r16,00242.png,0.0014780752826482,-0.0015238228952512,21.048906326293945,27.041278839111328,-0.0004729752836283,0.000777248002123
B_raw_s2_r16,00243.png,-0.0018998212181031,-0.000970336201135,23.46675491333008,27.422401428222656,-0.0032487204298377,0.0034333248622715
B_raw_s2_r16,00244.png,-0.0003625435347203,0.0021172105334699,22.465211868286133,22.578575134277344,-0.0013235653750598,0.0003799466940108
B_raw_s2_r16,00245.png,0.0001146412323578,-0.0006273999460972,26.87514305114746,24.426166534423828,0.0011254104319959,0.0007505573448725
B_raw_s2_r16,00246.png,0.0013969907304272,0.0016138243954628,21.969980239868164,23.060379028320312,-0.0019548209384083,0.0017573055811226
B_raw_s2_r16,00247.png,0.0015272564487531,-0.0001092238017008,25.62100982666016,24.2456111907959,0.0003651879669632,0.0015621685888618
B_raw_s2_r16,00248.png,-0.0004032127617392,-0.0005917576490901,25.431734085083008,31.902368545532227,0.0005082087009213,-0.000630168011412
B_raw_s2_r16,00249.png,0.0013235866790637,0.0013066341634839,24.39512252807617,23.818857192993164,0.0016848711529746,0.0009783448185771
B_raw_s2_r16,00250.png,0.0008900210959836,0.0006971923285163,25.722368240356445,28.11447525024414,-0.0022352172527462,-0.0007376422872766
B_raw_s2_r16,00251.png,0.0005188211216591,0.0002365789550822,23.54668617248535,26.533079147338867,0.0022444191854447,0.0008554226951673
B_raw_s2_r16,00252.png,0.0002930100017692,0.0001363928167847,26.05963897705078,21.904441833496094,0.0043568941764533,-0.0008334686863236
B_raw_s2_r16,00253.png,0.0008408213616348,0.0017023202963173,24.29684066772461,26.3673038482666,0.0007531617302447,0.0013290218776091
B_raw_s2_r16,00254.png,-0.000931411399506,-0.0010847792727872,23.832305908203125,24.241086959838867,-0.0015069913351908,0.0006902543827891
B_raw_s2_r16,00255.png,-0.0003961392503697,-0.0004556099302135,24.615232467651367,22.916501998901367,-0.0007434761500917,-0.0006501980824396
B_raw_s2_r16,00256.png,-0.0028016562573611,-0.0011655864072963,25.204694747924805,22.22834205627441,-0.0006317275692708,0.0006307360017672
B_raw_s2_r16,00257.png,0.001508978428319,0.0004087106208316,23.268218994140625,22.363126754760746,0.0012981803156435,0.0010730711510404
B_raw_s2_r16,00258.png,0.0007443267968483,0.0004302751331124,31.85763359069824,27.66279411315918,0.0008175914990715,0.0009184374357573
B_raw_s2_r16,00259.png,-0.0004285831819288,-0.0013370075030252,23.665647506713867,24.20462226867676,-4.339097358752042e-05,-0.0018717655912041
B_raw_s2_r16,00260.png,0.0002193084510508,-0.0002689303364604,21.414875030517575,25.164714813232425,9.606262756278738e-05,-0.0034117971081286
B_raw_s2_r16,00261.png,0.0008538158726878,-0.0003236836055293,25.8134708404541,25.75029182434082,-0.0019782618619501,-0.0002557365514803
B_raw_s2_r16,00262.png,0.0037044356577098,-0.0001965781266335,28.33732414245605,25.99734115600586,-0.0016801711171865,0.0002166089834645
B_raw_s2_r16,00263.png,0.0017185981851071,0.0001650681369937,23.499250411987305,23.671527862548828,0.0041777128353714,0.0003681790258269
B_raw_s2_r16,00264.png,0.0003305405844002,-6.796454545110464e-05,27.251850128173828,25.578014373779297,0.0005168427014723,0.0014644280308857
B_raw_s2_r16,00265.png,-0.000645839376375,-0.00195963983424,27.413997650146484,24.27663230895996,-0.000816217274405,0.0016424662899225
B_raw_s2_r16,00266.png,-0.0002057872479781,0.0011122259311378,22.722187042236328,25.127948760986328,-0.0005780641222372,-0.0023637625854462
B_raw_s2_r16,00267.png,-0.0009080707095563,0.0001238543045474,22.230728149414062,22.82222557067871,0.002068551024422,-0.0004051751457154
B_raw_s2_r16,00268.png,0.0005386435077525,0.0009423480951227,28.926284790039062,23.579349517822266,-0.0011025441344827,-0.0006521210307255
B_raw_s2_r16,00269.png,0.0014263540506362,0.0020595726091414,23.30994987487793,22.04997062683105,-0.000118107360322,0.0011827842099592
B_raw_s2_r16,00270.png,-0.0019046205561608,-0.000251299527008,24.488744735717773,23.49342536926269,-0.0013562301173806,0.0025541838258504
B_raw_s2_r16,00271.png,0.0015618230681866,0.0002096870011882,24.126968383789062,23.45033073425293,-0.0043260790407657,-0.0018208133988082
B_raw_s2_r16,00272.png,0.0004495772300288,0.0026403779629617,23.058269500732425,24.71367645263672,-0.0002009534364333,-0.0009034559479914
B_raw_s2_r16,00273.png,-0.0017175414832308,-0.0001585920836078,24.00613784790039,24.285490036010746,0.0006195537862367,-0.0007756680133752
B_raw_s2_r16,00274.png,0.0019575417973101,0.0008796153706498,22.768272399902344,22.83170890808105,-0.0034685139544308,0.0029714137781411
B_raw_s2_r16,00275.png,0.0015717481728643,-0.0005926042795181,26.467374801635746,22.805055618286133,-0.0022902081254869,0.0004151346511207
B_raw_s2_r16,00276.png,-0.0009852845687419,0.0030782311223447,24.868030548095703,26.681678771972656,-0.0026302379556,0.0030474669765681
B_raw_s2_r16,00277.png,-0.0003029485815204,-0.0011995555832982,23.202733993530277,23.666473388671875,0.0022790236398577,-0.0016095717437565
B_raw_s2_r16,00278.png,1.833053283917252e-05,0.0012014760868623,26.24745750427246,23.798952102661133,0.0031815930269658,-0.0020356816239655
B_raw_s2_r16,00279.png,-0.0003932628314942,0.0006855849642306,23.185531616210938,22.930395126342773,-0.0017791306599974,0.0006483705947175
B_raw_s2_r16,00280.png,0.0018412714125588,0.0021875409875065,21.13708877563477,23.18787956237793,0.0002816738269757,-0.0002301988570252
B_raw_s2_r16,00281.png,-0.0002357914345338,-0.0027630866970866,24.319564819335938,22.647172927856445,0.0015065636252984,0.0044488939456641
B_raw_s2_r16,00282.png,0.0003366128366906,0.0001735370169626,26.36004066467285,21.655929565429688,2.5248849851777777e-05,0.001365969190374
B_raw_s2_r16,00283.png,-0.0009594473522156,-0.0004177925293333,22.989477157592773,30.19505500793457,-0.0029457726050168,0.0004362087638583
B_raw_s2_r16,00284.png,0.0012467260239645,-0.0007389442762359,23.16045188903809,22.841529846191406,-0.0005541445570997,-0.0019906826782971
B_raw_s2_r16,00285.png,-0.0020033088512718,-0.0023038031067699,22.41828155517578,25.45813369750977,-0.0015582825290039,0.0019125913968309
B_raw_s2_r16,00286.png,-3.5891753213945776e-05,-0.0004901540814898,21.466346740722656,24.38652610778809,0.0005184030742384,0.0011785351671278
B_raw_s2_r16,00287.png,0.0003250212466809,0.0011140420101583,25.61561393737793,23.0306339263916,0.001338439527899,0.0008478788076899
B_raw_s2_r16,00288.png,-7.714244020462502e-06,0.0023298286832869,23.086654663085938,26.128490447998047,-0.0022913154680281,0.0008040346438065
B_raw_s2_r16,00289.png,-0.0005314302979968,0.0009240023209713,25.805551528930664,23.692636489868164,-0.0014361335197463,-0.0015179009642452
B_raw_s2_r16,00290.png,-0.002029112773016,-0.0001751791132846,24.85793685913086,30.05656242370605,-0.0004685404128395,0.0002322027285117
B_raw_s2_r16,00291.png,-0.0006578175816684,0.0017614891985431,27.2966423034668,23.51372718811035,0.000916222052183,0.0010440275073051
B_raw_s2_r16,00292.png,-0.0014794573653489,-0.0006648916751146,24.7457218170166,33.97863006591797,0.003093656618148,0.0001919671049108
B_raw_s2_r16,00293.png,0.0007014167495071,-0.0001333524414803,24.47610092163086,25.024742126464844,0.0018382734851911,0.0007630218169651
B_raw_s2_r16,00294.png,-0.0016715652309358,-0.0004745332698803,28.01223945617676,29.96996307373047,-0.0018571780528873,0.0003320882678963
B_raw_s2_r16,00295.png,0.000497757748235,-0.0008411107119172,24.08645248413086,24.49036407470703,0.0023311641998589,0.0022335071116685
B_raw_s2_r16,00296.png,-0.0002661668695509,-0.0007008761749602,24.80875396728516,26.973064422607425,0.0008756362367421,-0.0005547225009649
B_raw_s2_r16,00297.png,0.0006134277791716,-0.0024445753078907,23.63794708251953,22.854951858520508,8.375468314625323e-05,-0.0008574683452025
B_raw_s2_r16,00298.png,-0.0005574229871854,0.0006608343101106,24.989320755004883,28.842945098876957,0.000531940429937,-0.0008795196772553
B_raw_s2_r16,00299.png,-0.0006691938615404,-0.0003999689070042,23.41689109802246,25.44903564453125,-0.0014584122691303,0.0014163592131808
B_raw_s2_r16,00300.png,-0.0017270204843953,-0.0006634413730353,23.61404800415039,27.723730087280277,0.0011704585049301,-0.0036183800548315
B_raw_s2_r16,00301.png,0.0018618532922118,0.0020829255226999,25.42864990234375,26.351362228393555,0.0003852704248856,-0.0019848304800689
B_raw_s2_r16,00302.png,-0.0002862561959773,0.00026844185777,25.15303611755371,22.78460693359375,-0.0019802586175501,-0.0017550701741129
B_raw_s2_r16,00303.png,-0.0003550301480572,-0.0016628158045932,29.445899963378903,22.88047409057617,0.0017471581231802,-0.0032857882324606
B_raw_s2_r16,00304.png,0.0004965427215211,-0.0010800827294588,20.728620529174805,27.243602752685547,0.0003320394316688,-0.0020441198721528
B_raw_s2_r16,00305.png,0.0003087114018853,-0.0001882945070974,25.483243942260746,23.996442794799805,4.747885668621166e-06,0.0008222088799811
B_raw_s2_r16,00306.png,0.0018116664141416,-0.0002033564378507,20.507110595703125,20.836790084838867,-0.0014874597545713,0.0016566161066293
B_raw_s2_r16,00307.png,7.688799087191e-05,0.0004206780868116,24.22294044494629,27.3741512298584,0.0017632454400882,0.0013250625925138
B_raw_s2_r16,00308.png,-0.0004098466888535,-0.0007235326920635,32.09311294555664,23.52855491638184,-0.0006414272938854,0.0016312639927491
B_raw_s2_r16,00309.png,-0.0009976691799238,-0.0022876183502376,22.56545639038086,24.37594985961914,0.0011770284036174,-0.0020115512888878
B_raw_s2_r16,00310.png,-0.0015269011491909,0.001396341715008,28.666650772094727,26.127531051635746,0.0011507424060255,-0.0004594959900714
B_raw_s2_r16,00311.png,0.0003808511246461,0.0007101805531419,30.721416473388672,22.51999855041504,-0.0008119901758618,-0.0011697892332449
B_raw_s2_r16,00312.png,3.810929410974495e-05,0.0009835015516728,26.091827392578125,29.01608085632324,-0.001274217502214,-0.0025048509705811
B_raw_s2_r16,00313.png,-0.0004939968930557,3.4666434657992795e-05,23.03287506103516,20.2677059173584,-0.0004269076744094,0.0004163745907135
B_raw_s2_r16,00314.png,0.0004002550849691,0.0017686713254079,29.306421279907227,26.285375595092773,-0.001565700629726,2.3974951545824297e-05
B_raw_s2_r16,00315.png,-0.0022410294041037,0.0006385956075973,24.157846450805664,20.25033569335937,-3.02097851090366e-05,0.0005438106600195
B_raw_s2_r16,00316.png,-6.255733751459047e-05,-0.0002548254560679,26.59119415283203,23.778514862060547,-0.001021911506541,0.0010133713949471
B_raw_s2_r16,00317.png,0.0013809878146275,0.0045793764293193,23.293983459472656,23.872947692871094,-0.0003952927072532,0.0013109700521454
B_raw_s2_r16,00318.png,-0.0004069960850756,-0.0006063930341042,33.0324821472168,35.406429290771484,0.0021712069865316,-0.0028714246582239
B_raw_s2_r16,00319.png,0.0026888826396316,0.0007665912853553,22.68280601501465,22.82553100585937,-0.0003172609140165,0.001210827496834
B_raw_s2_r16,00320.png,0.0003164394875057,0.0018960797460749,23.528865814208984,27.035499572753903,0.0022749481722712,0.0019850963726639
B_raw_s2_r16,00321.png,0.0035988693125545,0.0003535268770065,24.405731201171875,28.84786605834961,-0.0001459618506487,-0.0019592915195971
B_raw_s2_r16,00322.png,-0.0005005224375054,-0.0015433555236086,23.89702033996582,24.3109073638916,-0.0002274125145049,-0.0011812445009127
B_raw_s2_r16,00323.png,0.0010513871675357,-0.0027231778949499,23.30826187133789,23.55178642272949,0.0006190639105625,0.0011631808010861
B_raw_s2_r16,00324.png,-0.000939366640523,-0.0004512697923928,26.74518585205078,22.5341911315918,9.260862861992793e-05,0.0016933084698393
B_raw_s2_r16,00325.png,0.0010108201531693,-0.0002172239037463,27.788721084594727,24.32608985900879,0.0004171140899416,0.0009056793060153
B_raw_s2_r16,00326.png,-0.0001748353679431,0.0014070484321564,25.2782039642334,26.96341323852539,2.3566542949993163e-05,0.0019200565293431
B_raw_s2_r16,00327.png,-2.373770485064597e-06,0.0014535586815327,23.3502254486084,22.231433868408203,0.000397945230361,-0.0027662701904773
B_raw_s2_r16,00328.png,7.213131902972236e-05,-9.543297346681356e-05,23.370332717895508,23.19314765930176,0.0001892771397251,0.0006619091145694
B_raw_s2_r16,00329.png,-0.0030634447466582,0.0006954634445719,27.48771858215332,25.733062744140625,0.0004733131208922,0.0012096933787688
B_raw_s2_r16,00330.png,0.0018396804807707,0.0003259344375692,22.482196807861328,22.46053695678711,0.001955997897312,-0.0011317312018945
B_raw_s2_r16,00331.png,0.0013475700980052,0.0012136973673477,25.523387908935547,26.46901130676269,-0.0007502666558139,-0.0004422519123181
B_raw_s2_r16,00332.png,0.0004567746655084,-0.0008177558192983,26.31786727905273,29.5914249420166,0.0011045146966353,0.0023611257784068
B_raw_s2_r16,00333.png,0.0003058236034121,-0.0011339301709085,26.420011520385746,23.879213333129883,0.001891249208711,0.0012287041172385
B_raw_s2_r16,00334.png,-0.0020445981062948,-0.0007055934984236,24.092927932739254,24.508739471435547,0.0007628532475791,-0.0002213462867075
B_raw_s2_r16,00335.png,0.0022835545241832,-0.0005685404757969,24.60979461669922,23.148983001708984,-0.0023936780635267,0.0012235314352437
B_raw_s2_r16,00336.png,0.0001099538203561,3.7391248497442575e-06,28.860960006713867,22.777978897094727,-0.0030738648492842,-0.0013694989029318
B_raw_s2_r16,00337.png,-0.0012659500353038,-0.0012727223802357,28.605640411376957,20.769784927368164,-0.0002056317025562,0.0002935681259259
B_raw_s2_r16,00338.png,-0.0003330947947688,0.0007856388110667,26.395252227783203,26.39088630676269,0.0006729121669195,-0.0025368202477693
B_raw_s2_r16,00339.png,0.0006188295665197,-0.0010256388923153,22.13733291625977,28.82340812683105,-0.00277143670246,0.0023819964844733
B_raw_s2_r16,00340.png,-2.5173530957545157e-05,-5.720190893043764e-05,24.50494384765625,26.405311584472656,-0.0002573475358076,0.0005978841800242
B_raw_s2_r16,00341.png,0.0006030451040714,-0.0008783561061136,23.672325134277344,23.93914031982422,-0.0001193529751617,-7.038190233288333e-05
B_raw_s2_r16,00342.png,-0.0009750887984409,-0.0015182587085291,21.50730323791504,24.011619567871094,-0.0008214299450628,-0.0033559980802237
B_raw_s2_r16,00343.png,0.0008989010821096,-0.0002355997130507,24.12941551208496,25.906967163085938,0.0011164766037836,0.0004922457155771
B_raw_s2_r16,00344.png,0.0015603069914504,0.0001160996398539,28.76734733581543,26.447206497192383,0.0040022721514105,-0.002715874928981
B_raw_s2_r16,00345.png,-0.000373806542484,0.000951838446781,23.525802612304688,24.94788360595703,0.0005906861042603,-0.003261192003265
B_raw_s2_r16,00346.png,-0.0022164171095937,0.0012691911542788,26.33746337890625,24.35856437683105,-0.0005487838643603,-0.0009377294918522
B_raw_s2_r16,00347.png,-0.0011679547606036,-0.0004407597589306,25.2839412689209,23.60149574279785,0.0007938889903016,-0.0029880576767027
B_raw_s2_r16,00348.png,0.0020422637462615,0.0029265596531331,22.77020263671875,26.364131927490234,0.0015069700311869,0.0018162970663979
B_raw_s2_r16,00349.png,-0.0002966387546621,0.0016534810420125,27.36318588256836,27.62772750854492,-0.0015878014964982,0.0006522555486299
B_raw_s2_r16,00350.png,0.0002900959516409,-0.0009839556878432,24.59565544128418,22.69771194458008,0.002061003120616,-0.001831705099903
B_raw_s2_r16,00351.png,-0.0009524695342406,-0.0008474827627651,21.000362396240234,24.332725524902344,0.001074346830137,0.000501203641761
B_raw_s2_r16,00352.png,-0.0008128702756948,0.0002913978532887,28.18546867370605,24.065263748168945,0.0010737327393144,0.0014975336380302
B_raw_s2_r16,00353.png,-0.0004220209375489,-0.0010004433570429,29.890766143798828,22.076324462890625,0.002317605074495,-0.0026519845705479
B_raw_s2_r16,00354.png,0.0012962986947968,-0.0029630630742758,30.444011688232425,24.11166381835937,-0.0041128434240818,-0.0004277512198314
B_raw_s2_r16,00355.png,-0.0018186664674431,-0.0011879821540787,22.39543342590332,22.48960304260254,-0.0021941610611975,0.0023976226802915
B_raw_s2_r16,00356.png,0.0004638145910575,-0.0003459445142652,23.815340042114254,31.87775993347168,0.002687316853553,0.0001424335496267
B_raw_s2_r16,00357.png,-0.0011887572472915,0.0001303030003327,26.159059524536133,23.56843376159668,0.0040319133549928,-0.0005063011194579
B_raw_s2_r16,00358.png,0.002196458633989,-0.0016196514479815,25.758399963378903,23.574195861816406,0.0008835843764245,0.0011918774107471
B_raw_s2_r16,00359.png,0.000608603877481,-0.0002970770874526,26.10863494873047,31.14956283569336,-0.001086393953301,-0.0028783029410988
B_raw_s2_r16,00360.png,-0.0005832245224155,0.0007023165235295,22.854719161987305,29.212221145629883,0.0016245816368609,-0.0006740647950209
B_raw_s2_r16,00361.png,0.0003387447504792,0.0014059054665267,24.136276245117188,23.994930267333984,0.0010902954963967,-0.0018427731702104
B_raw_s2_r16,00362.png,-0.0018167002126574,-0.0002087179891532,27.19299697875977,23.17200469970703,-0.0006084120250307,-0.0007658547256141
B_raw_s2_r16,00363.png,-0.0012243455275893,0.0008880444802343,25.274349212646484,22.693649291992188,-0.0004462307260837,0.0018115265993401
B_raw_s2_r16,00364.png,-0.0012043792521581,0.0008012221660465,26.75653648376465,23.89488410949707,0.003705782815814,-0.000455796776805
B_raw_s2_r16,00365.png,-0.0011602010345086,0.0001071896112989,22.848804473876957,35.62793731689453,-0.0009659182396717,-0.0006563171045854
B_raw_s2_r16,00366.png,0.0009111578110605,-0.0005445434944704,27.353540420532227,24.236473083496094,-0.0006116183358244,-0.0009388964390382
B_raw_s2_r16,00367.png,0.0002799542271532,0.000817623862531,21.85228729248047,21.305627822875977,0.0011596898548305,0.0010126665001735
B_raw_s2_r16,00368.png,-0.0002749104751273,0.0002780373906716,24.2916202545166,21.08781242370605,1.7795307940104976e-05,-0.0002994374081026
B_raw_s2_r16,00369.png,-0.0005869510932825,0.0010597079526633,24.63834381103516,26.34940719604492,-0.0009502712637186,-0.0009437557309865
B_raw_s2_r16,00370.png,-0.0019233070779591,0.0001635348744457,22.94931983947754,25.965595245361328,0.0016695510130375,3.8420814234996215e-05
B_raw_s2_r16,00371.png,0.0012353805359452,-0.0004462130600586,23.16122055053711,26.588796615600582,-0.000216190208448,0.0020119296386837
B_raw_s2_r16,00372.png,-0.0011738863540813,-0.0027120311278849,24.09164810180664,26.929502487182617,-1.892040017992258e-05,0.0005456843646243
B_raw_s2_r16,00373.png,-0.0013208478922024,0.0011199368163943,22.90275764465332,24.177186965942383,-0.0006878596032038,0.001010003965348
B_raw_s2_r16,00374.png,-0.0007365395431406,-0.0009309350862167,22.65394401550293,26.24136734008789,-0.0007287373882718,0.0006759256357327
B_raw_s2_r16,00375.png,0.000251390854828,0.0011629307409748,27.003833770751957,24.76051139831543,-0.0011693381238728,0.003116640727967
B_raw_s2_r16,00376.png,0.0008589750505052,0.001865059020929,22.43694496154785,30.60144424438477,0.0022894961293786,0.0028097990434616
B_raw_s2_r16,00377.png,-0.000210172671359,0.0005201066378504,30.26337242126465,23.15782928466797,-0.0022925559896975,0.0004766845377162
B_raw_s2_r16,00378.png,0.0019547250121831,0.001077385735698,24.94306945800781,23.85144805908203,-9.959613817045464e-05,-0.0004672796640079
B_raw_s2_r16,00379.png,-0.001028754399158,0.0005437641520984,33.81118392944336,28.116640090942383,0.0008270731195807,-5.4872663895366713e-05
B_raw_s2_r16,00380.png,-0.0011589198838919,0.0010751998052001,28.83077049255371,26.77719497680664,0.0013228744501248,0.001689410302788
B_raw_s2_r16,00381.png,0.0007511190488003,0.0008964618318714,26.377614974975582,30.31461334228516,-0.001924934098497,-0.0002785440883599
B_raw_s2_r16,00382.png,0.0013213175116106,0.0020142120774835,25.153263092041016,28.659290313720703,-0.002514174208045,0.00118622276932
B_raw_s2_r16,00383.png,0.0005239807069301,-0.0016079331981018,22.950395584106445,29.240867614746094,0.0011773986043408,-0.0011550361523404
B_raw_s2_r16,00384.png,-0.0016820984892547,0.0017800845671445,27.46222305297852,22.086101531982425,0.0004358612641226,0.0019503143848851
B_raw_s2_r16,00385.png,-0.0002095566887874,0.0002791541628539,30.38439178466797,27.995227813720703,-0.0018786849686875,-0.0025477213785052
B_raw_s2_r16,00386.png,-0.0038870819844305,0.00095979712205,27.189546585083008,27.317916870117188,-0.0006460302392952,0.0024118740111589
B_raw_s2_r16,00387.png,-0.0010695833479985,-0.0013501847861334,24.64906311035156,23.80293846130371,-0.0016520386561751,0.0004148210573475
B_raw_s2_r16,00388.png,-0.0002401969686616,0.0007988453726284,22.193113327026367,28.530986785888672,-0.0020015086047351,0.0009267914574593
B_raw_s2_r16,00389.png,-4.909000199404545e-05,0.0007584239356219,23.194982528686523,22.081382751464844,-0.0025443488266319,-0.0002483265998307
B_raw_s2_r16,00390.png,0.0002375593903707,-0.0023963653948158,22.63483047485352,23.515607833862305,0.000728138256818,-0.0028188538271933
B_raw_s2_r16,00391.png,0.0013760045403614,-0.0012042594607919,23.96695899963379,28.780275344848636,-0.0015806325245648,-0.0012604773510247
B_raw_s2_r16,00392.png,0.0023280757013708,0.0022933387663215,26.326828002929688,25.741811752319336,0.0010033630533143,-0.0021386425942182
B_raw_s2_r16,00393.png,-0.0021847544703632,-0.0006629915442317,27.207109451293945,26.11633682250977,0.0006836456013843,0.0007819503662176
B_raw_s2_r16,00394.png,0.0028647924773395,0.0004108691064175,25.264068603515625,24.80364990234375,-0.00087822729256,0.0007049461710266
B_raw_s2_r16,00395.png,-0.0006165969534777,-0.0006863898597657,22.136096954345703,26.490215301513672,-0.0014644298935309,-0.0011361646465957
B_raw_s2_r16,00396.png,0.00097597471904,5.471074837259948e-05,23.519567489624023,21.064165115356445,0.0021388190798461,0.0004641902050934
B_raw_s2_r16,00397.png,-0.0020215439144521,-0.0046269856393337,22.1967830657959,23.842315673828125,6.882205343572423e-05,-0.0005038662347942
B_raw_s2_r16,00398.png,6.176656461320817e-05,-0.0002564317837823,25.29713249206543,26.33791732788086,-0.000581799657084,0.00060145749012
B_raw_s2_r16,00399.png,-0.0024906957987695,8.250313840107992e-05,22.70005416870117,26.84255599975586,-6.410752394003794e-05,0.0011102897115051
B_raw_s2_r16,00400.png,-0.001491007162258,0.0020979072432965,23.024066925048828,24.56130599975586,0.0007083368254825,-0.0015150079270824
B_raw_s2_r16,00401.png,0.0004336355486884,-0.0025592416059225,25.50330352783203,24.75000762939453,-0.0012170327827334,-0.0030069611966609
B_raw_s2_r16,00402.png,0.0010862990748137,-0.0002869710733648,23.858152389526367,20.794286727905277,0.0006324949208647,-0.0023125864099711
B_raw_s2_r16,00403.png,0.0019073988078162,-0.0007421760237775,31.893404006958008,23.950313568115234,9.16005519684404e-05,0.0018523490289226
B_raw_s2_r16,00404.png,0.0015443274751305,0.0026397628244012,23.473812103271484,23.25316429138184,0.0001250864734174,0.0002141056029358
B_raw_s2_r16,00405.png,0.0026847827248275,-0.0002561326837167,23.03490447998047,27.177295684814453,0.0008387304260395,-0.0009820130653679
B_raw_s2_r16,00406.png,8.123600127873942e-05,-0.0010610817698761,26.136932373046875,21.48446273803711,0.0016486716922372,0.0002450975589454
B_raw_s2_r16,00407.png,0.0005810939474031,-4.506248296820559e-05,22.24068260192871,25.85020637512207,-0.0033894947264343,-0.0021081147715449
B_raw_s2_r16,00408.png,-0.0008086079033091,0.0010661941487342,28.086145401000977,21.572263717651367,-0.0024000101257115,-0.0013947514817118
B_raw_s2_r16,00409.png,0.0014958346728235,0.0016468978719785,23.485614776611328,25.570507049560547,0.0002951934293378,-0.0007463377551175
B_raw_s2_r16,00410.png,0.0017682494362816,0.0019631441682577,25.97859764099121,20.853158950805664,-0.0003058972361031,-0.0004035332240164
B_raw_s2_r16,00411.png,0.0017610284266993,0.0007426264928653,23.66921043395996,26.111865997314453,-0.0011563770240172,-0.0012031176593154
B_raw_s2_r16,00412.png,-0.001640664646402,0.001261472934857,22.5324764251709,26.925613403320312,-0.0013247134629637,-0.0015625412343069
B_raw_s2_r16,00413.png,-0.0023045323323458,0.0018400044646114,23.59952163696289,23.71317481994629,-0.0013612901093438,0.000705329759512
B_raw_s2_r16,00414.png,-0.0006539758760482,-0.0026876020710915,25.57497787475586,24.2647762298584,0.0005371599690988,0.0025574013125151
B_raw_s2_r16,00415.png,0.0008818666101433,-0.0015188249526545,29.28009986877441,26.68480682373047,-0.0018740354571491,-0.000549818680156
B_raw_s2_r16,00416.png,0.0009603468934074,0.0010703123407438,22.443716049194336,29.162841796875,0.0020462519023567,0.0010505396639928
B_raw_s2_r16,00417.png,0.0016367107164114,0.0008032593759708,28.361207962036133,21.96064567565918,0.0021419813856482,0.0004182631382718
B_raw_s2_r16,00418.png,0.000182894669706,0.0010321428999304,24.98773193359375,23.357608795166016,0.0034291462507098,-0.0002977852709591
B_raw_s2_r16,00419.png,0.0004205674631521,0.0007729143253527,22.21317672729492,25.146427154541016,-0.0012310789898037,0.0052666054107248
B_raw_s2_r16,00420.png,0.0003669448778964,-0.0016479031182825,21.631166458129883,29.83834648132324,-0.0012310220627114,0.0016210954636335
B_raw_s2_r16,00421.png,-9.792559285415336e-05,-0.0013132016174495,24.460559844970703,25.64866065979004,0.0002019145613303,0.0003278896328993
B_raw_s2_r16,00422.png,-0.0016207121079787,0.0020828656852245,22.629722595214844,23.1008358001709,-0.0016459978651255,-0.0003767866000998
B_raw_s2_r16,00423.png,0.0024224345106631,0.0003379243717063,23.25265884399414,28.222524642944336,0.0018575323047116,0.0025515246670693
B_raw_s2_r16,00424.png,0.0018948923097923,0.0001572067994857,21.21656036376953,29.48065757751465,-0.0007838094024918,0.0045033725909888
B_raw_s2_r16,00425.png,-0.000654486240819,-5.047038575867191e-05,26.52372932434082,25.103673934936523,0.0010481487261131,-0.0005553430528379
B_raw_s2_r16,00426.png,0.0015269780997186,0.0010060329223051,21.822460174560547,22.352434158325195,-0.001100376364775,-0.0005462923436425
B_raw_s2_r16,00427.png,0.0008501171832904,0.0004606881702784,21.515443801879883,21.16248321533203,-0.0010140727972611,0.0016206712462008
B_raw_s2_r16,00428.png,0.0001709428906906,-0.0010012816637754,27.21151161193848,24.36487579345703,-0.000813212012872,-0.001480117556639
B_raw_s2_r16,00429.png,0.0003203681262675,0.0023522868286818,23.39653587341309,22.468429565429688,0.0006121330661699,0.0017750961706042
B_raw_s2_r16,00430.png,3.536003714543767e-05,0.0008605528855696,25.51961326599121,21.846969604492188,-0.0006586746894754,-0.001129474141635
B_raw_s2_r16,00431.png,0.0006570140249095,-0.0013384143821895,23.04487991333008,20.800167083740234,0.0012000503484159,-0.0004206269513815
B_raw_s2_r16,00432.png,1.2153807801951189e-05,0.001286907820031,25.86716079711914,25.173206329345703,-0.0017635790864005,-0.0010220519034191
B_raw_s2_r16,00433.png,-0.0010078364284709,-0.0003402026195544,24.34395408630371,24.515113830566406,-0.00019759288989,0.0002893439959734
B_raw_s2_r16,00434.png,-0.0021231053397059,0.0001290964428335,21.81842613220215,27.40699005126953,-0.0024336935020983,0.0004336714337114
B_raw_s2_r16,00435.png,0.0004402514314278,-3.916789137292653e-05,21.237451553344727,23.07425308227539,-0.0025251489132642,-0.0018574717687442
B_raw_s2_r16,00436.png,0.0017941449768841,-0.0004874787991866,23.05156707763672,24.089862823486328,-0.0018423744477331,-0.0025480927433818
B_raw_s2_r16,00437.png,-0.0011422890238463,-0.0022848208900541,23.675146102905277,24.32646942138672,0.001998343039304,0.0007991470629349
B_raw_s2_r16,00438.png,9.4251889095176e-05,0.0021575996652245,20.765172958374023,25.438720703125,0.0003585044469218,-0.00275025726296
B_raw_s2_r16,00439.png,0.0013662150595337,0.0021868322510272,25.22145652770996,23.871509552001957,-0.0020331894047558,0.0014261006144806
B_raw_s2_r16,00440.png,6.560116162290797e-05,-0.000320222985465,23.92603874206543,28.954015731811523,9.17106262932066e-06,-0.0007057804032228
B_raw_s2_r16,00441.png,0.0022995099425315,0.0023390969727188,22.4033317565918,22.132219314575195,-3.601063508540392e-05,0.0004572162288241
B_raw_s2_r16,00442.png,0.0003801909915637,0.0006837422843091,22.643312454223636,31.59589195251465,0.0002024795976467,0.0015493114478886
B_raw_s2_r16,00443.png,0.0006142790662124,0.0010444391518831,23.807483673095703,22.370342254638672,0.001361031550914,-0.0012480595614761
B_raw_s2_r16,00444.png,-0.001043134368956,-0.0005455059581436,25.23053741455078,29.75617790222168,0.0013236728264018,0.0008047075243666
B_raw_s2_r16,00445.png,-0.0004822209593839,-0.0020883330143988,26.23680305480957,27.54296875,-0.0001614089414943,-0.0002873324847314
B_raw_s2_r16,00446.png,0.001948605524376,0.000895154022146,26.189851760864254,25.961082458496094,0.002577026374638,-0.0025020393077284
B_raw_s2_r16,00447.png,-0.0001390683319186,-8.581142901675776e-05,25.14874267578125,27.721105575561523,-0.0011818445054814,-0.0019337378907948
B_raw_s2_r16,00448.png,-0.0009937589056789,0.000781234644819,24.016077041625977,22.11326026916504,0.0022571464069187,0.0018170567927882
B_raw_s2_r16,00449.png,-0.0007386736106127,-0.0021795695647597,23.34539222717285,28.93461227416992,-0.0034066715743392,0.000976062612608
B_raw_s2_r16,00450.png,-0.0004648109024856,0.0006285664858296,26.469526290893555,24.845422744750977,-0.002100332872942,0.0001053539672284
B_raw_s2_r16,00451.png,0.000111575172923,1.7716341972118244e-05,22.24659538269043,28.05489730834961,0.0021166088990867,-0.0021229691337794
B_raw_s2_r16,00452.png,-0.0001267124316655,0.000828900898341,25.721702575683597,24.114744186401367,0.0004774990666192,0.0021333221811801
B_raw_s2_r16,00453.png,0.0001140398453571,0.0019823191687464,23.738615036010746,23.75985717773437,-0.0017571601783856,-0.0001304351899307
B_raw_s2_r16,00454.png,0.0020945777650922,0.0020383086521178,26.18735122680664,28.17284202575684,-0.0008997641853056,0.0020877814386039
B_raw_s2_r16,00455.png,-0.0002226616925327,0.000367033178918,22.888633728027344,23.711877822875977,-0.0009451272781006,0.0001938030618475
B_raw_s2_r16,00456.png,0.0004382982442621,-0.0003430888464208,29.042177200317383,22.80715751647949,0.0004737366107292,-0.0022810315713286
B_raw_s2_r16,00457.png,0.0016346626216545,0.0024623945355415,28.907804489135746,22.74497413635254,0.0030292239971458,-0.0001863849902292
B_raw_s2_r16,00458.png,-0.0019634694326668,-0.0001064128446159,24.76104164123535,23.77614974975586,0.0032894276082515,0.000354748655809
B_raw_s2_r16,00459.png,-0.0004016122256871,-0.0016398386796936,25.4540958404541,20.528959274291992,-0.0010172921465709,-4.021321001346223e-05
B_raw_s2_r16,00460.png,-0.0010521296644583,5.648659225698793e-06,25.12665367126465,31.33547592163086,0.000492948165629,-0.0012747688451781
B_raw_s2_r16,00461.png,0.0021280639339238,-3.50911941495724e-05,22.70981216430664,25.924213409423828,-0.0024490130599588,-6.5249674662482e-05
B_raw_s2_r16,00462.png,0.0005782540538348,-0.000514775107149,20.882644653320312,32.00218200683594,-0.0020424744579941,-0.0003510374808683
B_raw_s2_r16,00463.png,-0.000588437076658,0.0010375489946454,26.989347457885746,24.562170028686523,0.0007749259821139,0.0005564673920162
B_raw_s2_r16,00464.png,0.0010735142277553,-0.0002845656708814,25.931154251098636,23.162857055664062,-0.0013342035235837,-0.0009363723220303
B_raw_s2_r16,00465.png,-0.0015465626493096,-0.0003896973503287,24.1064567565918,21.73397827148437,-0.0036967338528484,0.0006530979881063
B_raw_s2_r16,00466.png,0.0015748697333037,-0.0007392489351332,23.89908599853516,30.92572593688965,-0.0001185754226753,0.0021619193721562
B_raw_s2_r16,00467.png,0.001325920689851,0.0014764978550374,25.601642608642575,22.77099227905273,0.0003741494438145,-0.003865671576932
B_raw_s2_r16,00468.png,-0.0006394920055754,-0.000405177270295,27.064123153686523,25.85591125488281,-0.0019320618594065,0.0008787614060565
B_raw_s2_r16,00469.png,-0.000797318178229,0.0012121518375352,22.24762535095215,31.43073081970215,0.0008585931500419,0.0009088334045372
B_raw_s2_r16,00470.png,0.0008969058399088,0.0017649703659117,21.585962295532227,22.609621047973636,0.0007652222411707,0.002333493437618
B_raw_s2_r16,00471.png,0.0021700467914342,0.0030084166210144,22.16676139831543,23.850704193115234,-0.0008400679798796,-0.002108832122758
B_raw_s2_r16,00472.png,0.0002331525320187,0.0009175613522529,22.140872955322266,29.544021606445312,3.196844772901386e-05,-0.0035953584592789
B_raw_s2_r16,00473.png,-0.002097169868648,-0.0020977924577891,28.992679595947266,24.451385498046875,-0.0034046336077153,0.0005930025945417
B_raw_s2_r16,00474.png,-1.6359299479518086e-05,0.0007436999003402,25.677227020263672,23.72208404541016,-0.0022728599142283,-0.0009570460533723
B_raw_s2_r16,00475.png,0.0021986488718539,0.0013368123909458,26.501928329467773,25.83616828918457,-0.0001634162326809,0.0017947567394003
B_raw_s2_r16,00476.png,0.0014233108377084,0.0010730950161814,20.664140701293945,25.144420623779297,-0.0019796874839812,-9.93184803519398e-05
B_raw_s2_r16,00477.png,-1.3021573067817371e-05,-0.000261793815298,31.34426498413086,24.64434051513672,-0.0008147149346768,-0.002586540300399
B_raw_s2_r16,00478.png,-0.0002724331570789,-0.0006839456036686,31.96634101867676,29.50277137756348,-0.0011114908847957,-5.306791717885062e-05
B_raw_s2_r16,00479.png,0.0001570781460031,-0.0008064007270149,28.312746047973636,27.272470474243164,1.4880826711305415e-05,0.0014118823455646
B_raw_s2_r16,00480.png,-0.0006137288291938,0.0018252322915941,28.28536796569824,23.67145729064941,0.0018499464495107,0.000719767762348
B_raw_s2_r16,00481.png,0.0011492194607853,0.0018590025138109,23.74151611328125,21.86264038085937,8.196925045922399e-05,9.17935321922414e-05
B_raw_s2_r16,00482.png,0.0001694907259661,-0.0009729207959026,21.51091766357422,22.26686286926269,-0.0003982372872997,0.0011966456659138
B_raw_s2_r16,00483.png,0.0008733830181881,0.0016556094633415,25.67250633239746,28.209495544433597,7.271594949997962e-05,-0.000300399668049
B_raw_s2_r16,00484.png,-0.0008333709556609,0.0006996236625127,22.82871627807617,21.479328155517575,0.0027192968409508,0.0043233088217675
B_raw_s2_r16,00485.png,0.0012692534364759,-0.0003406573960091,24.96895980834961,26.23000717163086,0.0034385886974632,0.0017064166022464
B_raw_s2_r16,00486.png,-0.0003372826322447,-0.0006868742639198,26.361896514892575,23.824228286743164,-0.0001781795726856,0.0007244924199767
B_raw_s2_r16,00487.png,-0.0030875946395099,-1.4954355719964951e-05,24.534587860107425,28.166934967041016,-4.569011798594147e-05,0.0010787218343466
B_raw_s2_r16,00488.png,-0.0002342351508559,0.0004608981544151,22.901683807373047,29.30912399291992,0.0002646489301696,-0.0009761052788235
B_raw_s2_r16,00489.png,-0.0006536701112054,0.0002381448139203,28.2653751373291,21.57964515686035,-0.002613796852529,0.0009503227774985
B_raw_s2_r16,00490.png,0.0003295305941719,0.0011535884113982,26.21192741394043,30.249963760375977,-1.935327418323141e-05,0.0018265929538756
B_raw_s2_r16,00491.png,0.0007123031537048,0.0001552677858853,25.324668884277344,23.50186920166016,0.0003264068218413,0.0021563498303294
B_raw_s2_r16,00492.png,-0.0019542388617992,-0.0020936806686222,21.668006896972656,23.631267547607425,0.0003769374452531,-0.0003637051268015
B_raw_s2_r16,00493.png,-0.0003334328066557,-0.0004301058361306,22.26355361938477,23.15619468688965,-0.0007158683729358,0.0009272987954318
B_raw_s2_r16,00494.png,0.0006787584279663,0.0014493792550638,25.58713150024414,30.83348846435547,0.0003887864295393,0.0007171466131694
B_raw_s2_r16,00495.png,0.0003473274991847,-0.0011978280963376,22.12334632873535,22.03456687927246,0.0006034352118149,0.0006461396696977
B_raw_s2_r16,00496.png,0.002630170667544,0.000317636935506,21.18217658996582,26.57585906982422,-0.0012542399344965,0.004991409368813
B_raw_s2_r16,00497.png,-0.0008999014971777,0.0003994285361841,30.76351547241211,26.903095245361328,-0.0018793983617797,-0.0027353756595402
B_raw_s2_r16,00498.png,0.0012818416580557,0.0024747012648731,21.68449211120605,28.349441528320312,-0.0003276882343925,-0.0005250010290183
B_raw_s2_r16,00499.png,0.0012898582499474,0.0001648455072427,22.93859100341797,28.115234375,0.0015746394637972,-0.0024188056122511
base,00000.png,-0.0004625273286364,0.0005419789231382,22.923078536987305,24.169897079467773,-0.0012761654797941,-0.0018408462638035
base,00001.png,0.0001950203732121,0.0001432072167517,27.130224227905277,26.13588523864746,-0.0022905345540493,0.0002112724614562
base,00002.png,0.0004055779136251,0.000481648807181,24.876277923583984,26.18834114074707,-0.0004938079509884,-0.0001369194942526
base,00003.png,0.0025390477385371,-5.975882595521398e-05,25.631261825561523,20.375131607055664,-0.0011449627345427,0.0004516186600085
base,00004.png,0.0001584624696988,0.0001552661560708,25.753868103027344,25.60444450378418,0.0001356586144538,-0.0002513517974875
base,00005.png,0.0003579382901079,0.0026399290654808,23.527971267700195,25.552515029907227,-7.333166286116466e-05,0.0013455911539494
base,00006.png,0.0005332546425051,0.0006615757010877,24.132234573364254,25.687185287475582,0.0001555700000608,0.0006944260676391
base,00007.png,-0.0004401034675538,0.000990159343928,28.264633178710938,21.558380126953125,-0.0005266919615678,8.591595542384312e-05
base,00008.png,-0.0007050530402921,-0.0006718562799505,22.209875106811523,24.394197463989254,0.0008722211932763,-0.0008422924438491
base,00009.png,-0.0005323211662471,-0.0004908444243483,27.2430362701416,22.25863265991211,-0.0021647589746862,0.0007422370254062
base,00010.png,0.0004633411008398,0.0011325231753289,27.87384033203125,25.932710647583008,-0.000501618895214,0.0005888225859962
base,00011.png,-9.29933157749474e-05,-6.0889469750691205e-06,28.57344436645508,24.29007148742676,-0.0023104411084204,0.0026412655133754
base,00012.png,0.0029411350842565,0.0012007127515971,24.2517032623291,22.631149291992188,-0.0022476427257061,0.0008997023687697
base,00013.png,0.0002756991307251,-0.0003779417020268,23.763900756835938,26.071855545043945,0.0031131696887314,-0.0018828621832653
base,00014.png,0.0001623184944037,-7.213491335278377e-05,25.435556411743164,21.67761611938477,-0.0006400786805897,0.0014026761054992
base,00015.png,-1.1872780305566266e-06,-4.764887489727698e-05,21.46647834777832,25.765308380126957,0.0008864266565069,0.0020199606660753
base,00016.png,0.0004740494186989,0.0004595490463543,23.338228225708008,24.87401580810547,0.0004636525700334,0.0003079734451603
base,00017.png,-0.0003856011608149,0.000223684735829,28.202625274658203,27.362415313720703,0.0003561879566404,0.0003784751461353
base,00018.png,-0.000742558913771,0.0007473176228813,24.540796279907227,27.93190574645996,-0.0004286284965928,-0.0028162146918475
base,00019.png,0.0012486556079238,0.0015322865219786,27.286603927612305,29.0235652923584,-0.0022834206465631,0.0002748813130892
base,00020.png,-0.0001697201369097,-0.0002693722490221,23.430633544921875,30.139310836791992,0.0012808601604774,-0.0022100124042481
base,00021.png,0.0007363519980572,0.0009975512512028,27.12018203735352,26.35698127746582,-0.0014119145926088,-0.0007300821598619
base,00022.png,-0.0013208368327468,0.0003744617861229,28.081621170043945,21.587596893310547,-0.0003926935314666,0.000179859198397
base,00023.png,0.0001888760598376,-0.0015540783060714,26.513193130493164,23.98588752746582,-0.0009483165340498,7.702813309151679e-05
base,00024.png,0.0015555010177195,-0.0014516516821458,22.566883087158203,22.48971939086914,-0.0012449382338672,-0.0012244136305525
base,00025.png,-0.0007303396705538,-0.00125315238256,25.12668800354004,27.489097595214844,0.0001379942405037,0.000486774573801
base,00026.png,0.0005050813779234,0.0009368723840452,25.026762008666992,24.62531280517578,-0.0009797211969271,0.0011962016578763
base,00027.png,-0.0008268541423603,0.0010248969774693,24.93379592895508,23.202072143554688,0.0005077935638837,0.0005402864771895
base,00028.png,-0.0001470792776672,-0.0015104617923498,24.564666748046875,22.976947784423828,-0.0001285936014028,-0.0015639699995517
base,00029.png,0.0012357793748378,0.0013881265185773,23.826377868652344,23.55738639831543,-0.0034324401058256,0.0006071911775507
base,00030.png,0.0024209883995354,0.0001562503748573,25.27179527282715,26.152963638305664,0.0007533125462941,0.0008539023692719
base,00031.png,0.0001228464680025,3.26503359246999e-05,21.23873519897461,23.605512619018555,0.001383923809044,0.0028534550219774
base,00032.png,0.0003343413991387,-0.0006670074653811,24.28628158569336,23.404865264892575,-0.0001302262826357,-0.0005662428447976
base,00033.png,0.0004514930478762,0.0014133098302409,23.84671401977539,24.397403717041016,-0.0006116504082456,-0.0004454935551621
base,00034.png,0.0023904314730316,0.0019174513872712,24.505760192871094,21.734169006347656,-0.0009779813699424,-0.0001483435189584
base,00035.png,0.001876889495179,0.0012806949671357,29.78706741333008,22.74713516235352,-0.0014048097655177,0.0002507929457351
base,00036.png,-7.058547635097057e-05,0.0013805370545014,25.294681549072266,25.749042510986328,-0.0019192412728443,5.2812680223723873e-05
base,00037.png,0.0014164573512971,0.0005477233789861,24.593994140625,24.406538009643555,3.367836325196549e-05,-0.0019712725188583
base,00038.png,-0.0001519387296866,0.0010998339857906,29.541236877441406,24.8255672454834,-0.0008516128873452,0.000127923398395
base,00039.png,-0.0001735412661219,-0.0003425888135097,26.32769012451172,23.06687355041504,-0.0010696683311834,0.0002333596930839
base,00040.png,-0.0018242608057335,-0.0002238026936538,22.118690490722656,21.83190155029297,0.0011472211917862,-0.0008081227424554
base,00041.png,-0.000358930643415,-0.0001466602552682,25.117292404174805,24.497648239135746,0.0004689503693953,-0.000641428050585
base,00042.png,0.0010208960156887,-0.0003808195760939,25.14383316040039,24.203718185424805,5.675752254319377e-05,-0.0012379323597997
base,00043.png,0.0001660660345805,0.0010738220298662,21.14472007751465,19.717100143432617,-0.0011020172387361,-0.000185562603292
base,00044.png,-8.117900142678991e-05,0.000598500133492,27.111215591430664,25.160831451416016,-0.000778795860242,-0.0001230427878908
base,00045.png,8.51414879434742e-05,-0.0002619617152959,24.87714385986328,25.673702239990234,-0.000102183475974,0.0002411257300991
base,00046.png,0.0001220280537381,-0.000529249140527,21.3373966217041,23.81471824645996,-0.001685899333097,0.0012731843162328
base,00047.png,-0.0010700464481487,-0.000248502503382,24.69408226013184,28.22086906433105,0.0015939335571601,-0.0019104969687759
base,00048.png,0.000133371213451,-0.0026321078184992,24.68623924255371,22.955228805541992,0.0008140103309415,-0.0023221862502396
base,00049.png,-0.0005017305957153,-0.0013584190746769,30.672388076782227,22.47202491760254,-0.0006102771149016,-0.0023185464087873
base,00050.png,0.0010396835859864,7.146415009628981e-05,23.337297439575195,24.4883975982666,0.0006982394261285,-0.0031533290166407
base,00051.png,0.0002815017360262,-0.0027006880845874,27.62461280822754,21.113643646240234,-0.0003058054717257,0.0017771300626918
base,00052.png,0.0012752062175422,0.0012725616106763,23.67112922668457,27.307308197021484,0.0018510001245886,-0.001167258596979
base,00053.png,0.0012351879850029,0.0003216764598619,24.112531661987305,26.5489559173584,0.0016584463883191,-0.0023846090771257
base,00054.png,-0.0015904745087027,0.0013628180604428,22.3507080078125,25.40732192993164,-0.003721521468833,0.0009014976676553
base,00055.png,-0.000535077531822,0.0007339339936152,28.458158493041992,23.34184455871582,-0.0006181430071592,-0.001280273660086
base,00056.png,-0.00219132238999,-0.0018174753058701,22.69178771972656,22.749053955078125,0.0018510017544031,-0.003371751634404
base,00057.png,-0.000227784999879,-0.0030499368440359,20.09288787841797,23.52268409729004,0.0016245194710791,-0.0014652843819931
base,00058.png,-0.001054587541148,0.0016853306442499,28.17315101623535,23.40104866027832,0.0013354482362046,0.005679637659341
base,00059.png,0.0027663416694849,0.0035474447067826,32.269222259521484,27.86678123474121,0.0011317614698782,0.0014268532395362
base,00060.png,0.0011559518752619,0.001179507933557,24.320039749145508,20.602283477783203,-0.0005897422670386,0.0002472308697178
base,00061.png,0.0002902235719375,-0.0008702751947566,26.93264961242676,28.482139587402344,0.0018781379330903,-0.0004751668311655
base,00062.png,0.0006642086664214,0.0015905327163636,25.74706077575684,25.723922729492188,-0.0010903846705332,-0.0004052743024658
base,00063.png,0.0029549752362072,0.0042967568151652,26.23921203613281,25.059465408325195,0.0019826123025268,0.0009727163705974
base,00064.png,-0.0019461757037788,-0.0014767586253583,26.464303970336918,34.60475158691406,0.0007814727141521,-0.0010915042366832
base,00065.png,-0.0006962107727304,0.0005750302807427,24.4943962097168,23.80943298339844,-0.001218490418978,-0.0051509630866348
base,00066.png,-0.0024748656433075,-0.0007855155272409,25.407320022583008,21.520753860473636,-0.0025466361548751,0.0031965658999979
base,00067.png,1.5250316209858283e-05,0.0004756560083478,23.36513328552246,22.358537673950195,0.001409827847965,0.0006934900884516
base,00068.png,-0.000955389055889,-0.0011431849561631,23.689268112182617,21.741100311279297,-0.0010205192957073,0.0014308802783489
base,00069.png,-0.0019899494946002,-0.0007355670677497,22.43281555175781,23.31751823425293,-0.0010270022321492,-0.0005344692035578
base,00070.png,0.0005108801997266,4.319280560594052e-05,23.12649726867676,24.216577529907227,-0.0026002337690442,0.0012226245598867
base,00071.png,-0.0008555431850254,0.0004594413912855,23.91639518737793,23.060550689697266,-0.0034524495713412,-0.0044489251449704
base,00072.png,0.0002294306323165,0.0008560463320463,24.88661193847656,23.04224395751953,-0.0006081850151531,0.0027726194821298
base,00073.png,-0.0014840234071016,0.0011356833856552,26.59203338623047,27.04802894592285,0.002615017350763,0.0015759031521156
base,00074.png,-0.0015526304487138,-0.0004602730914484,24.292312622070312,23.3088321685791,-0.0005984316812828,-0.0012453321833163
base,00075.png,-0.0008775413734838,0.0009941299213096,23.907093048095703,31.11292266845703,-0.0009027768974192,-0.0008389878785237
base,00076.png,7.529665890615433e-05,-0.0014011235907673,23.45832252502441,25.443134307861328,-0.0054151690565049,0.002890764735639
base,00077.png,0.0003160452470183,-0.0007132823811843,24.545854568481445,26.17511940002441,-1.912739753606729e-05,0.0007548319990746
base,00078.png,3.2103962439578027e-05,0.000697509443853,23.94979858398437,21.29683494567871,0.0021560948807746,-0.0032111359760165
base,00079.png,0.0005632868851535,0.0008126430329866,24.73392677307129,22.44382667541504,0.0002740039199125,0.0035933055914938
base,00080.png,0.0011232800316065,0.0014609006466343,24.30878257751465,20.757137298583984,0.0010705163003876,0.0010989463189616
base,00081.png,0.0007315978873521,0.002024766523391,24.17472076416016,23.00125503540039,0.0011544866720214,0.0008751388522796
base,00082.png,-0.0008098147809505,-1.7280730389757082e-05,29.794116973876957,25.27048110961914,-0.0033980200532823,-0.0024498759303241
base,00083.png,-0.0016736842226237,4.569665543385781e-05,22.412851333618164,23.071258544921875,-0.0026958605740219,-0.0011189182987436
base,00084.png,0.0003908154612872,0.000630016438663,32.97010040283203,24.068044662475582,0.0019522364018484,0.0003834667732007
base,00085.png,-0.0002557434490881,-0.0012971207033842,28.869110107421875,23.49762535095215,-0.0025712691713124,0.0034709917381405
base,00086.png,-0.0009969192324206,0.0003522852493915,23.09706115722656,22.33605194091797,0.0007547895656898,-0.0006672455347143
base,00087.png,-0.0004115454503335,0.0008857669308781,23.375167846679688,22.18408966064453,0.0034019665326923,0.0031210458837449
base,00088.png,-0.0007155059720389,0.0016981592634692,23.429182052612305,22.939266204833984,-0.0025615736376494,0.0001217739409185
base,00089.png,0.0003366391174495,0.0016172226751223,29.74302673339844,22.08645248413086,0.0007137353532016,-0.0001210895788972
base,00090.png,0.0017452291212975,-0.0012105925707146,24.268089294433597,24.822511672973636,-0.0024859353434294,-3.543414277373813e-05
base,00091.png,0.0001105209521483,0.000355544820195,23.337875366210938,22.56070899963379,0.0034374524839222,0.0015436640242114
base,00092.png,-0.0018348151352256,0.0008633537800051,27.295278549194336,23.752840042114254,-0.0007928105769678,0.0020608534105122
base,00093.png,0.0003830923524219,0.002043550601229,23.77305030822754,27.410375595092773,-0.000406137551181,-0.0001963710965355
base,00094.png,0.0016135215992107,0.0014678668230772,23.956926345825195,23.71135902404785,-0.0002094033261528,0.0005326543468981
base,00095.png,-0.0016801891615614,-0.0007659806869924,24.07404327392578,26.360254287719727,-0.0002838001528289,0.0013060342753306
base,00096.png,-0.0004485562967602,-0.0010986565612256,23.303476333618164,27.902462005615234,0.000343567575328,0.0004503937088884
base,00097.png,0.0008761157514527,0.0011430229060351,22.85814094543457,23.772165298461918,0.0024533492978662,0.0018950634403154
base,00098.png,-4.641518899006769e-05,0.0006086294888518,20.788658142089844,24.790828704833984,-0.0002652579278219,0.0031550386920571
base,00099.png,0.0001403719943482,0.0011448772856965,25.64765930175781,23.85120391845703,-0.0001750521041685,0.000851891527418
base,00100.png,0.001216426724568,0.000842040462885,35.99153518676758,27.358272552490234,-0.0011211867677047,0.0008492462802678
base,00101.png,-0.0010431244736537,-0.0007021596538834,21.818050384521484,28.219558715820312,-0.0002520782581996,0.0023202502634376
base,00102.png,0.0021215141750872,0.0023298596497625,21.509597778320312,21.57062149047852,-0.0007627044105902,0.0009521626052446
base,00103.png,-0.0008880433742888,0.0003427801420912,26.495609283447266,25.79162979125977,0.0015344591811299,0.002073593204841
base,00104.png,7.227736205095425e-05,-0.0002032988122664,22.46378326416016,20.44647216796875,-0.0023701353929936,0.0016980507643893
base,00105.png,0.0010004099458456,0.000702386314515,25.13778305053711,27.33275413513184,0.00057534762891,0.0008682021871209
base,00106.png,0.0011620422592386,0.0028731147758662,21.945392608642575,25.13533592224121,0.000937370758038,0.0011633316753432
base,00107.png,-0.0006645128014497,9.899500582832844e-05,28.548282623291016,30.89362335205078,0.0002303869259776,0.0017046330031007
base,00108.png,0.0003639919450506,0.0001899776543723,27.63086700439453,24.975709915161133,0.0016161972889676,0.0007103051175363
base,00109.png,0.0002824952534865,-0.0012934840051457,25.26468086242676,24.967697143554688,0.0017335826996713,-0.0021790172904729
base,00110.png,0.0013991489540785,-0.0012328546727076,26.361385345458984,27.643218994140625,0.0020328883547335,0.0011642881436273
base,00111.png,0.0008893119520507,-0.000871927535627,26.829116821289062,25.44175148010254,-0.0001802522310754,-0.0001572978508193
base,00112.png,-0.0009573429706506,-0.0011925942962989,22.418493270874023,33.02691650390625,-0.0005643147160299,-0.0012169856345281
base,00113.png,0.001483196625486,-5.245666034170426e-05,22.603561401367188,21.957908630371094,-0.0012923744507133,0.0011651569511741
base,00114.png,-0.0001059693531715,-8.706512744538486e-05,23.87033462524414,32.02873611450195,-0.0012184348888695,0.0007605797727592
base,00115.png,0.0010479189222678,0.0017234958941116,30.08053970336914,26.476415634155277,-0.00112034403719,0.0030760359950363
base,00116.png,0.0011375051690265,0.0016688706818968,21.29110145568848,21.514070510864254,0.0039487476460635,0.0007349314983002
base,00117.png,0.0004526191914919,0.0005806434783153,22.236751556396484,23.04481506347656,-0.0004018883046228,0.0001034625456668
base,00118.png,-0.0008085066801868,0.0003687196876853,20.543222427368164,25.77873039245605,0.0005600903532467,-0.001274567679502
base,00119.png,-0.0010696775279939,-0.0008802553056739,24.178863525390625,21.9517879486084,-0.0034359169658273,-0.0028297267854213
base,00120.png,0.0007946215919218,0.0006132473936304,25.137331008911133,27.677265167236328,0.0014304076321423,0.0013749008066952
base,00121.png,0.0026579606346786,0.0020522552076727,23.054487228393555,22.833255767822266,-0.0024260326754301,0.0018039286369457
base,00122.png,-0.0020435745827853,-0.0010600531240925,21.69035530090332,24.69915008544922,-0.0050063794478774,0.002302206121385
base,00123.png,0.0008053432684391,0.0003075528948102,26.04853630065918,27.480857849121094,-0.0010585838463157,0.0011607266496866
base,00124.png,0.0005137820262461,0.0005876042414456,24.27833747863769,21.761533737182617,-0.0001743355242069,-0.0006950986571609
base,00125.png,0.0016099847853183,0.0008493877830915,23.966625213623047,27.021522521972656,0.0030188576783984,-0.0009907237254083
base,00126.png,0.0009781308472156,0.0004111076705157,27.047666549682617,23.501066207885746,-0.0010167814325541,-7.144340634113178e-05
base,00127.png,0.000145672893268,-0.0012643177760764,23.402626037597656,24.140134811401367,0.0011876897187903,0.0007083808304741
base,00128.png,-0.0005608122446574,0.000744805613067,23.33304786682129,24.40767478942871,-0.0042760204523801,0.0004344350891187
base,00129.png,0.002273196587339,0.001929298392497,24.302339553833008,21.53485679626465,0.0018220858182758,-5.23398193763569e-06
base,00130.png,0.0005617163260467,0.0003674517211038,24.881092071533203,22.35698890686035,0.0015439230483025,-0.0024890557397156
base,00131.png,-0.0006432784139178,0.00027820726973,24.870344161987305,25.76498413085937,-0.000423915189458,0.0034323288127779
base,00132.png,0.0005484602879732,-0.001295949681662,24.390758514404297,28.001415252685547,0.0011894268682226,-0.0003107785596512
base,00133.png,-0.0003464524634182,0.0003854000242426,21.90201568603516,26.042648315429688,-0.0023574929218739,0.00147483299952
base,00134.png,0.0010791744571179,0.0011966947931796,27.165756225585938,24.11421585083008,0.0011848635040223,0.0009270801092498
base,00135.png,0.0006825769087299,-0.0006729851011186,25.62845230102539,28.5582218170166,0.0009377213427796,0.0018209664849564
base,00136.png,0.0001645660813665,-0.0015098919393494,27.056182861328125,27.512117385864254,0.0005648366641253,-0.0005197368445806
base,00137.png,-0.0003966626536566,-0.0005736773018725,22.846776962280277,23.03032112121582,-0.0005121260182932,0.0008071710471995
base,00138.png,-0.0010801525786519,-0.0013193958438932,23.162866592407227,25.53295135498047,-0.0004269299388397,-0.0013201509136706
base,00139.png,0.000359866709914,0.000192846826394,25.06940269470215,24.97964096069336,-0.000524035654962,-0.0024468542542308
base,00140.png,0.0015835480298846,1.2045526091242207e-05,23.813570022583008,25.39331817626953,-0.003317880211398,-0.0039260066114366
base,00141.png,0.0004493429150898,0.0026214369572699,21.29895401000977,21.4456787109375,-0.0002823945251293,-0.0020423003006726
base,00142.png,0.0007072709267958,0.0003260408411733,24.68626976013184,27.400779724121094,-0.0002404128026682,-0.0008431040914729
base,00143.png,0.0006761015392839,0.0001385234645567,33.96534729003906,22.654037475585938,0.0003344959986861,0.0009211351862177
base,00144.png,-0.001287656952627,0.0003564410435501,23.95516586303711,25.43116569519043,0.0028777148108929,-0.0010858275927603
base,00145.png,0.0006574506987817,-7.861227641114965e-05,24.89198112487793,23.932939529418945,-2.6038193027488887e-05,-0.0003236790653318
base,00146.png,0.0009083639015443,-0.0007789595983922,31.032737731933597,24.04735946655273,0.0007659449474886,0.0011010892922058
base,00147.png,-0.0001795715215848,7.306649058591574e-05,20.778459548950195,25.51924514770508,0.001467197202146,-0.0013948149280622
base,00148.png,0.0003845330211333,0.0001497580960858,26.2271785736084,28.984169006347656,-0.0011959031689912,0.0019996764604002
base,00149.png,-0.0013040831545367,0.0001146580907516,27.042346954345703,23.67960357666016,-0.0007464498630724,-0.001012566150166
base,00150.png,0.0010208759922534,0.0002842285321094,29.384597778320312,24.020336151123047,0.0020883698016405,-5.353566302801482e-05
base,00151.png,0.0004171647306066,0.00146136933472,23.198190689086918,23.61355209350586,-0.0014281598851084,0.0012686108238995
base,00152.png,0.0009695939952507,0.0001437805331079,24.384906768798828,25.174428939819336,-0.000961325073149,0.0015290088485926
base,00153.png,0.0014422904932871,0.0012266898993402,29.52958297729492,23.286548614501957,0.0009204521193169,0.0012134452117606
base,00154.png,0.0002467412268742,0.0040577920153737,22.301549911499023,27.7437801361084,-0.0008246380020864,0.004138499032706
base,00155.png,-0.001004162011668,0.0002392085443716,23.96365547180176,23.07411003112793,-0.0004410510591696,0.0027082338929176
base,00156.png,1.0681112144084182e-05,0.0003025255573447,22.903982162475582,27.12568473815918,0.0032416002359241,0.0011181477457284
base,00157.png,-0.0003239631478209,-0.0010595530038699,23.20071029663086,21.992774963378903,-0.0020496600773185,-0.0005922128912061
base,00158.png,0.0008064769790507,0.0023728392552584,28.57285690307617,23.503477096557617,0.0001754482946125,-0.0031270540785044
base,00159.png,0.0006784555735066,0.0009841779246926,24.544660568237305,27.558141708374023,-0.0007423689821735,-0.0004192160267848
base,00160.png,0.000598173472099,1.703845009615179e-05,24.046550750732425,24.212589263916016,0.0014846656704321,0.0024653493892401
base,00161.png,0.0001974146289285,0.0005167415947653,21.489782333374023,24.42357063293457,-0.0016877923626452,-0.0007315558614209
base,00162.png,0.0008326488314196,-0.0016963169910013,28.50780296325684,27.669382095336918,-0.0017104895086959,-0.0007179217645898
base,00163.png,-0.0001852252171374,-0.0010160767706111,25.481868743896484,26.36528778076172,0.0013975990004837,5.345654426491819e-05
base,00164.png,0.0004027635150123,0.0010188589803874,23.922250747680664,22.522859573364254,0.0016690791817381,-0.0024541378952562
base,00165.png,-0.0014556944370269,0.000414666661527,25.716691970825195,21.82977294921875,0.0014151000650599,0.0018642104696482
base,00166.png,0.001755830948241,0.0005113938241265,23.31929016113281,24.700082778930664,-0.0015643603401258,-0.0002749300329014
base,00167.png,-0.0002063239517156,-4.0764555819805537e-07,32.105735778808594,25.316783905029297,-0.001163151115179,6.712869071634486e-05
base,00168.png,-0.0002483367861714,0.0006681961240246,26.04625129699707,24.29183578491211,5.505734952748753e-05,-0.0011768981348723
base,00169.png,-0.0002370066213188,-0.0006260375957936,30.06414031982422,29.15293502807617,-0.0029524615965783,0.000175069013494
base,00170.png,0.0003029791405424,-0.0007206128793768,22.490482330322266,23.799951553344727,0.0043099038302898,0.0003621934447437
base,00171.png,0.0001084287432604,7.847560482332483e-05,23.627775192260746,28.03956413269043,-0.001583878765814,0.000205606498639
base,00172.png,0.0003813016810454,0.000569564756006,24.398712158203125,24.278676986694336,0.0013885342050343,0.0031219616066664
base,00173.png,-0.0002294649748364,-0.0009667357080616,23.29141616821289,24.558612823486328,0.0005653642583638,0.0006412226357497
base,00174.png,-0.0012355271028354,0.0014530533226206,29.117815017700195,25.494258880615234,-0.0021528003271669,-0.0005330336862243
base,00175.png,0.0008803448290564,-0.0004747700004372,26.0076904296875,24.634620666503903,9.142905764747412e-05,0.0023392911534756
base,00176.png,0.00081240280997,0.0011418521171435,23.690996170043945,24.20331382751465,0.0015808270545676,0.0021516866981983
base,00177.png,0.0003774029028136,-0.0006553258281201,20.80287170410156,21.52948570251465,-0.0007257807883433,-0.0011475287610664
base,00178.png,-0.0004957029595971,-0.0002354204625589,27.80498695373535,22.71421241760254,0.0020569055341184,0.0001759060542099
base,00179.png,0.0011808840790763,0.0007328705978579,32.69041442871094,30.395299911499023,0.0005498165846802,-0.0023432981688529
base,00180.png,0.0015403808793053,0.0010364105692133,24.57546043395996,23.983922958374023,-0.0007748931529931,-0.0015120827592909
base,00181.png,0.0011352017754688,-0.000253321341006,24.43556785583496,25.09650039672852,-0.0014158025151118,0.0005898585077375
base,00182.png,-0.0007367508951574,-8.893334597814828e-05,25.87067031860352,23.550796508789062,0.0009832396171987,0.0010576305212453
base,00183.png,-0.0015614336589351,-0.0025719949044287,23.093107223510746,29.23193359375,0.0014046152355149,-0.0021577863954007
base,00184.png,-0.0005977201508358,-0.0003049020597245,25.536073684692383,25.15936279296875,0.0001892865257104,0.0013440829934552
base,00185.png,-0.0005391954327933,-0.0007164773414842,26.656492233276367,35.17040252685547,0.0009154230356216,-0.0002950351627077
base,00186.png,-0.0008680913015268,-0.0004624254652298,29.080411911010746,26.45891761779785,-0.0004955359036102,0.0011158360866829
base,00187.png,0.0005212402902543,0.0002347249828744,26.37461471557617,21.145158767700195,-0.0003095903084613,-0.0052601830102503
base,00188.png,-0.0019436589209362,-0.0001364422932965,24.789878845214844,23.011127471923828,0.0001878565672086,-0.0015379255637526
base,00189.png,0.0004810580576304,0.0003319898096378,28.54864883422852,22.615442276000977,0.0005591350491158,0.0022224350832402
base,00190.png,-0.0006019480642862,0.0005278543103486,21.54898834228516,32.227325439453125,0.0009981613839045,-0.0008002574322745
base,00191.png,-0.00108869059477,0.0002033539203694,25.398550033569336,26.257827758789062,0.0050742574967443,0.0013447041856124
base,00192.png,0.0002320063213119,-0.0013670808402821,26.646841049194336,29.018903732299805,-0.0015149884857237,0.0016274824738502
base,00193.png,-0.0003005669568665,0.0013682091375812,24.29256820678711,23.58867835998535,0.0007020414341241,0.0021302464883774
base,00194.png,0.0016559164505451,-0.0002262491907458,23.352201461791992,26.4290771484375,0.0026132895145565,-0.0008597889100201
base,00195.png,-0.0011356207542121,0.001614092150703,21.3773136138916,24.31144142150879,-0.0010105323744937,0.0011332877911627
base,00196.png,0.0014482698170468,0.0003159965272061,22.80512237548828,23.548200607299805,-0.0009454629034735,-0.0012281014351174
base,00197.png,0.0004571246099658,-0.0009129205136559,25.163623809814453,22.110767364501957,0.0014664661139249,-0.0006503734621219
base,00198.png,0.0007340429001487,0.0006377546815201,26.1152400970459,23.52674865722656,1.480982973589562e-06,0.0012475294061005
base,00199.png,0.0018716295016929,0.0018973660189658,23.80139923095703,20.881738662719727,0.0045307613909244,-0.0008533409563824
base,00200.png,-0.0002234679413959,0.0001758160360623,25.064340591430664,24.50177383422852,0.0002018409868469,0.0010743186576291
base,00201.png,-0.002748942701146,-0.0007549358997493,26.24519157409668,28.880455017089844,0.0021452778019011,-0.0037822762969881
base,00202.png,0.0005969337653368,-0.0006515413988381,24.507049560546875,23.44344520568848,-0.0013770995428785,-0.0008491026237607
base,00203.png,-0.0016620000824332,-0.0003194172750227,22.85729217529297,25.42767143249512,0.0010024684015661,0.0015736846253275
base,00204.png,-0.0013731395592913,-8.948182949097827e-05,23.489288330078125,27.854490280151367,9.374513319926336e-05,-0.0014216686831787
base,00205.png,-0.000631142524071,-0.0007482327637262,24.595632553100582,23.50331687927246,3.939486123272218e-05,-0.0021576201543211
base,00206.png,-0.0012030001962557,-0.0009747183648869,25.61508178710937,26.64706420898437,-0.0014260442694649,-0.0006647109403274
base,00207.png,-0.0010947169503197,0.0001085932453861,26.181053161621094,24.53619956970215,0.0001621058181626,-0.0022179796360433
base,00208.png,0.0003888588689733,0.0019841019529849,23.963685989379883,27.09456443786621,0.0017038921359926,0.0024087685160338
base,00209.png,0.0015967724611982,0.0009243822423741,24.557830810546875,26.57722282409668,0.0023547762539237,-0.0007946659461595
base,00210.png,0.0011304792715236,0.0024107764475047,23.86481475830078,24.582128524780277,-0.002865151502192,-0.0029642654117196
base,00211.png,-9.124228381551802e-05,-0.0001752747484715,22.97864151000977,21.81586265563965,0.0025049995165318,-6.023395690135658e-05
base,00212.png,0.0011683782795444,-0.0028449988458305,22.54908943176269,31.30038833618164,-1.0964447028527502e-05,0.0010581221431493
base,00213.png,-0.0015533914556726,0.0010553521569818,23.078317642211918,26.84358024597168,-0.0014879527734592,0.001055835164152
base,00214.png,-0.0007073108572512,-4.121545498492196e-05,22.36476707458496,25.35112190246582,0.0009592763963155,-0.0010757484706118
base,00215.png,-0.0005356378387659,0.0009471322991885,23.334447860717773,21.763303756713867,0.000203473464353,-0.0003534025163389
base,00216.png,0.001094103208743,0.0008352905861102,22.919069290161133,24.691917419433597,0.0005591040826402,0.0022167281713336
base,00217.png,0.0012197440955787,-0.0003752744523808,24.236440658569336,28.172229766845703,0.0001399022439727,0.0008979929843917
base,00218.png,0.0009086951031349,0.0006641016807407,24.080570220947266,31.7750244140625,0.0015590228140354,-0.0005932493368163
base,00219.png,-0.0012039758730679,0.000888246751856,24.73185157775879,24.988849639892575,0.001459821476601,0.0002757515176199
base,00220.png,-0.0001341997121926,0.0019457001471892,21.16343879699707,25.441375732421875,0.0009125077631324,-0.0007695618551224
base,00221.png,1.2748884728353003e-05,-0.0012181185884401,24.41852569580078,30.17246627807617,0.0021397904492914,0.0013663644203916
base,00222.png,0.0004446305392775,0.0017443489050492,24.76225852966309,36.09504318237305,-0.001755433040671,-0.000444511504611
base,00223.png,0.0001447428221581,0.0016148509457707,22.049673080444336,25.82597923278809,0.0014319559559226,0.0021860948763787
base,00224.png,0.0018395619699731,0.0017631106311455,24.501333236694336,23.18732452392578,0.0032518443185836,0.0026196897961199
base,00225.png,0.0006414444069378,-0.0001003920988296,28.18074989318848,25.25893211364746,0.0020175373647361,0.0036218219902366
base,00226.png,-0.0004867864481639,0.0008410412119701,24.017728805541992,28.06618881225586,-0.0007466452079825,0.0013020612532272
base,00227.png,-0.0005055689252912,0.0001878695038612,25.244483947753903,27.102031707763672,0.0006942534237168,-0.0020501718390733
base,00228.png,4.265412280801684e-05,0.0007351159583777,22.857908248901367,30.19534111022949,0.0001152125842054,0.0003729109885171
base,00229.png,-0.0004349516530055,-0.0009045190527103,23.58871459960937,21.95974540710449,0.0012795670190826,-0.0013442959170788
base,00230.png,-0.0006972886621952,0.0012172885471954,21.62646102905273,25.44689178466797,-0.0009372149361297,0.0007932895096018
base,00231.png,0.0013186589349061,-0.0006264449330046,23.604995727539062,23.881378173828125,0.0001553296897327,-0.0027800346724689
base,00232.png,0.0012057551648467,-9.783697896637022e-05,24.21344947814941,26.00262260437012,0.0022382440511137,0.0009944889461621
base,00233.png,-0.000661949685309,-0.0007423997158184,26.47573471069336,22.74151039123535,0.0013525931863114,0.0012383928988128
base,00234.png,0.0025415569543838,0.0012453007511794,24.37920570373535,26.280776977539062,0.0023694124538451,0.0015995698049664
base,00235.png,-0.0001105432020267,-0.0002423232945147,25.065937042236328,24.62301254272461,-0.0005605738260783,-0.0024621689226478
base,00236.png,-0.0003133575082756,-6.867735646665096e-05,21.00020980834961,30.78216361999512,-0.0018636343302205,-0.0015526199713349
base,00237.png,0.0008902988629415,-0.0004680512065533,24.221303939819336,24.15257453918457,0.00255907792598,0.000255794962868
base,00238.png,0.0004164948768448,-0.0001778588775778,30.11214828491211,25.75629425048828,0.0012421807041391,-0.0028705184813588
base,00239.png,0.0001861401542555,0.0006414834642782,23.362276077270508,25.64217185974121,-0.0028216319624334,0.0011586861219257
base,00240.png,0.0009618145413696,0.0001262099249288,25.973237991333008,27.117774963378903,-0.0002403833641437,-0.0001564894628245
base,00241.png,4.9074787966674194e-05,-0.0008273877901956,23.89212226867676,21.10836601257324,-0.0003344508004374,-0.0002743957447819
base,00242.png,1.2531899301393423e-05,0.0005216883146204,22.835926055908203,25.01251792907715,-0.0010865217773243,0.0011442424729466
base,00243.png,-0.0001440483902115,-0.0005684649804607,25.860031127929688,32.65087127685547,-0.0028934436850249,0.001607755664736
base,00244.png,-0.0008249549428001,0.0020127876196056,23.1671085357666,24.35364532470703,-0.0028218065854161,-0.0015959271695464
base,00245.png,-0.0027980741579085,-0.0028506233356893,24.783432006835938,23.930540084838867,-0.0009920457378029,0.0027263404335826
base,00246.png,-0.0020196456462144,3.367572935530916e-05,23.691577911376957,25.814722061157227,0.0015224271919578,0.0013891899725422
base,00247.png,-0.0032695718109607,-0.0028041165787726,27.590694427490234,24.332387924194336,-0.0014945098664611,0.0005948935868218
base,00248.png,0.0020999757107347,0.0003821848658844,26.10666847229004,22.094087600708008,-0.0002758429036475,-0.0028897931333631
base,00249.png,-6.677905912511051e-05,-0.0009952950058504,27.050952911376957,25.47063636779785,-0.0003528904926497,0.0008496840600855
base,00250.png,-0.0003081733593717,0.0006913975812494,24.42301177978516,30.98268699645996,-0.0044851317070424,-0.0043163914233446
base,00251.png,0.0004018277395516,0.0006680941442027,24.03901481628418,24.054828643798828,0.0009245226392522,-0.0010040177730843
base,00252.png,0.0004068155249115,-0.0006541558541357,27.049957275390625,22.678279876708984,0.001645591808483,-0.0054155024699866
base,00253.png,0.0020037845242768,0.0010232739150524,28.424808502197266,24.841331481933597,-0.0008903421112336,-0.001602861797437
base,00254.png,0.0009137901943176,-0.0005788780981674,25.01336479187012,26.922548294067383,0.0009212236036546,0.0002714228176046
base,00255.png,-0.000113850190246,-0.0006184766534715,26.05769920349121,30.8507022857666,-0.0011401020456105,0.0011055693030357
base,00256.png,-0.0004480448842514,-0.0005772474105469,26.34202766418457,27.98044776916504,-0.0012612207792699,-0.00017501579714
base,00257.png,0.0026420170906931,0.0017026491696015,21.43171119689941,22.20736122131348,0.0018771069590002,-0.0010111206211149
base,00258.png,0.0009552337578497,0.0006086279754526,25.20284080505371,26.064712524414062,-0.0016384214395657,0.0038733908440917
base,00259.png,0.0002782794763334,-0.0034295716322958,23.910654067993164,29.27158546447754,0.0023096050135791,0.0020392953883856
base,00260.png,-0.0019004279747605,-3.8978163502179086e-05,25.95270347595215,28.044050216674805,-0.0026291648391634,-0.0023939446546137
base,00261.png,-0.0008266124059446,0.0002902338455896,23.30871963500977,23.210472106933597,0.0005963323637843,0.0006424955790862
base,00262.png,5.082033385406248e-05,0.0015946077182888,21.5787296295166,22.904130935668945,0.002818756038323,0.0010449397377669
base,00263.png,-0.0019099931232631,-6.687829227303155e-06,21.220258712768555,25.07670021057129,-0.0005306767998263,-0.0025693336501717
base,00264.png,-0.0010622137924656,0.0006606776732951,25.16255569458008,22.3333740234375,-0.0021959168370813,0.0017984064761549
base,00265.png,-0.0007089542923495,0.0003479190636426,24.21605110168457,25.816280364990234,6.16164788880269e-06,6.437509728129953e-05
base,00266.png,0.0015793557977303,0.0018276942428201,23.17540168762207,26.748863220214844,-2.5073402412090218e-06,0.0030526854097843
base,00267.png,-0.0001650722697377,-0.0005969864432699,24.020244598388672,26.646059036254883,-0.0004683104343712,-0.0021393352653831
base,00268.png,0.0024890771601349,-0.0007512692827731,26.0205135345459,26.664470672607425,0.0009728530421853,4.1992436308646575e-05
base,00269.png,0.0012927871430292,-0.0004971119342371,22.810001373291016,24.92043685913086,0.0006495559355244,0.0015341946855187
base,00270.png,-1.3501872672350146e-05,0.0009887407068163,20.04290771484375,24.16897392272949,-0.0027455925010144,0.0016481922939419
base,00271.png,-8.433161565335467e-05,-0.0009298986988142,24.32894515991211,22.832517623901367,-0.0033488390035927,-0.0011453948682174
base,00272.png,0.0002606942434795,0.0014762424398213,21.848011016845703,24.85829734802246,-0.0024206710513681,0.0015365233412012
base,00273.png,0.0003190521965734,-6.91203968017362e-05,25.404037475585938,22.970792770385746,0.000476308108773,-0.0021607091184705
base,00274.png,0.000685311621055,0.0019321289146319,23.01304054260254,25.853979110717773,-0.0031429396476596,-0.0001811038819141
base,00275.png,0.0017768639372661,-0.0004146540304645,22.473690032958984,25.80031967163086,0.0024957477580755,0.0046100881882011
base,00276.png,-0.0002177663700422,0.0005251090624369,23.19511032104492,24.402082443237305,0.0007414793944917,-0.0004879936168435
base,00277.png,0.0008967595058493,-0.0007333032554015,23.746864318847656,23.82142639160156,0.0013731198851019,-0.000757222995162
base,00278.png,5.521272396435961e-05,0.0010928295087069,21.957141876220703,23.76471519470215,-7.112784805940464e-05,0.0012481489684432
base,00279.png,-0.0014911461621522,-8.817280468065292e-05,23.683521270751957,26.390554428100582,0.0004902340006083,0.0017812789883464
base,00280.png,0.0009567192173562,0.0004867500974796,25.04955101013184,25.138784408569336,0.0007222688873298,-0.00185814849101
base,00281.png,-0.000801148766186,0.00017756014131,23.2347469329834,28.218860626220703,-0.0012156785232946,0.001812728587538
base,00282.png,-0.0001126990973716,5.901806434849277e-05,21.937599182128903,26.356489181518555,0.0008182163001038,-0.0003399901906959
base,00283.png,-0.000248502852628,0.0007564759580418,25.6766357421875,24.43065643310547,0.0003509297966957,-0.001889421371743
base,00284.png,0.0007673212094232,0.0004468170227482,22.678863525390625,23.75189208984375,0.0014707800000905,-0.0007046438986435
base,00285.png,-0.0003231069422326,-0.0006210936699062,26.283802032470703,25.297149658203125,0.000234094724874,0.0036206506192684
base,00286.png,-0.0005753358709625,-0.0011066631413996,23.42943954467773,21.0540714263916,0.0017542466521263,0.0007013875292614
base,00287.png,0.0002859629166778,0.0010853195562958,20.65882873535156,23.35228729248047,-0.0007836195291019,7.553486648248509e-05
base,00288.png,-0.0004780237795785,0.0005541453137993,26.97425651550293,24.42043876647949,0.0015808788593858,0.0023530679754912
base,00289.png,0.0014221080346032,-3.3919408451765776e-05,22.66869354248047,25.317731857299805,0.001964469673112,0.0001403869246132
base,00290.png,0.0009295262861996,0.0003460571169853,22.35619354248047,32.28888320922852,-0.0007397133740596,0.0001923886447912
base,00291.png,0.0001073861130862,0.0006881124572828,26.332218170166016,23.49788856506348,-0.0006778250099159,0.004723445046693
base,00292.png,0.0001526061678305,0.0011287013767287,27.800296783447266,22.695276260375977,-0.0007477881154045,-1.9523769879015163e-05
base,00293.png,0.0017027322901412,-0.0002173704415326,22.528152465820312,25.80129623413086,-0.0018927032360807,0.0019803582690656
base,00294.png,0.0005711869453079,0.0007225656881928,26.54173851013184,23.144380569458008,0.0017495302017778,-0.00109714793507
base,00295.png,-0.0002207042125519,-0.0005330149433575,27.09727668762207,22.37959098815918,-0.0011139642447233,0.0015035857213661
base,00296.png,0.0008310702396556,0.0003950953832827,24.444141387939453,30.404756546020508,0.0017044736305251,0.0009517508442513
base,00297.png,0.0011392703745514,0.0004219626425765,22.14826774597168,27.79559898376465,-0.0015724394470453,0.0023446246050298
base,00298.png,-0.0009961003670468,-0.0007253897492773,20.442270278930664,28.303937911987305,-0.0024191488046199,0.0004194868961349
base,00299.png,-0.0012455827090889,-0.0009085284546017,31.388866424560547,24.32668876647949,-0.0001185650980914,-0.0005291694542393
base,00300.png,-0.0014894696651026,0.0014638683060184,22.171335220336918,23.259292602539062,-0.0018802924314513,0.0004232782812323
base,00301.png,0.0010762447491288,0.0008401774684898,22.11864852905273,22.714853286743164,-0.0008200414595194,0.0001047501646098
base,00302.png,-0.0005575442337431,-0.0011531338095664,25.334081649780277,26.102643966674805,0.0021737753413617,0.0019176206551492
base,00303.png,-0.0012778349919244,-0.0007205285946838,24.593727111816406,22.31060028076172,0.0007024761871434,0.0006150066037662
base,00304.png,-0.0002502562711015,0.0015267191920429,31.59762954711914,27.428791046142575,0.0016534387832507,0.0014853602042421
base,00305.png,0.0001532148162368,0.0006148221436887,22.95538330078125,24.55187225341797,-0.0007890380220487,-0.0013528688577935
base,00306.png,-0.0023177291732281,-0.0014863404212519,23.84987449645996,30.03341293334961,0.0004161151009611,-0.0014165019383653
base,00307.png,0.0015582456253468,0.0009724802803248,26.499794006347656,26.643526077270508,0.0026375588495284,-0.0012502464232966
base,00308.png,0.0012625765521079,-0.0001857309689512,22.957164764404297,32.399749755859375,0.0020421841181814,-0.0016384867485612
base,00309.png,-6.0173693782417104e-05,-0.0003337129892315,23.467681884765625,21.66518783569336,0.0006924123154021,0.0002978239790536
base,00310.png,3.232223662053002e-06,0.0014602288138121,38.14389801025391,23.261720657348636,0.0010415157303214,-0.0004486534744501
base,00311.png,0.000918568985071,0.0001333306136075,27.593311309814453,26.34673118591309,0.0009008817141875,-0.0015906683402135
base,00312.png,-0.0011641066521406,0.0020627228077501,21.99858665466309,25.50097274780273,0.0001250365603482,-0.0011887165019288
base,00313.png,0.0006274742772802,0.0005605035112239,22.75885963439941,27.61980628967285,-0.0012929223012179,-0.000902592903003
base,00314.png,-0.0002216537395725,4.315953992772848e-05,21.436792373657227,23.025962829589844,-0.0008811583975329,0.0019318873528391
base,00315.png,-0.0009768079034984,9.015675459522754e-05,23.320219039916992,23.30485725402832,0.0022320668213069,-0.0001641202543396
base,00316.png,-0.0005873938207514,-0.0006780886324122,26.134889602661133,29.61383438110352,-0.000798235181719,0.0011844581458717
base,00317.png,2.829250843205955e-05,0.0027202649507671,26.122079849243164,25.13010025024414,0.0014448359142988,-0.000129112493596
base,00318.png,0.0008474158821627,0.0021786636207252,30.61943244934082,23.953969955444336,-0.0022143013775348,0.0003143208159599
base,00319.png,0.0008220706949941,-0.0011296679731458,28.11368179321289,23.918418884277344,0.0003170225827489,-0.0020111589692533
base,00320.png,-0.0001931517181219,-0.0004963320679962,23.828834533691406,22.304275512695312,-0.0010105716064572,-0.001963916933164
base,00321.png,0.0009187394171021,0.0014649182558059,26.773681640625,24.30228805541992,-0.0012244270183146,0.002071568975225
base,00322.png,0.0010629469761624,0.0007193792844191,19.838478088378903,26.14389991760254,0.000935832154937,6.512174877570942e-05
base,00323.png,0.0002469364553689,0.000330096721882,23.506914138793945,29.970558166503903,-0.0028454719576984,-5.489863178809173e-05
base,00324.png,-0.0009064912446774,0.0004650718765333,23.039701461791992,29.5748291015625,-0.0013887832174077,0.0004284500610083
base,00325.png,0.0017432158347219,-0.0005174975958652,22.879920959472656,20.71699523925781,0.0003256566415075,0.0003428994095884
base,00326.png,0.0001656192762311,0.0004576227511279,24.39139938354492,26.77781867980957,0.0005858278018422,0.0022944442462176
base,00327.png,-0.0001788001973181,0.0010542970849201,24.623584747314453,23.120685577392575,3.100114190601744e-05,0.0014194110408425
base,00328.png,-0.0007495765457861,-0.0007937871851027,22.64004898071289,31.476926803588867,0.0025219735689461,0.0029022900853306
base,00329.png,-0.0002430088206892,0.0008499835967086,23.892074584960938,23.272783279418945,0.0014413009630516,0.000748386606574
base,00330.png,0.0003499285667203,-0.0002841700916178,24.499786376953125,27.0117244720459,0.0012458683922886,-0.0004600003303494
base,00331.png,0.0025248022284358,0.0018870314816012,28.30251884460449,22.487579345703125,0.0013683622237294,0.0004845287767238
base,00332.png,0.0003576377348508,-0.000740316521842,25.04637718200684,29.75283432006836,0.0018440069397911,0.0039831236936151
base,00333.png,-0.0004278114065527,-0.0005818695644848,25.408123016357425,23.11835289001465,0.0004658581747207,0.002698475960642
base,00334.png,-0.000632929673884,0.000871896976605,24.49448585510254,23.30931663513184,0.0035881220828741,0.0022179733496159
base,00335.png,-0.0010971265146508,0.0012166786473244,20.87503242492676,21.2542667388916,0.0017434225883334,0.0002325333480257
base,00336.png,0.0003669064608402,-0.0014176905388012,25.338359832763672,22.94840431213379,0.000992618734017,0.0014883580151945
base,00337.png,0.0003755274519789,-2.832820791809354e-05,21.565919876098636,23.700862884521484,0.0014479360543191,-0.0006488047074526
base,00338.png,-0.0009978875750675,0.0001409487886121,23.7972469329834,25.471176147460938,0.0012539911549538,0.0006340875406749
base,00339.png,0.0006923220935277,-0.0002322667569387,26.960811614990234,24.029909133911133,0.0025008176453411,0.0001326747442362
base,00340.png,-0.000325750792399,8.101260027615353e-05,23.30304908752441,20.661285400390625,-0.0013062584912404,-0.0028853851836174
base,00341.png,-0.0001374912826577,0.0006713039474561,23.782007217407227,25.47167015075684,0.0005760989151895,-0.001593496184796
base,00342.png,0.0003763400309253,8.642316970508546e-05,32.505523681640625,24.274599075317383,-0.0014733104035258,0.0002128678606823
base,00343.png,-0.0002639443846419,-6.067289723432623e-05,25.34478187561035,24.977266311645508,0.0005177173297852,4.531228842097335e-05
base,00344.png,-0.0002312410797458,-0.0005967731121927,25.79979515075684,23.95738983154297,0.0002160065632779,-0.0008615919505245
base,00345.png,0.0004060562059748,9.86988379736431e-05,22.47836303710937,28.85573959350586,0.0013106524711474,0.0006537650479003
base,00346.png,-0.0011755065061151,-0.0004151587199885,29.35819625854492,22.595075607299805,-0.0030056093819439,-0.0042140507139265
base,00347.png,-0.000219604713493,0.0002232699334854,29.32390785217285,23.04976463317871,0.000150448817294,-0.0001402583293383
base,00348.png,0.0006246728007681,0.0019005326321348,25.804523468017575,20.630895614624023,2.524192132113967e-05,9.626150858821347e-05
base,00349.png,0.000417680828832,-0.0002291186538059,25.790660858154297,22.71278381347656,-0.0010558046633377,-0.0025371413212269
base,00350.png,0.0017121005803346,-0.0011840180959552,25.370018005371094,29.607891082763672,-0.0039223725907504,0.001468819216825
base,00351.png,0.0010450378758832,-0.0019295336678624,21.99680519104004,26.010860443115234,0.0001323282340308,0.0023621332366019
base,00352.png,0.0011643117759376,-0.0003474525001365,26.77544593811035,24.223295211791992,0.0022406536154448,-0.0003563638892956
base,00353.png,0.0017556194216012,-0.0012029220815747,24.186670303344727,25.56363296508789,-0.0001154364726971,-0.0015253926394507
base,00354.png,0.0002564427559264,0.0003634698805399,25.797901153564453,27.59575843811035,-0.002490863436833,-0.0027365735732018
base,00355.png,0.0006702090613543,-0.0001612018095329,21.453887939453125,24.69442176818848,-0.0052165193483233,0.0008184058242477
base,00356.png,-0.0012204550439491,-0.0002310358249815,24.149768829345703,23.725120544433597,-0.0005838652723468,-0.0028008145745843
base,00357.png,-0.0007958863279782,0.001714069978334,21.80122947692871,22.95703125,0.0010035602608695,0.0007071940344758
base,00358.png,-0.0007085771067067,-0.0009860732825472,24.57429313659668,29.56226348876953,-0.0002832844911608,-0.0006110120448283
base,00359.png,0.0004611162876244,-0.000175890410901,23.272300720214844,22.697385787963867,0.0030949332285672,-0.0013960433425381
base,00360.png,0.0006342800334095,0.0011146155884489,22.80668258666992,23.159839630126957,0.0004486284451559,0.0003665598342195
base,00361.png,-9.149535617325456e-05,0.0008421982638537,22.040138244628903,25.03729057312012,0.0003924768825527,-0.0026944088749587
base,00362.png,-4.714815804618411e-05,-0.0016527784755453,23.10798072814941,24.24825859069824,0.0026819815393537,-0.0002271123667014
base,00363.png,-0.0001517488999525,-0.0003137358289677,23.977766036987305,23.47644424438477,-0.0001617555972188,-0.0011212639510631
base,00364.png,-2.8544091037474573e-05,0.0002687340020202,22.48752212524414,29.139062881469727,0.0018515075789764,-0.0002344473614357
base,00365.png,-0.0004895264282822,0.0008455809438601,33.46198272705078,21.69243812561035,0.0014700832543894,0.0023862898815423
base,00366.png,8.435259223915637e-05,-0.0016641155816614,28.44561004638672,23.48175811767578,2.9769415050395764e-05,-0.0016871041152626
base,00367.png,0.0004509624268393,-0.0010230134939774,22.88322257995605,23.333576202392575,-0.0017615661490708,-0.0005204734625294
base,00368.png,0.0011027770815417,-0.0004057952901348,27.82435417175293,26.029184341430664,0.0015506813069805,0.0010787390638142
base,00369.png,0.0010824110358953,0.000807364413049,21.85874557495117,24.43600273132324,-0.0005463492125272,0.001669998280704
base,00370.png,-0.0014413679018616,0.0009800136322155,29.530323028564453,26.49995422363281,0.0008497019298374,0.0002138986455975
base,00371.png,-0.0003567930252756,-0.0002268698153784,22.83230972290039,23.732515335083008,0.0019475498702377,0.0010057669132947
base,00372.png,-0.0008924860158003,-0.0033845296129584,23.18516731262207,21.43834686279297,-0.0021519537549465,-0.0021079834550619
base,00373.png,-0.0005493742064572,0.0009904855396598,22.921167373657227,21.232452392578125,0.0008200440206564,0.0002772022271528
base,00374.png,-0.0015089971711859,-0.000247635965934,26.12251281738281,31.674165725708008,0.0006340819527395,-0.0007091284496709
base,00375.png,0.0001545745326438,-0.0001310604275204,30.97463607788086,21.994457244873047,0.0006466642371378,0.000617922458332
base,00376.png,0.0005654311971738,-0.0008603345486335,25.0915470123291,23.13153839111328,-0.0001348529040114,-0.0011690814280882
base,00377.png,-0.0006482283351942,-0.0012595343869179,24.56390380859375,27.63806533813477,-0.0026464925613254,0.0004612170159816
base,00378.png,0.0013303001178428,0.0027366341091692,24.04278945922852,26.953596115112305,-0.0035607737954705,0.0042033246718347
base,00379.png,-0.000502131995745,-0.0003431894583627,21.16703987121582,23.7252254486084,-0.0012193694710731,0.0007532697636634
base,00380.png,-0.000855736376252,0.0007418864406645,24.16024780273437,25.214548110961918,0.0013284628512337,-0.000579661631491
base,00381.png,-0.0001993169571505,0.0010407225927338,23.98429298400879,25.1888370513916,-0.0006795756053179,0.0020755566656589
base,00382.png,0.0011439535301178,-0.0006293597980402,26.23391532897949,21.84343910217285,-0.0029350363183766,0.0004539709480013
base,00383.png,-0.0005562084843404,0.0002505277807358,23.51766395568848,24.485578536987305,0.0002560084976721,-0.0016652402700856
base,00384.png,-0.0007524598622694,0.0012183946091681,24.616512298583984,28.694948196411133,-0.000548327632714,0.0029158685356378
base,00385.png,0.0034619672223925,0.0041963635012507,27.43282699584961,26.216461181640625,-0.0021452871151268,-0.0014220088487491
base,00386.png,0.0010475883027538,0.000831049575936,21.856948852539062,25.225830078125,0.0026057420764118,-0.0010451315902173
base,00387.png,-0.0004783645854331,-7.653114153072238e-05,30.197044372558597,24.71810340881348,-0.0005629665101878,0.0008221602765843
base,00388.png,0.001864246558398,0.0005466856528073,25.15964126586914,24.16132926940918,0.0010191734181717,-0.000227301439736
base,00389.png,-0.0005866219871677,0.0003499752492643,28.540119171142575,29.36571502685547,-0.0020497555378824,0.001089195604436
base,00390.png,0.0002291548735229,-0.0002249790704809,22.487966537475582,25.6162109375,0.0018233560258522,-0.0010433378629386
base,00391.png,-0.0007273351657204,-0.0003205019747838,22.71278953552246,26.624584197998047,-0.0015608010580763,-0.0022498762700706
base,00392.png,0.0013640787219628,0.0020918506197631,24.061336517333984,25.002836227416992,0.0014963046414777,-0.0036812277976423
base,00393.png,-0.0014662808971479,-0.0009280295344069,22.2531852722168,20.2782039642334,0.0024928776547312,-0.0016156670171767
base,00394.png,0.0006173339788801,0.000161557472893,24.027454376220703,23.2067813873291,-0.0003013866953551,0.002221945207566
base,00395.png,-0.0005365236429497,-0.0006411941722035,24.500259399414062,27.03042221069336,0.0010596665088087,-0.0013029584661126
base,00396.png,0.0017955839866772,-0.0001976985513465,23.45479393005371,26.02318000793457,-0.000387335952837,-0.0030947225168347
base,00397.png,0.0001070262514986,-0.0020155801903456,23.339937210083008,32.5685920715332,-0.0012149710673838,0.001032467233017
base,00398.png,-0.0012592026032507,0.000333486823365,23.683813095092773,27.92270851135254,-0.0003270822635386,0.0005566263571381
base,00399.png,0.0005701589980162,-0.0002020466054091,25.541349411010746,21.465229034423828,0.0008657363941892,0.0013220104156062
base,00400.png,-0.0012345723807811,0.0006151951383799,28.865108489990234,24.29147720336914,-0.0001940473594004,-0.0006771829212084
base,00401.png,0.0020707540679723,-0.0003864215686917,24.033382415771484,24.24679183959961,0.0002032559859799,-0.0002607725909911
base,00402.png,0.0006444732425734,0.0022458080202341,24.18319702148437,30.191390991210938,-0.0011523464927449,-0.0005081370472908
base,00403.png,-0.001190687296912,-0.0017117642564699,22.887826919555664,25.65192985534668,0.0040093953721225,0.0023647870402783
base,00404.png,0.0023853930179029,0.0008155055111274,22.957857131958008,25.072851181030277,-0.0005031048203818,0.0024146921932697
base,00405.png,0.0020012429449707,0.00155732978601,25.282590866088867,21.965229034423828,0.0005489329923875,-0.0005118218832649
base,00406.png,0.0005057679372839,-0.0004090246511623,26.4689884185791,27.75212860107422,-0.0023277786094695,-0.0018261671066284
base,00407.png,-0.0002556858817115,-0.0001460203202441,23.750341415405277,33.31329727172852,-0.0033542362507432,-0.0015131362015381
base,00408.png,0.0006519141606986,0.0007022470817901,21.449914932250977,23.79619789123535,-0.0017481299582868,-0.0002250045072287
base,00409.png,-0.0001368928642477,0.0008541611023247,29.16256332397461,31.77760124206543,-0.0016956776380538,-0.0011796267936006
base,00410.png,0.0001927336561493,-1.38801287903334e-05,21.281105041503903,23.966066360473636,0.0010227375896647,0.0001550889865029
base,00411.png,-0.0008728234097361,0.0001815039577195,25.301156997680664,26.07296562194824,6.202788063092157e-05,-0.0001965074334293
base,00412.png,0.0003424198366701,-0.0014314568834379,22.239362716674805,21.84907341003418,0.0014127240283414,0.0018884246237576
base,00413.png,0.0001430109114153,0.0010065323440358,24.345918655395508,21.493003845214844,0.0039374404586851,-0.0014541473938152
base,00414.png,-0.0004681078717112,0.0007790167583152,25.71891593933105,30.409059524536133,-0.0008127828477881,0.0021997874137014
base,00415.png,-0.0020971000194549,0.0010526259429752,29.059484481811523,20.9581241607666,0.0006333297351375,-0.0016430560499429
base,00416.png,-0.0011439531808719,0.0009855848038569,24.49053955078125,21.90813446044922,-0.0007121452363207,0.0017983043799176
base,00417.png,0.0005078847752884,-0.000275614176644,22.17879295349121,27.334129333496094,0.0021484536118805,0.0027486856561154
base,00418.png,-0.0004521113005466,0.0008407893474213,27.188499450683597,24.896114349365234,8.329417323693633e-05,-0.0013459761394187
base,00419.png,0.0001699239364825,0.0014269348466768,24.470760345458984,25.532331466674805,-0.00062013824936,0.0018280210206285
base,00420.png,0.0018374455394223,-0.0006108889356255,26.46791648864746,26.323152542114254,-0.0008232669206336,0.0006918623694218
base,00421.png,-7.175697828643024e-05,-0.0002695055154617,28.835708618164062,24.57317924499512,0.0020330373663455,0.000498337089084
base,00422.png,4.722408630186692e-05,0.0002840112138073,23.6168270111084,25.940475463867188,-0.0007223243592306,-0.0010364514309912
base,00423.png,0.0004585378337651,-0.0002969217603094,20.932147979736328,25.7713565826416,0.0015108934603631,0.0016510071000084
base,00424.png,0.0018660293426364,0.0010091670555993,28.888643264770508,26.25341415405273,0.002162448130548,0.0036801253445446
base,00425.png,-0.000466742523713,-0.0009701825329102,22.8526668548584,23.4609317779541,-0.0017353291623294,0.0007348675862886
base,00426.png,0.0001891936553874,-0.0005129736382514,23.95206642150879,25.330368041992188,-0.0014319071779027,-0.0011524806031957
base,00427.png,0.0005581862642429,0.0023313255514949,20.628623962402344,21.06500244140625,-0.0008257632143795,-0.0011172543745487
base,00428.png,0.001222135964781,-0.0009153119171969,24.30317497253418,21.352375030517575,0.0035084444098174,-0.0009291691821999
base,00429.png,0.000197212488274,-1.7524323993711732e-05,25.742830276489254,24.789119720458984,0.0031392001546919,0.0007549425354227
base,00430.png,-0.0003708424046635,0.0009651719010435,19.927515029907227,22.52422142028809,-0.0002588182105682,0.0023839918430894
base,00431.png,0.000241974266828,0.0002704010985326,24.88090133666992,20.981630325317383,0.0001480703940615,6.02601321588736e-05
base,00432.png,8.861755486577749e-05,-0.0005560898571275,31.950597763061523,24.291454315185547,0.0007719176355749,0.0012006418546661
base,00433.png,3.000423384946771e-05,-0.0014567204052582,27.740291595458984,24.04433822631836,0.0011625014012679,0.0014780563069507
base,00434.png,0.000260776898358,0.001895691268146,22.37337303161621,24.56284713745117,4.9391215725336224e-05,-0.0053436243906617
base,00435.png,0.0006053000688552,-0.0012478105491027,25.387107849121094,26.579273223876957,0.0003900963347405,-0.0021868969779461
base,00436.png,0.0012099816231057,-0.001483314554207,25.517099380493164,25.462547302246094,-0.0008699105819687,0.0009935095440596
base,00437.png,-0.0002732155262492,-3.9852344343671575e-05,21.69813537597656,23.51435089111328,0.0004711938672699,-0.0005655252025462
base,00438.png,0.0016843868652358,-0.0004541214439086,24.14316940307617,25.07211685180664,-0.0015833214856684,-0.0009718076325953
base,00439.png,-0.0006077361758798,-0.0001464023516746,23.067062377929688,23.25321388244629,-0.0006448014173656,0.0003593322471715
base,00440.png,0.0005585862090811,0.001026892918162,25.18439102172852,26.336767196655277,-0.0003877262643072,0.0004892573924735
base,00441.png,0.0013272211654111,0.0015275855548679,24.193286895751957,31.30866050720215,-0.0006779599352739,-0.0007325623882934
base,00442.png,0.0020570813212543,-0.0010320075089111,23.636781692504883,24.06732177734375,-1.931191945914179e-05,0.0013601505197584
base,00443.png,-0.0004928118432871,9.012906957650556e-05,22.77486038208008,24.16698837280273,-0.0009398855036124,-0.00198162230663
base,00444.png,-0.0006130636320449,0.0005531642818823,28.234678268432617,33.29902267456055,-0.0002914050710387,0.0016393249388784
base,00445.png,0.0006533944397233,-0.0004478534101508,23.287134170532227,24.91136932373047,-0.0009753330959938,-0.002710957545787
base,00446.png,-0.0003740202228073,0.0001961357193067,22.630651473999023,21.638731002807617,0.0001943305396707,-0.0003785591106861
base,00447.png,-4.2782216041814536e-05,0.0019466252997517,23.2234001159668,26.216279983520508,-0.0005299168406054,0.0011788345873355
base,00448.png,-0.0004462146607693,0.0027540943119674,23.603124618530277,22.732332229614254,0.0021189977414906,0.0018944300245493
base,00449.png,0.0018597237067297,-0.000588601862546,26.10968399047852,22.96131896972656,0.0002314692828804,-0.0020334813743829
base,00450.png,-0.0013448836980387,-0.0015523514011874,23.671335220336918,23.30824089050293,0.0031435946002602,0.0040906239300966
base,00451.png,0.000880442559719,0.0011519123800098,25.67965316772461,24.33677864074707,0.0010895673185586,-0.0004126986023038
base,00452.png,0.0002322837535757,0.002780944108963,28.090356826782227,26.355806350708008,0.0003475483972579,0.0019052601419389
base,00453.png,0.000597663281951,0.0006984424544498,23.95122718811035,21.85093307495117,-0.002717102644965,-0.0034559667110443
base,00454.png,-0.000685018254444,0.000885221583303,24.488630294799805,24.599506378173828,-0.0018058178247883,0.0004354506963863
base,00455.png,0.0026819554623216,0.003472430165857,22.87195205688477,25.696983337402344,0.0020300326868891,0.0011606130283325
base,00456.png,0.0008436464122496,-0.0005842522368766,26.89553642272949,21.63576889038086,-8.727853128220886e-05,8.717586024431512e-05
base,00457.png,0.0010609239106997,0.000208758181543,24.533653259277344,21.736921310424805,0.0046188551932573,0.0002367358101764
base,00458.png,0.0011102745775133,-0.0005753495497629,23.32579231262207,23.28432273864746,0.0045696701854467,-0.0001107961506932
base,00459.png,0.0004074840981047,-0.0001563607656862,28.27147483825684,22.158349990844727,0.0008176584960892,0.0023044794797897
base,00460.png,-0.0006006741896271,-0.0005354153690859,27.08348846435547,26.311843872070312,0.0012834258377552,-0.0023823529481887
base,00461.png,-0.000253991165664,0.001079679117538,21.612586975097656,30.2289981842041,-0.0001319283765042,0.0015800965484231
base,00462.png,0.0009951689280569,0.0013000449398532,24.89276123046875,22.423973083496094,0.0001948052376974,0.0001425142691005
base,00463.png,0.0008628942887298,0.0008356301696039,27.029417037963867,25.840730667114254,0.0039652260020375,0.0011150338687002
base,00464.png,-0.0002243702474515,-0.0007834495045244,22.829816818237305,29.240379333496094,-0.0005721091874875,-6.699932418996468e-05
base,00465.png,0.0004333742836024,-0.0006655326578766,23.606372833251957,26.34507179260254,0.001286294311285,-0.0001250383211299
base,00466.png,0.000517449399922,0.0003588285762816,30.476219177246094,29.290966033935547,-0.0002080957347061,0.0016013736603781
base,00467.png,0.0007019776967354,0.0017000377411022,25.127172470092773,25.550161361694336,0.004070343915373,-0.0009234445169568
base,00468.png,-0.0006758141098544,-0.000742067117244,24.47418785095215,33.27275085449219,-0.0002413330075796,-0.0022376202978193
base,00469.png,-0.000199389658519,-0.0008490268955938,22.73472023010254,25.745290756225582,0.0003668104764074,-0.0009823505533859
base,00470.png,0.0003022014570888,0.0016387755749747,22.126333236694336,23.719453811645508,-0.0024178503081202,0.0006957965670153
base,00471.png,0.0018098491709679,-9.961357136489823e-05,30.16730117797852,22.9751033782959,0.00213846960105,0.0001849593536462
base,00472.png,0.0003014501126017,1.0820946044987068e-05,24.328039169311523,28.43376350402832,0.0018419492989778,0.000750369799789
base,00473.png,-0.0001325036573689,0.0004685322346631,23.290021896362305,26.05976867675781,0.0023447673302143,0.0008861435344442
base,00474.png,0.0008284351788461,-0.0001131649478338,24.200220108032227,23.627010345458984,0.0007395661668851,0.0020187108311802
base,00475.png,-0.0003444626927375,-9.262404637411235e-05,26.341941833496094,24.038352966308597,0.001604754012078,0.0011378494091331
base,00476.png,0.0023464476689696,0.0022774783428758,26.31249046325684,31.70022964477539,0.0052828066982328,0.0002341303479624
base,00477.png,-0.0002669821551535,0.0006354279466904,28.477134704589844,32.83412551879883,-0.0013240645639598,-0.0015417945105582
base,00478.png,0.0001478907943237,-0.0011992164654657,30.746767044067383,24.43375015258789,-0.001363857765682,-0.0018649022094905
base,00479.png,-0.0001892882428364,-0.0009117951267398,24.532150268554688,21.908815383911133,0.0011319740442559,-0.0007923849043436
base,00480.png,-0.0008309716940857,9.965132630895825e-05,27.60457420349121,27.72787094116211,-5.707719992642524e-06,0.0026906642597168
base,00481.png,0.0007012126152403,-0.0003322907723486,23.33906364440918,20.839311599731445,0.0027691493742167,0.0002477297966834
base,00482.png,0.0029463544487953,-0.000107262727397,26.146520614624023,29.35535430908203,-0.0013952109729871,-0.0013502727961167
base,00483.png,-0.0005710441619157,-0.0023580824490636,24.69875717163086,22.646011352539062,0.0010355147533118,0.0030223873909562
base,00484.png,-0.0008375106845051,-0.0015496026026085,19.658615112304688,25.088645935058597,-0.0015749831218272,-0.001404114998877
base,00485.png,0.0005560292629525,-0.0006238790811039,25.210935592651367,31.336143493652344,0.0008876832434907,-7.658606773475185e-05
base,00486.png,2.7361926186131317e-05,7.734431710559875e-05,28.700395584106445,23.63508415222168,-0.0003414945676922,0.0002537786785978
base,00487.png,0.0015478043351322,0.0016102259978652,27.486242294311523,26.286609649658203,0.0020466821733862,-0.0018341215327382
base,00488.png,0.0007079048082232,0.0021391187328845,23.26307678222656,23.32578659057617,0.0001862828648881,-4.914805685984902e-05
base,00489.png,-9.499640145804732e-05,2.120300086971838e-05,25.78110885620117,22.693727493286133,-0.0008177721174433,-0.0002797532652039
base,00490.png,0.0006096928846091,0.0004226538003422,23.86996078491211,21.92222023010254,-0.0006572456914,0.0015383798163384
base,00491.png,-0.0001437698374502,-0.0002377995260758,26.19334602355957,22.32819557189941,0.0008643648470751,0.0001277034316444
base,00492.png,0.0001958944776561,-0.0005960472044534,24.864160537719727,22.905574798583984,0.0003587589599192,0.0012915518600493
base,00493.png,-0.0006234662723727,-0.0002940482227131,25.27213859558105,23.904979705810547,-0.0024860908742994,-0.001431189244613
base,00494.png,0.0001846583327278,0.0005416224012151,23.45268821716309,24.614728927612305,-0.0022300495766103,0.0023194393143057
base,00495.png,0.0011957446113228,0.0006600296474061,24.516725540161133,25.004714965820312,0.0012592633720487,-4.753544635605067e-05
base,00496.png,-0.0004724184109363,0.0002634178672451,26.790769577026367,22.290935516357425,-0.0001882497017504,0.0019337589619681
base,00497.png,-0.0010407420340925,-0.0012847374891862,26.35811233520508,23.06086540222168,-0.0009034569957293,-0.0014702450716868
base,00498.png,2.9223881938378327e-05,2.4643994038342495e-05,25.159780502319336,25.129854202270508,-0.0008880352834239,6.506513454951346e-05
base,00499.png,0.0005087873432785,-0.0002851348253898,24.398447036743164,23.434789657592773,0.0019241436384618,-0.00264274305664
real_A,Nikon_D200_1_17830.JPG,0.0259892437607049,-0.0006726534920744,372.1335754394531,29.05384826660156,0.0012775283539667,0.0020102642010897
real_A,Nikon_D200_1_17832.JPG,0.0265157669782638,-0.0027614547871053,307.39990234375,23.38936233520508,0.0011638958239927,-0.0019184354459866
real_A,Nikon_D200_1_17834.JPG,0.0266630575060844,-0.0023798968177288,318.1428527832031,22.90312767028809,0.0027129547670483,-0.0019026114605367
real_A,Nikon_D200_1_17836.JPG,0.0296366140246391,0.0005283204955048,337.4454040527344,25.9781494140625,-0.0009696662891656,0.0015109878731891
real_A,Nikon_D200_1_17838.JPG,0.0310787968337535,1.0611227480694652e-05,377.67474365234375,28.59304428100586,0.0014029851881787,-0.0018134537385776
real_A,Nikon_D200_1_17840.JPG,0.0377689562737941,-0.000753890897613,424.9490966796875,31.09308815002441,0.0035215434618294,-0.0025589962024241
real_A,Nikon_D200_1_17842.JPG,0.0427244529128074,0.0007981266826391,403.23583984375,23.796125411987305,0.0008795125759206,-0.0019719994161278
real_A,Nikon_D200_1_17844.JPG,0.0552775748074054,-6.666692206636071e-05,687.7240600585938,20.21737098693848,0.0039228592067956,0.0035716684069484
real_A,Nikon_D200_1_17846.JPG,0.0535197593271732,0.0030059430282562,465.2265625,23.377965927124023,0.0034109617117792,0.0022387178614735
real_A,Nikon_D200_1_17848.JPG,0.050903096795082,0.0011414433829486,675.597900390625,23.71651077270508,-4.282248119125143e-05,6.187389953993261e-05
real_A,Nikon_D200_1_17850.JPG,0.0438691936433315,0.0019391989335417,421.6109008789063,26.283878326416016,0.0020982497371733,0.0014741548802703
real_A,Nikon_D200_1_17852.JPG,0.0479771979153156,-0.00256008352153,454.2049865722656,24.4957332611084,0.0025923361536115,0.0014599678106606
real_A,Nikon_D200_1_17854.JPG,0.0536149889230728,-0.0002087433676933,530.0972900390625,26.864097595214844,0.004151661414653,0.0002301070926478
real_A,Nikon_D200_1_17856.JPG,0.0357350669801235,0.0008561500580981,453.2092590332031,27.269615173339844,0.0026902316603809,0.0012819517869502
real_A,Nikon_D200_1_17858.JPG,0.0309128444641828,0.0023838579654693,391.0772399902344,25.3934326171875,0.0027782043907791,0.0002330109127797
real_A,Nikon_D200_1_17860.JPG,0.0330804996192455,0.000693465815857,407.5130004882813,30.168455123901367,0.0010045741219073,-0.0008342547807842
real_A,Nikon_D200_1_17862.JPG,0.0328856110572814,0.002602282911539,486.3898620605469,27.851566314697266,0.0037838139105588,-0.0006882458110339
real_A,Nikon_D200_1_17864.JPG,0.0321767479181289,-0.0016997274942696,402.5789794921875,26.5355281829834,0.0015717855421826,-0.0003887166967615
real_A,Nikon_D200_1_17866.JPG,0.0365396998822689,0.000152733613504,438.6033020019531,26.02992820739746,0.0012457470875233,-6.903182111273054e-06
real_A,Nikon_D200_1_17868.JPG,0.0376005060970783,0.0005839496152475,527.94921875,22.62451934814453,-0.0007666500168852,0.0021035659592598
real_A,Nikon_D200_1_17870.JPG,0.0465281009674072,-0.0002644016931299,326.867919921875,29.22419548034668,0.0010544942924752,0.0003513818082865
real_A,Nikon_D200_1_17872.JPG,0.0525528602302074,0.000349201640347,515.6635131835938,25.473712921142575,0.0022511354181915,-0.0007858948083594
real_A,Nikon_D200_1_17874.JPG,0.0504957847297191,0.0003862905723508,925.2669677734376,34.569515228271484,0.004431128501892,-0.0017051333561539
real_A,Nikon_D200_1_17876.JPG,0.0159771274775266,0.0007835908909328,87.05095672607422,29.13158416748047,0.0004825038195122,0.0020003106910735
real_A,Nikon_D200_1_17878.JPG,0.015961654484272,0.00122453388758,79.71306610107422,30.982616424560547,-0.002162845339626,-0.0007073861197568
real_A,Nikon_D200_1_17880.JPG,0.0183853637427091,0.0006578539614565,128.9086456298828,26.14347267150879,0.0047266916371881,0.0018371226033195
real_A,Nikon_D200_1_17882.JPG,0.0369355119764804,0.002721288241446,829.0857543945312,22.01317405700684,0.002599696163088,0.0008015242638066
real_A,Nikon_D200_1_17884.JPG,0.0402420125901699,0.0007559481309726,481.4667663574219,30.625167846679688,0.0025675795041024,-0.0016715604579076
real_A,Nikon_D200_1_17886.JPG,0.0479485876858234,-0.0021873274818062,645.0993041992188,28.596529006958008,0.0017669404624029,-0.0013643781421706
real_A,Nikon_D200_1_17888.JPG,0.0473558977246284,-0.0005144991446286,681.0957641601562,26.83983421325684,0.0020315034780651,0.0006430349894799
real_A,Nikon_D200_1_17890.JPG,0.0438065491616725,-0.0001289049832848,533.1898193359375,23.62589454650879,0.0021644099615514,-0.0024328301660716
real_A,Nikon_D200_1_17892.JPG,0.0479582324624061,3.219552309019491e-05,611.50341796875,23.946807861328125,0.0010502008954063,4.176055153948255e-05
real_A,Nikon_D200_1_17894.JPG,0.0347386039793491,0.0022061131894588,458.8541564941406,28.619327545166016,0.0022195128258317,-0.0013210811885073
real_A,Nikon_D200_1_17896.JPG,0.0165141429752111,0.0007856672164052,154.375,26.20784950256348,0.0044988193549215,-0.0013975597685202
real_A,Nikon_D200_1_17898.JPG,0.0161925386637449,-0.0007566877757199,160.04336547851562,25.79216957092285,0.0017326530069112,0.00066591554787
real_A,Nikon_D200_1_17900.JPG,0.0688257589936256,-0.0005006534047424,1067.595947265625,23.135229110717773,0.007352914661169,3.506515349727124e-05
real_A,Nikon_D200_1_17902.JPG,0.066634401679039,-0.0006129955290816,688.002197265625,30.494403839111328,0.0020810752175748,-0.0037380519788712
real_A,Nikon_D200_1_17904.JPG,0.0669081211090087,-0.0016051499405875,533.8941650390625,30.581361770629883,-0.0011253816774114,-0.0024410700425505
real_A,Nikon_D200_1_17906.JPG,0.0384477749466896,0.0004196389345452,363.9200744628906,26.96238136291504,0.0017680571181699,-0.0019395869458094
real_A,Nikon_D200_1_17908.JPG,0.0633983239531517,-0.0033552304375916,988.0014038085938,25.2825927734375,0.0059508751146495,0.0006859270506538
real_B,Nikon_D200_0_15537.JPG,-0.0008045830181799,0.0325792655348777,35.7259635925293,189.49598693847656,0.0013913976727053,0.0003789049806073
real_B,Nikon_D200_0_15539.JPG,-0.0001355275162495,0.0374748669564724,25.439964294433597,232.70545959472656,0.0014853270258754,0.0005815883050672
real_B,Nikon_D200_0_15541.JPG,-0.0022593531757593,0.0322160385549068,27.65034294128418,164.9263916015625,-0.0002098089607898,0.0004464642843231
real_B,Nikon_D200_0_15543.JPG,-0.0034578831400722,0.0348114781081676,26.64734649658203,195.19039916992188,-0.0013557048514485,0.000333210278768
real_B,Nikon_D200_0_15545.JPG,-0.0004619827668648,0.0373267196118831,28.474018096923828,182.852783203125,-0.0010095845209434,0.0007154057966545
real_B,Nikon_D200_0_15547.JPG,-0.0002264758077217,0.0244719926267862,21.717960357666016,167.39205932617188,0.0020130279008299,-0.0001839055330492
real_B,Nikon_D200_0_15549.JPG,-5.364270691643469e-05,0.0227095745503902,23.17445182800293,186.0584259033203,-0.0010165639687329,0.0018775287317112
real_B,Nikon_D200_0_15551.JPG,-0.0012407314497977,0.0236544106155633,25.431859970092773,136.04766845703125,-0.001282793469727,0.0017924631247296
real_B,Nikon_D200_0_15553.JPG,-0.0003635481116361,0.0289012007415294,23.61206817626953,224.58018493652344,0.0001913313753902,0.0022791475057601
real_B,Nikon_D200_0_15555.JPG,-0.0003185669193044,0.0292874313890934,32.02376937866211,245.7052764892578,-0.0002858153893612,0.0004449692787602
real_B,Nikon_D200_0_15557.JPG,6.457084964495152e-05,0.0386345386505126,24.21754264831543,343.7810363769531,-0.0019228536402806,0.0008549729245714
real_B,Nikon_D200_0_15559.JPG,0.0006857267580926,0.0270059667527675,28.20695686340332,222.1234588623047,-0.0014153422089293,-0.0020363605581223
real_B,Nikon_D200_0_15561.JPG,0.0014356089523062,0.0144473714753985,27.79551315307617,76.10501861572266,0.001671619946137,0.002093601739034
real_B,Nikon_D200_0_15563.JPG,5.350289575289935e-05,0.0121512915939092,27.807899475097656,50.73830032348633,-0.0002798243658617,0.002418098738417
real_B,Nikon_D200_0_15565.JPG,-0.0004180651740171,0.0108046811074018,25.786941528320312,34.98389434814453,0.0013864294160157,0.0010123805841431
real_B,Nikon_D200_0_15567.JPG,0.0001678336993791,0.0108735533431172,25.511293411254883,57.78936004638672,-0.0006751512410119,0.0026415588799864
real_B,Nikon_D200_0_15569.JPG,-0.0006590650882571,0.0098367985337972,34.53096389770508,52.91865539550781,0.0016594998305663,0.0036664754152297
real_B,Nikon_D200_0_15571.JPG,0.0016972261946648,0.0103524103760719,27.864845275878903,41.70367050170898,0.0008381047518923,-0.0002753426961135
real_B,Nikon_D200_0_15573.JPG,0.0003745456924661,0.0416275113821029,30.73307609558105,570.0244750976562,-2.9864017051295377e-05,0.0065874936990439
real_B,Nikon_D200_0_15575.JPG,0.0022961355280131,0.0543668232858181,23.89557266235352,914.580810546875,0.000979836215265,0.0031576624605804
real_B,Nikon_D200_0_15577.JPG,0.0017963703721761,0.0343521535396575,25.952993392944336,427.48236083984375,-0.0004310422809794,0.001523318234831
real_B,Nikon_D200_0_15579.JPG,-0.0001339557493338,0.0205130688846111,26.128721237182617,124.98826599121094,-0.0005332434666343,0.0029208133928477
real_B,Nikon_D200_0_15581.JPG,-0.0004571433528326,0.0124806175008416,33.985939025878906,35.574241638183594,-0.002030010567978,0.0020755247678607
real_B,Nikon_D200_0_15583.JPG,0.0029378754552453,0.0118521153926849,30.173803329467773,74.00692749023438,0.0008765897946432,0.0007108850986696
real_B,Nikon_D200_0_15585.JPG,-0.0003252756723668,0.0126633131876587,24.273082733154297,61.746826171875,-0.00066067854641,0.0042484127916395
real_B,Nikon_D200_0_15587.JPG,0.0008165823528543,0.0234741456806659,25.864450454711918,369.6990966796875,-0.0003289493033662,0.0019806423224508
real_B,Nikon_D200_0_15589.JPG,-0.0021699753124266,0.0306682009249925,32.46061706542969,236.0458831787109,-0.0010091768344864,0.0011474912753328
real_B,Nikon_D200_0_15591.JPG,-0.0014899193774908,0.0343786776065826,20.953304290771484,352.6061096191406,-0.0004209027392789,0.0021356290671974
real_B,Nikon_D200_0_15593.JPG,0.0013911048881709,0.0317678824067115,26.193517684936523,455.8164978027344,0.0001411960402037,0.0040228515863418
real_B,Nikon_D200_0_15595.JPG,0.0020135305821895,0.0510685220360755,27.78930282592773,678.4013671875,-0.0003247939166612,0.0018196002347394
real_B,Nikon_D200_0_15599.JPG,0.0025139802601188,0.0520554818212986,25.10081672668457,874.101806640625,0.0024626227095723,0.0039916154928505
real_B,Nikon_D200_0_15601.JPG,-0.0011862234678119,0.0474992133677005,27.267566680908203,618.4021606445312,0.0005924520082771,0.0041447966359555
real_B,Nikon_D200_0_15603.JPG,0.0001835911971284,0.0460353791713714,23.37891960144043,523.2713623046875,-0.0017277938313782,0.00340192229487
real_B,Nikon_D200_0_15605.JPG,0.0012620844645425,0.0473993457853794,30.4073429107666,537.3385620117188,-0.0002635988057591,0.0020746008958667
real_B,Nikon_D200_0_15607.JPG,0.0031144495587795,0.050967838615179,27.940656661987305,759.0199584960938,0.0020667749922722,0.0021533258259296
real_B,Nikon_D200_0_15609.JPG,0.0004003831127192,0.0472855269908905,23.41549301147461,646.332763671875,-0.0015352946938946,0.0028730572666972
real_B,Nikon_D200_0_15611.JPG,0.0009549267124384,0.0470651574432849,32.01097106933594,516.8577270507812,0.00114048528485,0.0015828978503122
real_B,Nikon_D200_0_15613.JPG,-0.0006218978087417,0.0423161275684833,23.254972457885746,305.281982421875,-0.0009215629543177,0.0007684832671657
real_B,Nikon_D200_0_15615.JPG,0.0018421978456899,0.0442564822733402,24.408367156982425,297.2340087890625,-0.0005024299607612,0.001952507183887
real_B,Nikon_D200_0_15617.JPG,0.0002442293043714,0.0442812517285347,30.316619873046875,252.62625122070312,-0.0004194356442894,0.0021017983090132
