arm,image,rho_KA,rho_KB
base,00004.png,-0.0015306506538763642,0.000996269634924829
base,00005.png,0.00033090205397456884,0.003017870942130685
base,00006.png,0.0005838731885887682,-0.00015875815006438643
base,00007.png,0.0008140958962030709,0.0005599404103122652
base,00012.png,-1.9331337171024643e-05,-0.0031921728514134884
base,00013.png,0.0007879689219407737,-0.0007400614558719099
base,00014.png,5.9921309002675116e-05,0.0016310353530570865
base,00015.png,-0.001017258153297007,5.235111530055292e-05
base,00000.png,0.002240318339318037,-0.0020564303267747164
base,00001.png,0.0004910330753773451,0.0015713723842054605
base,00002.png,-0.001946592703461647,0.0009051196393556893
base,00003.png,-0.0003358146932441741,0.0012012849329039454
base,00020.png,-0.00044897975749336183,-0.0017577100079506636
base,00021.png,0.000802264956291765,6.401140853995457e-05
base,00022.png,0.0014560285490006208,0.003869159147143364
base,00023.png,-0.0016855917638167739,0.0010824411874637008
base,00016.png,-0.0011976204114034772,0.0009412640938535333
base,00017.png,-0.0020077868830412626,0.003914607223123312
base,00018.png,0.001669444260187447,0.0004236169916111976
base,00019.png,0.004086227621883154,0.0018528359942138195
base,00008.png,-0.0013286356115713716,0.0017681128811091185
base,00009.png,0.0004265946918167174,0.0006831634091213346
base,00010.png,0.0012839124538004398,0.0003211636212654412
base,00011.png,0.0018413910875096917,0.0014974379446357489
base,00024.png,0.0025788405910134315,-0.0009831697680056095
base,00025.png,-0.0016456040320917964,-0.0017534284852445126
base,00026.png,-0.0014825946418568492,-8.288351818919182e-05
base,00027.png,-0.0002283326757606119,-0.00029357438324950635
base,00028.png,0.00024788687005639076,-0.00018097377324011177
base,00029.png,0.0005901128170080483,-0.0007172702462412417
base,00030.png,-0.002251506084576249,-0.0013232891215011477
base,00031.png,0.00020201689039822668,0.0002239172754343599
base,00032.png,-0.001011208281852305,-0.003630887484177947
base,00033.png,0.0005047843442298472,-0.00010879621549975127
base,00034.png,0.002296277554705739,0.0010947852861136198
base,00035.png,-0.0003425884060561657,0.0003297309740446508
base,00036.png,0.0008381449151784182,0.0015549445524811745
base,00037.png,-0.00027170038083568215,-0.0010491134598851204
base,00038.png,-0.0006749758031219244,-0.000826433242764324
base,00039.png,0.00024168840900529176,0.0008661781903356314
base,00040.png,0.0004905593814328313,0.0011748757679015398
base,00041.png,0.000542178750038147,-0.00044085882836952806
base,00042.png,-0.003009423380717635,-0.00047173030907288194
base,00043.png,-0.0005100792041048408,0.0006883370806463063
base,00044.png,-0.0011940149124711752,0.001372618367895484
base,00045.png,-0.0028010306414216757,-0.0007944375975057483
base,00046.png,-0.0007843378698453307,-0.000987798674032092
base,00047.png,-0.0027018017135560513,-0.0017241344321519136
base,00052.png,0.0025712111964821815,0.0019882700871676207
base,00053.png,0.0005562944570556283,0.0022055741865187883
base,00054.png,-0.003156897146254778,-0.0016985614784061909
base,00055.png,-0.0004787735524587333,0.0012853125808760524
base,00048.png,-0.0022960547357797623,-0.0005302721983753145
base,00049.png,0.0003248080029152334,0.0001953081227838993
base,00050.png,0.0014239359879866242,0.0016379250446334481
base,00051.png,0.0024592485278844833,0.00020065878925379366
base,00056.png,-0.002624748507514596,-0.0013473853468894958
base,00057.png,-0.001528220484033227,-0.004300537519156933
base,00058.png,-0.001118391053751111,9.99717212835094e-06
base,00059.png,-0.00107122166082263,-0.000663881772197783
base,00060.png,0.0006199713097885251,-0.0016883093630895019
base,00061.png,0.0008042175904847682,0.0012194565497338772
base,00062.png,-0.0022947420366108418,0.002455227542668581
base,00063.png,0.0006359501276165247,0.0004214488435536623
base,00068.png,0.00034316210076212883,-0.00037088876706548035
base,00069.png,-7.659263064851984e-05,-0.0019271145574748516
base,00070.png,0.0018038451671600342,-0.00017065949214156717
base,00071.png,-0.00010313619713997468,0.0014586927136406302
base,00064.png,-0.0007777151768095791,-0.0017396487528458238
base,00065.png,-0.0019590621814131737,0.0010411541443318129
base,00066.png,0.001585997873917222,-0.0005013214540667832
base,00067.png,-0.0018301147501915693,-0.003034354653209448
base,00076.png,0.002587066264823079,-0.0014642211608588696
base,00077.png,-0.001353687490336597,0.0002493653737474233
base,00078.png,0.0008120340062305331,0.0010804864577949047
base,00079.png,0.0009167625103145838,-0.00205952487885952
base,00072.png,0.0015650168061256409,0.0034144576638936996
base,00073.png,-0.0009722905233502388,1.5469206118723378e-05
base,00074.png,-0.000628999958280474,0.0009669504943303764
base,00075.png,-0.003311262233182788,-0.0011982688447460532
base,00084.png,0.0006398006225936115,0.001072127022780478
base,00085.png,-0.0012190296547487378,-0.0016213794006034732
base,00086.png,-0.0016095718601718545,-0.00030680440249852836
base,00087.png,0.0012884888565167785,-0.0006457112613134086
base,00080.png,0.0006686307606287301,-0.0001931027218233794
base,00081.png,0.0012093710247427225,-0.0010765172773972154
base,00082.png,-0.00041751208482310176,-0.001735782716423273
base,00083.png,-0.0001036860776366666,0.0021510417573153973
base,00092.png,-0.0014629142824560404,-0.002197672612965107
base,00093.png,1.9683012553173285e-08,-0.0012952744727954268
base,00094.png,0.0005718286265619099,0.0021902238950133324
base,00095.png,-0.0001982173416763544,0.0005122165312059224
base,00088.png,3.626338730100542e-05,0.001112637110054493
base,00089.png,-7.416056905640289e-05,-0.00014100578846409917
base,00090.png,0.0005435280618257821,-0.0017255283892154694
base,00091.png,0.0007447201642207801,-0.002285387134179473
base,00096.png,0.0007771435775794089,0.00012080603482900187
base,00097.png,0.00032156085944734514,-0.00026663640164770186
base,00098.png,0.001162175671197474,0.0008060807595029473
base,00099.png,0.0006132269627414644,0.0010369374649599195
base,00100.png,-0.0024654946755617857,-0.0010657981038093567
base,00101.png,-0.00019535692990757525,0.00010758734424598515
base,00102.png,-0.0017966331215575337,0.00102704088203609
base,00103.png,0.0008594085811637342,0.0016068422701209784
base,00104.png,-0.000373627437511459,0.0008419486694037914
base,00105.png,0.0013702071737498045,0.0003445823967922479
base,00106.png,0.0008403041865676641,0.0007940696668811142
base,00107.png,0.0003169447008986026,-0.002223898656666279
base,00108.png,0.0005537703400477767,0.0006824620650149882
base,00109.png,0.0006129219545982778,0.0013129351427778602
base,00110.png,-0.0010780030861496925,0.0009802916320040822
base,00111.png,0.0024110046215355396,0.000540032226126641
base,00112.png,0.0005255158175714314,0.0005739626940339804
base,00113.png,-0.001493017771281302,0.0017047427827492356
base,00114.png,-0.0014732612762600183,9.389998740516603e-05
base,00115.png,-0.0014003308024257421,0.0011549141490831971
base,00116.png,3.725560964085162e-05,0.00023805229284334928
base,00117.png,-0.005519594065845013,0.0001095757179427892
base,00118.png,4.617694139597006e-05,-0.0009147058590315282
base,00119.png,0.00080066395457834,0.0007178395753726363
base,00120.png,-0.0020090301986783743,0.0007401229813694954
base,00121.png,0.00023990448971744627,0.004835990723222494
base,00122.png,-0.0008676196448504925,0.0009811046766117215
base,00123.png,-0.0004094309697393328,0.0006966402870602906
base,00128.png,0.0007540744263678789,-0.0004440064949449152
base,00129.png,0.0019801610615104437,0.0012680841609835625
base,00130.png,-0.000950029818341136,-0.0010101600782945752
base,00131.png,0.0008107023313641548,-0.0002722133358474821
base,00124.png,0.00010037044557975605,-0.0005011952016502619
base,00125.png,-0.0004159358504693955,-0.001505274442024529
base,00126.png,-0.0010537883499637246,3.2451040169689804e-05
base,00127.png,0.004231708124279976,-0.00024072686210274696
base,00132.png,0.0015966714126989245,0.0003047850914299488
base,00133.png,0.00021575423306785524,1.2568639249366242e-05
base,00134.png,0.000256187777267769,-0.000316847232170403
base,00135.png,-0.0011906918371096253,-0.00035879953065887094
base,00136.png,0.0004949151771143079,0.0005030761822126806
base,00137.png,-0.00010994475451298058,-0.0016849443782120943
base,00138.png,0.001322780386544764,0.0017914969939738512
base,00139.png,-0.002096999902278185,0.0001100385416066274
base,00140.png,-0.000271111901383847,0.001962290145456791
base,00141.png,0.0024570426903665066,-0.00022523751249536872
base,00142.png,-0.0001388394011883065,0.0005210804520174861
base,00143.png,-0.0001440182386431843,0.0006536826258525252
base,00152.png,-0.005597049370408058,-0.0020184016320854425
base,00153.png,-0.00040463192272000015,0.0002488803584128618
base,00154.png,0.0004338508879300207,0.0017297317972406745
base,00155.png,-0.0015284440014511347,-0.0023552768398076296
base,00144.png,-0.0006438386626541615,-0.001423316658474505
base,00145.png,-0.001666553900577128,0.00019910010450985283
base,00146.png,-0.0012904091272503138,-0.00037226630956865847
base,00147.png,-0.002168748527765274,-0.0007379244198091328
base,00148.png,0.0005470619071274996,-0.0006616417085751891
base,00149.png,-0.0008583453018218279,-0.00022313158842734993
base,00150.png,-0.0002926532179117203,0.002409455832093954
base,00151.png,-0.0001501096412539482,-0.0007612580666318536
base,00156.png,0.000808873912319541,0.000378018943592906
base,00157.png,-0.0016157692298293114,0.0003174502635374665
base,00158.png,-0.0011653330875560641,0.001584947924129665
base,00159.png,0.0010463690850883722,-0.000839781656395644
base,00160.png,6.035561818862334e-05,-0.0007868108223192394
base,00161.png,-0.0010053126607090235,0.0005370178259909153
base,00162.png,0.0013207129668444395,-0.001538622542284429
base,00163.png,0.00042299841879867017,-0.0005789663409814239
base,00164.png,-0.0005578856798820198,-0.0008243534830398858
base,00165.png,0.0011712712002918124,0.001425888272933662
base,00166.png,0.000989630352705717,0.00015547306975349784
base,00167.png,-0.0031288282480090857,0.0008008507429622114
base,00172.png,0.001257972209714353,6.74608672852628e-05
base,00173.png,0.0006287055439315736,0.0015040870057418942
base,00174.png,-0.0033911888021975756,-0.0012597264721989632
base,00175.png,-0.0002602114691399038,0.0008391860756091774
base,00168.png,0.0013702245196327567,7.632578490301967e-05
base,00169.png,-0.0010177522199228406,-0.0004001334309577942
base,00170.png,-0.0011459775269031525,-0.0006810445920564234
base,00171.png,-0.0006945690256543458,0.0002119412092724815
base,00176.png,0.0018916443223133683,9.225830581272021e-05
base,00177.png,0.0030364119447767735,0.0005102338036522269
base,00178.png,-0.0016119644278660417,-0.0009659412899054587
base,00179.png,-0.00021112531248945743,0.001881185220554471
base,00184.png,0.0008573908708058298,0.0007407916127704084
base,00185.png,-0.0004969208966940641,1.3228695934230927e-05
base,00186.png,0.000938038807362318,-0.0007784746703691781
base,00187.png,0.003714995225891471,-0.00021748784638475627
base,00180.png,-0.001955973682925105,-0.0008071820484474301
base,00181.png,0.0004911157884635031,-0.0022956826724112034
base,00182.png,-0.0006849637138657272,0.0019684454891830683
base,00183.png,-0.0005977727705612779,0.00050592131447047
base,00188.png,0.0006596213206648827,0.0009738057851791382
base,00189.png,0.0005029800813645124,-0.0014423883985728025
base,00190.png,-0.0010489387204870582,-0.004122250713407993
base,00191.png,0.00024064959143288434,-0.0004980051890015602
base,00192.png,-0.002673365641385317,0.0018491714727133512
base,00193.png,-0.0014591203071177006,-0.0009977217996492982
base,00194.png,0.002307561691850424,0.0024865150917321444
base,00195.png,-0.0010707933688536286,-0.00045014405623078346
base,00196.png,0.0001982486282940954,0.0021342800464481115
base,00197.png,0.00030282040825113654,0.00178526621311903
base,00198.png,0.0001853194262366742,0.0002372776943957433
base,00199.png,0.000353967712726444,0.002238465938717127
base,00204.png,0.0013573492178693414,0.00035751209361478686
base,00205.png,-0.0021024697925895452,-0.0005157259292900562
base,00206.png,-0.0008428114233538508,-0.0009324405109509826
base,00207.png,-0.0006679639918729663,-0.0005965232849121094
base,00200.png,-0.001216698088683188,-0.0006028717034496367
base,00201.png,-0.0019211043836548924,-0.0025816080160439014
base,00202.png,-0.0008757620234973729,-0.0006002944428473711
base,00203.png,0.00017300547915510833,-5.391102604335174e-05
base,00208.png,0.000420595781179145,-9.322020196123049e-05
base,00209.png,0.00041897076880559325,-0.0022048242390155792
base,00210.png,-0.00011062279372708872,-0.001561298267915845
base,00211.png,-0.0019098937045782804,0.0005518661928363144
base,00212.png,-0.0013130077859386802,-0.003473385237157345
base,00213.png,-0.0007747683557681739,-0.0019456532318145037
base,00214.png,-0.00036655282019637525,-9.77154923020862e-05
base,00215.png,0.00014489890600088984,-0.0026598370168358088
base,00216.png,0.0005178004503250122,-0.0013847131049260497
base,00217.png,0.0027001951821148396,-0.004184606950730085
base,00218.png,-0.0002559745917096734,-0.0012346820440143347
base,00219.png,0.0010564852273091674,-0.0008104670559987426
base,00224.png,-0.00044596780207939446,-0.0006540878093801439
base,00225.png,-0.0013935004826635122,-0.001554016605950892
base,00226.png,0.0013343270402401686,0.000275749946013093
base,00227.png,-0.0024625002406537533,-0.000371912814443931
base,00228.png,0.0013120820512995124,-0.0006112068076618016
base,00229.png,-0.0011933640344068408,0.002326520625501871
base,00230.png,-0.0014234043192118406,0.001611775136552751
base,00231.png,0.0008962933206930757,-0.0007272487855516374
base,00232.png,-0.0004864427319262177,-0.00044871316640637815
base,00233.png,0.0032463218085467815,0.0015802112175151706
base,00234.png,0.0021569514647126198,0.0031324727460741997
base,00235.png,0.0009947015205398202,0.0011024315608665347
base,00220.png,-0.00089583097724244,0.0004148082807660103
base,00221.png,0.0016642898553982377,0.0003356353845447302
base,00222.png,-0.0016845011850818992,0.0009721698588691652
base,00223.png,0.0011330466950312257,0.0008126249304041266
base,00236.png,0.0014269293751567602,0.00020131793280597776
base,00237.png,0.0009641967481002212,-0.0019261878915131092
base,00238.png,-3.816893513430841e-05,-8.136621181620285e-05
base,00239.png,0.000274389807600528,0.000707741710357368
base,00240.png,0.0010686421301215887,-0.0005845735431648791
base,00241.png,0.0003933532861992717,0.0005369155551306903
base,00242.png,-0.002147834515199065,-0.0010412439005449414
base,00243.png,0.0013875862350687385,0.001303811208344996
base,00244.png,-0.0019380026496946812,0.002495262771844864
base,00245.png,-0.0007750540389679372,-1.531795714981854e-05
base,00246.png,-0.0002514519728720188,-0.0014354143058881164
base,00247.png,0.00023202013107948005,0.0022054677829146385
base,00248.png,0.002226403448730707,-0.002074040239676833
base,00249.png,0.0008517734822817147,0.0004893511068075895
base,00250.png,1.5524813079537125e-06,2.2041012925910763e-05
base,00251.png,0.0011943881399929523,0.00020386118558235466
base,00252.png,0.0017884476110339165,0.0012542990734800696
base,00253.png,0.0024988495279103518,-0.0004973996547050774
base,00254.png,0.0013154590269550681,0.00047017488395795226
base,00255.png,0.0003005192265845835,0.0022799200378358364
base,00256.png,0.0008343136869370937,0.0008653670665808022
base,00257.png,0.0014103869907557964,-0.0011696224100887775
base,00258.png,0.0003287064901087433,-0.0007797022117301822
base,00259.png,-0.0006219999049790204,-0.0010936601320281625
base,00264.png,-0.003167092800140381,-0.0011382967932149768
base,00265.png,-2.355249125685077e-05,0.0008717816090211272
base,00266.png,0.00030340065131895244,0.0017651814268901944
base,00267.png,-0.0012136336881667376,-0.0013424931094050407
base,00260.png,0.0008160770521499217,0.0005113400402478874
base,00261.png,0.0004051626892760396,0.001023676129989326
base,00262.png,0.00046422233572229743,-0.0010088578565046191
base,00263.png,0.0007400416652671993,0.0001661867427174002
base,00268.png,0.00015352894843090326,0.0006239135400392115
base,00269.png,0.004290272481739521,0.004895418882369995
base,00270.png,-0.0005908844177611172,-0.0010316871339455247
base,00271.png,0.000140339121571742,-0.002486342564225197
base,00276.png,-0.001690198783762753,0.0027952168602496386
base,00277.png,-0.0006255952757783234,-0.00010919208580162376
base,00278.png,-0.0012421834981068969,-2.2568463464267552e-05
base,00279.png,-0.0007003052742220461,-0.0008728233515284956
base,00280.png,0.00052780652185902,-9.146728552877903e-05
base,00281.png,0.002417429815977812,-0.00012593696010299027
base,00282.png,0.0001669983030296862,0.00012020987196592614
base,00283.png,0.0010464137885719538,-0.0016712479991838336
base,00272.png,0.0007203446584753692,-0.0034017078578472137
base,00273.png,0.002770462306216359,0.0003882001037709415
base,00274.png,0.00011288552195765078,0.0005557918921113014
base,00275.png,-0.0027405701112002134,-0.0017720861360430717
base,00284.png,0.0002682478225324303,-0.000453195912996307
base,00285.png,-0.002295076148584485,-0.0006899136933498085
base,00286.png,0.0028324155136942863,0.0016157436184585094
base,00287.png,-0.006464447360485792,-0.006826366763561964
base,00288.png,0.00029297653236426413,-0.0008801665971986949
base,00289.png,-0.0015678646741434932,0.00019885283836629242
base,00290.png,-0.0028312131762504578,0.00046967656817287207
base,00291.png,0.0011725082295015454,-0.0015805240254849195
base,00292.png,-0.00037289716419763863,-0.0006305593415163457
base,00293.png,-1.4744739928573836e-05,0.0011978053953498602
base,00294.png,0.0007349558873102069,-0.0012821861309930682
base,00295.png,-0.0005543757579289377,-0.0010972509626299143
base,00300.png,-0.0010305693140253425,0.0007149966550059617
base,00301.png,0.0008779456256888807,0.0008364366367459297
base,00302.png,9.500048327026889e-05,0.0006012803060002625
base,00303.png,0.003283796366304159,0.0018527674255892634
base,00304.png,-0.0013858904130756855,-5.493626304087229e-06
base,00305.png,0.00028073100838810205,0.0020537623204290867
base,00306.png,-0.000850247626658529,0.0006461592856794596
base,00307.png,0.0018545014318078756,-0.0005631095846183598
base,00296.png,0.001295938272960484,0.0018282479140907526
base,00297.png,0.0015954021364450455,0.001510339556261897
base,00298.png,0.0005185864283703268,0.0006548605742864311
base,00299.png,-0.002293062163516879,0.0009918358409777284
base,00308.png,-0.00028271647170186043,3.8269195101747755e-06
base,00309.png,-0.00025820243172347546,0.00022242653358262032
base,00310.png,0.0001457259786548093,-0.0024843241553753614
base,00311.png,-0.001067121746018529,0.0007923917728476226
base,00312.png,-0.0005470330943353474,-0.0010053744772449136
base,00313.png,0.0003573125577531755,0.0015525897033512592
base,00314.png,-0.0015910916263237596,0.0012743385741487145
base,00315.png,-0.0004052986914757639,-0.0013229579199105501
base,00316.png,-0.0011189875658601522,-0.0017166041070595384
base,00317.png,0.004052061587572098,0.0007508947164751589
base,00318.png,-0.00016058588516898453,0.0013078677002340555
base,00319.png,0.00211394508369267,0.002156847156584263
base,00320.png,9.471007797401398e-05,0.0010290234349668026
base,00321.png,-4.162940240348689e-05,0.0006673686439171433
base,00322.png,-0.0017003838438540697,-1.721780063235201e-05
base,00323.png,0.00016930139099713415,0.0008762286743149161
base,00324.png,-0.0008116862154565752,0.00027967829373665154
base,00325.png,0.0009247846901416779,0.00024550146190449595
base,00326.png,0.0009826903697103262,0.002450261265039444
base,00327.png,-2.9207132683950476e-05,0.0001271791843464598
base,00328.png,-0.00125063955783844,0.0023238463327288628
base,00329.png,0.0008334376034326851,-0.00026520976098254323
base,00330.png,-0.0007093577296473086,0.00040441719465889037
base,00331.png,0.0008531163912266493,-0.0011400572257116437
base,00332.png,0.0011778415646404028,-0.00022676450316794217
base,00333.png,-0.0008630785159766674,0.0011214495170861483
base,00334.png,0.0011207325151190162,0.0009816198144108057
base,00335.png,-0.0018196137389168143,-0.0015087415231391788
base,00336.png,-0.0008584446622990072,-5.064087963546626e-05
base,00337.png,-0.0012898979475721717,0.001421441207639873
base,00338.png,-0.00012175330630270764,0.0009276882628910244
base,00339.png,-0.000244147697230801,8.252293628174812e-05
base,00340.png,-0.0012333765625953674,0.00034893746487796307
base,00341.png,-0.0003618400078266859,-0.00040679314406588674
base,00342.png,-0.00043404128518886864,-0.00043810950592160225
base,00343.png,0.00032568309688940644,0.0010298173874616623
base,00348.png,-0.001035733730532229,-0.0008712770068086684
base,00349.png,-0.00045450590550899506,0.002543417736887932
base,00350.png,0.002041932661086321,0.00024170681717805564
base,00351.png,0.000516390660777688,0.00011679668386932462
base,00344.png,0.0007837155135348439,0.0004127224092371762
base,00345.png,-0.00010937698243651539,-1.2160008736827876e-05
base,00346.png,-0.0005481590051203966,-0.0003295195638202131
base,00347.png,0.0003641343500930816,-0.00210402044467628
base,00352.png,-0.0017318830359727144,-0.0011699125170707703
base,00353.png,0.001542172976769507,0.0004104894178453833
base,00354.png,-0.0001223159342771396,0.0004084547399543226
base,00355.png,-0.0024031298235058784,-0.002579965628683567
base,00360.png,-0.0003614584566093981,0.0013488495023921132
base,00361.png,-0.0018759568920359015,-0.0010513926390558481
base,00362.png,0.0005277879536151886,0.001854264410212636
base,00363.png,-0.0009785962756723166,0.0008195769041776657
base,00356.png,0.0011303425999358296,0.0004715175018645823
base,00357.png,0.0010735783725976944,0.0008721529156900942
base,00358.png,-0.0017051567556336522,-0.0013817816507071257
base,00359.png,-0.0013768767239525914,0.0005615343688987195
base,00364.png,-0.001360502326861024,0.0012036529369652271
base,00365.png,-0.002721088007092476,-0.0014419561484828591
base,00366.png,0.0006105559878051281,0.0005990030476823449
base,00367.png,-0.0006312719197012484,0.0012086398201063275
base,00368.png,-0.0007145460695028305,0.0006524595664814115
base,00369.png,0.0032083322294056416,0.0021105287596583366
base,00370.png,0.000599418708588928,0.0004988157306797802
base,00371.png,0.0011287856614217162,-0.0003350040933582932
base,00372.png,-0.0016953001031652093,-0.0034316121600568295
base,00373.png,0.0015660325298085809,0.0005971419159322977
base,00374.png,0.0005382777308113873,0.001003807527013123
base,00375.png,-0.00045543169835582376,0.003052003448829055
base,00376.png,-0.0006983226630836725,-0.0022944204974919558
base,00377.png,-0.00045169005170464516,-0.00012277005589567125
base,00378.png,0.0027001944836229086,0.00023877221974544227
base,00379.png,-3.595185626181774e-05,0.0009139236062765121
base,00380.png,-0.0027336198836565018,-0.0010069755371659994
base,00381.png,-0.0001736643025651574,0.00021762136020697653
base,00382.png,0.0028676320798695087,0.002377436263486743
base,00383.png,0.0008910257020033896,1.0822235708474182e-05
base,00384.png,0.000133482797536999,0.001284606521949172
base,00385.png,-0.00017025129636749625,-0.0010323411552235484
base,00386.png,-0.0008204402984119952,0.00022953520237933844
base,00387.png,0.0044244686141610146,0.0010334646794945002
base,00392.png,0.001978666754439473,-0.00032770156394690275
base,00393.png,0.0007744823233224452,-0.0003285745333414525
base,00394.png,0.0022638472728431225,-0.0015743019757792354
base,00395.png,-0.0012785387225449085,-0.0010539323557168245
base,00388.png,0.0007874177535995841,-0.00013887358363717794
base,00389.png,-0.0007082308293320239,0.00044037317275069654
base,00390.png,0.0007154937484301627,-0.0006395603413693607
base,00391.png,0.000929559173528105,-0.0002627525245770812
base,00396.png,0.0001739302242640406,-0.0009656089241616428
base,00397.png,0.0005355350440368056,0.0004240136477164924
base,00398.png,-0.0006599241169169545,-0.002070871414616704
base,00399.png,-0.0016415119171142578,-0.00017511368787381798
base,00404.png,-0.0006365171284414828,0.001138078747317195
base,00405.png,-0.0006762469420209527,0.0014166486216709018
base,00406.png,0.0012499818112701178,0.0012717648642137647
base,00407.png,0.006179851945489645,0.003989729564636946
base,00400.png,-0.001535270712338388,-2.543324626458343e-05
base,00401.png,0.0002125143219018355,0.0005385810509324074
base,00402.png,0.0011200376320630312,-0.0014376313192769885
base,00403.png,-0.0011844673426821828,-0.0005283001228235662
base,00408.png,0.0020532330963760614,-1.441732092644088e-05
base,00409.png,-0.00021100298909004778,0.002109852619469166
base,00410.png,-0.00048638609587214887,-0.002569671021774411
base,00411.png,0.00038311665412038565,-0.0007480291533283889
base,00412.png,-0.00042701128404587507,-0.0013555992627516389
base,00413.png,-0.0012434853706508875,0.0015832098433747888
base,00414.png,0.0012127350782975554,0.0018265298567712307
base,00415.png,0.003052346408367157,-0.0021484834142029285
base,00416.png,0.002270753961056471,0.0016591581515967846
base,00417.png,-0.0003294801281299442,0.0011636762646958232
base,00418.png,-5.3530358854914084e-05,0.0011186010669916868
base,00419.png,-0.0013773610116913915,0.00039083260344341397
base,00420.png,0.0008058034582063556,-0.0008760481723584235
base,00421.png,0.0024596182629466057,0.0004474105662666261
base,00422.png,-0.006735037546604872,0.0018705977126955986
base,00423.png,-0.0008965965826064348,0.0012421999126672745
base,00428.png,0.00026785326190292835,6.044913243385963e-05
base,00429.png,-1.864853584265802e-05,0.0012396385427564383
base,00430.png,-0.0014403883833438158,-0.0006055142730474472
base,00431.png,0.0007266717730090022,-0.0005491614574566483
base,00432.png,0.0008411668823100626,-0.0006458289572037756
base,00433.png,0.0008390343864448369,-0.00022624364646617323
base,00434.png,-0.00032991953776217997,-0.0005085205775685608
base,00435.png,-0.0031548382248729467,-0.0019492286955937743
base,00424.png,0.002371188485994935,0.0024180333130061626
base,00425.png,-0.0017402134835720062,-0.0005710266414098442
base,00426.png,0.003231323789805174,0.0006136135198175907
base,00427.png,0.002251269295811653,0.004691369831562042
base,00436.png,0.0018481258302927017,0.0002120866993209347
base,00437.png,-0.0007010731496848166,0.0006289220182225108
base,00438.png,0.0014554443769156933,-0.0005952682113274932
base,00439.png,0.001330196624621749,0.002325001871213317
base,00440.png,0.0002791736915241927,0.002273248042911291
base,00441.png,0.00051697256276384,0.00030494312522932887
base,00442.png,-0.003872206201776862,-0.005979555658996105
base,00443.png,0.0003895348054356873,-0.001077001797966659
base,00444.png,-0.0005595028051175177,0.0006884527974762022
base,00445.png,0.00046116646262817085,-0.00015394737420137972
base,00446.png,-0.0001475563331041485,0.0003137064049951732
base,00447.png,0.0029869184363633394,0.004681437276303768
base,00448.png,-0.0003728675364982337,-0.00040827321936376393
base,00449.png,-0.0013465393567457795,-0.0014957073144614697
base,00450.png,-0.0007526600966230035,-0.0011061026016250253
base,00451.png,-0.0014868690632283688,-0.0004962070379406214
base,00456.png,-0.000472782994620502,-0.0005448830779641867
base,00457.png,-0.0008873126353137195,-4.944700776832178e-05
base,00458.png,-0.0014444623375311494,0.001125768176279962
base,00459.png,-0.0013355587143450975,0.000575354031752795
base,00452.png,0.0005500978440977633,0.0026612754445523024
base,00453.png,0.0020059978123754263,-0.0017442405223846436
base,00454.png,0.0009334995411336422,0.000800456793513149
base,00455.png,-0.0014762557111680508,0.0009848630288615823
base,00460.png,-0.0004758471914101392,0.002460501389577985
base,00461.png,0.00037112555583007634,0.0012962152250111103
base,00462.png,0.0017404386308044195,-0.00033779360819607973
base,00463.png,0.00013629504246637225,0.0003363989817444235
base,00464.png,-0.00229377462528646,0.0005853568436577916
base,00465.png,-0.0009724220144562423,-0.0008822357631288469
base,00466.png,9.345472062705085e-05,-0.0019373156828805804
base,00467.png,-0.0004583616100717336,-0.0005603350000455976
base,00468.png,-0.0016837646253407001,-0.0001584825076861307
base,00469.png,-0.002123306505382061,0.0005640854360535741
base,00470.png,-0.0006576473824679852,0.0006656799232587218
base,00471.png,0.0002945089072454721,0.0007014599977992475
base,00472.png,0.0012054346734657884,-0.0015698130009695888
base,00473.png,0.00018461557920090854,0.0008926658192649484
base,00474.png,0.0001875988964457065,-0.00026285002240911126
base,00475.png,0.0003960627655033022,0.0008327796822413802
base,00476.png,0.0016985060647130013,0.0016821211902424693
base,00477.png,-0.0010813327971845865,0.0010131705785170197
base,00478.png,-0.0008463796693831682,0.0015946448547765613
base,00479.png,0.001246459549292922,1.4099016880209092e-05
base,00480.png,-5.2980110922362655e-05,-0.001489090034738183
base,00481.png,-0.0014762470964342356,-0.00014067762822378427
base,00482.png,0.0008674791897647083,-0.0022189784795045853
base,00483.png,0.00023240224982146174,0.0016145793488249183
base,00484.png,6.503055942630454e-07,0.001429941738024354
base,00485.png,-1.4267435290094e-05,0.0005946312448941171
base,00486.png,0.001745830406434834,-0.0025468207895755768
base,00487.png,-0.0016793813556432724,0.0002926844172179699
base,00488.png,0.000846513023134321,-0.00010023522190749645
base,00489.png,-0.0013177079381421208,0.0011715085711330175
base,00490.png,0.000826431845780462,0.0015794186620041728
base,00491.png,-0.0001985075359698385,0.0018644890515133739
base,00492.png,-0.0022563720121979713,-0.0028530030976980925
base,00493.png,-0.0014469996094703674,0.00013578023936133832
base,00494.png,0.0012735208729282022,-0.0011552614159882069
base,00495.png,-6.85029081068933e-05,-9.048770880326629e-05
base,00496.png,-0.001081684255041182,0.002404630882665515
base,00497.png,-2.087775465042796e-05,-2.725207741605118e-05
base,00498.png,-0.0009499360457994044,0.0005281849880702794
base,00499.png,-0.002609824761748314,0.0006594691658392549
A_raw_s0_r16,00000.png,0.0015527220675721765,7.845683285268024e-05
A_raw_s0_r16,00001.png,0.0005488054011948407,0.0020281977485865355
A_raw_s0_r16,00002.png,-0.0010950355790555477,-0.00013023713836446404
A_raw_s0_r16,00003.png,-0.0019626307766884565,-5.0195681978948414e-05
A_raw_s0_r16,00004.png,0.00017737933376338333,0.002128633437678218
A_raw_s0_r16,00005.png,0.0006117790471762419,0.0033867829479277134
A_raw_s0_r16,00006.png,0.0006105045322328806,-0.0021107064094394445
A_raw_s0_r16,00007.png,8.630275260657072e-06,0.0006040561129339039
A_raw_s0_r16,00008.png,0.00020862201927229762,6.195904279593378e-05
A_raw_s0_r16,00009.png,-0.0017824654933065176,-0.002150802407413721
A_raw_s0_r16,00010.png,-0.000513970444444567,0.0005019293166697025
A_raw_s0_r16,00011.png,0.001792994560673833,0.0019703591242432594
A_raw_s0_r16,00012.png,0.00015625728701706976,-0.003920058254152536
A_raw_s0_r16,00013.png,0.0005096427630633116,0.0003163449582643807
A_raw_s0_r16,00014.png,-0.0005965881864540279,-0.0006564931245520711
A_raw_s0_r16,00015.png,-0.0002572379307821393,-0.00033325256663374603
A_raw_s0_r16,00016.png,-0.00020056887296959758,-0.0009539210586808622
A_raw_s0_r16,00017.png,-0.0019038167083635926,0.0016881729243323207
A_raw_s0_r16,00018.png,0.0003079873276874423,0.002508272184059024
A_raw_s0_r16,00019.png,0.0011874878546223044,0.0013225513976067305
A_raw_s0_r16,00020.png,0.0003829712513834238,0.001237591728568077
A_raw_s0_r16,00021.png,0.0015575482975691557,0.0021358064841479063
A_raw_s0_r16,00022.png,0.0013698150869458914,0.0005853524780832231
A_raw_s0_r16,00023.png,-0.0008778516203165054,0.000870728341396898
A_raw_s0_r16,00024.png,0.0014624465256929398,-0.0015508821234107018
A_raw_s0_r16,00025.png,-0.0007761287270113826,-0.004056108649820089
A_raw_s0_r16,00026.png,0.00023770912957843393,0.00230311113409698
A_raw_s0_r16,00027.png,-0.0008136132382787764,0.002966218860819936
A_raw_s0_r16,00028.png,0.00166620675008744,0.001056254142895341
A_raw_s0_r16,00029.png,0.0005978074623271823,-0.001192643423564732
A_raw_s0_r16,00030.png,0.0007482176879420877,-0.0012097611324861646
A_raw_s0_r16,00031.png,0.00044252900988794863,0.001737316488288343
A_raw_s0_r16,00032.png,0.00016528267588000745,-0.004577609710395336
A_raw_s0_r16,00033.png,-0.0006005580653436482,-0.0025620434898883104
A_raw_s0_r16,00034.png,0.0004948944551870227,0.0006885442417114973
A_raw_s0_r16,00035.png,0.0005375784239731729,0.0008445819257758558
A_raw_s0_r16,00036.png,0.0005886659491807222,0.0007582659018225968
A_raw_s0_r16,00037.png,0.0018830266781151295,-0.001959217246621847
A_raw_s0_r16,00038.png,0.00040803547017276287,0.0006452280795201659
A_raw_s0_r16,00039.png,0.0002690788242034614,0.0010097865015268326
A_raw_s0_r16,00040.png,-0.0003725655551534146,0.0006649954593740404
A_raw_s0_r16,00041.png,0.001053574844263494,-0.0012051878729835153
A_raw_s0_r16,00042.png,-0.0021678695920854807,-0.0014354424783959985
A_raw_s0_r16,00043.png,0.0010213819332420826,-0.0005743385991081595
A_raw_s0_r16,00044.png,0.00020169842173345387,0.0006755278445780277
A_raw_s0_r16,00045.png,-0.0006043001776561141,-0.0013614791678264737
A_raw_s0_r16,00046.png,-0.0001221640850417316,-1.2800795957446098e-05
A_raw_s0_r16,00047.png,-0.0014659467851743102,-0.0011029308661818504
A_raw_s0_r16,00048.png,-0.0013349346118047833,-0.001494783558882773
A_raw_s0_r16,00049.png,-0.0014781038044020534,-0.000755923567339778
A_raw_s0_r16,00050.png,0.001144735375419259,0.0001998360821744427
A_raw_s0_r16,00051.png,0.0005159213906154037,-8.229048398789018e-05
A_raw_s0_r16,00052.png,1.0519708666834049e-05,-0.00010327021300327033
A_raw_s0_r16,00053.png,-0.00022572708257939667,-0.000627140689175576
A_raw_s0_r16,00054.png,-0.0010174139169976115,0.002542523667216301
A_raw_s0_r16,00055.png,-0.002534298924729228,-0.0014032091712579131
A_raw_s0_r16,00056.png,-0.002733818953856826,-0.0011791045544669032
A_raw_s0_r16,00057.png,-0.000899659120477736,-0.00012551977124530822
A_raw_s0_r16,00058.png,-0.0012928054202347994,0.0013276354875415564
A_raw_s0_r16,00059.png,5.483352651936002e-05,0.00035016750916838646
A_raw_s0_r16,00060.png,-0.0006569362012669444,2.6170257115154527e-05
A_raw_s0_r16,00061.png,0.0009396489476785064,0.0008740500779822469
A_raw_s0_r16,00062.png,-0.0036219460889697075,-0.0003110069374088198
A_raw_s0_r16,00063.png,9.217167098540813e-05,-0.0010261861607432365
A_raw_s0_r16,00064.png,-0.0006048011127859354,0.0028900832403451204
A_raw_s0_r16,00065.png,0.0010758857242763042,0.0030677414033561945
A_raw_s0_r16,00066.png,0.0001405969524057582,-0.0019940349739044905
A_raw_s0_r16,00067.png,0.00026421304210089147,-4.2891006160061806e-05
A_raw_s0_r16,00068.png,0.0014912150800228119,0.0009263261454179883
A_raw_s0_r16,00069.png,-0.0018649047706276178,-0.0012396846432238817
A_raw_s0_r16,00070.png,0.0013039471814408898,6.866098556201905e-05
A_raw_s0_r16,00071.png,0.00019297291873954237,0.0008208141662180424
A_raw_s0_r16,00072.png,0.001683698850683868,0.0003563476784620434
A_raw_s0_r16,00073.png,-0.0004949999856762588,0.00196957984007895
A_raw_s0_r16,00074.png,0.0009713967447169125,0.0005540248821489513
A_raw_s0_r16,00075.png,0.0005737001192755997,0.0010294002713635564
A_raw_s0_r16,00076.png,0.0012845405144616961,-0.000687098246999085
A_raw_s0_r16,00077.png,-0.00019451849220786244,-0.002378094242885709
A_raw_s0_r16,00078.png,-2.0520808902801946e-05,0.003729131305590272
A_raw_s0_r16,00079.png,0.00019126464030705392,-0.0021101038437336683
A_raw_s0_r16,00080.png,-0.0023026017006486654,-0.0014152766671031713
A_raw_s0_r16,00081.png,0.0012577485758811235,-0.00044361662003211677
A_raw_s0_r16,00082.png,-0.00010791478416649625,-0.0025701504200696945
A_raw_s0_r16,00083.png,-0.0011798014165833592,0.00031170700094662607
A_raw_s0_r16,00084.png,-0.0011863457038998604,0.0013407196383923292
A_raw_s0_r16,00085.png,-0.001016806811094284,-0.0011664737248793244
A_raw_s0_r16,00086.png,-0.001694531412795186,-0.0027634496800601482
A_raw_s0_r16,00087.png,0.0030045369639992714,-0.0008435356430709362
A_raw_s0_r16,00088.png,-0.0005800547078251839,0.00032083189580589533
A_raw_s0_r16,00089.png,-0.00014249945525079966,0.0004833736747968942
A_raw_s0_r16,00090.png,-0.00015818131214473397,-0.001703671645373106
A_raw_s0_r16,00091.png,0.00016834608686622232,-0.0011566134635359049
A_raw_s0_r16,00092.png,-0.0013172570616006851,-0.001972905360162258
A_raw_s0_r16,00093.png,-0.0006261216476559639,0.0022950656712055206
A_raw_s0_r16,00094.png,0.0031074893195182085,-0.00011746821110136807
A_raw_s0_r16,00095.png,0.0007069752318784595,0.0014728351961821318
A_raw_s0_r16,00096.png,3.111595651716925e-05,-0.0004897710168734193
A_raw_s0_r16,00097.png,0.0011744669172912836,-0.0012449962086975574
A_raw_s0_r16,00098.png,-0.0001929089630721137,-0.0006129227112978697
A_raw_s0_r16,00099.png,-0.0011063972488045692,-0.0017230324447154999
A_raw_s0_r16,00100.png,-0.0019569958094507456,-0.0024333447217941284
A_raw_s0_r16,00101.png,-0.0011432711035013199,0.0006808307953178883
A_raw_s0_r16,00102.png,-0.0005062533891759813,-0.000451667292509228
A_raw_s0_r16,00103.png,-0.0002333348529646173,0.0005708683747798204
A_raw_s0_r16,00104.png,0.00021732681489083916,0.00045147945638746023
A_raw_s0_r16,00105.png,-4.540124791674316e-05,0.001149213407188654
A_raw_s0_r16,00106.png,0.0032984644640237093,0.0015983544290065765
A_raw_s0_r16,00107.png,3.3761934901122004e-05,-0.004648260772228241
A_raw_s0_r16,00108.png,0.0008410939481109381,2.6156803869525902e-05
A_raw_s0_r16,00109.png,0.0011460063979029655,0.0003583313955459744
A_raw_s0_r16,00110.png,0.0004350495582912117,0.0010742009617388248
A_raw_s0_r16,00111.png,-0.00043955387081950903,-0.0009869629284366965
A_raw_s0_r16,00112.png,-0.0002950321650132537,-0.0007969526341184974
A_raw_s0_r16,00113.png,-0.0004125167615711689,-0.0006559123285114765
A_raw_s0_r16,00114.png,-0.001928468351252377,-8.755937597015873e-05
A_raw_s0_r16,00115.png,0.0007316970732063055,5.2405986934900284e-05
A_raw_s0_r16,00116.png,0.0016474288422614336,0.00024766442948020995
A_raw_s0_r16,00117.png,-0.0024220214691013098,0.0015462881419807673
A_raw_s0_r16,00118.png,-0.0005834594485349953,-0.0006682171951979399
A_raw_s0_r16,00119.png,0.00021469549392350018,-0.0006267004646360874
A_raw_s0_r16,00120.png,-0.0012459709541872144,0.0015870127826929092
A_raw_s0_r16,00121.png,0.00015181653725448996,-9.879464778350666e-05
A_raw_s0_r16,00122.png,-0.0008230871753767133,-0.0007686022436246276
A_raw_s0_r16,00123.png,0.0002779042115435004,0.0014015244087204337
A_raw_s0_r16,00124.png,-0.0005420586094260216,0.00047616209485568106
A_raw_s0_r16,00125.png,0.0007140198722481728,0.0007545307744294405
A_raw_s0_r16,00126.png,-0.0010845385259017348,0.0007617269875481725
A_raw_s0_r16,00127.png,0.0033326372504234314,-0.0015790594043210149
A_raw_s0_r16,00128.png,-0.00015202761278487742,0.0007412054692395031
A_raw_s0_r16,00129.png,0.0020182884763926268,0.0016994861653074622
A_raw_s0_r16,00130.png,-0.0009066848433576524,-4.174761852482334e-05
A_raw_s0_r16,00131.png,0.0006304961862042546,0.0013579258229583502
A_raw_s0_r16,00132.png,0.001292455825023353,0.000982512254267931
A_raw_s0_r16,00133.png,-0.00020618626149371266,0.0008183331228792667
A_raw_s0_r16,00134.png,0.0004737621347885579,-0.0010316821280866861
A_raw_s0_r16,00135.png,0.0011053105117753148,-0.0015366304432973266
A_raw_s0_r16,00136.png,0.00028387748170644045,0.002995469141751528
A_raw_s0_r16,00137.png,-0.001673396909609437,-0.0021629040129482746
A_raw_s0_r16,00138.png,0.001142008462920785,0.0006600516499020159
A_raw_s0_r16,00139.png,-0.0014803048688918352,0.001223140861839056
A_raw_s0_r16,00140.png,0.0007967859855853021,0.0017422595992684364
A_raw_s0_r16,00141.png,0.0020455080084502697,0.0014095095684751868
A_raw_s0_r16,00142.png,-0.0004209338512737304,0.0007560590165667236
A_raw_s0_r16,00143.png,0.000775542517658323,-0.00041686315671540797
A_raw_s0_r16,00144.png,-0.0015537845902144909,-0.0012190103298053145
A_raw_s0_r16,00145.png,-0.0002239258319605142,0.0007113624596968293
A_raw_s0_r16,00146.png,0.0003186119720339775,-0.0007873696740716696
A_raw_s0_r16,00147.png,-0.0028184596449136734,-0.0004470873682294041
A_raw_s0_r16,00148.png,-0.0003786884481087327,0.0018211838323622942
A_raw_s0_r16,00149.png,5.925355799263343e-05,0.0019014115678146482
A_raw_s0_r16,00150.png,-0.0017531953053548932,6.979221507208422e-05
A_raw_s0_r16,00151.png,-0.002930909628048539,-0.0018013542285189033
A_raw_s0_r16,00152.png,-0.0002565527393016964,-0.002112743677571416
A_raw_s0_r16,00153.png,-0.0024810805916786194,-0.003593013621866703
A_raw_s0_r16,00154.png,-0.002069261856377125,0.0003248913853894919
A_raw_s0_r16,00155.png,-0.001239515608176589,-0.0008814395405352116
A_raw_s0_r16,00156.png,-0.00011407244892325252,-0.0011361563811078668
A_raw_s0_r16,00157.png,0.00032998237293213606,0.0017843424575403333
A_raw_s0_r16,00158.png,-0.0012713056057691574,0.0018199743935838342
A_raw_s0_r16,00159.png,-0.00160592095926404,-0.003379284869879484
A_raw_s0_r16,00160.png,-0.0003829193883575499,-0.00046666720299981534
A_raw_s0_r16,00161.png,-0.0015120476018637419,6.573947030119598e-05
A_raw_s0_r16,00162.png,0.0006900738226249814,-0.0006963596097193658
A_raw_s0_r16,00163.png,0.0017030281014740467,0.002062186598777771
A_raw_s0_r16,00164.png,-0.00203046016395092,0.0008990131900645792
A_raw_s0_r16,00165.png,-0.0008196839480660856,0.0006260335794650018
A_raw_s0_r16,00166.png,-0.00045406073331832886,-0.0015085145132616162
A_raw_s0_r16,00167.png,-0.0004953687312081456,-0.0002966636966448277
A_raw_s0_r16,00168.png,-0.0003555061703082174,-0.0006025584298186004
A_raw_s0_r16,00169.png,-0.0010933226440101862,-0.00010926374670816585
A_raw_s0_r16,00170.png,-0.0006503977347165346,-0.000602169893682003
A_raw_s0_r16,00171.png,0.0019251463236287236,-0.0011032655602321029
A_raw_s0_r16,00172.png,0.0014666856732219458,0.0019152574241161346
A_raw_s0_r16,00173.png,0.0007099455688148737,0.0008692427072674036
A_raw_s0_r16,00174.png,-0.003172908443957567,5.495651566889137e-05
A_raw_s0_r16,00175.png,0.0013282725121825933,0.0012534653069451451
A_raw_s0_r16,00176.png,0.001128964009694755,0.0004971979069523513
A_raw_s0_r16,00177.png,0.0017205480253323913,0.003701594425365329
A_raw_s0_r16,00178.png,0.0012796788942068815,0.0016336627304553986
A_raw_s0_r16,00179.png,0.0002609538205433637,6.759424286428839e-05
A_raw_s0_r16,00180.png,-0.0006213515298441052,-0.0011586081236600876
A_raw_s0_r16,00181.png,0.0011104405857622623,-0.0013802092289552093
A_raw_s0_r16,00182.png,0.0020921467803418636,0.0009228461422026157
A_raw_s0_r16,00183.png,-3.8747748476453125e-05,-0.0013570174342021346
A_raw_s0_r16,00184.png,-0.0007273468072526157,0.0014057044172659516
A_raw_s0_r16,00185.png,0.0008004461997188628,0.001519651967100799
A_raw_s0_r16,00186.png,0.0010750333312898874,0.0017372214933857322
A_raw_s0_r16,00187.png,0.0024002210702747107,0.0013061214704066515
A_raw_s0_r16,00188.png,-9.846008470049128e-05,0.0011561919236555696
A_raw_s0_r16,00189.png,-0.0010446837404742837,0.000908520189113915
A_raw_s0_r16,00190.png,-0.00138938392046839,-0.0003597395261749625
A_raw_s0_r16,00191.png,-5.10196914547123e-05,-0.00045919386320747435
A_raw_s0_r16,00192.png,-0.0012536311987787485,-0.0008010095334611833
A_raw_s0_r16,00193.png,0.0012534335255622864,6.29663045401685e-05
A_raw_s0_r16,00194.png,0.0007654439541511238,0.00026781074120663106
A_raw_s0_r16,00195.png,-0.0017704592319205403,0.0016969996504485607
A_raw_s0_r16,00196.png,0.0004798376758117229,-0.0010098012862727046
A_raw_s0_r16,00197.png,0.0016730318311601877,0.0023931926116347313
A_raw_s0_r16,00198.png,-0.000517416512593627,-0.002173871034756303
A_raw_s0_r16,00199.png,0.0005581210716627538,-0.0008924535941332579
A_raw_s0_r16,00200.png,-0.0004411828122101724,-0.0020756551530212164
A_raw_s0_r16,00201.png,0.000952602073084563,-0.0004653876239899546
A_raw_s0_r16,00202.png,0.0005677092703990638,-0.0004548317228909582
A_raw_s0_r16,00203.png,0.0021418058313429356,0.001548444852232933
A_raw_s0_r16,00204.png,8.326093666255474e-05,0.0006834525265730917
A_raw_s0_r16,00205.png,-0.00015796584193594754,0.0009978320449590683
A_raw_s0_r16,00206.png,-0.0013428943930193782,-0.0007155869388952851
A_raw_s0_r16,00207.png,-0.00032571976771578193,0.0011294381693005562
A_raw_s0_r16,00208.png,0.0009885093895718455,-0.002190125174820423
A_raw_s0_r16,00209.png,0.0009610060369595885,-0.0025496287271380424
A_raw_s0_r16,00210.png,-0.0012555430876091123,9.393280924996361e-05
A_raw_s0_r16,00211.png,-0.002040132647380233,-0.0010724120074883103
A_raw_s0_r16,00212.png,-0.0017422689124941826,-0.0026826520916074514
A_raw_s0_r16,00213.png,0.0004904982633888721,-0.0023747633676975965
A_raw_s0_r16,00214.png,0.0002706807863432914,0.000718363153282553
A_raw_s0_r16,00215.png,-0.0007681665010750294,0.0013191606849431992
A_raw_s0_r16,00216.png,0.0010710923234000802,0.0011815463658422232
A_raw_s0_r16,00217.png,0.0015675248578190804,-0.0015771656762808561
A_raw_s0_r16,00218.png,-0.0008981809951364994,-0.0015644471859559417
A_raw_s0_r16,00219.png,0.00027674128068611026,0.00034705945290625095
A_raw_s0_r16,00220.png,-0.0003881400334648788,0.0012289833975955844
A_raw_s0_r16,00221.png,0.0005546560860238969,-0.00041068310383707285
A_raw_s0_r16,00222.png,-0.0013850810937583447,4.075657852808945e-05
A_raw_s0_r16,00223.png,0.00016072321159299463,0.0016517568146809936
A_raw_s0_r16,00224.png,-0.001270109903998673,-0.0008712657727301121
A_raw_s0_r16,00225.png,0.00033102737506851554,-0.00111014221329242
A_raw_s0_r16,00226.png,0.0022689264733344316,0.0027964420150965452
A_raw_s0_r16,00227.png,-0.001395745319314301,-0.00014790052955504507
A_raw_s0_r16,00228.png,-0.0004723903548438102,0.001672271522693336
A_raw_s0_r16,00229.png,0.0001397613959852606,0.0005909487954340875
A_raw_s0_r16,00230.png,-0.0009784227004274726,0.0012602079659700394
A_raw_s0_r16,00231.png,0.003329615341499448,-0.0008866081479936838
A_raw_s0_r16,00232.png,-0.0012800568947568536,0.002208902733400464
A_raw_s0_r16,00233.png,0.001247346866875887,0.002056462224572897
A_raw_s0_r16,00234.png,-0.0017943931743502617,-0.0013348866486921906
A_raw_s0_r16,00235.png,-0.0011812333250418305,0.002317130332812667
A_raw_s0_r16,00236.png,0.0023220847360789776,0.000975125003606081
A_raw_s0_r16,00237.png,-0.0002775445464067161,-0.002389978850260377
A_raw_s0_r16,00238.png,0.0011054027127102017,3.335175279062241e-05
A_raw_s0_r16,00239.png,0.0004483028897084296,-0.00034040736500173807
A_raw_s0_r16,00240.png,0.001017094124108553,0.0013115925248712301
A_raw_s0_r16,00241.png,-0.0018276552436873317,0.0007269858615472913
A_raw_s0_r16,00242.png,0.0008521796553395689,0.0009639030322432518
A_raw_s0_r16,00243.png,-0.0004203002026770264,-0.0002290726697538048
A_raw_s0_r16,00244.png,-0.0020142376888543367,0.0020297367591410875
A_raw_s0_r16,00245.png,0.001800411264412105,-0.00028620209195651114
A_raw_s0_r16,00246.png,0.0017438145587220788,-2.2040019757696427e-05
A_raw_s0_r16,00247.png,-0.0024697452317923307,0.002442873315885663
A_raw_s0_r16,00248.png,-0.00017409524298273027,0.0018241206416860223
A_raw_s0_r16,00249.png,-0.000798757653683424,-0.0009094465058296919
A_raw_s0_r16,00250.png,-0.0011802174849435687,0.001885158708319068
A_raw_s0_r16,00251.png,0.0016205472638830543,0.0013047364773228765
A_raw_s0_r16,00256.png,-0.001199557795189321,0.00038318283623084426
A_raw_s0_r16,00257.png,0.0010073113953694701,0.00016897980822250247
A_raw_s0_r16,00258.png,0.0012383447028696537,0.0003102714545093477
A_raw_s0_r16,00259.png,-0.0007038904004730284,-0.002932460978627205
A_raw_s0_r16,00252.png,0.0006578706088475883,0.0013623177073895931
A_raw_s0_r16,00253.png,-0.00047160685062408447,0.0005378351197578013
A_raw_s0_r16,00254.png,0.0006319225649349391,0.0005111267673783004
A_raw_s0_r16,00255.png,0.0006639711209572852,-0.0002652002440299839
A_raw_s0_r16,00264.png,-0.0012160808546468616,0.0007597845979034901
A_raw_s0_r16,00265.png,0.0009255046606995165,0.0003439438296481967
A_raw_s0_r16,00266.png,0.0015761853428557515,0.00247972528450191
A_raw_s0_r16,00267.png,0.0002516304957680404,-0.0003773743810597807
A_raw_s0_r16,00260.png,-0.001728298026137054,0.00047084776451811194
A_raw_s0_r16,00261.png,-0.0002735413145273924,0.000996402814052999
A_raw_s0_r16,00262.png,-5.8093643019674346e-05,-0.0003371686616446823
A_raw_s0_r16,00263.png,-0.00030807533767074347,0.0020911889150738716
A_raw_s0_r16,00268.png,0.0002048928727163002,-0.0013513885205611587
A_raw_s0_r16,00269.png,-0.0008102160645648837,-0.0020602464210242033
A_raw_s0_r16,00270.png,-0.0015998701564967632,4.1489762224955484e-05
A_raw_s0_r16,00271.png,-0.00040626595728099346,-0.0025054665748029947
A_raw_s0_r16,00276.png,-0.0013722055591642857,-0.00010567741264821962
A_raw_s0_r16,00277.png,-0.0003326845180708915,-0.00038168352330103517
A_raw_s0_r16,00278.png,-0.001533062313683331,0.0002361390070291236
A_raw_s0_r16,00279.png,-0.0013846105430275202,-8.508531027473509e-05
A_raw_s0_r16,00272.png,-0.004049521870911121,0.0006412054062820971
A_raw_s0_r16,00273.png,-0.0009862163569778204,-0.0002583497844170779
A_raw_s0_r16,00274.png,0.0010153143666684628,0.0013536359183490276
A_raw_s0_r16,00275.png,-0.002726420760154724,-0.0018509288784116507
A_raw_s0_r16,00280.png,-0.0009887529304251075,0.0003476086712908
A_raw_s0_r16,00281.png,0.002757597714662552,-6.418395059881732e-05
A_raw_s0_r16,00282.png,0.00207792897708714,0.0009293538751080632
A_raw_s0_r16,00283.png,-0.001459688413888216,0.000344541302183643
A_raw_s0_r16,00288.png,0.0013509615091606975,-0.0005807623965665698
A_raw_s0_r16,00289.png,0.00010177337389905006,-0.0008115629898384213
A_raw_s0_r16,00290.png,-0.0013139658840373158,8.646457717986777e-05
A_raw_s0_r16,00291.png,0.0004594855709001422,-0.00045919796684756875
A_raw_s0_r16,00284.png,-0.0013342449674382806,-0.00030516210244968534
A_raw_s0_r16,00285.png,-0.00015124519995879382,-0.0013094041496515274
A_raw_s0_r16,00286.png,0.0008293499704450369,-0.0008561788126826286
A_raw_s0_r16,00287.png,-0.0020368911791592836,5.301779674482532e-05
A_raw_s0_r16,00292.png,-0.0005068768514320254,-0.0014529459876939654
A_raw_s0_r16,00293.png,-0.0002428888838039711,-0.0020548987668007612
A_raw_s0_r16,00294.png,-0.0016796954441815615,-0.00019195504137314856
A_raw_s0_r16,00295.png,0.0001425211812602356,0.001260048826225102
A_raw_s0_r16,00296.png,0.001009266939945519,0.0017829762073233724
A_raw_s0_r16,00297.png,-0.001229938818141818,0.0007464929367415607
A_raw_s0_r16,00298.png,0.0014059614622965455,-0.0006606398383155465
A_raw_s0_r16,00299.png,-0.0019818637520074844,0.0010335934348404408
A_raw_s0_r16,00300.png,0.0014301878400146961,-0.0009817713871598244
A_raw_s0_r16,00301.png,0.0009744704002514482,0.0018574356799945235
A_raw_s0_r16,00302.png,0.0025567184202373028,0.0001929143036250025
A_raw_s0_r16,00303.png,0.0003548669337760657,0.00021971807291265577
A_raw_s0_r16,00312.png,0.0005754968151450157,9.96186827251222e-06
A_raw_s0_r16,00313.png,0.000581325264647603,-0.00029460134101100266
A_raw_s0_r16,00314.png,-0.0020365039817988873,-0.0008440029923804104
A_raw_s0_r16,00315.png,-0.0027122898027300835,-0.0037864921614527702
A_raw_s0_r16,00308.png,-0.00019809952937066555,-0.0002692427660804242
A_raw_s0_r16,00309.png,0.0008213035180233419,-0.0009270955342799425
A_raw_s0_r16,00310.png,0.002117019845172763,0.0005205474444665015
A_raw_s0_r16,00311.png,-0.0011872455943375826,0.0031455978751182556
A_raw_s0_r16,00304.png,0.0013199214590713382,0.003295246046036482
A_raw_s0_r16,00305.png,0.001503331703133881,-0.000240577501244843
A_raw_s0_r16,00306.png,0.0004517218912951648,0.0027332298923283815
A_raw_s0_r16,00307.png,0.0015042447485029697,-0.0020244759507477283
A_raw_s0_r16,00320.png,-0.0010123827960342169,0.0011638414580374956
A_raw_s0_r16,00321.png,0.0010630425531417131,-0.00023888179566711187
A_raw_s0_r16,00322.png,0.0017801772337406874,-0.0009577026357874274
A_raw_s0_r16,00323.png,0.0016552965389564633,0.0013647748855873942
A_raw_s0_r16,00316.png,-0.0010452292626723647,-9.066108032129705e-05
A_raw_s0_r16,00317.png,-0.001020299270749092,-0.002364436397328973
A_raw_s0_r16,00318.png,0.0012675299076363444,0.0007830807589925826
A_raw_s0_r16,00319.png,0.0004168959567323327,0.002325601875782013
A_raw_s0_r16,00332.png,0.0020071871113032103,-4.43596436525695e-05
A_raw_s0_r16,00333.png,0.0003217874327674508,0.0009340213146060705
A_raw_s0_r16,00334.png,0.0018270033178851008,0.0015431242063641548
A_raw_s0_r16,00335.png,-0.0014983870787546039,-0.001381528447382152
A_raw_s0_r16,00328.png,-0.0020516817457973957,-0.0008459821110591292
A_raw_s0_r16,00329.png,0.0006102571496739984,-0.0010478708427399397
A_raw_s0_r16,00330.png,-0.00032764585921540856,-0.00011851235467474908
A_raw_s0_r16,00331.png,0.002041323808953166,-0.0004912893637083471
A_raw_s0_r16,00324.png,-0.0014376265462487936,-0.0017469710437580943
A_raw_s0_r16,00325.png,0.001995597267523408,0.00032750499667599797
A_raw_s0_r16,00326.png,0.002387427492067218,0.001648481236770749
A_raw_s0_r16,00327.png,-0.00035089641460217535,0.0012412688229233027
A_raw_s0_r16,00336.png,-0.002322317799553275,-0.0011828208807855844
A_raw_s0_r16,00337.png,0.0014358360785990953,-8.271280239569023e-05
A_raw_s0_r16,00338.png,-0.0008307109237648547,0.0009463890455663204
A_raw_s0_r16,00339.png,-0.0005541190039366484,-0.0028579402714967728
A_raw_s0_r16,00340.png,-0.0005389522993937135,-0.0016389760421589017
A_raw_s0_r16,00341.png,-0.0001550641463836655,0.0014251411193981767
A_raw_s0_r16,00342.png,-0.0021562613546848297,-0.0011898080119863153
A_raw_s0_r16,00343.png,-0.0012712376192212105,-0.0017337747849524021
A_raw_s0_r16,00344.png,-0.000951710157096386,0.00023975160729605705
A_raw_s0_r16,00345.png,0.00012520031305029988,-0.0020043186377733946
A_raw_s0_r16,00346.png,0.0010546449339017272,0.0014436265919357538
A_raw_s0_r16,00347.png,-0.0001197847377625294,-0.0005795072647742927
A_raw_s0_r16,00348.png,-0.0009509900119155645,0.0020770144183188677
A_raw_s0_r16,00349.png,0.0017778306500986218,0.0030521771404892206
A_raw_s0_r16,00350.png,0.0005375630571506917,-0.0009660348296165466
A_raw_s0_r16,00351.png,-0.0012456178665161133,0.0008564412128180265
A_raw_s0_r16,00352.png,-0.0010611469624564052,0.0011770047713071108
A_raw_s0_r16,00353.png,-0.0009277690551243722,-0.0014766969252377748
A_raw_s0_r16,00354.png,3.687754360726103e-05,-0.00033817297662608325
A_raw_s0_r16,00355.png,-0.0012009830679744482,-0.0005595452385023236
A_raw_s0_r16,00356.png,-6.267194112297148e-05,-0.0011533703655004501
A_raw_s0_r16,00357.png,0.0003870487562380731,0.0018713015597313643
A_raw_s0_r16,00358.png,0.0008598369895480573,-0.0006749752210453153
A_raw_s0_r16,00359.png,-0.0025214022025465965,-0.0006742749246768653
A_raw_s0_r16,00360.png,-0.0011656794231384993,-0.00042975909309461713
A_raw_s0_r16,00361.png,-0.0019156626658514142,0.0006744615966454148
A_raw_s0_r16,00362.png,0.003870380576699972,0.0014421631349250674
A_raw_s0_r16,00363.png,2.714493575695087e-06,0.0010279128327965736
A_raw_s0_r16,00364.png,-0.0044892230071127415,0.0003543802595231682
A_raw_s0_r16,00365.png,0.00011433401959948242,-0.0019014888675883412
A_raw_s0_r16,00366.png,0.002160935662686825,0.0012707333080470562
A_raw_s0_r16,00367.png,-0.00062924949452281,0.0021278958301991224
A_raw_s0_r16,00368.png,0.0010720021091401577,0.0003752970660571009
A_raw_s0_r16,00369.png,0.0003250341396778822,-0.0004184404097031802
A_raw_s0_r16,00370.png,-0.0007127138669602573,-0.0001433289871783927
A_raw_s0_r16,00371.png,0.0025203677359968424,0.0005933071952313185
A_raw_s0_r16,00376.png,-0.0010104200337082148,-0.0017322336789220572
A_raw_s0_r16,00377.png,-0.0006415078532882035,0.0007553923642262816
A_raw_s0_r16,00378.png,-0.000980430981144309,0.00043172031291760504
A_raw_s0_r16,00379.png,-0.0013443761272355914,-0.0008305752417072654
A_raw_s0_r16,00372.png,-0.001473336829803884,-0.0001936722983373329
A_raw_s0_r16,00373.png,-0.0016535382019355893,0.0006349029135890305
A_raw_s0_r16,00374.png,0.00036961762816645205,-0.0010962698142975569
A_raw_s0_r16,00375.png,0.0003120415494777262,8.800980140222237e-06
A_raw_s0_r16,00380.png,-0.0004971415619365871,0.0003964137576986104
A_raw_s0_r16,00381.png,9.993610728997737e-05,-0.000494511506985873
A_raw_s0_r16,00382.png,0.001350536709651351,-0.0014861332019791007
A_raw_s0_r16,00383.png,0.00025359250139445066,0.0003588876570574939
A_raw_s0_r16,00384.png,0.000588350638281554,-0.00027102523017674685
A_raw_s0_r16,00385.png,-0.0005330631975084543,0.000212291837669909
A_raw_s0_r16,00386.png,-0.0011352950241416693,3.0693285225424916e-05
A_raw_s0_r16,00387.png,-0.0005459196399897337,0.00018558077863417566
A_raw_s0_r16,00388.png,0.0010348131181672215,0.0001252341753570363
A_raw_s0_r16,00389.png,-0.00020791012502741069,-0.0012852950021624565
A_raw_s0_r16,00390.png,0.0017420806689187884,-0.0025508718099445105
A_raw_s0_r16,00391.png,0.001961696660146117,0.0012767569860443473
A_raw_s0_r16,00392.png,0.00158192147500813,-0.0004136218049097806
A_raw_s0_r16,00393.png,-0.0007195657235570252,-0.0005689634708687663
A_raw_s0_r16,00394.png,0.0021401213016361,0.0001582055410835892
A_raw_s0_r16,00395.png,-0.0007116511114872992,0.0003401530266273767
A_raw_s0_r16,00396.png,0.0017757040914148092,-0.000813259684946388
A_raw_s0_r16,00397.png,0.0015282407402992249,0.0010220319963991642
A_raw_s0_r16,00398.png,0.0004494867171160877,-0.0008921467233449221
A_raw_s0_r16,00399.png,-0.0012076651910319924,-0.0015336567303165793
A_raw_s0_r16,00400.png,0.0004295978869777173,0.0032561311963945627
A_raw_s0_r16,00401.png,-0.0014363043010234833,-4.743986210087314e-05
A_raw_s0_r16,00402.png,0.0026830306742340326,0.0006721924874000251
A_raw_s0_r16,00403.png,-0.000917079218197614,-9.679648064775392e-05
A_raw_s0_r16,00404.png,0.00036270261625759304,0.0005341277574189007
A_raw_s0_r16,00405.png,-0.00107210548594594,0.0007916512549854815
A_raw_s0_r16,00406.png,0.00172311975620687,0.0018602872733026743
A_raw_s0_r16,00407.png,0.0013310832437127829,0.0022990501020103693
A_raw_s0_r16,00408.png,-9.420549758942798e-05,0.0007122960523702204
A_raw_s0_r16,00409.png,0.0019866793882101774,0.001950281672179699
A_raw_s0_r16,00410.png,-0.0007666139281354845,-0.0006979879690334201
A_raw_s0_r16,00411.png,0.002259388566017151,0.00020341282652225345
A_raw_s0_r16,00412.png,-0.003076325636357069,-0.004336664918810129
A_raw_s0_r16,00413.png,0.0009786522714421153,0.002723177196457982
A_raw_s0_r16,00414.png,-0.00013925597886554897,0.0010987638961523771
A_raw_s0_r16,00415.png,0.0011634143302217126,-0.0004174341447651386
A_raw_s0_r16,00416.png,8.693680865690112e-05,0.003724700305610895
A_raw_s0_r16,00417.png,0.0004940063809044659,0.0029196972027420998
A_raw_s0_r16,00418.png,-0.002105269581079483,0.001641841372475028
A_raw_s0_r16,00419.png,-0.0005368613637983799,-0.00029884802643209696
A_raw_s0_r16,00420.png,-0.0015445142053067684,-0.0038579392712563276
A_raw_s0_r16,00421.png,0.000616649049334228,0.0007941933581605554
A_raw_s0_r16,00422.png,-7.877233292674646e-05,0.002517940942198038
A_raw_s0_r16,00423.png,0.0007643969729542732,-0.0002494265791028738
A_raw_s0_r16,00424.png,0.0019613916520029306,0.0005580067518167198
A_raw_s0_r16,00425.png,-0.0006411601207219064,-0.0003135577426292002
A_raw_s0_r16,00426.png,0.0014787407126277685,0.00017656503769103438
A_raw_s0_r16,00427.png,0.0013187689473852515,0.0011737230233848095
A_raw_s0_r16,00428.png,0.00118601496797055,-0.0002434768102830276
A_raw_s0_r16,00429.png,-0.0005900083924643695,0.003486406756564975
A_raw_s0_r16,00430.png,-0.0014305924996733665,0.0028704602736979723
A_raw_s0_r16,00431.png,0.001304928446188569,-0.0025249826721847057
A_raw_s0_r16,00432.png,0.0007514142198488116,0.0012280085356906056
A_raw_s0_r16,00433.png,0.003276087809354067,-0.0013303507585078478
A_raw_s0_r16,00434.png,-0.001835771487094462,-0.0010368431685492396
A_raw_s0_r16,00435.png,-0.0014771698042750359,-0.0014953069621697068
A_raw_s0_r16,00436.png,0.0015080685261636972,0.0003865949693135917
A_raw_s0_r16,00437.png,-0.00022694769722875208,-0.0007313612732104957
A_raw_s0_r16,00438.png,0.0020209893118590117,0.0010570388985797763
A_raw_s0_r16,00439.png,0.0016053012805059552,0.002799724694341421
A_raw_s0_r16,00440.png,0.0003021090815309435,-5.4360818467102945e-05
A_raw_s0_r16,00441.png,-0.0003752372576855123,0.0004498116031754762
A_raw_s0_r16,00442.png,-2.178924114559777e-05,-0.0019373450195416808
A_raw_s0_r16,00443.png,0.0009169997647404671,-4.615697980625555e-05
A_raw_s0_r16,00448.png,0.00039034310611896217,0.0010887316893786192
A_raw_s0_r16,00449.png,0.0001853831927292049,-0.0011581351282075047
A_raw_s0_r16,00450.png,-0.001714147161692381,-0.002583000110462308
A_raw_s0_r16,00451.png,0.0005758357583545148,0.0015742467949166894
A_raw_s0_r16,00444.png,-0.0002267291711177677,-0.00014582912262994796
A_raw_s0_r16,00445.png,-0.00047117628855630755,-0.0015269526047632098
A_raw_s0_r16,00446.png,0.00018954742699861526,-0.0027970068622380495
A_raw_s0_r16,00447.png,-0.0006147067178972065,0.0006412449874915183
A_raw_s0_r16,00452.png,-0.0010768038919195533,-0.0026563715655356646
A_raw_s0_r16,00453.png,-0.0006029815413057804,0.0015250459546223283
A_raw_s0_r16,00454.png,-0.0009408834157511592,-0.00039087727782316506
A_raw_s0_r16,00455.png,-0.0008504497236572206,0.0004943219828419387
A_raw_s0_r16,00456.png,-0.0012434100499376655,-0.0016794732073321939
A_raw_s0_r16,00457.png,0.0009702696115709841,0.002391441725194454
A_raw_s0_r16,00458.png,-0.00037660732050426304,0.0014993908116593957
A_raw_s0_r16,00459.png,-0.0028523707296699286,-0.0032788633834570646
A_raw_s0_r16,00460.png,0.0004911486175842583,0.0006688637658953667
A_raw_s0_r16,00461.png,0.0013998966896906495,0.00013789715012535453
A_raw_s0_r16,00462.png,0.0010166020365431905,0.0003100792528130114
A_raw_s0_r16,00463.png,-0.0008042749250307679,-0.0014913870254531503
A_raw_s0_r16,00464.png,-0.000712668290361762,0.0011183986207470298
A_raw_s0_r16,00465.png,-0.0016935678431764245,-0.00042708651744760573
A_raw_s0_r16,00466.png,-0.00017558665422257036,-0.00037258275551721454
A_raw_s0_r16,00467.png,-0.0008502444834448397,-0.0011856567580252886
A_raw_s0_r16,00472.png,-0.0013413486303761601,-0.002099120058119297
A_raw_s0_r16,00473.png,-0.0019607616122812033,-0.0001742588065098971
A_raw_s0_r16,00474.png,-0.0007448680116795003,1.2199087905173656e-05
A_raw_s0_r16,00475.png,0.0003361403360031545,0.0024787508882582188
A_raw_s0_r16,00468.png,-0.001591054955497384,-0.0011764686787500978
A_raw_s0_r16,00469.png,-0.0010234725195914507,0.0009114915737882257
A_raw_s0_r16,00470.png,0.0017476310022175312,0.0018747792346403003
A_raw_s0_r16,00471.png,0.0010287062032148242,-0.00016625560238026083
A_raw_s0_r16,00476.png,0.00014938706590328366,0.0026099395472556353
A_raw_s0_r16,00477.png,-0.001589822000823915,0.0002933744399342686
A_raw_s0_r16,00478.png,-0.0007295797695405781,0.0005036797374486923
A_raw_s0_r16,00479.png,-0.0009411184000782669,-0.00023927194706629962
A_raw_s0_r16,00480.png,-0.001209373353049159,-0.000681206991430372
A_raw_s0_r16,00481.png,0.0011307613458484411,0.0007723197340965271
A_raw_s0_r16,00482.png,0.0005072350613772869,-0.001989340176805854
A_raw_s0_r16,00483.png,-0.0005562847945839167,0.002080001402646303
A_raw_s0_r16,00484.png,0.0012943133478984237,-0.0013804794289171696
A_raw_s0_r16,00485.png,0.0016566684935241938,-0.0005401388625614345
A_raw_s0_r16,00486.png,-0.0011173224775120616,-0.0020387691911309958
A_raw_s0_r16,00487.png,-0.0017525829607620835,-0.000509211968164891
A_raw_s0_r16,00488.png,-0.00019478137255646288,-0.0013050026027485728
A_raw_s0_r16,00489.png,0.00018260118667967618,0.00020788055553566664
A_raw_s0_r16,00490.png,-0.0003787148161791265,0.0004902475047856569
A_raw_s0_r16,00491.png,-0.0011779359774664044,-0.0013854142744094133
A_raw_s0_r16,00492.png,-0.0019279413390904665,-0.003795416560024023
A_raw_s0_r16,00493.png,0.00101845629978925,0.0005727906827814877
A_raw_s0_r16,00494.png,-0.000344770000083372,0.0006703464896418154
A_raw_s0_r16,00495.png,0.0009686867124401033,0.0004957063938491046
A_raw_s0_r16,00496.png,-0.0012891193618997931,0.00032952107721939683
A_raw_s0_r16,00497.png,-0.003226538421586156,-0.002937080804258585
A_raw_s0_r16,00498.png,-0.0002620726590976119,0.0019061921630054712
A_raw_s0_r16,00499.png,0.002293804893270135,-0.0003931256942451
A_raw_s1_r16,00000.png,0.0011635180562734604,-0.000815275707282126
A_raw_s1_r16,00001.png,-0.0007726768380962312,0.0006381691782735288
A_raw_s1_r16,00002.png,0.00021477915288414806,0.0013626411091536283
A_raw_s1_r16,00003.png,-0.0008598205167800188,-0.0007749037467874587
A_raw_s1_r16,00004.png,0.0017513985512778163,0.003070622915402055
A_raw_s1_r16,00005.png,0.00012415964738465846,0.004409662447869778
A_raw_s1_r16,00006.png,0.0006368782487697899,0.00072006561094895
A_raw_s1_r16,00007.png,0.0007933311280794442,0.0010522743687033653
A_raw_s1_r16,00008.png,-0.0004045737150590867,-0.0017088470049202442
A_raw_s1_r16,00009.png,0.0001313869870500639,0.0018939493456855416
A_raw_s1_r16,00010.png,0.0006531939143314958,-0.0002511508937459439
A_raw_s1_r16,00011.png,0.00030430048354901373,0.00260626501403749
A_raw_s1_r16,00012.png,0.00030283298110589385,-0.002117728115990758
A_raw_s1_r16,00013.png,0.0006332765333354473,-9.888457134366035e-05
A_raw_s1_r16,00014.png,-0.001347196288406849,-0.001380845671519637
A_raw_s1_r16,00015.png,-4.411290501593612e-05,-0.00039928421028889716
A_raw_s1_r16,00016.png,0.0015765499556437135,0.0023130623158067465
A_raw_s1_r16,00017.png,-0.0004155287751927972,0.005167229566723108
A_raw_s1_r16,00018.png,-0.00018483202438801527,0.0026858621276915073
A_raw_s1_r16,00019.png,0.0017147284233942628,0.0005072766216471791
A_raw_s1_r16,00024.png,0.0014003054238855839,0.0002113019145326689
A_raw_s1_r16,00025.png,-0.0010221300181001425,-0.002804434858262539
A_raw_s1_r16,00026.png,0.00037811571382917464,0.0018047267803922296
A_raw_s1_r16,00027.png,-0.0011959985131397843,0.001377560431137681
A_raw_s1_r16,00020.png,0.001423241919837892,0.0020270398817956448
A_raw_s1_r16,00021.png,0.0014661354944109917,0.0016672108322381973
A_raw_s1_r16,00022.png,-0.0009754167986102402,-0.00012496016279328614
A_raw_s1_r16,00023.png,-7.237843419716228e-06,-0.0005515528027899563
A_raw_s1_r16,00028.png,-0.0005194025579839945,5.033074921811931e-05
A_raw_s1_r16,00029.png,-1.9178360162186436e-06,-0.0006086333887651563
A_raw_s1_r16,00030.png,0.0005843722610734403,0.00012963401968590915
A_raw_s1_r16,00031.png,-0.00025409620138816535,0.0007708274642936885
A_raw_s1_r16,00032.png,-0.002188514219596982,-0.003725269343703985
A_raw_s1_r16,00033.png,-0.0011955962982028723,-0.0031477457378059626
A_raw_s1_r16,00034.png,0.0006505301571451128,0.000359205441782251
A_raw_s1_r16,00035.png,-0.00022101296053733677,0.0011235426645725965
A_raw_s1_r16,00036.png,0.0002433513436699286,7.296808325918391e-05
A_raw_s1_r16,00037.png,0.0023313818965107203,0.0010354055557399988
A_raw_s1_r16,00038.png,-0.002423693658784032,-0.0011841002851724625
A_raw_s1_r16,00039.png,-0.000721534772310406,0.0005106145399622619
A_raw_s1_r16,00040.png,-0.00034291771589778364,0.0022887205705046654
A_raw_s1_r16,00041.png,0.0012363892747089267,-0.000955604191403836
A_raw_s1_r16,00042.png,8.478483323415276e-06,0.0010470218257978559
A_raw_s1_r16,00043.png,-0.000738941365852952,-0.0004883941728621721
A_raw_s1_r16,00044.png,0.0010464404476806521,0.0007239813567139208
A_raw_s1_r16,00045.png,-0.0018771614413708448,-0.0018600443145260215
A_raw_s1_r16,00046.png,0.0005766464746557176,0.0008150839130394161
A_raw_s1_r16,00047.png,0.00018548985826782882,1.732414966681972e-05
A_raw_s1_r16,00048.png,-0.0007204517023637891,0.0006748466403223574
A_raw_s1_r16,00049.png,-0.000325519940815866,0.0005919972318224609
A_raw_s1_r16,00050.png,0.002153047127649188,-0.0002642543113324791
A_raw_s1_r16,00051.png,-0.0027833536732941866,4.526789780356921e-05
A_raw_s1_r16,00052.png,-0.0003605963138397783,-0.00016290898201987147
A_raw_s1_r16,00053.png,3.928443038603291e-05,-0.00032808262039907277
A_raw_s1_r16,00054.png,-0.0016221179394051433,-0.0009121938492171466
A_raw_s1_r16,00055.png,-0.000731996726244688,-0.0013200154062360525
A_raw_s1_r16,00056.png,-0.0010605647694319487,-0.0021363983396440744
A_raw_s1_r16,00057.png,-0.0004746982012875378,-0.0007594074122607708
A_raw_s1_r16,00058.png,-0.0007183322450146079,2.1043499032202817e-07
A_raw_s1_r16,00059.png,0.00017462114919908345,-0.0006759277894161642
A_raw_s1_r16,00060.png,-0.0008161234436556697,-0.0013910303823649883
A_raw_s1_r16,00061.png,0.0007997133070603013,0.0007994913612492383
A_raw_s1_r16,00062.png,-0.0036408461164683104,0.0004019030602648854
A_raw_s1_r16,00063.png,0.00020372688595671207,-0.0015294646145775914
A_raw_s1_r16,00068.png,0.0006995373405516148,-0.0008249045931734145
A_raw_s1_r16,00069.png,-0.00035169697366654873,-0.0009624406229704618
A_raw_s1_r16,00070.png,0.0009056964772753417,0.00011552489013411105
A_raw_s1_r16,00071.png,-0.0009175632731057703,-0.0007459105690941215
A_raw_s1_r16,00064.png,-0.0010221562115475535,0.0013613364426419139
A_raw_s1_r16,00065.png,0.00010037166066467762,0.0028220436070114374
A_raw_s1_r16,00066.png,9.216675971401855e-05,-0.002074942458420992
A_raw_s1_r16,00067.png,0.0005427947617135942,0.002195549663156271
A_raw_s1_r16,00072.png,0.0014659306034445763,-0.0004487651167437434
A_raw_s1_r16,00073.png,-0.0019426110666245222,0.0010080573847517371
A_raw_s1_r16,00074.png,-0.00021355059288907796,0.0005974118248559535
A_raw_s1_r16,00075.png,-0.0015715215122327209,-0.00017258062143810093
A_raw_s1_r16,00076.png,0.002766405465081334,0.00025061468477360904
A_raw_s1_r16,00077.png,-0.0019251834601163864,-0.0012572337873280048
A_raw_s1_r16,00078.png,0.0012472686357796192,0.00389098864980042
A_raw_s1_r16,00079.png,0.0004144548438489437,-0.0021652616560459137
A_raw_s1_r16,00080.png,-0.0011845564004033804,-0.0015301157254725695
A_raw_s1_r16,00081.png,0.0017098397947847843,0.0004933281452395022
A_raw_s1_r16,00082.png,0.0015413365326821804,-0.0025300737470388412
A_raw_s1_r16,00083.png,-0.0012454292736947536,-0.0018483421299606562
A_raw_s1_r16,00084.png,-0.001859692856669426,0.0011022534454241395
A_raw_s1_r16,00085.png,-0.0008837284985929728,-0.0009678880451247096
A_raw_s1_r16,00086.png,-0.0018946656491607428,0.0006589989643543959
A_raw_s1_r16,00087.png,0.003617208218201995,-0.0015598195604979992
A_raw_s1_r16,00088.png,-0.0004133486654609442,0.00113295775372535
A_raw_s1_r16,00089.png,-0.0011227958602830768,0.0007824582862667739
A_raw_s1_r16,00090.png,-0.001346290111541748,-0.0004065752145834267
A_raw_s1_r16,00091.png,0.0020909386221319437,0.0007708868361078203
A_raw_s1_r16,00092.png,-0.0018722445238381624,-0.0007149179000407457
A_raw_s1_r16,00093.png,9.861695434665307e-05,0.0007708864868618548
A_raw_s1_r16,00094.png,0.0026412378065288067,-0.00017292328993789852
A_raw_s1_r16,00095.png,-0.0001445911912014708,0.0013662747805938125
A_raw_s1_r16,00096.png,0.0012711368035525084,0.0006942698964849114
A_raw_s1_r16,00097.png,0.00011579092097235844,-0.0016492812428623438
A_raw_s1_r16,00098.png,-0.0003188626142218709,8.985654130810872e-05
A_raw_s1_r16,00099.png,-0.000852793047670275,-0.0015229606069624424
A_raw_s1_r16,00100.png,-0.0016742597799748182,-0.002211354672908783
A_raw_s1_r16,00101.png,0.00031768096960149705,-0.00020286896324250847
A_raw_s1_r16,00102.png,-0.0012553406413644552,-0.0006944692577235401
A_raw_s1_r16,00103.png,0.0004982578684575856,0.0015412437496706843
A_raw_s1_r16,00104.png,0.0005964312586002052,0.0013735541142523289
A_raw_s1_r16,00105.png,-0.0006333254859782755,9.349874744657427e-06
A_raw_s1_r16,00106.png,-0.0005739952903240919,0.002325228648260236
A_raw_s1_r16,00107.png,0.0015416106907650828,-0.0018818690441548824
A_raw_s1_r16,00108.png,0.0012049747165292501,-0.0006614306475967169
A_raw_s1_r16,00109.png,0.00013600541569758207,0.0007769771036691964
A_raw_s1_r16,00110.png,0.0007431231206282973,0.00017974500951822847
A_raw_s1_r16,00111.png,0.0017178173875436187,-0.0011672571999952197
A_raw_s1_r16,00112.png,0.001387841533869505,-0.0004301024309825152
A_raw_s1_r16,00113.png,-0.0009261230588890612,0.0003586214152164757
A_raw_s1_r16,00114.png,-0.0010802001925185323,0.0005615439149551094
A_raw_s1_r16,00115.png,-0.0007597223739139736,-0.0009660482755862176
A_raw_s1_r16,00116.png,-0.00019163585966452956,-0.0006749847088940442
A_raw_s1_r16,00117.png,-0.0012642916990444064,0.0005408633151091635
A_raw_s1_r16,00118.png,-0.00023275466810446233,-0.0013011263217777014
A_raw_s1_r16,00119.png,0.002866576425731182,0.0015096425777301192
A_raw_s1_r16,00120.png,-0.0007368977530859411,0.0009645624668337405
A_raw_s1_r16,00121.png,0.0006995833246037364,0.0022803624160587788
A_raw_s1_r16,00122.png,-0.0018594010034576058,-0.00129589787684381
A_raw_s1_r16,00123.png,0.0006238878122530878,-0.00025660128449089825
A_raw_s1_r16,00124.png,0.0006121383630670607,0.0008285610238090158
A_raw_s1_r16,00125.png,0.00022208191512618214,0.0003227143897674978
A_raw_s1_r16,00126.png,0.001894890796393156,0.0007235506200231612
A_raw_s1_r16,00127.png,0.002017010934650898,-0.001016919151879847
A_raw_s1_r16,00128.png,6.854714592918754e-05,0.0005988370394334197
A_raw_s1_r16,00129.png,0.001120727858506143,0.0011558301048353314
A_raw_s1_r16,00130.png,-0.001792222959920764,0.0006001670844852924
A_raw_s1_r16,00131.png,0.00233305967412889,0.0026485356502234936
A_raw_s1_r16,00132.png,0.001403331640176475,-0.001249785884283483
A_raw_s1_r16,00133.png,-2.4737539661146e-06,0.0013931957073509693
A_raw_s1_r16,00134.png,-0.0004246578027959913,-0.0005386634147725999
A_raw_s1_r16,00135.png,0.0002165202604373917,-0.00020640590810216963
A_raw_s1_r16,00136.png,0.0004229587211739272,0.0003328510210849345
A_raw_s1_r16,00137.png,-0.0024760013911873102,-0.0008315755985677242
A_raw_s1_r16,00138.png,0.000554945261683315,0.0005340406787581742
A_raw_s1_r16,00139.png,-0.0005809054127894342,-5.502484054886736e-05
A_raw_s1_r16,00140.png,0.000551660661585629,-0.0013246913440525532
A_raw_s1_r16,00141.png,0.00395175302401185,0.0040105064399540424
A_raw_s1_r16,00142.png,-0.0007339955191127956,0.0006205097888596356
A_raw_s1_r16,00143.png,0.00036221148911863565,-0.0008961292332969606
A_raw_s1_r16,00144.png,-0.0017577592516317964,-0.001210228307172656
A_raw_s1_r16,00145.png,-0.0003571850247681141,0.00075691839447245
A_raw_s1_r16,00146.png,0.0003785825101658702,-0.0010202237172052264
A_raw_s1_r16,00147.png,-0.0015466802287846804,-0.0026795852463692427
A_raw_s1_r16,00148.png,0.00015916994016151875,0.0016071132849901915
A_raw_s1_r16,00149.png,-0.0015357591910287738,-0.0015163886127993464
A_raw_s1_r16,00150.png,-0.0013783421600237489,-0.0002981435100082308
A_raw_s1_r16,00151.png,-0.0005175879341550171,-0.0014378753257915378
A_raw_s1_r16,00152.png,0.0019429043168202043,-0.001833613496273756
A_raw_s1_r16,00153.png,-0.0003719125234056264,-0.002618571277707815
A_raw_s1_r16,00154.png,0.0004887284012511373,0.0010224060388281941
A_raw_s1_r16,00155.png,-0.002654528943821788,-0.0017354934243485332
A_raw_s1_r16,00156.png,0.0015564044006168842,0.002228833269327879
A_raw_s1_r16,00157.png,-0.000573492725379765,0.0018799781100824475
A_raw_s1_r16,00158.png,0.000455875153420493,-0.0003251122252549976
A_raw_s1_r16,00159.png,0.00045059662079438567,-0.001500915503129363
A_raw_s1_r16,00160.png,0.0014813882298767567,-0.002105056308209896
A_raw_s1_r16,00161.png,0.00022136962797958404,0.00020536911324597895
A_raw_s1_r16,00162.png,0.0015287374844774604,-0.00018853985238820314
A_raw_s1_r16,00163.png,0.0010082445805892348,-0.0005878905649296939
A_raw_s1_r16,00164.png,-0.002620524726808071,9.68534077401273e-05
A_raw_s1_r16,00165.png,0.0005547143518924713,0.000745402998290956
A_raw_s1_r16,00166.png,1.7331107301288284e-05,-0.0009453498059883714
A_raw_s1_r16,00167.png,-0.0005449055461212993,-0.0007613228517584503
A_raw_s1_r16,00168.png,-0.00190947693772614,-0.002593960613012314
A_raw_s1_r16,00169.png,-0.0014677525032311678,-0.0005758600309491158
A_raw_s1_r16,00170.png,-4.4013151637045667e-05,-0.0001071035658242181
A_raw_s1_r16,00171.png,0.0003629641723819077,0.00032864889362826943
A_raw_s1_r16,00172.png,0.0019152623135596514,0.0008077500388026237
A_raw_s1_r16,00173.png,-0.0008645164780318737,0.0007168645970523357
A_raw_s1_r16,00174.png,-0.0023250216618180275,-0.00039082509465515614
A_raw_s1_r16,00175.png,0.0017828266136348248,0.0011740888003259897
A_raw_s1_r16,00176.png,0.0001274583482882008,0.0003098339366260916
A_raw_s1_r16,00177.png,0.00391985522583127,0.0022518886253237724
A_raw_s1_r16,00178.png,0.0008009762386791408,0.0007499498897232115
A_raw_s1_r16,00179.png,-0.00016348734789062291,-0.0008528027101419866
A_raw_s1_r16,00180.png,0.00024290061264764518,-5.522855281014927e-05
A_raw_s1_r16,00181.png,0.001351400394923985,-0.0018497997662052512
A_raw_s1_r16,00182.png,0.0006764632998965681,-0.0014465105487033725
A_raw_s1_r16,00183.png,-3.093153111421998e-07,-0.0008293529972434044
A_raw_s1_r16,00184.png,-0.0003563357749953866,0.0014819566858932376
A_raw_s1_r16,00185.png,0.0006492543034255505,0.0018517345888540149
A_raw_s1_r16,00186.png,0.0011327189859002829,0.0005375553737394512
A_raw_s1_r16,00187.png,0.001573006040416658,0.002124760067090392
A_raw_s1_r16,00188.png,0.0004618670791387558,0.0007594908820465207
A_raw_s1_r16,00189.png,-0.0016960249049589038,-0.0015130826504901052
A_raw_s1_r16,00190.png,8.109128248179331e-05,-0.00037384749157354236
A_raw_s1_r16,00191.png,0.0007984516560100019,-0.0006830858765169978
A_raw_s1_r16,00192.png,0.00021028346964158118,-0.00016072607832029462
A_raw_s1_r16,00193.png,0.0014781842473894358,0.0014938771491870284
A_raw_s1_r16,00194.png,0.0009851718787103891,0.0018933117389678955
A_raw_s1_r16,00195.png,0.0004575054335873574,0.00221562129445374
A_raw_s1_r16,00196.png,0.0005788467824459076,-0.00019454429275356233
A_raw_s1_r16,00197.png,0.0025309582706540823,0.003789336420595646
A_raw_s1_r16,00198.png,0.0010022034402936697,-0.0005730334087274969
A_raw_s1_r16,00199.png,-0.00026207283372059464,-1.611387233424466e-05
A_raw_s1_r16,00200.png,-0.0024461557622998953,-0.0025444584898650646
A_raw_s1_r16,00201.png,-0.0003758808015845716,-0.0008321070927195251
A_raw_s1_r16,00202.png,9.192759898724034e-05,-8.894983329810202e-05
A_raw_s1_r16,00203.png,0.001091108424589038,6.137684067653026e-07
A_raw_s1_r16,00204.png,0.0006532743573188782,0.0006133374408818781
A_raw_s1_r16,00205.png,-0.0007846857188269496,0.0020720346365123987
A_raw_s1_r16,00206.png,0.0021102293394505978,6.02739310124889e-05
A_raw_s1_r16,00207.png,-0.0016562145901843905,-0.0014460665406659245
A_raw_s1_r16,00208.png,-0.0011775230523198843,0.0007174088968895376
A_raw_s1_r16,00209.png,0.0021118565928190947,-0.000940081721637398
A_raw_s1_r16,00210.png,-0.0019945704843848944,0.00023647361376788467
A_raw_s1_r16,00211.png,-0.00018274338799528778,0.0010364620247855783
A_raw_s1_r16,00212.png,-0.0013420036993920803,-0.0021432850044220686
A_raw_s1_r16,00213.png,0.00014756372547708452,-9.440791473025456e-05
A_raw_s1_r16,00214.png,-0.0024929309729486704,-0.0016264156438410282
A_raw_s1_r16,00215.png,-0.0006330441683530807,-0.0007272943621501327
A_raw_s1_r16,00216.png,0.001773229567334056,0.000792142644058913
A_raw_s1_r16,00217.png,0.0041364566422998905,0.00035643763840198517
A_raw_s1_r16,00218.png,0.00024031306384131312,0.00201357901096344
A_raw_s1_r16,00219.png,0.0010606113355606794,0.0005610202788375318
A_raw_s1_r16,00220.png,0.0005273355636745691,0.0020850319415330887
A_raw_s1_r16,00221.png,0.002293664263561368,0.0004176964866928756
A_raw_s1_r16,00222.png,-0.002389477798715234,0.0002845077542588115
A_raw_s1_r16,00223.png,-0.00044241000432521105,5.805135879199952e-05
A_raw_s1_r16,00224.png,-0.004224336240440607,-0.001545939245261252
A_raw_s1_r16,00225.png,0.00020665591000579298,-0.0018577610608190298
A_raw_s1_r16,00226.png,-0.000680478464346379,0.002343014581128955
A_raw_s1_r16,00227.png,-0.0016446895897388458,-0.00040952928247861564
A_raw_s1_r16,00228.png,-0.0005907019367441535,0.0008748865802772343
A_raw_s1_r16,00229.png,-0.00045458038221113384,0.000498481560498476
A_raw_s1_r16,00230.png,-0.0013087581610307097,-0.0004396585572976619
A_raw_s1_r16,00231.png,0.0015916372649371624,-0.0009943511104211211
A_raw_s1_r16,00232.png,-0.0036527886986732483,0.002283237874507904
A_raw_s1_r16,00233.png,-0.00014551266212947667,5.950329068582505e-05
A_raw_s1_r16,00234.png,0.002502220217138529,0.0008955119410529733
A_raw_s1_r16,00235.png,-0.0005299915792420506,0.0022650195751339197
A_raw_s1_r16,00236.png,0.0009096799767576158,0.0003773987991735339
A_raw_s1_r16,00237.png,0.0005342225776985288,-0.00128455541562289
A_raw_s1_r16,00238.png,0.0003820515994448215,5.212246105656959e-05
A_raw_s1_r16,00239.png,0.0015752429608255625,0.0013097390765324235
A_raw_s1_r16,00240.png,0.00032776061561889946,0.0007895034505054355
A_raw_s1_r16,00241.png,-0.0005273660062812269,0.0013508170377463102
A_raw_s1_r16,00242.png,-0.0005322924698702991,-0.0006526944343931973
A_raw_s1_r16,00243.png,-0.0008469012682326138,0.0011878972873091698
A_raw_s1_r16,00244.png,-0.0011310834670439363,0.002352979965507984
A_raw_s1_r16,00245.png,0.0001306117046624422,-0.001651993254199624
A_raw_s1_r16,00246.png,0.00031567501719109714,0.0002228858502348885
A_raw_s1_r16,00247.png,-0.0012959333835169673,0.0010914397425949574
A_raw_s1_r16,00248.png,0.0002455298963468522,0.0016309396596625447
A_raw_s1_r16,00249.png,-0.0008292525890283287,-0.0018541393801569939
A_raw_s1_r16,00250.png,0.00012767210137099028,0.0008274351130239666
A_raw_s1_r16,00251.png,0.00028392780222930014,0.0006923057371750474
A_raw_s1_r16,00252.png,0.0003036735870409757,0.0006018625572323799
A_raw_s1_r16,00253.png,0.0002621122112032026,0.0009134776191785932
A_raw_s1_r16,00254.png,0.0011717499000951648,0.0010201288387179375
A_raw_s1_r16,00255.png,0.0003463865432422608,-6.959339225431904e-05
A_raw_s1_r16,00256.png,-0.0002120247227139771,-0.0007750593940727413
A_raw_s1_r16,00257.png,0.0009438954875804484,-0.0005685094511136413
A_raw_s1_r16,00258.png,-0.0005058376118540764,0.0012283866526558995
A_raw_s1_r16,00259.png,-0.0006182442884892225,-0.0018003510776907206
A_raw_s1_r16,00260.png,-0.000897353223990649,0.0019103129161521792
A_raw_s1_r16,00261.png,-0.00042586601921357214,0.002273865044116974
A_raw_s1_r16,00262.png,-0.00040715516661293805,-9.175482205137087e-07
A_raw_s1_r16,00263.png,-0.00026061470271088183,-0.0004542614333331585
A_raw_s1_r16,00264.png,-0.00406782329082489,-0.002133771311491728
A_raw_s1_r16,00265.png,0.0007716651307418942,0.0008100997656583786
A_raw_s1_r16,00266.png,0.0006644566892646253,0.0011755215236917138
A_raw_s1_r16,00267.png,-0.00014054981875233352,-0.0015032733790576458
A_raw_s1_r16,00268.png,0.0007581669487990439,-0.0008068809402175248
A_raw_s1_r16,00269.png,-0.0010902164503932,-0.0006641038926318288
A_raw_s1_r16,00270.png,-0.001251565059646964,0.001139453612267971
A_raw_s1_r16,00271.png,-0.001137120882049203,-0.0025170031003654003
A_raw_s1_r16,00272.png,-0.0007411234546452761,0.0002660287718754262
A_raw_s1_r16,00273.png,-0.0010216898517683148,-0.0011504222638905048
A_raw_s1_r16,00274.png,-0.0013364646583795547,0.0030770658049732447
A_raw_s1_r16,00275.png,-0.0019464510260149837,-0.0009480598964728415
A_raw_s1_r16,00276.png,-0.001189853879623115,0.0015629840781912208
A_raw_s1_r16,00277.png,0.0006570384139195085,-0.0002688699751161039
A_raw_s1_r16,00278.png,0.001047453610226512,0.0008779373019933701
A_raw_s1_r16,00279.png,-0.0008863344555720687,0.0014259925810620189
A_raw_s1_r16,00280.png,-0.0008764527156017721,0.0012988022062927485
A_raw_s1_r16,00281.png,0.0031612447928637266,0.000192144769243896
A_raw_s1_r16,00282.png,0.0014473217306658626,0.00047630007611587644
A_raw_s1_r16,00283.png,0.00028713687788695097,0.0009052990935742855
A_raw_s1_r16,00284.png,-0.000949531327933073,-0.00020549488544929773
A_raw_s1_r16,00285.png,-0.0005434313789010048,-0.0014394737081602216
A_raw_s1_r16,00286.png,-0.0005766941467300057,-0.0016191183822229505
A_raw_s1_r16,00287.png,-0.0005854424671269953,0.00013908534310758114
A_raw_s1_r16,00288.png,0.0017695757560431957,-0.0007493349839933217
A_raw_s1_r16,00289.png,0.0001802321639843285,-0.00012277236965019256
A_raw_s1_r16,00290.png,-0.00029104313580319285,-0.0022216574288904667
A_raw_s1_r16,00291.png,-0.0008576117688789964,0.0001505463442299515
A_raw_s1_r16,00292.png,-0.0001527218264527619,-0.000891208415850997
A_raw_s1_r16,00293.png,0.0006424026214517653,0.001514590228907764
A_raw_s1_r16,00294.png,-0.0018677525222301483,-0.0008077863603830338
A_raw_s1_r16,00295.png,-0.0008141092257574201,0.0006600565393455327
A_raw_s1_r16,00296.png,0.0023569969926029444,0.0024625682272017
A_raw_s1_r16,00297.png,-0.0011473391205072403,-0.0008732301648706198
A_raw_s1_r16,00298.png,-0.0011729529360309243,-0.0017747817328199744
A_raw_s1_r16,00299.png,-0.0013297838158905506,0.0005484157591126859
A_raw_s1_r16,00300.png,0.0005261812475509942,0.0013363787438720465
A_raw_s1_r16,00301.png,-0.0002556396648287773,-0.00020344037329778075
A_raw_s1_r16,00302.png,0.003320859745144844,-0.002499067224562168
A_raw_s1_r16,00303.png,-0.0011963563738390803,0.00022933940635994077
A_raw_s1_r16,00304.png,0.0009058048017323017,0.0022574933245778084
A_raw_s1_r16,00305.png,0.0006556580774486065,0.0015987723600119352
A_raw_s1_r16,00306.png,-0.0007347758510150015,-0.0002979433920700103
A_raw_s1_r16,00307.png,-0.00018145391368307173,-0.001895338878966868
A_raw_s1_r16,00308.png,0.0004972608294337988,0.0005819937214255333
A_raw_s1_r16,00309.png,0.0016610660823062062,-0.0013107758713886142
A_raw_s1_r16,00310.png,0.000909661699552089,-0.0011977815302088857
A_raw_s1_r16,00311.png,-0.001634760294109583,0.0019089459674432874
A_raw_s1_r16,00312.png,-0.0006636284524574876,1.643968244025018e-05
A_raw_s1_r16,00313.png,-3.700167508213781e-05,-0.0005059655522927642
A_raw_s1_r16,00314.png,-0.0016122428933158517,0.0009065148769877851
A_raw_s1_r16,00315.png,-0.00032366433879360557,-0.0014485394349321723
A_raw_s1_r16,00316.png,-0.0029807565733790398,-0.002255344530567527
A_raw_s1_r16,00317.png,-0.0008297940948978066,-0.0028311945497989655
A_raw_s1_r16,00318.png,-0.0006463667959906161,-0.0012522664619609714
A_raw_s1_r16,00319.png,0.0006199756753630936,0.0018901199800893664
A_raw_s1_r16,00320.png,-0.0003798442194238305,0.001142673660069704
A_raw_s1_r16,00321.png,0.0003759984392672777,0.0012237081537023187
A_raw_s1_r16,00322.png,0.001655834959819913,-0.0021097816061228514
A_raw_s1_r16,00323.png,-0.0003252843162044883,-0.00010302809096174315
A_raw_s1_r16,00324.png,-0.00027830558246932924,-0.0006892965757288039
A_raw_s1_r16,00325.png,-0.0003753156343009323,0.0002575805119704455
A_raw_s1_r16,00326.png,0.0006912574754096568,-0.0007694807136431336
A_raw_s1_r16,00327.png,0.0018959017470479012,0.0017034796765074134
A_raw_s1_r16,00328.png,0.0009584400104358792,0.0013586976565420628
A_raw_s1_r16,00329.png,0.0005692369304597378,0.0008387354318983853
A_raw_s1_r16,00330.png,-0.0007030614651739597,-0.0005835176561959088
A_raw_s1_r16,00331.png,0.0004512924642767757,-0.0016219770768657327
A_raw_s1_r16,00332.png,0.002835335908457637,0.001237621996551752
A_raw_s1_r16,00333.png,-0.0003539948374964297,-0.00040427257772535086
A_raw_s1_r16,00334.png,0.0008611716330051422,0.0009439956047572196
A_raw_s1_r16,00335.png,-0.0011468100128695369,-0.0012671768199652433
A_raw_s1_r16,00336.png,-0.0012235750909894705,-0.0027603290509432554
A_raw_s1_r16,00337.png,0.0010084151290357113,-0.0007033381261862814
A_raw_s1_r16,00338.png,0.0017987641040235758,0.0018249553395435214
A_raw_s1_r16,00339.png,0.0012792516499757767,-0.0007999429362826049
A_raw_s1_r16,00340.png,-0.0008734893635846674,-0.0012061255984008312
A_raw_s1_r16,00341.png,-0.0002765509707387537,-0.00030387085280381143
A_raw_s1_r16,00342.png,-0.0029828997794538736,-0.003029701765626669
A_raw_s1_r16,00343.png,-0.00024316018971148878,0.002180469688028097
A_raw_s1_r16,00344.png,-0.00018195563461631536,0.0007172157638706267
A_raw_s1_r16,00345.png,-0.0005365310935303569,-0.0005270148394629359
A_raw_s1_r16,00346.png,-0.0013499477645382285,-0.000981034361757338
A_raw_s1_r16,00347.png,-4.275258834240958e-05,0.0007387196528725326
A_raw_s1_r16,00348.png,-0.001958533190190792,0.0012229372514411807
A_raw_s1_r16,00349.png,0.00012086873175576329,0.0027737102936953306
A_raw_s1_r16,00350.png,0.0017380788922309875,-0.0005501880077645183
A_raw_s1_r16,00351.png,-0.0010267794132232666,0.0007926941034384072
A_raw_s1_r16,00352.png,0.0009766361908987164,0.0019462350755929947
A_raw_s1_r16,00353.png,0.00025292873033322394,0.0007333860849030316
A_raw_s1_r16,00354.png,0.00017238660075236112,-0.0011409084545448422
A_raw_s1_r16,00355.png,0.00028580494108609855,0.00030457350658252835
A_raw_s1_r16,00356.png,-0.001188762253150344,0.0005381291848607361
A_raw_s1_r16,00357.png,0.002400612225756049,0.003562730038538575
A_raw_s1_r16,00358.png,0.001709310687147081,0.0005694829160347581
A_raw_s1_r16,00359.png,-0.0010924551170319319,0.00012447072367649525
A_raw_s1_r16,00360.png,-0.001166763249784708,-0.0008537432295270264
A_raw_s1_r16,00361.png,0.0007689045160077512,0.002504736417904496
A_raw_s1_r16,00362.png,0.003317351685836911,0.006380739621818066
A_raw_s1_r16,00363.png,-0.0008504341822117567,0.0010840005706995726
A_raw_s1_r16,00364.png,-0.002917317673563957,0.0012360848486423492
A_raw_s1_r16,00365.png,-0.0005042775301262736,-0.0007176580838859081
A_raw_s1_r16,00366.png,0.0008180478471331298,9.947217449735035e-07
A_raw_s1_r16,00367.png,0.0002506072341930121,0.002028576098382473
A_raw_s1_r16,00368.png,-0.0003475765697658062,-0.0005203990149311721
A_raw_s1_r16,00369.png,-0.0016480223275721073,-0.0024299724027514458
A_raw_s1_r16,00370.png,0.00016677645908202976,-0.00019278228865005076
A_raw_s1_r16,00371.png,0.0015510282246395946,0.0015671008732169867
A_raw_s1_r16,00372.png,-0.0014051501639187336,-0.00025084527442231774
A_raw_s1_r16,00373.png,-0.0015273408498615026,-3.232501694583334e-05
A_raw_s1_r16,00374.png,0.0018622359493747354,-0.0013565890258178115
A_raw_s1_r16,00375.png,-0.0004470015992410481,-0.001181664178147912
A_raw_s1_r16,00376.png,-0.00010921138164121658,-0.0012872273800894618
A_raw_s1_r16,00377.png,-1.6495227100676857e-05,0.0007538469508290291
A_raw_s1_r16,00378.png,-0.0003650962607935071,0.00020254273840691894
A_raw_s1_r16,00379.png,-0.002584244357421994,0.0001133092082454823
A_raw_s1_r16,00380.png,-0.0008352201548404992,5.6605673307785764e-05
A_raw_s1_r16,00381.png,0.0009121348266489804,-0.0001359082234557718
A_raw_s1_r16,00382.png,0.002762549789622426,-0.0017923074774444103
A_raw_s1_r16,00383.png,0.0020410765428096056,0.0011283475905656815
A_raw_s1_r16,00384.png,0.0012634810991585255,0.0005858941585756838
A_raw_s1_r16,00385.png,-0.0008424981497228146,0.0003331353364046663
A_raw_s1_r16,00386.png,-0.0020032289903610945,-0.00132463697809726
A_raw_s1_r16,00387.png,0.0005823418032377958,7.901411299826577e-05
A_raw_s1_r16,00388.png,-5.405586307460908e-06,-0.002074893331155181
A_raw_s1_r16,00389.png,0.0010268300538882613,-0.0005703326896764338
A_raw_s1_r16,00390.png,0.0006381311686709523,-0.0016162256943061948
A_raw_s1_r16,00391.png,0.0016130147268995643,-5.123459231981542e-06
A_raw_s1_r16,00392.png,0.0008701778715476394,0.000994027010165155
A_raw_s1_r16,00393.png,0.0004475891764741391,-0.0009766612201929092
A_raw_s1_r16,00394.png,0.0012632437283173203,-0.0029697560239583254
A_raw_s1_r16,00395.png,-0.00038123311242088675,0.0002089869958581403
A_raw_s1_r16,00396.png,-0.0008009784505702555,-0.0001507465640315786
A_raw_s1_r16,00397.png,0.0014031303580850363,0.0012087264331057668
A_raw_s1_r16,00398.png,-0.00022899147006683052,-0.0013352349633350968
A_raw_s1_r16,00399.png,-0.0002837146748788655,-0.00016548541316296905
A_raw_s1_r16,00400.png,-0.0004973137401975691,0.0013657582458108664
A_raw_s1_r16,00401.png,0.001220280071720481,0.0009526402573101223
A_raw_s1_r16,00402.png,-0.00026783079374581575,0.0003535975993145257
A_raw_s1_r16,00403.png,-0.0014110631309449673,-0.00044444637023843825
A_raw_s1_r16,00404.png,-0.00017289278912357986,0.0001628286554478109
A_raw_s1_r16,00405.png,-0.0017974928487092257,0.0006320804823189974
A_raw_s1_r16,00406.png,0.0004605951253324747,2.5961504434235394e-05
A_raw_s1_r16,00407.png,0.004393818788230419,0.003084673313423991
A_raw_s1_r16,00408.png,0.00042343896348029375,-0.0003137230814900249
A_raw_s1_r16,00409.png,0.0005911772605031729,0.00032608959008939564
A_raw_s1_r16,00410.png,0.0005463443812914193,-0.001639168243855238
A_raw_s1_r16,00411.png,0.0029807318933308125,-0.0005893714842386544
A_raw_s1_r16,00412.png,-0.0028671296313405037,-0.0038817059248685837
A_raw_s1_r16,00413.png,0.0007506004767492414,0.0034320689737796783
A_raw_s1_r16,00414.png,0.001005275291390717,0.0002682559716049582
A_raw_s1_r16,00415.png,0.000900119252037257,-0.0004347674548625946
A_raw_s1_r16,00416.png,0.0027237290050834417,0.003471056232228875
A_raw_s1_r16,00417.png,0.00022749077470507473,0.002418269868940115
A_raw_s1_r16,00418.png,-0.00036487847683019936,0.0006700333906337619
A_raw_s1_r16,00419.png,0.0004361394967418164,-0.0007984979311004281
A_raw_s1_r16,00420.png,-0.0017798984190449119,-0.0020729328971356153
A_raw_s1_r16,00421.png,-0.0008562329458072782,-0.00036466430174186826
A_raw_s1_r16,00422.png,-0.00030353746842592955,0.002931946888566017
A_raw_s1_r16,00423.png,-0.0009070560336112976,-0.0007211951306089759
A_raw_s1_r16,00424.png,0.0011886407155543566,-0.00037677327054552734
A_raw_s1_r16,00425.png,-0.0018948717042803764,0.0011021154932677746
A_raw_s1_r16,00426.png,0.0015068876091390848,0.0017785050440579653
A_raw_s1_r16,00427.png,0.0001275276008527726,0.0008739437907934189
A_raw_s1_r16,00428.png,0.001687807496637106,0.0023612843360751867
A_raw_s1_r16,00429.png,0.0008365787798538804,0.003693336620926857
A_raw_s1_r16,00430.png,0.0006633551674894989,0.0023692992981523275
A_raw_s1_r16,00431.png,0.0017894330667331815,-0.0010547564597800374
A_raw_s1_r16,00432.png,-0.0007242194842547178,0.0013414123095571995
A_raw_s1_r16,00433.png,0.001651823753491044,0.0004771748499479145
A_raw_s1_r16,00434.png,-0.0020288857631385326,-0.0011263001943007112
A_raw_s1_r16,00435.png,-0.000641034625004977,-0.0015462639275938272
A_raw_s1_r16,00436.png,0.001116055529564619,0.0003564045764505863
A_raw_s1_r16,00437.png,-0.0011582752922549844,-0.00044724944746121764
A_raw_s1_r16,00438.png,0.00018556196300778538,-0.0003009607899002731
A_raw_s1_r16,00439.png,0.002638275036588311,0.003484416287392378
A_raw_s1_r16,00440.png,0.0031585944816470146,0.0007580429664812982
A_raw_s1_r16,00441.png,-0.0005570293287746608,-0.0007371215033344924
A_raw_s1_r16,00442.png,-0.001085583004169166,-0.0007829830283299088
A_raw_s1_r16,00443.png,0.0007855817675590515,0.001978770364075899
A_raw_s1_r16,00444.png,-0.0016625529387965798,0.000907164707314223
A_raw_s1_r16,00445.png,-0.0009842261206358671,-0.0007213173084892333
A_raw_s1_r16,00446.png,2.8281081540626474e-05,-0.0016963426023721695
A_raw_s1_r16,00447.png,0.0012877044500783086,0.0014522010460495949
A_raw_s1_r16,00448.png,-0.0009852320654317737,0.001958572305738926
A_raw_s1_r16,00449.png,0.001842120080254972,0.0008980457787401974
A_raw_s1_r16,00450.png,-0.0023975439835339785,-0.0016016457229852676
A_raw_s1_r16,00451.png,0.0016060196794569492,0.0009646397083997726
A_raw_s1_r16,00452.png,0.0001645043375901878,0.00017560132255312055
A_raw_s1_r16,00453.png,0.0008863938273862004,0.002210477367043495
A_raw_s1_r16,00454.png,-0.0008214758709073067,-0.002453181892633438
A_raw_s1_r16,00455.png,-0.002419424708932638,0.0010331248631700873
A_raw_s1_r16,00456.png,-0.0017003001412376761,-0.0017334774602204561
A_raw_s1_r16,00457.png,0.0013888016110286117,0.00036666952655650675
A_raw_s1_r16,00458.png,-0.0008500466356053948,-0.001207259250804782
A_raw_s1_r16,00459.png,0.0004866360395681113,-9.733899059938267e-05
A_raw_s1_r16,00460.png,-0.00045096356188878417,0.0006974231218919158
A_raw_s1_r16,00461.png,0.0022933112923055887,0.0011592927621677518
A_raw_s1_r16,00462.png,0.0009453853126615286,-0.00041438566404394805
A_raw_s1_r16,00463.png,-0.001339545240625739,-0.0019585236441344023
A_raw_s1_r16,00464.png,-0.0007184999994933605,0.0013079774798825383
A_raw_s1_r16,00465.png,-0.000821347173769027,-0.0016832028049975634
A_raw_s1_r16,00466.png,-0.00033927339245565236,-0.0011236529098823667
A_raw_s1_r16,00467.png,0.0020188491325825453,0.000536510196980089
A_raw_s1_r16,00468.png,-0.00020627873891498893,-0.0028788968920707703
A_raw_s1_r16,00469.png,-0.002777993679046631,0.0008538275142200291
A_raw_s1_r16,00470.png,0.0014587931800633669,0.001437207218259573
A_raw_s1_r16,00471.png,0.0008007283322513103,-0.00016243728168774396
A_raw_s1_r16,00476.png,-0.0006303344271145761,0.0009216518956236541
A_raw_s1_r16,00477.png,-0.0009560134494677186,0.0010813144035637379
A_raw_s1_r16,00478.png,-0.00025287288008257747,-0.0007256490644067526
A_raw_s1_r16,00479.png,-0.0005472545744851232,-0.0011023191036656499
A_raw_s1_r16,00472.png,0.0005914588691666722,-0.0002027008158620447
A_raw_s1_r16,00473.png,-0.0025500792544335127,-0.0014636387350037694
A_raw_s1_r16,00474.png,-0.00044576096115633845,-0.0011607492342591286
A_raw_s1_r16,00475.png,0.002629200229421258,0.0028502822387963533
A_raw_s1_r16,00480.png,0.0007588115986436605,0.0006595507147721946
A_raw_s1_r16,00481.png,0.0004885495291091502,0.0005799074424430728
A_raw_s1_r16,00482.png,0.0004113256582058966,-0.002596875187009573
A_raw_s1_r16,00483.png,-0.001402755151502788,0.003235329408198595
A_raw_s1_r16,00484.png,0.0010349777294322848,-0.0005267738597467542
A_raw_s1_r16,00485.png,0.002478106413036585,0.0010102397063747048
A_raw_s1_r16,00486.png,-0.0015994497807696462,-0.003008632455021143
A_raw_s1_r16,00487.png,-0.001683829235844314,-0.0005896470393054187
A_raw_s1_r16,00488.png,-0.0001687337353359908,-0.0006289291195571423
A_raw_s1_r16,00489.png,0.001677072374150157,0.0004864698275923729
A_raw_s1_r16,00490.png,-0.0012527793878689408,0.00015600715414620936
A_raw_s1_r16,00491.png,-0.0008315702434629202,-0.0021161683835089207
A_raw_s1_r16,00492.png,-0.0012932593235746026,-0.004016437567770481
A_raw_s1_r16,00493.png,-0.00010257092071697116,3.4494634746806696e-05
A_raw_s1_r16,00494.png,0.00022380347945727408,-0.000770969083532691
A_raw_s1_r16,00495.png,0.0014812074368819594,0.001131134107708931
A_raw_s1_r16,00496.png,-8.843292016535997e-05,0.0010522754164412618
A_raw_s1_r16,00497.png,-0.0016962462104856968,-0.0015882753068581223
A_raw_s1_r16,00498.png,0.0005354041932150722,-0.0006682850071229041
A_raw_s1_r16,00499.png,0.0007819996098987758,-0.00014874894986860454
A_raw_s2_r16,00000.png,-0.000137015973450616,-0.0010041435016319156
A_raw_s2_r16,00001.png,-0.0008601122535765171,0.0014798264019191265
A_raw_s2_r16,00002.png,-0.0010450833942741156,0.0002452216867823154
A_raw_s2_r16,00003.png,0.001411715871654451,0.0012160676997154951
A_raw_s2_r16,00004.png,0.0010691226925700903,0.0018340353854000568
A_raw_s2_r16,00005.png,0.0006878948770463467,0.00334598938934505
A_raw_s2_r16,00006.png,0.0019074826268479228,-0.0006320966058410704
A_raw_s2_r16,00007.png,-0.0003600923519115895,0.0011277132434770465
A_raw_s2_r16,00008.png,-0.0004526974225882441,-0.0013296396937221289
A_raw_s2_r16,00009.png,-0.0033813610207289457,-0.002330771181732416
A_raw_s2_r16,00010.png,-0.0017631668597459793,-0.000501746719237417
A_raw_s2_r16,00011.png,0.00022594995971303433,0.0024369556922465563
A_raw_s2_r16,00012.png,0.00012631308345589787,-0.003379422938451171
A_raw_s2_r16,00013.png,0.0012246479745954275,0.00014964565343689173
A_raw_s2_r16,00014.png,-0.0006127090891823173,-0.0013744423631578684
A_raw_s2_r16,00015.png,0.0016130879521369934,0.0015731372404843569
A_raw_s2_r16,00016.png,0.0013016732409596443,-9.011527436086908e-05
A_raw_s2_r16,00017.png,-0.001459662802517414,0.0032319382298737764
A_raw_s2_r16,00018.png,-5.306405000737868e-05,0.0020039931405335665
A_raw_s2_r16,00019.png,0.0026644011959433556,-7.610766260768287e-06
A_raw_s2_r16,00020.png,-0.00028551716241054237,0.0008463964331895113
A_raw_s2_r16,00021.png,0.003051759209483862,0.0021140621975064278
A_raw_s2_r16,00022.png,0.0010379015002399683,0.0010786321945488453
A_raw_s2_r16,00023.png,-0.0005985705065540969,-0.0015927513595670462
A_raw_s2_r16,00024.png,0.001114799757488072,-0.0012837379472330213
A_raw_s2_r16,00025.png,-0.0005370503640733659,-0.0037864744663238525
A_raw_s2_r16,00026.png,0.0007559298537671566,0.0017161606810986996
A_raw_s2_r16,00027.png,0.001406644587405026,0.001963821006938815
A_raw_s2_r16,00028.png,0.00010238143295282498,-0.0003846726904157549
A_raw_s2_r16,00029.png,0.0005624569021165371,-0.0006037738639861345
A_raw_s2_r16,00030.png,-0.000724121171515435,-0.0014675915008410811
A_raw_s2_r16,00031.png,0.0004284106835257262,0.0016407694201916456
A_raw_s2_r16,00032.png,0.0003196086618117988,-0.0035742975305765867
A_raw_s2_r16,00033.png,-0.0006279899971559644,0.00017762127390597016
A_raw_s2_r16,00034.png,0.00020158705592621118,0.0016016445588320494
A_raw_s2_r16,00035.png,-0.0007682038121856749,0.0003544753126334399
A_raw_s2_r16,00036.png,-0.000899149221368134,0.00043514074059203267
A_raw_s2_r16,00037.png,0.002773126820102334,-0.00035331491380929947
A_raw_s2_r16,00038.png,-0.0013164101401343942,-0.00037712353514507413
A_raw_s2_r16,00039.png,-0.0005760019412264228,0.0008707609958946705
A_raw_s2_r16,00040.png,-0.0013679973781108856,0.0014519651886075735
A_raw_s2_r16,00041.png,0.00020567732281051576,-0.0010207019513472915
A_raw_s2_r16,00042.png,-0.000577595317736268,0.001484312699176371
A_raw_s2_r16,00043.png,0.001157704391516745,0.00014010955055709928
A_raw_s2_r16,00044.png,0.001156358397565782,0.00017339455371256918
A_raw_s2_r16,00045.png,-0.0005712550482712686,-0.0003919390437658876
A_raw_s2_r16,00046.png,0.0013125059194862843,0.0015636807074770331
A_raw_s2_r16,00047.png,-0.0015018575359135866,-0.0017906855791807175
A_raw_s2_r16,00048.png,-0.0015143045457080007,-2.1868765543331392e-05
A_raw_s2_r16,00049.png,-0.0009036461124196649,-0.001093982718884945
A_raw_s2_r16,00050.png,0.0014103790745139122,-0.000795730680692941
A_raw_s2_r16,00051.png,0.0008175273542292416,0.0017157011898234487
A_raw_s2_r16,00052.png,0.0012362137204036117,0.0008644880726933479
A_raw_s2_r16,00053.png,-0.001112678088247776,0.00030051256180740893
A_raw_s2_r16,00054.png,-0.0020134428050369024,-0.002300580032169819
A_raw_s2_r16,00055.png,-0.0012955802958458662,-0.0025870823301374912
A_raw_s2_r16,00056.png,-0.0016195717034861445,-0.0029592877253890038
A_raw_s2_r16,00057.png,-0.0013810142409056425,-0.0016140462830662727
A_raw_s2_r16,00058.png,-0.0020360383205115795,0.00028199280495755374
A_raw_s2_r16,00059.png,-0.00016952188161667436,-0.00017864437540993094
A_raw_s2_r16,00060.png,-0.0008401403902098536,-0.0001606967707630247
A_raw_s2_r16,00061.png,-0.0003575220762286335,-0.00030366622377187014
A_raw_s2_r16,00062.png,-0.0027916766703128815,-0.0008349950658157468
A_raw_s2_r16,00063.png,0.0011722726048901677,-0.00043194356840103865
A_raw_s2_r16,00064.png,-0.0009328109445050359,0.001309277256950736
A_raw_s2_r16,00065.png,0.0001689368800725788,0.0017433235188946128
A_raw_s2_r16,00066.png,0.0015550797106698155,-0.0010827957885339856
A_raw_s2_r16,00067.png,-0.0002745211822912097,0.001025842153467238
A_raw_s2_r16,00068.png,0.002084523206576705,0.0014519807882606983
A_raw_s2_r16,00069.png,-0.000617976940702647,-0.00029571150662377477
A_raw_s2_r16,00070.png,0.0020034508779644966,0.0010178502416238189
A_raw_s2_r16,00071.png,0.0006174914306029677,0.000211864520679228
A_raw_s2_r16,00072.png,0.0007948045386001468,0.0003959790919907391
A_raw_s2_r16,00073.png,0.00015481925220228732,0.00119409232866019
A_raw_s2_r16,00074.png,-0.0006459240685217083,0.0002177968417527154
A_raw_s2_r16,00075.png,-0.0009674340253695846,0.0013082486111670732
A_raw_s2_r16,00076.png,0.0023974596988409758,-0.0004799655289389193
A_raw_s2_r16,00077.png,-0.0004893068689852953,-0.002912461291998625
A_raw_s2_r16,00078.png,0.0006231419392861426,0.00018554266716819257
A_raw_s2_r16,00079.png,-0.00016975404287222773,-0.0029786378145217896
A_raw_s2_r16,00080.png,-0.0025197318755090237,-0.0021251265425235033
A_raw_s2_r16,00081.png,0.00044670645729638636,-0.001090650912374258
A_raw_s2_r16,00082.png,0.0004511351289693266,-0.0023353854194283485
A_raw_s2_r16,00083.png,-0.0008302525384351611,0.0020275209099054337
A_raw_s2_r16,00084.png,0.00013366779603529721,0.0007354291738010943
A_raw_s2_r16,00085.png,-0.000959634140599519,-0.0013279184931889176
A_raw_s2_r16,00086.png,-0.0021552161779254675,-0.0007553568575531244
A_raw_s2_r16,00087.png,0.003846575738862157,-0.0011479618260636926
A_raw_s2_r16,00088.png,-0.001317887450568378,0.00016861490439623594
A_raw_s2_r16,00089.png,-0.0004334412806201726,-0.0003576246672309935
A_raw_s2_r16,00090.png,-0.0016261106356978416,-0.0010061736684292555
A_raw_s2_r16,00091.png,-5.950785634922795e-05,-0.0003865492471959442
A_raw_s2_r16,00092.png,-0.0012180202174931765,-0.0016684222500771284
A_raw_s2_r16,00093.png,-0.00024492593365721405,0.0007440143381245434
A_raw_s2_r16,00094.png,0.0025928879622370005,0.001003723475150764
A_raw_s2_r16,00095.png,-0.00011748409451683983,0.001789801986888051
A_raw_s2_r16,00096.png,0.0005648874794133008,-0.00041139416862279177
A_raw_s2_r16,00097.png,-0.00014064233982935548,-0.00040276849176734686
A_raw_s2_r16,00098.png,-0.0011507991002872586,-0.00048798409989103675
A_raw_s2_r16,00099.png,-0.0012811104534193873,-0.0024232580326497555
A_raw_s2_r16,00100.png,-0.0009660182404331863,-0.003375910921022296
A_raw_s2_r16,00101.png,0.00011066968727391213,0.0007669822662137449
A_raw_s2_r16,00102.png,-0.00047046091640368104,-0.0004734406538773328
A_raw_s2_r16,00103.png,-0.001403182977810502,0.0007838939200155437
A_raw_s2_r16,00104.png,6.65022453176789e-05,0.0006810787599533796
A_raw_s2_r16,00105.png,6.846586620667949e-05,-0.00014278938760980964
A_raw_s2_r16,00106.png,0.00042146246414631605,0.001128230127505958
A_raw_s2_r16,00107.png,0.0010371486423537135,-0.0038613034412264824
A_raw_s2_r16,00112.png,-0.0009595624869689345,-0.0008810150902718306
A_raw_s2_r16,00113.png,-0.0006533866981044412,-0.0003624727833084762
A_raw_s2_r16,00114.png,-0.0028424947522580624,0.0007661781273782253
A_raw_s2_r16,00115.png,-0.0002606752677820623,0.00025155823095701635
A_raw_s2_r16,00108.png,0.0006962903426028788,0.0006436178809963167
A_raw_s2_r16,00109.png,0.0005581449368037283,6.012515223119408e-05
A_raw_s2_r16,00110.png,7.986182754393667e-05,0.00047842596541158855
A_raw_s2_r16,00111.png,0.0013526537222787738,-0.0006617279723286629
A_raw_s2_r16,00116.png,-0.0007100142538547516,0.0004942531231790781
A_raw_s2_r16,00117.png,-0.003200676990672946,0.002023508073762059
A_raw_s2_r16,00118.png,-0.0004052771255373955,-0.0014932136982679367
A_raw_s2_r16,00119.png,0.004646575544029474,0.00047234364319592714
A_raw_s2_r16,00120.png,-0.001142592984251678,0.0009154222789220512
A_raw_s2_r16,00121.png,0.002350209280848503,0.002408671425655484
A_raw_s2_r16,00122.png,-0.0007738481508567929,-0.0006134207360446453
A_raw_s2_r16,00123.png,0.001521986909210682,0.00017327602836303413
A_raw_s2_r16,00124.png,-0.0007992562605068088,0.0008156690746545792
A_raw_s2_r16,00125.png,0.0009790483163669705,-0.00045517453690990806
A_raw_s2_r16,00126.png,-0.0010182970436289907,0.0011398823698982596
A_raw_s2_r16,00127.png,0.002814623760059476,-0.002136404626071453
A_raw_s2_r16,00128.png,0.0005764135858044028,-0.0003510661772452295
A_raw_s2_r16,00129.png,0.0008504792349413037,0.0012202155776321888
A_raw_s2_r16,00130.png,-0.001105771167203784,0.0007289116620086133
A_raw_s2_r16,00131.png,0.0012644417583942413,0.0016895332373678684
A_raw_s2_r16,00132.png,0.0011726648081094027,-0.00013176794163882732
A_raw_s2_r16,00133.png,-0.001243483042344451,-0.0010715804528445005
A_raw_s2_r16,00134.png,0.0019108206033706665,0.00033868380705825984
A_raw_s2_r16,00135.png,0.0008356705075129867,-0.00038931224844418466
A_raw_s2_r16,00136.png,0.0007500745705328882,0.002747249323874712
A_raw_s2_r16,00137.png,-0.0017686353530734777,0.0005077160894870758
A_raw_s2_r16,00138.png,0.0009796898812055588,-0.001386386575177312
A_raw_s2_r16,00139.png,-0.0023140180855989456,-0.0003793731448240578
A_raw_s2_r16,00140.png,0.0012099217856302857,0.0004988897708244622
A_raw_s2_r16,00141.png,0.0019394179107621312,0.003395284526050091
A_raw_s2_r16,00142.png,0.0011046889703720808,0.001392511883750558
A_raw_s2_r16,00143.png,-0.001557264942675829,-0.0005735733429901302
A_raw_s2_r16,00152.png,-0.0004670053895097226,-0.003244783030822873
A_raw_s2_r16,00153.png,-9.04921762412414e-05,-0.0023489075247198343
A_raw_s2_r16,00154.png,-0.00048359992797486484,0.0011066623264923692
A_raw_s2_r16,00155.png,-0.0019756751134991646,-0.001939870067872107
A_raw_s2_r16,00144.png,-0.0003373268700670451,0.001075270469300449
A_raw_s2_r16,00145.png,0.001530595705844462,0.0010058889165520668
A_raw_s2_r16,00146.png,-0.0013738969573751092,6.063764885766432e-05
A_raw_s2_r16,00147.png,-0.002594489138573408,-0.0014431154122576118
A_raw_s2_r16,00148.png,0.0006408440531231463,0.001643290976062417
A_raw_s2_r16,00149.png,-0.0007188988383859396,0.0019670750480145216
A_raw_s2_r16,00150.png,-0.003269205102697015,-0.0007773566176183522
A_raw_s2_r16,00151.png,-0.0017859087092801929,-0.0009654853492975235
A_raw_s2_r16,00156.png,-3.2210344215855e-05,0.0005612228997051716
A_raw_s2_r16,00157.png,-0.0009170823032036424,0.000615642115008086
A_raw_s2_r16,00158.png,0.0010449275141581893,0.0017193106468766928
A_raw_s2_r16,00159.png,0.0009184451773762703,-0.0009071101667359471
A_raw_s2_r16,00160.png,0.0002979152195621282,-0.0016298365080729127
A_raw_s2_r16,00161.png,-1.7993292203755118e-05,-0.0004082854138687253
A_raw_s2_r16,00162.png,0.0006513285334222019,-0.00031025370117276907
A_raw_s2_r16,00163.png,8.268468809546903e-05,0.0014606008771806955
A_raw_s2_r16,00168.png,-0.0005387135897763073,-1.195187542180065e-05
A_raw_s2_r16,00169.png,-0.0014166146283969283,-0.000656608899589628
A_raw_s2_r16,00170.png,0.0003181193897034973,-0.0006488872459158301
A_raw_s2_r16,00171.png,0.0005053701461292803,-0.0007572534959763288
A_raw_s2_r16,00164.png,-0.0025895831640809774,-0.0004077430930919945
A_raw_s2_r16,00165.png,-0.0005528060137294233,0.0002798577770590782
A_raw_s2_r16,00166.png,0.0005572143127210438,0.0003589765983633697
A_raw_s2_r16,00167.png,-0.0017038137884810567,6.628820301557425e-06
A_raw_s2_r16,00172.png,0.0035677410196512938,0.00217279139906168
A_raw_s2_r16,00173.png,-0.0016454150900244713,0.0002996655530296266
A_raw_s2_r16,00174.png,-0.003402805421501398,-0.0006263399263843894
A_raw_s2_r16,00175.png,0.002142590004950762,0.0017334673320874572
A_raw_s2_r16,00176.png,7.939770512166433e-07,0.002276345156133175
A_raw_s2_r16,00177.png,0.003078747307881713,0.004091961774975061
A_raw_s2_r16,00178.png,-0.00044193179928697646,6.145129736978561e-05
A_raw_s2_r16,00179.png,-0.0007524819229729474,-0.0005460485117509961
A_raw_s2_r16,00180.png,-0.0004904659581370652,-0.0006678078207187355
A_raw_s2_r16,00181.png,0.0013047450920566916,-1.5573736163787544e-05
A_raw_s2_r16,00182.png,0.0007148822187446058,-0.00014738501340616494
A_raw_s2_r16,00183.png,0.0002917981764767319,0.0005814960459247231
A_raw_s2_r16,00184.png,-0.0006890797521919012,0.0004015633021481335
A_raw_s2_r16,00185.png,0.0009042109013535082,0.0011377357877790928
A_raw_s2_r16,00186.png,0.0003160316264256835,0.0012729496229439974
A_raw_s2_r16,00187.png,0.0019035465084016323,0.0015557899605482817
A_raw_s2_r16,00188.png,0.0015672077424824238,0.0007596788345836103
A_raw_s2_r16,00189.png,-0.0010464839870110154,0.0007676031091250479
A_raw_s2_r16,00190.png,-0.0005012692417949438,0.0002699773176573217
A_raw_s2_r16,00191.png,-0.0006917988648638129,-0.0014723573112860322
A_raw_s2_r16,00192.png,-0.0006149989203549922,-0.0013180727837607265
A_raw_s2_r16,00193.png,-1.3396394933806732e-05,0.00011077789531555027
A_raw_s2_r16,00194.png,0.0011454232735559344,0.0008395359036512673
A_raw_s2_r16,00195.png,-0.0007679222617298365,0.0011818710481747985
A_raw_s2_r16,00196.png,0.001144640613347292,-0.0006495962734334171
A_raw_s2_r16,00197.png,0.0008956637466326356,0.0028339107520878315
A_raw_s2_r16,00198.png,0.0018527173670008779,0.002078248420730233
A_raw_s2_r16,00199.png,0.0006747054285369813,-0.0006448781350627542
A_raw_s2_r16,00200.png,-0.0026978421956300735,-0.0021420163102447987
A_raw_s2_r16,00201.png,-0.0006894231773912907,-0.0022735835518687963
A_raw_s2_r16,00202.png,-5.4095326049719006e-05,2.0827847038162872e-05
A_raw_s2_r16,00203.png,0.0026102617848664522,0.000983656384050846
A_raw_s2_r16,00204.png,0.0012366540031507611,0.0009638287592679262
A_raw_s2_r16,00205.png,-9.544512431602925e-05,-0.00010908898548223078
A_raw_s2_r16,00206.png,-0.0001688092015683651,-0.0003522982879076153
A_raw_s2_r16,00207.png,-0.0002871968608815223,-0.0005904595600441098
A_raw_s2_r16,00208.png,-0.0006858344422653317,0.0002063694118987769
A_raw_s2_r16,00209.png,0.003192042000591755,0.0011370007414370775
A_raw_s2_r16,00210.png,-0.0013017404126003385,0.0010301378788426518
A_raw_s2_r16,00211.png,-0.0024566063657402992,0.00019316408724989742
A_raw_s2_r16,00212.png,-0.0009267143323086202,-0.002127915620803833
A_raw_s2_r16,00213.png,0.0009444101597182453,-0.0009391177445650101
A_raw_s2_r16,00214.png,-0.00032006626133807003,-0.0016403784975409508
A_raw_s2_r16,00215.png,0.00011930715118069202,0.0020006773993372917
A_raw_s2_r16,00216.png,0.0033181325998157263,0.0007921579526737332
A_raw_s2_r16,00217.png,0.0007178623345680535,-0.002482558600604534
A_raw_s2_r16,00218.png,-0.0009740327950567007,0.001505848951637745
A_raw_s2_r16,00219.png,0.0005570393404923379,0.001552870962768793
A_raw_s2_r16,00220.png,-0.000824302900582552,0.0014542898861691356
A_raw_s2_r16,00221.png,0.00147281086537987,-0.00020547980966512114
A_raw_s2_r16,00222.png,-0.0012157196179032326,0.00040143681690096855
A_raw_s2_r16,00223.png,-0.0003091940307058394,0.0012187757529318333
A_raw_s2_r16,00224.png,0.0001889252889668569,-9.221152868121862e-05
A_raw_s2_r16,00225.png,-9.735500498209149e-06,-8.008680742932484e-05
A_raw_s2_r16,00226.png,0.001721701119095087,0.0019191204337403178
A_raw_s2_r16,00227.png,-0.0007879439508542418,-1.104536477214424e-05
A_raw_s2_r16,00228.png,-0.00013559807848650962,0.0007213452481664717
A_raw_s2_r16,00229.png,-0.0007303730235435069,0.00018027597980108112
A_raw_s2_r16,00230.png,-0.000453477434348315,0.0009738607332110405
A_raw_s2_r16,00231.png,-2.753725493676029e-05,-0.0006350186304189265
A_raw_s2_r16,00232.png,-0.0039404649287462234,0.0017923836130648851
A_raw_s2_r16,00233.png,0.0031881392933428288,-0.0009447255288250744
A_raw_s2_r16,00234.png,0.0010820587631314993,0.0013931570574641228
A_raw_s2_r16,00235.png,0.001406202674843371,0.0019329682691022754
A_raw_s2_r16,00236.png,0.0014154133386909962,0.001774787437170744
A_raw_s2_r16,00237.png,-0.00012102572509320453,-0.0015866865869611502
A_raw_s2_r16,00238.png,-0.0008871263707987964,-0.00013866416702512652
A_raw_s2_r16,00239.png,0.0009771554032340646,-0.0009315996430814266
A_raw_s2_r16,00240.png,-0.0009133765124715865,0.001655588741414249
A_raw_s2_r16,00241.png,-0.0012811737833544612,0.0030123393516987562
A_raw_s2_r16,00242.png,-0.000491428014356643,-0.0012586391530930996
A_raw_s2_r16,00243.png,-0.0002860377135220915,-0.0012128083035349846
A_raw_s2_r16,00244.png,-0.001072971965186298,0.0027480514254420996
A_raw_s2_r16,00245.png,-0.0011228711809962988,-0.0014909054152667522
A_raw_s2_r16,00246.png,-0.00031465754727832973,-0.00055259297369048
A_raw_s2_r16,00247.png,-0.0020185622852295637,0.0003426791517995298
A_raw_s2_r16,00248.png,0.0009439081186428666,0.0022347860503941774
A_raw_s2_r16,00249.png,-0.001162731321528554,-0.00022517802426591516
A_raw_s2_r16,00250.png,0.00012181780039099976,0.001046972582116723
A_raw_s2_r16,00251.png,-0.0005529570044018328,0.0004574352060444653
A_raw_s2_r16,00252.png,0.0005697189480997622,0.0006394317024387419
A_raw_s2_r16,00253.png,-0.0003915713168680668,0.0013509420678019524
A_raw_s2_r16,00254.png,0.0007396673317998648,0.00023244776821229607
A_raw_s2_r16,00255.png,-0.00034652266185730696,0.0006743576377630234
A_raw_s2_r16,00256.png,0.0004931490402668715,0.0020770151168107986
A_raw_s2_r16,00257.png,0.0014897919027134776,0.00017549839685671031
A_raw_s2_r16,00258.png,-0.0004055891768075526,0.0010920173954218626
A_raw_s2_r16,00259.png,-0.0012780938996002078,-0.0024554117117077112
A_raw_s2_r16,00260.png,-0.0009911071974784136,0.0018305390840396285
A_raw_s2_r16,00261.png,-0.0004113304312340915,0.001765871187672019
A_raw_s2_r16,00262.png,0.0005195112898945808,4.394007919472642e-05
A_raw_s2_r16,00263.png,-0.0005263970233500004,0.00046968634705990553
A_raw_s2_r16,00264.png,-0.0014236947754397988,0.0005725437076762319
A_raw_s2_r16,00265.png,0.001257631927728653,-0.0014143899315968156
A_raw_s2_r16,00266.png,-0.0003845028404612094,-0.00027332600438967347
A_raw_s2_r16,00267.png,-0.0005464879213832319,-0.0015267306007444859
A_raw_s2_r16,00268.png,-6.317963561741635e-05,-0.0009563051862642169
A_raw_s2_r16,00269.png,0.0024624706711620092,0.002983059035614133
A_raw_s2_r16,00270.png,-0.000856235739775002,-0.00043144269147887826
A_raw_s2_r16,00271.png,-0.0005210653180256486,-0.0021272606682032347
A_raw_s2_r16,00272.png,-0.0014884251868352294,-0.00041237447294406593
A_raw_s2_r16,00273.png,-0.0011215610429644585,-0.0014237381983548403
A_raw_s2_r16,00274.png,-0.0010436883894726634,0.002669282490387559
A_raw_s2_r16,00275.png,-0.0005009717424400151,-0.00272922869771719
A_raw_s2_r16,00276.png,0.0009692570893093944,0.0006375395460054278
A_raw_s2_r16,00277.png,-0.0013375343987718225,-1.1080591320933308e-05
A_raw_s2_r16,00278.png,-8.238759619416669e-05,-0.00043756008381024003
A_raw_s2_r16,00279.png,-0.0022088850382715464,0.0009454685496166348
A_raw_s2_r16,00280.png,-0.0007710334612056613,-0.0005844898405484855
A_raw_s2_r16,00281.png,0.0039900545962154865,0.000490087375510484
A_raw_s2_r16,00282.png,0.0011118195252493024,0.0003212120500393212
A_raw_s2_r16,00283.png,0.0006431703804992139,-0.0007851291447877884
A_raw_s2_r16,00288.png,0.0005315841408446431,0.0015992396511137486
A_raw_s2_r16,00289.png,-0.0003313402703497559,-0.0004665998858399689
A_raw_s2_r16,00290.png,0.0007733028032816947,-0.0014245710335671902
A_raw_s2_r16,00291.png,-0.0016429044771939516,-0.003063715063035488
A_raw_s2_r16,00284.png,-0.002939557423815131,-0.001009530620649457
A_raw_s2_r16,00285.png,-9.646240505389869e-05,-0.0008803121163509786
A_raw_s2_r16,00286.png,0.002955319592729211,0.0008690710528753698
A_raw_s2_r16,00287.png,-0.003003443591296673,-0.0019349633948877454
A_raw_s2_r16,00292.png,-0.00032978630042634904,-0.0009675609762780368
A_raw_s2_r16,00293.png,0.0011247146176174283,0.00015140394680202007
A_raw_s2_r16,00294.png,-0.0006728968000970781,-0.001399631961248815
A_raw_s2_r16,00295.png,0.00011596114927669987,0.0010211676126345992
A_raw_s2_r16,00296.png,0.001435602200217545,0.0003718553052749485
A_raw_s2_r16,00297.png,-0.002479489427059889,-0.00036594548146240413
A_raw_s2_r16,00298.png,-0.0008759463089518249,-0.000980472075752914
A_raw_s2_r16,00299.png,-0.002011762699112296,0.0007649933686479926
A_raw_s2_r16,00300.png,0.0014534069923684,-0.0016407185466960073
A_raw_s2_r16,00301.png,-0.0005126194446347654,-0.00013849529204890132
A_raw_s2_r16,00302.png,0.0026802325155586004,-0.003183000488206744
A_raw_s2_r16,00303.png,-0.00014584252494387329,-0.00013398739974945784
A_raw_s2_r16,00304.png,0.00019921721832361072,0.002254609717056155
A_raw_s2_r16,00305.png,0.0006500803865492344,0.0013722360599786043
A_raw_s2_r16,00306.png,0.000585101661272347,0.001235969248227775
A_raw_s2_r16,00307.png,0.0004663223517127335,7.218873361125588e-05
A_raw_s2_r16,00308.png,2.3059468730934896e-05,9.80114327830961e-06
A_raw_s2_r16,00309.png,-7.92512291809544e-05,0.00027299614157527685
A_raw_s2_r16,00310.png,0.0014411016600206494,-0.0009730368619784713
A_raw_s2_r16,00311.png,-0.0011779620544984937,0.0016142430249601603
A_raw_s2_r16,00312.png,0.0007420108886435628,-0.0005471588228829205
A_raw_s2_r16,00313.png,0.0004413766146171838,4.0358070691581815e-05
A_raw_s2_r16,00314.png,-0.001544052385725081,0.0011943753343075514
A_raw_s2_r16,00315.png,-0.0020695601124316454,-0.0008581966976635158
A_raw_s2_r16,00316.png,-0.0007326451595872641,0.0003761525440495461
A_raw_s2_r16,00317.png,-0.0018210986163467169,-0.0016103259986266494
A_raw_s2_r16,00318.png,-0.0004189345636405051,0.001113662961870432
A_raw_s2_r16,00319.png,-0.00038729183143004775,0.0007778261788189411
A_raw_s2_r16,00320.png,-0.00019243353744968772,0.0011863528052344918
A_raw_s2_r16,00321.png,0.002332425909116864,0.0007644210709258914
A_raw_s2_r16,00322.png,-0.0007989874575287104,-0.00045295237214304507
A_raw_s2_r16,00323.png,-0.0002512803766876459,0.001999087631702423
A_raw_s2_r16,00324.png,0.0016570227453485131,0.0009796085068956017
A_raw_s2_r16,00325.png,0.0007786910864524543,0.002315385267138481
A_raw_s2_r16,00326.png,0.003375706262886524,0.0018537649884819984
A_raw_s2_r16,00327.png,0.0017640608130022883,0.0009597647585906088
A_raw_s2_r16,00328.png,-0.0004684698360506445,0.0003185768146067858
A_raw_s2_r16,00329.png,0.0011535666417330503,5.551164940698072e-05
A_raw_s2_r16,00330.png,0.0010365478228777647,-0.0005690066609531641
A_raw_s2_r16,00331.png,0.002174919471144676,-0.0016759244026616216
A_raw_s2_r16,00332.png,0.0031275413930416107,0.0005023138364776969
A_raw_s2_r16,00333.png,5.228748250374338e-06,0.001255989307537675
A_raw_s2_r16,00334.png,0.0009938396979123354,0.0007465693051926792
A_raw_s2_r16,00335.png,-0.0012257675407454371,-0.0013425889192149043
A_raw_s2_r16,00336.png,-0.0007166341529227793,-0.0024034103844314814
A_raw_s2_r16,00337.png,-2.590008261904586e-05,-0.0008012939943000674
A_raw_s2_r16,00338.png,0.0007167801959440112,-0.00037208443973213434
A_raw_s2_r16,00339.png,0.0008293899591080844,-0.0013088026316836476
A_raw_s2_r16,00340.png,-0.0009523629560135305,-0.001676185755059123
A_raw_s2_r16,00341.png,-0.00012288604921195656,0.0011689795646816492
A_raw_s2_r16,00342.png,-0.0011786416871473193,-0.0029238066636025906
A_raw_s2_r16,00343.png,-0.00018258689669892192,8.70777148520574e-05
A_raw_s2_r16,00344.png,-0.0013578522484749556,0.0009324849816039205
A_raw_s2_r16,00345.png,0.00036524730967357755,-0.00040246572461910546
A_raw_s2_r16,00346.png,-0.0010025373194366693,-0.0005754444864578545
A_raw_s2_r16,00347.png,1.5942900063237175e-05,-0.00036890519550070167
A_raw_s2_r16,00348.png,-0.0004112072929274291,0.001876930589787662
A_raw_s2_r16,00349.png,0.0014889591839164495,0.003339264541864395
A_raw_s2_r16,00350.png,0.0007436333689838648,0.00017359152843710035
A_raw_s2_r16,00351.png,0.0007743747555650771,-0.0005813740426674485
A_raw_s2_r16,00352.png,0.0016789832152426243,0.002488574245944619
A_raw_s2_r16,00353.png,0.001224166015163064,-0.0006968402885831892
A_raw_s2_r16,00354.png,0.0005527660832740366,0.0010550502920523286
A_raw_s2_r16,00355.png,-0.001380840316414833,-0.00019045930821448565
A_raw_s2_r16,00356.png,1.991882163565606e-05,-0.0005221595638431609
A_raw_s2_r16,00357.png,0.001431655720807612,0.0007667293539270759
A_raw_s2_r16,00358.png,0.00043345693848095834,-0.0008071874617598951
A_raw_s2_r16,00359.png,-8.977503603091463e-05,-0.0005471199401654303
A_raw_s2_r16,00360.png,-0.0004652371571864933,-0.0019412088440731168
A_raw_s2_r16,00361.png,-0.0018641732167452574,0.00199155043810606
A_raw_s2_r16,00362.png,-0.0013763834722340107,0.0007953449385240674
A_raw_s2_r16,00363.png,9.551762923365459e-05,-0.0029956467915326357
A_raw_s2_r16,00364.png,-0.0030714867170900106,0.0017214615363627672
A_raw_s2_r16,00365.png,-0.0004074789467267692,-0.0023054517805576324
A_raw_s2_r16,00366.png,0.001212532864883542,0.00012686075933743268
A_raw_s2_r16,00367.png,0.0003533535054884851,0.002498290268704295
A_raw_s2_r16,00368.png,0.0015053384704515338,-1.524983781564515e-05
A_raw_s2_r16,00369.png,-0.0003388320910744369,-0.0019622815307229757
A_raw_s2_r16,00370.png,-0.0009907757630571723,-0.00013010615657549351
A_raw_s2_r16,00371.png,0.0014993244549259543,0.0015577382873743773
A_raw_s2_r16,00372.png,-0.00016156616038642824,-0.0005508591420948505
A_raw_s2_r16,00373.png,-0.0008693385752849281,0.0005617851275019348
A_raw_s2_r16,00374.png,6.974618008825928e-05,9.25061249290593e-05
A_raw_s2_r16,00375.png,-0.00017359419143758714,-0.001243489095941186
A_raw_s2_r16,00376.png,0.00030731590231880546,-0.0003216810873709619
A_raw_s2_r16,00377.png,0.0003031376108992845,0.0008066165610216558
A_raw_s2_r16,00378.png,-0.0011894095223397017,-0.0012034057872369885
A_raw_s2_r16,00379.png,-0.00011502573033794761,0.0004926418769173324
A_raw_s2_r16,00380.png,-0.0019158209906890988,1.0876517990254797e-05
A_raw_s2_r16,00381.png,0.00014934926002752036,-0.001332970685325563
A_raw_s2_r16,00382.png,0.0007288650376722217,-0.001148371258750558
A_raw_s2_r16,00383.png,0.0015712291933596134,5.3381987527245656e-05
A_raw_s2_r16,00384.png,-0.0006264204857870936,-0.0004009473486803472
A_raw_s2_r16,00385.png,-0.0023534009233117104,0.0009068261715583503
A_raw_s2_r16,00386.png,-0.0009670347208157182,0.0
A_raw_s2_r16,00387.png,-0.0009302221587859094,0.0007790561066940427
A_raw_s2_r16,00388.png,0.0007726323092356324,0.0011056751245632768
A_raw_s2_r16,00389.png,-0.0013427253579720855,-0.001413758029229939
A_raw_s2_r16,00390.png,0.0012103543849661946,-0.0006607898394577205
A_raw_s2_r16,00391.png,0.002656029537320137,0.00027579255402088165
A_raw_s2_r16,00392.png,0.0023707104846835136,-0.00039651693077757955
A_raw_s2_r16,00393.png,-0.0004741201701108366,0.0002801668015308678
A_raw_s2_r16,00394.png,0.0018192334100604057,-0.0013748491182923317
A_raw_s2_r16,00395.png,-0.0008620860753580928,0.00018579761672299355
A_raw_s2_r16,00396.png,-0.00026246142806485295,0.0005593911628238857
A_raw_s2_r16,00397.png,0.0029729024972766638,-0.0006070476956665516
A_raw_s2_r16,00398.png,0.0006601091590709984,0.000669605506118387
A_raw_s2_r16,00399.png,-0.00034453970147296786,-0.00022585790429729968
A_raw_s2_r16,00400.png,0.0007816673605702817,0.0019415997667238116
A_raw_s2_r16,00401.png,0.0003134041326120496,0.000575051293708384
A_raw_s2_r16,00402.png,0.0005222411127761006,-0.00029227841878309846
A_raw_s2_r16,00403.png,-0.00041513534961268306,-0.0018968875519931316
A_raw_s2_r16,00404.png,0.00016913432045839727,0.002433032263070345
A_raw_s2_r16,00405.png,-0.00237373448908329,0.00041648891055956483
A_raw_s2_r16,00406.png,3.1160758226178586e-05,0.00015109454398043454
A_raw_s2_r16,00407.png,0.002539331093430519,0.0005045927246101201
A_raw_s2_r16,00408.png,0.00044986544526182115,-0.0013528648996725678
A_raw_s2_r16,00409.png,0.0010799012379720807,0.0021875554230064154
A_raw_s2_r16,00410.png,-0.0006668419810011983,-0.0005164318135939538
A_raw_s2_r16,00411.png,0.003178530838340521,-0.0005381809896789491
A_raw_s2_r16,00412.png,-0.0022420596797019243,-0.0034505445510149
A_raw_s2_r16,00413.png,0.0008789302664808929,-0.00018927536439150572
A_raw_s2_r16,00414.png,0.00123793154489249,-0.0005311268614605069
A_raw_s2_r16,00415.png,0.001357891596853733,1.818961936805863e-05
A_raw_s2_r16,00416.png,0.002893798751756549,0.002247768919914961
A_raw_s2_r16,00417.png,-0.0004124465922359377,0.0030188625678420067
A_raw_s2_r16,00418.png,0.0005892683984711766,-0.0001024615194182843
A_raw_s2_r16,00419.png,-0.0007059938507154584,-0.0004626013687811792
A_raw_s2_r16,00420.png,0.0005157666746526957,0.00014227608335204422
A_raw_s2_r16,00421.png,0.0011885996209457517,0.0006447422201745212
A_raw_s2_r16,00422.png,-0.00015005662862677127,0.004866038449108601
A_raw_s2_r16,00423.png,0.0012625937815755606,0.00022440090833697468
A_raw_s2_r16,00424.png,0.002087013330310583,0.0011408725986257195
A_raw_s2_r16,00425.png,-0.0012087604263797402,0.0007094161119312048
A_raw_s2_r16,00426.png,0.0008977829711511731,0.002494202693924308
A_raw_s2_r16,00427.png,-0.0006034983671270311,0.000928433844819665
A_raw_s2_r16,00428.png,0.00036030879709869623,-0.001034873421303928
A_raw_s2_r16,00429.png,0.0009194380254484713,0.003133811755105853
A_raw_s2_r16,00430.png,0.00017310702241957188,0.0019250917248427868
A_raw_s2_r16,00431.png,-8.176673873094842e-05,-0.0025390749797225
A_raw_s2_r16,00432.png,0.0006065330235287547,0.00041984705603681505
A_raw_s2_r16,00433.png,0.0012430495116859674,0.0019181298557668924
A_raw_s2_r16,00434.png,-0.0023043365217745304,0.0011625407496467233
A_raw_s2_r16,00435.png,-0.0015402596909552813,-0.0017206164775416255
A_raw_s2_r16,00436.png,6.5790059124992695e-06,-0.000492489489261061
A_raw_s2_r16,00437.png,-0.0012194577138870955,-0.0005635189008899033
A_raw_s2_r16,00438.png,-0.0010758936405181885,0.001521373982541263
A_raw_s2_r16,00439.png,0.001039446098729968,0.003063627053052187
A_raw_s2_r16,00440.png,0.000899803068023175,0.0011433945037424564
A_raw_s2_r16,00441.png,0.0003213593445252627,-0.001337310648523271
A_raw_s2_r16,00442.png,-0.0030012091156095266,-0.001415038714185357
A_raw_s2_r16,00443.png,-0.000254286453127861,0.001147173112258315
A_raw_s2_r16,00444.png,-0.0009042765013873577,0.000663718325085938
A_raw_s2_r16,00445.png,0.00010484510858077556,-0.0008902617264539003
A_raw_s2_r16,00446.png,-0.0004970647278241813,-0.0014359152410179377
A_raw_s2_r16,00447.png,-0.0006584834191016853,0.0013543383684009314
A_raw_s2_r16,00448.png,0.0007375564309768379,0.0006130865658633411
A_raw_s2_r16,00449.png,0.0015006500761955976,0.0006243709940463305
A_raw_s2_r16,00450.png,-0.0006008345517329872,-0.0005800224025733769
A_raw_s2_r16,00451.png,0.0019296894315630198,0.001693213009275496
A_raw_s2_r16,00452.png,-0.0021952292881906033,-0.004051171708852053
A_raw_s2_r16,00453.png,-0.0018242406658828259,0.0018022718140855432
A_raw_s2_r16,00454.png,0.0017793691949918866,-0.000764528987929225
A_raw_s2_r16,00455.png,-0.0024877493269741535,0.0015546594513580203
A_raw_s2_r16,00460.png,-0.0017917720833793283,-0.0035412530414760113
A_raw_s2_r16,00461.png,0.0011470308527350426,0.0006730040186084807
A_raw_s2_r16,00462.png,-5.782655989605701e-06,0.00010747257329057902
A_raw_s2_r16,00463.png,-0.000361671787686646,-0.0013509957352653146
A_raw_s2_r16,00464.png,-0.002541504567489028,0.00017744490469340235
A_raw_s2_r16,00465.png,-0.0011523541761562228,-0.001041300711221993
A_raw_s2_r16,00466.png,-0.0001634234213270247,-0.002137088915333152
A_raw_s2_r16,00467.png,0.002025528345257044,-0.00038332579424604774
A_raw_s2_r16,00456.png,0.00034423021133989096,-0.0008520662086084485
A_raw_s2_r16,00457.png,0.0021926506888121367,0.002162686549127102
A_raw_s2_r16,00458.png,-0.0007241764687933028,0.001319484319537878
A_raw_s2_r16,00459.png,-0.0005771766882389784,0.0002960946294479072
A_raw_s2_r16,00468.png,-0.0016412953846156597,-0.0009453424718230963
A_raw_s2_r16,00469.png,-0.0007578881923109293,0.002355575328692794
A_raw_s2_r16,00470.png,-0.0001570278691360727,0.001953811151906848
A_raw_s2_r16,00471.png,0.0022011040709912777,0.0019518962362781167
A_raw_s2_r16,00472.png,-0.00042474668589420617,-0.0013831148389726877
A_raw_s2_r16,00473.png,-0.0029679026920348406,-0.0019594510085880756
A_raw_s2_r16,00474.png,0.00027550107915885746,0.0006920836749486625
A_raw_s2_r16,00475.png,-0.0002625173074193299,0.0011016300413757563
A_raw_s2_r16,00476.png,-0.0010726938489824533,0.001121212262660265
A_raw_s2_r16,00477.png,-0.0025498196482658386,0.0007634579669684172
A_raw_s2_r16,00478.png,-0.0024085729382932186,-0.0022587173152714968
A_raw_s2_r16,00479.png,-0.0008207933278754354,-0.0003079625021200627
A_raw_s2_r16,00480.png,-0.0012465135660022497,0.0003688152355607599
A_raw_s2_r16,00481.png,0.00051204051123932,0.0021691685542464256
A_raw_s2_r16,00482.png,0.001398141379468143,-0.0016705550951883197
A_raw_s2_r16,00483.png,-0.00011840020306408405,0.004123300779610872
A_raw_s2_r16,00484.png,-0.00027546126511879265,-0.0018036356195807457
A_raw_s2_r16,00485.png,0.0019727942999452353,0.00046260867384262383
A_raw_s2_r16,00486.png,0.0008204102632589638,-0.0023041777312755585
A_raw_s2_r16,00487.png,-0.0011589580681174994,-0.0011390846921131015
A_raw_s2_r16,00488.png,-0.00017623435996938497,-0.0005531107890419662
A_raw_s2_r16,00489.png,0.0019008497474715114,0.0006659640348516405
A_raw_s2_r16,00490.png,-0.0002708248212002218,0.0020952404011040926
A_raw_s2_r16,00491.png,0.000857185514178127,-0.0002730327832978219
A_raw_s2_r16,00492.png,-0.002082721795886755,-0.0033288674894720316
A_raw_s2_r16,00493.png,-0.00011358183837728575,-0.0012380516855046153
A_raw_s2_r16,00494.png,-0.0016224341234192252,0.0015966309001669288
A_raw_s2_r16,00495.png,-0.00029735645512118936,0.001095762592740357
A_raw_s2_r16,00496.png,5.185061309020966e-05,0.0006000515422783792
A_raw_s2_r16,00497.png,-0.0019039972685277462,-0.0048051560297608376
A_raw_s2_r16,00498.png,-0.00012908221106044948,0.0016005599172785878
A_raw_s2_r16,00499.png,0.00031032078550197184,-0.00017786576063372195
B_raw_s0_r16,00008.png,-0.0002668360248208046,-0.0015117272268980742
B_raw_s0_r16,00009.png,0.0014991158386692405,0.0017292365664616227
B_raw_s0_r16,00010.png,0.0002054963551927358,-0.0010276498505845666
B_raw_s0_r16,00011.png,0.001265990431420505,-0.00015808174794074148
B_raw_s0_r16,00012.png,-0.0006082587060518563,-0.0017810536082834005
B_raw_s0_r16,00013.png,0.0015216198517009616,0.00019330445502419025
B_raw_s0_r16,00014.png,-0.0003195212339051068,-7.714260573266074e-05
B_raw_s0_r16,00015.png,-0.0005832152673974633,-0.000487318669911474
B_raw_s0_r16,00000.png,0.0018063285388052464,-0.0009480153094045818
B_raw_s0_r16,00001.png,0.0004626183654181659,0.0017684357007965446
B_raw_s0_r16,00002.png,0.0003694843326229602,0.0008834187174215913
B_raw_s0_r16,00003.png,-0.0002507786557544023,-0.0002755385066848248
B_raw_s0_r16,00004.png,-0.00020631855295505375,0.0024397014640271664
B_raw_s0_r16,00005.png,0.00197160174138844,0.0024651160929352045
B_raw_s0_r16,00006.png,0.0016772885574027896,-0.00044695616816170514
B_raw_s0_r16,00007.png,-0.0012393335346132517,0.0005720510380342603
B_raw_s0_r16,00016.png,0.0014457060024142265,-0.00039190094685181975
B_raw_s0_r16,00017.png,-0.002473240252584219,0.0022899217437952757
B_raw_s0_r16,00018.png,-0.0013462199131026864,0.001046761404722929
B_raw_s0_r16,00019.png,0.00038633213262073696,0.0008690162212587893
B_raw_s0_r16,00020.png,-0.0010143934050574899,0.0005265796789899468
B_raw_s0_r16,00021.png,0.00010343860049033538,-0.000370117777492851
B_raw_s0_r16,00022.png,-0.0003823906881734729,-0.00020349670376162976
B_raw_s0_r16,00023.png,-0.0006628429982811213,-0.0019062726059928536
B_raw_s0_r16,00024.png,0.0008474788046441972,0.00010230980115011334
B_raw_s0_r16,00025.png,-0.0010016211308538914,-0.0031572282314300537
B_raw_s0_r16,00026.png,-0.0005704640061594546,0.002606831258162856
B_raw_s0_r16,00027.png,-0.0002733292058110237,0.0007393985288217664
B_raw_s0_r16,00028.png,-0.0008255669963546097,0.00019572142628021538
B_raw_s0_r16,00029.png,0.0010272337822243571,5.3939002100378275e-05
B_raw_s0_r16,00030.png,-0.00031202469835989177,-0.0008138559060171247
B_raw_s0_r16,00031.png,0.00146675540599972,0.0021317212376743555
B_raw_s0_r16,00032.png,0.0006673457100987434,-0.0027396176010370255
B_raw_s0_r16,00033.png,-0.0014496473595499992,-0.0010349551448598504
B_raw_s0_r16,00034.png,-1.9573039935494307e-06,0.0007401622133329511
B_raw_s0_r16,00035.png,0.00022947709658183157,0.0013298875419422984
B_raw_s0_r16,00036.png,0.00018885325698647648,0.0009820156265050173
B_raw_s0_r16,00037.png,0.001136177103035152,-0.0025177416391670704
B_raw_s0_r16,00038.png,-5.3591302275890484e-05,0.0010552702005952597
B_raw_s0_r16,00039.png,-0.001543925958685577,0.0020778565667569637
B_raw_s0_r16,00040.png,0.00019922672072425485,0.0008324699592776597
B_raw_s0_r16,00041.png,0.0006356987287290394,-0.0005234169657342136
B_raw_s0_r16,00042.png,-0.00043040711898356676,0.0008056793594732881
B_raw_s0_r16,00043.png,0.0008532187202945352,0.0006364960572682321
B_raw_s0_r16,00044.png,0.0022107060067355633,0.00143559614662081
B_raw_s0_r16,00045.png,-0.0010266131721436977,-0.003874070942401886
B_raw_s0_r16,00046.png,0.0003863982856273651,0.0005852178437635303
B_raw_s0_r16,00047.png,-0.0005728044197894633,0.0001287190243601799
B_raw_s0_r16,00048.png,-0.001462200889363885,0.0004157852672506124
B_raw_s0_r16,00049.png,-0.001520265475846827,-0.00010539389040786773
B_raw_s0_r16,00050.png,0.0007710022618994117,0.0013808243675157428
B_raw_s0_r16,00051.png,0.0012890140060335398,7.486532558687031e-05
B_raw_s0_r16,00052.png,0.0010235500521957874,0.00023503373085986823
B_raw_s0_r16,00053.png,0.00017657584976404905,-4.1369312384631485e-05
B_raw_s0_r16,00054.png,-0.0021629563998430967,-0.0013121324591338634
B_raw_s0_r16,00055.png,-0.0006713746697641909,-7.21980759408325e-05
B_raw_s0_r16,00056.png,-0.0015047003980726004,-0.0021728198044002056
B_raw_s0_r16,00057.png,0.001982729649171233,0.00012495620467234403
B_raw_s0_r16,00058.png,-0.0008766087121330202,0.0006313372286967933
B_raw_s0_r16,00059.png,0.0005149532807990909,-0.0010781304445117712
B_raw_s0_r16,00060.png,-0.0005014694761484861,-0.0010232935892418027
B_raw_s0_r16,00061.png,0.0030846456065773964,6.55185358482413e-05
B_raw_s0_r16,00062.png,-0.0039136107079684734,0.0016808809014037251
B_raw_s0_r16,00063.png,-0.0009840750135481358,-0.0006051147356629372
B_raw_s0_r16,00064.png,-1.1323973922117148e-05,0.0011845810804516077
B_raw_s0_r16,00065.png,-0.00045882220729254186,-2.836882595147472e-05
B_raw_s0_r16,00066.png,0.0003595581802073866,0.0003402360307518393
B_raw_s0_r16,00067.png,0.0011332443682476878,0.0031740162521600723
B_raw_s0_r16,00068.png,0.0004057818150613457,-0.0001994611375266686
B_raw_s0_r16,00069.png,0.0007540653459727764,-0.0008472952176816761
B_raw_s0_r16,00070.png,-0.0002791516308207065,0.0005704560899175704
B_raw_s0_r16,00071.png,-0.0020558438263833523,-0.0011149471392855048
B_raw_s0_r16,00072.png,-0.0011474896455183625,-0.0005550229689106345
B_raw_s0_r16,00073.png,-0.0006069586961530149,0.0005116653046570718
B_raw_s0_r16,00074.png,-0.0011088087921962142,3.341909541632049e-05
B_raw_s0_r16,00075.png,0.0006099108722992241,-1.9645507563836873e-05
B_raw_s0_r16,00076.png,0.0024390611797571182,-3.06597285089083e-05
B_raw_s0_r16,00077.png,-0.0019661199767142534,-0.001953636761754751
B_raw_s0_r16,00078.png,-0.00024834764190018177,-0.0004000722838100046
B_raw_s0_r16,00079.png,-0.00042429351015016437,-0.0025337240658700466
B_raw_s0_r16,00080.png,-0.001907758298330009,-0.0009760834509506822
B_raw_s0_r16,00081.png,0.0009559140307828784,-0.0006640110514126718
B_raw_s0_r16,00082.png,6.837140244897455e-05,-0.0014463822590187192
B_raw_s0_r16,00083.png,-0.0017823574598878622,0.0015298334183171391
B_raw_s0_r16,00084.png,0.000653304101433605,0.0019419651944190264
B_raw_s0_r16,00085.png,-0.0011551075149327517,-0.0015016684774309397
B_raw_s0_r16,00086.png,0.00047025142703205347,-0.0007187749142758548
B_raw_s0_r16,00087.png,0.0033931927755475044,0.0011097496608272195
B_raw_s0_r16,00088.png,-0.0004404848732519895,5.280539335217327e-05
B_raw_s0_r16,00089.png,-0.00041103194234892726,0.0022473291028290987
B_raw_s0_r16,00090.png,0.0003273062757216394,-0.0014781653881072998
B_raw_s0_r16,00091.png,0.002056026365607977,-0.0006978182354941964
B_raw_s0_r16,00092.png,-0.0013377759605646133,-0.000612794712651521
B_raw_s0_r16,00093.png,-0.001038842718116939,0.0011015363270416856
B_raw_s0_r16,00094.png,0.0028344786260277033,-7.825338252587244e-05
B_raw_s0_r16,00095.png,0.0007538454374298453,-0.00018489305512048304
B_raw_s0_r16,00096.png,-4.3089774408144876e-05,0.0015128488885238767
B_raw_s0_r16,00097.png,-0.0002583854948170483,-0.0013180816313251853
B_raw_s0_r16,00098.png,-0.001965875970199704,0.0009103196789510548
B_raw_s0_r16,00099.png,-0.0008145335013978183,-0.0018750833114609122
B_raw_s0_r16,00100.png,-0.00017499113164376467,-0.00016241715638898313
B_raw_s0_r16,00101.png,-9.639955533202738e-05,0.002580896718427539
B_raw_s0_r16,00102.png,-0.0015698537463322282,0.0013783936155959964
B_raw_s0_r16,00103.png,0.0010204485151916742,0.00184448657091707
B_raw_s0_r16,00104.png,-0.0003862180165015161,-0.001014344859868288
B_raw_s0_r16,00105.png,0.0011846096022054553,0.00143294723238796
B_raw_s0_r16,00106.png,0.0033578849397599697,0.0017235750565305352
B_raw_s0_r16,00107.png,0.0013901073252782226,-0.001884770579636097
B_raw_s0_r16,00108.png,0.0009758298401720822,-0.0007191758486442268
B_raw_s0_r16,00109.png,-0.0011624678736552596,0.0017453203909099102
B_raw_s0_r16,00110.png,-0.00020515253709163517,0.0015052554663270712
B_raw_s0_r16,00111.png,-0.0012071494711562991,-0.0002862969704438001
B_raw_s0_r16,00112.png,0.0014271113323047757,-0.0011779535561800003
B_raw_s0_r16,00113.png,-0.0008853190811350942,0.0016409201780334115
B_raw_s0_r16,00114.png,-0.0015909202629700303,-0.001012949156574905
B_raw_s0_r16,00115.png,-0.0012259520590305328,-0.0011414930922910571
B_raw_s0_r16,00116.png,-0.000465995108243078,-0.0019238445675000548
B_raw_s0_r16,00117.png,-0.00359734077937901,0.0016489361878484488
B_raw_s0_r16,00118.png,0.001169212395325303,-0.001076602260582149
B_raw_s0_r16,00119.png,0.0031594010069966316,0.0017315142322331667
B_raw_s0_r16,00120.png,-9.022105223266408e-05,-0.0007165709976106882
B_raw_s0_r16,00121.png,0.0003493146796245128,0.0011293415445834398
B_raw_s0_r16,00122.png,-0.0034974280279129744,-0.00041549536399543285
B_raw_s0_r16,00123.png,0.0008140529389493167,0.0007690754137001932
B_raw_s0_r16,00124.png,6.820913404226303e-05,0.0007579843513667583
B_raw_s0_r16,00125.png,0.0015961795579642057,0.001589995576068759
B_raw_s0_r16,00126.png,0.0012084892950952053,0.0016449741087853909
B_raw_s0_r16,00127.png,0.0013198857195675373,-0.0005524303996935487
B_raw_s0_r16,00128.png,0.0011723687639459968,0.00039916811510920525
B_raw_s0_r16,00129.png,0.000415584072470665,0.000750245526432991
B_raw_s0_r16,00130.png,-0.0015338128432631493,0.0005693634739145637
B_raw_s0_r16,00131.png,0.0012383859138935804,0.0013510764110833406
B_raw_s0_r16,00132.png,0.0010148589499294758,0.0001283264282392338
B_raw_s0_r16,00133.png,-0.00018388312309980392,-0.0017793126171454787
B_raw_s0_r16,00134.png,0.001997483428567648,0.0012715777847915888
B_raw_s0_r16,00135.png,-0.00027859798865392804,6.0167774790897965e-05
B_raw_s0_r16,00136.png,-0.0017883711261674762,0.00035661834408529103
B_raw_s0_r16,00137.png,-0.0005467875162139535,0.0027820186223834753
B_raw_s0_r16,00138.png,-0.0002388954017078504,0.0005731665878556669
B_raw_s0_r16,00139.png,7.866051601013169e-05,-8.782224176684394e-05
B_raw_s0_r16,00140.png,-0.0015914937248453498,0.0019584610126912594
B_raw_s0_r16,00141.png,0.0019648412708193064,0.002098613418638706
B_raw_s0_r16,00142.png,0.0021278501953929663,0.0005885072168894112
B_raw_s0_r16,00143.png,0.0002673673443496227,-0.002588877221569419
B_raw_s0_r16,00144.png,7.783763066981919e-06,0.0001886312384158373
B_raw_s0_r16,00145.png,-0.0013415885623544455,0.0004727349733002484
B_raw_s0_r16,00146.png,0.0014419176150113344,-6.842894072178751e-05
B_raw_s0_r16,00147.png,-0.001518903416581452,0.001003500772640109
B_raw_s0_r16,00148.png,-0.0005652245599776506,-0.00080904271453619
B_raw_s0_r16,00149.png,-0.0025899612810462713,-0.000836227904073894
B_raw_s0_r16,00150.png,-0.001463977969251573,0.0023601981811225414
B_raw_s0_r16,00151.png,0.00037008977960795164,-0.0015131868422031403
B_raw_s0_r16,00152.png,-0.00047641011769883335,3.730548996827565e-05
B_raw_s0_r16,00153.png,-0.00027828532620333135,-0.0008625550544820726
B_raw_s0_r16,00154.png,-2.769965067273006e-05,0.0026309341192245483
B_raw_s0_r16,00155.png,-0.0014590361388400197,-0.000643742096144706
B_raw_s0_r16,00156.png,-0.00046505170757882297,0.0019161362433806062
B_raw_s0_r16,00157.png,0.00023241278540808707,-0.0009920417796820402
B_raw_s0_r16,00158.png,0.00014904345152899623,-0.0004324710462242365
B_raw_s0_r16,00159.png,0.0006926056812517345,-0.002090255729854107
B_raw_s0_r16,00160.png,-0.00028900799225084484,-0.002152670407667756
B_raw_s0_r16,00161.png,0.0009972004918381572,0.000990133616141975
B_raw_s0_r16,00162.png,0.0014257226139307022,-0.0011610585497692227
B_raw_s0_r16,00163.png,0.0004697550320997834,-0.0006455908296629786
B_raw_s0_r16,00164.png,0.0021043014712631702,0.005016380921006203
B_raw_s0_r16,00165.png,-0.0017243614420294762,0.0009839291451498866
B_raw_s0_r16,00166.png,0.000996743910945952,-0.0008134489180520177
B_raw_s0_r16,00167.png,-0.000269003096036613,-0.0012350718025118113
B_raw_s0_r16,00168.png,0.0006768841994926333,-0.00030913064256310463
B_raw_s0_r16,00169.png,-0.001024790690280497,0.0004540632071439177
B_raw_s0_r16,00170.png,-0.0020385803654789925,-0.002547946758568287
B_raw_s0_r16,00171.png,0.0010796021670103073,-0.00035283787292428315
B_raw_s0_r16,00172.png,0.0022337099071592093,0.0010127885034307837
B_raw_s0_r16,00173.png,-0.0010951462900266051,-0.0003768153255805373
B_raw_s0_r16,00174.png,-0.0030164404306560755,-0.0032336681615561247
B_raw_s0_r16,00175.png,0.0001400328619638458,0.00045432604383677244
B_raw_s0_r16,00176.png,0.0006582108908332884,0.001266895211301744
B_raw_s0_r16,00177.png,0.0034622694365680218,-0.0005625628982670605
B_raw_s0_r16,00178.png,0.0004753349639941007,0.00025965290842577815
B_raw_s0_r16,00179.png,0.0018162686610594392,-0.0013996987836435437
B_raw_s0_r16,00180.png,-0.0010398352751508355,-0.00015312265895772725
B_raw_s0_r16,00181.png,0.00011039582750527188,-0.0006916979909874499
B_raw_s0_r16,00182.png,-0.0005521810380741954,-0.00045501382555812597
B_raw_s0_r16,00183.png,0.00035860572825185955,-0.0007988582365214825
B_raw_s0_r16,00184.png,-0.00013944371312391013,0.0002279535256093368
B_raw_s0_r16,00185.png,-0.000964264152571559,0.0012079589068889618
B_raw_s0_r16,00186.png,0.00025943160289898515,0.0005167336785234511
B_raw_s0_r16,00187.png,0.0037929732352495193,0.0003459097060840577
B_raw_s0_r16,00188.png,-0.0010804113699123263,0.0004787153156939894
B_raw_s0_r16,00189.png,0.0008525557932443917,0.00025562135851942003
B_raw_s0_r16,00190.png,-0.0009243582026101649,-0.00028416060376912355
B_raw_s0_r16,00191.png,0.000706591410562396,0.0014592611696571112
B_raw_s0_r16,00192.png,0.0006003957241773605,-0.0015239760978147388
B_raw_s0_r16,00193.png,0.0013463054783642292,0.0002904441498685628
B_raw_s0_r16,00194.png,0.0009413897641934454,0.0016170362941920757
B_raw_s0_r16,00195.png,-0.0009581686463207006,0.00022260392142925411
B_raw_s0_r16,00196.png,-0.001752895419485867,-0.0007921619107946754
B_raw_s0_r16,00197.png,0.0009890191722661257,0.0032372097484767437
B_raw_s0_r16,00198.png,-0.001538962940685451,3.691107121994719e-05
B_raw_s0_r16,00199.png,0.0018113285768777132,-0.0005216016434133053
B_raw_s0_r16,00200.png,-0.0027955113910138607,-0.0013258472317829728
B_raw_s0_r16,00201.png,0.00041023746598511934,-0.0006514599081128836
B_raw_s0_r16,00202.png,0.00014951619959902018,1.9918586986023e-05
B_raw_s0_r16,00203.png,-5.0538616051198915e-05,0.0010289434576407075
B_raw_s0_r16,00204.png,0.00036641149199567735,-0.0001590191386640072
B_raw_s0_r16,00205.png,-0.0009468535427004099,-0.0015879480633884668
B_raw_s0_r16,00206.png,0.0007345043704845011,-0.0008529172628186643
B_raw_s0_r16,00207.png,0.000587492948397994,0.0012428873451426625
B_raw_s0_r16,00208.png,0.0011967035243287683,-0.0016565534751862288
B_raw_s0_r16,00209.png,0.0011518028331920505,5.1948620239272714e-05
B_raw_s0_r16,00210.png,-0.0009868351044133306,0.00035198021214455366
B_raw_s0_r16,00211.png,-0.0022713053040206432,1.4736023331352044e-05
B_raw_s0_r16,00212.png,0.000674105656798929,-0.00015487744531128556
B_raw_s0_r16,00213.png,-0.00046212304732762277,0.0007884348160587251
B_raw_s0_r16,00214.png,0.0008638165891170502,-0.003332371823489666
B_raw_s0_r16,00215.png,-0.0011898948578163981,-0.0010737742995843291
B_raw_s0_r16,00220.png,-0.0008101657731458545,0.00211825268343091
B_raw_s0_r16,00221.png,0.001217935117892921,0.0016618609661236405
B_raw_s0_r16,00222.png,-0.0023649409413337708,-0.0014394382014870644
B_raw_s0_r16,00223.png,-0.000513323990162462,-0.0012233665911480784
B_raw_s0_r16,00216.png,0.0014336834428831935,-0.00025890590040944517
B_raw_s0_r16,00217.png,0.004938798490911722,-0.005056383088231087
B_raw_s0_r16,00218.png,-0.00028746502357535064,-3.141081106150523e-05
B_raw_s0_r16,00219.png,0.0002724626974668354,-0.0006765289581380785
B_raw_s0_r16,00228.png,0.001325715216808021,0.0007314442773349583
B_raw_s0_r16,00229.png,-0.0009274783078581095,-0.0009904468897730112
B_raw_s0_r16,00230.png,-0.001091519370675087,-0.0002308109396835789
B_raw_s0_r16,00231.png,0.000451571773737669,-0.0009250024450011551
B_raw_s0_r16,00224.png,-0.0009424658492207527,0.001259840908460319
B_raw_s0_r16,00225.png,-0.0003849382046610117,-0.0014743735082447529
B_raw_s0_r16,00226.png,0.0008524446748197079,0.0014197011478245258
B_raw_s0_r16,00227.png,0.00011113010987173766,0.002083730651065707
B_raw_s0_r16,00232.png,-0.0010842880001291633,0.0006510038510896266
B_raw_s0_r16,00233.png,0.0033453647047281265,9.956248686648905e-05
B_raw_s0_r16,00234.png,0.0009098867303691804,0.0032483618706464767
B_raw_s0_r16,00235.png,-0.0007275546668097377,-0.00024413438222836703
B_raw_s0_r16,00240.png,0.0017265883507207036,0.0031536640599370003
B_raw_s0_r16,00241.png,0.00039552434463985264,0.00022722572612110525
B_raw_s0_r16,00242.png,0.0006939559243619442,-0.0007867509266361594
B_raw_s0_r16,00243.png,0.00013730231148656458,-0.001479657948948443
B_raw_s0_r16,00236.png,0.0015423648292198777,0.001199842314235866
B_raw_s0_r16,00237.png,-0.0008660074672661722,-0.00025143701350316405
B_raw_s0_r16,00238.png,-0.0012641409412026405,0.0006807276513427496
B_raw_s0_r16,00239.png,1.5397818060591817e-05,-6.726431456627324e-05
B_raw_s0_r16,00244.png,-0.0013438384048640728,0.0014910873724147677
B_raw_s0_r16,00245.png,0.0003439121355768293,0.0001285952457692474
B_raw_s0_r16,00246.png,-0.000706626393366605,0.001734592136926949
B_raw_s0_r16,00247.png,0.0008445264538750052,0.0029435616452246904
B_raw_s0_r16,00248.png,0.0014253304107114673,0.0013295164098963141
B_raw_s0_r16,00249.png,0.0011412652675062418,-0.0019425740465521812
B_raw_s0_r16,00250.png,0.001190185546875,0.00019864678324665874
B_raw_s0_r16,00251.png,0.0008069616160355508,0.0004802380863111466
B_raw_s0_r16,00252.png,-0.0003320272371638566,-0.000882668187841773
B_raw_s0_r16,00253.png,-0.0006494848057627678,0.0005294939037412405
B_raw_s0_r16,00254.png,-0.0003717902582138777,0.0007556036580353975
B_raw_s0_r16,00255.png,0.001459872117266059,0.00015071555390022695
B_raw_s0_r16,00256.png,-0.00014454055053647608,0.002445558551698923
B_raw_s0_r16,00257.png,0.0001784774212865159,-0.0008835665648803115
B_raw_s0_r16,00258.png,-0.0005401991656981409,0.00022156130580697209
B_raw_s0_r16,00259.png,-0.0006422099540941417,-0.0023998210672289133
B_raw_s0_r16,00260.png,-0.0017055670032277703,-0.0008182873134501278
B_raw_s0_r16,00261.png,0.0002940240374300629,0.0008000160451047122
B_raw_s0_r16,00262.png,0.0004767951322719455,0.0001646882446948439
B_raw_s0_r16,00263.png,0.0007093864842317998,4.1880215576384217e-05
B_raw_s0_r16,00264.png,0.00037125410744920373,0.00155686866492033
B_raw_s0_r16,00265.png,0.00018322726828046143,0.00029214919777587056
B_raw_s0_r16,00266.png,0.0015871163923293352,0.0016890846891328692
B_raw_s0_r16,00267.png,-0.00046894571278244257,0.0006982040358707309
B_raw_s0_r16,00268.png,0.00024743424728512764,0.0001111772216972895
B_raw_s0_r16,00269.png,0.0025067063979804516,0.0029069010633975267
B_raw_s0_r16,00270.png,-0.0015104172052815557,0.00018677813932299614
B_raw_s0_r16,00271.png,-0.0014228044310584664,-0.0025199437513947487
B_raw_s0_r16,00272.png,-0.0009435198735445738,-0.002632156480103731
B_raw_s0_r16,00273.png,-0.0017919852398335934,-0.0007406087242998183
B_raw_s0_r16,00274.png,-0.00018097064457833767,0.0016009665559977293
B_raw_s0_r16,00275.png,7.875602022977546e-05,-0.001129630720242858
B_raw_s0_r16,00276.png,0.0020950569305568933,0.0023853157181292772
B_raw_s0_r16,00277.png,0.0001281217555515468,0.0007105484255589545
B_raw_s0_r16,00278.png,5.254986172076315e-05,0.00023646358749829233
B_raw_s0_r16,00279.png,-0.0030508858617395163,-0.00040426533087156713
B_raw_s0_r16,00280.png,-0.0007975770276971161,-0.0007669523474760354
B_raw_s0_r16,00281.png,0.001773992320522666,-0.001146522001363337
B_raw_s0_r16,00282.png,0.0006943081389181316,-0.0001359709131065756
B_raw_s0_r16,00283.png,-0.0008924202993512154,0.00045240428880788386
B_raw_s0_r16,00288.png,6.98128278600052e-05,-0.001333627151325345
B_raw_s0_r16,00289.png,-0.0006398418918251991,-0.00017312687123194337
B_raw_s0_r16,00290.png,-0.0016578029608353972,0.0018534633563831449
B_raw_s0_r16,00291.png,-0.001114005222916603,-0.0005676617147400975
B_raw_s0_r16,00284.png,-0.0021580092143267393,-0.0006972028641030192
B_raw_s0_r16,00285.png,-7.584531704196706e-05,-0.00024088990176096559
B_raw_s0_r16,00286.png,0.0036455094814300537,0.0013202076079323888
B_raw_s0_r16,00287.png,-0.0022182927932590246,-0.001284501631744206
B_raw_s0_r16,00292.png,-0.001149058691225946,-0.0013622207334265113
B_raw_s0_r16,00293.png,0.002213092055171728,-0.00019829646043945104
B_raw_s0_r16,00294.png,-0.0002438102528685704,-0.0017087640007957816
B_raw_s0_r16,00295.png,-0.000953255279455334,-0.0004975866759195924
B_raw_s0_r16,00300.png,-0.001651028054766357,-5.6413558922940865e-05
B_raw_s0_r16,00301.png,0.00011434469342930242,0.0012572730192914605
B_raw_s0_r16,00302.png,0.002522562863305211,-0.001606134814210236
B_raw_s0_r16,00303.png,0.00042878786916844547,-0.00034221517853438854
B_raw_s0_r16,00296.png,0.0020022017415612936,0.0023063444532454014
B_raw_s0_r16,00297.png,0.0016705597518011928,-8.718079334357753e-05
B_raw_s0_r16,00298.png,0.0010744001483544707,-0.0014555345987901092
B_raw_s0_r16,00299.png,5.1475366490194574e-05,0.0018819313263520598
B_raw_s0_r16,00304.png,-0.00016783752653282136,0.001480177859775722
B_raw_s0_r16,00305.png,-0.00020771358686033636,-0.00011598873970797285
B_raw_s0_r16,00306.png,-0.00021958487923257053,-0.0007036662427708507
B_raw_s0_r16,00307.png,0.0018584727076813579,0.0003611319698393345
B_raw_s0_r16,00308.png,0.00021698597993236035,0.0002315681049367413
B_raw_s0_r16,00309.png,0.00019288735347799957,0.00024120732268784195
B_raw_s0_r16,00310.png,-0.0008160839788615704,-0.0022543896920979023
B_raw_s0_r16,00311.png,-0.001911165309138596,0.0019530181307345629
B_raw_s0_r16,00316.png,-0.003197360783815384,-0.0019965600222349167
B_raw_s0_r16,00317.png,-0.0009070140076801181,-0.0020854687318205833
B_raw_s0_r16,00318.png,-0.0004081495862919837,0.0002550507488194853
B_raw_s0_r16,00319.png,0.0007576506468467414,-0.0004775025590788573
B_raw_s0_r16,00312.png,0.00033310247818008065,-0.002004587557166815
B_raw_s0_r16,00313.png,0.0004367866204120219,-0.00016342739399988204
B_raw_s0_r16,00314.png,-0.000496796565130353,0.0007923099328763783
B_raw_s0_r16,00315.png,-0.001510230591520667,-0.001901825424283743
B_raw_s0_r16,00320.png,-0.0011806436814367771,0.0014064472634345293
B_raw_s0_r16,00321.png,0.0013984771212562919,0.00023834381136111915
B_raw_s0_r16,00322.png,0.0005060120020061731,-0.001748072449117899
B_raw_s0_r16,00323.png,0.0005672663100995123,0.00010563594696577638
B_raw_s0_r16,00324.png,-8.19190881884424e-06,0.00046917173312976956
B_raw_s0_r16,00325.png,4.564190749078989e-05,0.0004848077369388193
B_raw_s0_r16,00326.png,2.2298812837107107e-05,9.750422759680077e-05
B_raw_s0_r16,00327.png,0.00036034215008839965,0.00022297540272120386
B_raw_s0_r16,00328.png,-0.0004313427198212594,-0.0007282891310751438
B_raw_s0_r16,00329.png,0.0018059847643598914,0.0004487409314606339
B_raw_s0_r16,00330.png,0.0009252493618987501,-8.225888450397179e-05
B_raw_s0_r16,00331.png,0.0006938468432053924,-0.0006601812783628702
B_raw_s0_r16,00332.png,0.000784224015660584,0.00025901079061441123
B_raw_s0_r16,00333.png,0.0010208565508946776,0.001481206389144063
B_raw_s0_r16,00334.png,0.0010547348065301776,0.00048178655561059713
B_raw_s0_r16,00335.png,-0.0011956833768635988,-0.0011870336020365357
B_raw_s0_r16,00336.png,-0.0001617764646653086,0.0012627985561266541
B_raw_s0_r16,00337.png,0.000601136009208858,0.0009281466482207179
B_raw_s0_r16,00338.png,0.00039704618393443525,0.0007673352956771851
B_raw_s0_r16,00339.png,-0.0014221960445865989,-0.001313549350015819
B_raw_s0_r16,00340.png,-0.001003367593511939,0.0006066755740903318
B_raw_s0_r16,00341.png,-0.00044096767669543624,0.0011385708348825574
B_raw_s0_r16,00342.png,-0.0019750366918742657,-0.001378448330797255
B_raw_s0_r16,00343.png,0.0013304853346198797,-0.0017369161359965801
B_raw_s0_r16,00344.png,6.143563223304227e-05,0.000740911636967212
B_raw_s0_r16,00345.png,0.00121887621935457,-0.0011190226068720222
B_raw_s0_r16,00346.png,-0.00101074343547225,-0.0007879697950556874
B_raw_s0_r16,00347.png,0.0012882385635748506,0.0010128699941560626
B_raw_s0_r16,00348.png,-0.0005548452027142048,-0.0003892193781211972
B_raw_s0_r16,00349.png,0.0001924545649671927,0.0032005233224481344
B_raw_s0_r16,00350.png,0.0009168144315481186,0.00010902477515628561
B_raw_s0_r16,00351.png,0.00048386078560724854,5.367740868678084e-06
B_raw_s0_r16,00352.png,-0.0008619377040304244,0.0023538365494459867
B_raw_s0_r16,00353.png,0.0009244197863154113,4.685664680437185e-05
B_raw_s0_r16,00354.png,0.0023660275619477034,0.0012380271218717098
B_raw_s0_r16,00355.png,0.0003476399288047105,0.0012553586857393384
B_raw_s0_r16,00356.png,0.00012703059474006295,-0.00015135577996261418
B_raw_s0_r16,00357.png,0.0007801544270478189,0.006820222362875938
B_raw_s0_r16,00358.png,-0.00041242936276830733,0.00037746012094430625
B_raw_s0_r16,00359.png,-0.0015114584239199758,-1.4052442566026002e-05
B_raw_s0_r16,00360.png,-7.295560408238089e-06,0.00033752500894479454
B_raw_s0_r16,00361.png,-0.002035184297710657,-0.0011013499461114407
B_raw_s0_r16,00362.png,0.0006092493422329426,0.004109632223844528
B_raw_s0_r16,00363.png,-3.856428156723268e-05,-0.0007050186977721751
B_raw_s0_r16,00364.png,-0.0029353273566812277,-0.00043542764615267515
B_raw_s0_r16,00365.png,0.001666765776462853,-6.07746078458149e-05
B_raw_s0_r16,00366.png,0.0009342525154352188,-8.452162728644907e-05
B_raw_s0_r16,00367.png,-0.0010950462892651558,-0.0006553499842993915
B_raw_s0_r16,00368.png,-0.000855894002597779,-1.7194030078826472e-05
B_raw_s0_r16,00369.png,-1.4805220416747034e-05,-0.0023829196579754353
B_raw_s0_r16,00370.png,-0.0003833238151855767,-3.6447741877054796e-05
B_raw_s0_r16,00371.png,-0.0006155144656077027,0.0013995394110679626
B_raw_s0_r16,00376.png,-0.0006437470437958837,-0.0008496043737977743
B_raw_s0_r16,00377.png,0.0009219323401339352,7.64063443057239e-05
B_raw_s0_r16,00378.png,-0.00043991272104904056,0.001415691920556128
B_raw_s0_r16,00379.png,-0.000550108146853745,0.0011933817295357585
B_raw_s0_r16,00372.png,-0.0011583546875044703,-0.00016761267033871263
B_raw_s0_r16,00373.png,-0.00018258471391163766,-0.00038048982969485223
B_raw_s0_r16,00374.png,0.0014723927015438676,1.7757038222043775e-05
B_raw_s0_r16,00375.png,0.0009263659012503922,0.0012661335058510303
B_raw_s0_r16,00380.png,-0.0013247117167338729,-0.0001485730754211545
B_raw_s0_r16,00381.png,0.00011806769907707348,0.0009646413382142782
B_raw_s0_r16,00382.png,0.00399947352707386,0.0016717732651159167
B_raw_s0_r16,00383.png,0.0010109894210472703,0.000528680975548923
B_raw_s0_r16,00384.png,0.0012194395530968904,0.00036111383815295994
B_raw_s0_r16,00385.png,-0.0009580738260410726,5.4046642617322505e-05
B_raw_s0_r16,00386.png,0.00044857137254439294,-0.0005536148673854768
B_raw_s0_r16,00387.png,0.0030751593876630068,0.005025953985750675
B_raw_s0_r16,00392.png,0.0007018285687081516,-0.0010950238211080432
B_raw_s0_r16,00393.png,-0.0004385334032122046,-0.0007754105608910322
B_raw_s0_r16,00394.png,0.000421981792896986,-0.002514524618163705
B_raw_s0_r16,00395.png,-0.000854235258884728,-4.7358375013573095e-05
B_raw_s0_r16,00388.png,-0.00022362239542417228,-0.0006025851471349597
B_raw_s0_r16,00389.png,-0.0008506916929036379,-0.0006103309569880366
B_raw_s0_r16,00390.png,0.0015324236592277884,-0.002161397598683834
B_raw_s0_r16,00391.png,0.003280323464423418,0.00022381886083167046
B_raw_s0_r16,00396.png,-1.0638151252351236e-05,-0.0007023692596703768
B_raw_s0_r16,00397.png,0.0001765902416082099,0.0004094972973689437
B_raw_s0_r16,00398.png,0.000734756060410291,-3.3370401069987565e-05
B_raw_s0_r16,00399.png,-0.0030069707427173853,-0.00039699935587123036
B_raw_s0_r16,00400.png,-0.00042437526280991733,0.0016909666592255235
B_raw_s0_r16,00401.png,-0.0009926321217790246,0.0001861562195699662
B_raw_s0_r16,00402.png,0.0013353934045881033,0.0005291495472192764
B_raw_s0_r16,00403.png,8.598947897553444e-05,-0.001433828379958868
B_raw_s0_r16,00404.png,-0.0023505373392254114,0.0004818447050638497
B_raw_s0_r16,00405.png,-0.002483236137777567,0.0013434006832540035
B_raw_s0_r16,00406.png,0.0010689679766073823,-0.00011425794946262613
B_raw_s0_r16,00407.png,0.0045685432851314545,0.002583801280707121
B_raw_s0_r16,00408.png,0.0017075396608561277,-0.002545285038650036
B_raw_s0_r16,00409.png,0.0013151405146345496,0.0008769333944655955
B_raw_s0_r16,00410.png,0.0002845028357114643,-0.001125589245930314
B_raw_s0_r16,00411.png,0.0006738086231052876,-0.0012437765253707767
B_raw_s0_r16,00412.png,-0.003330445382744074,-0.0017004703404381871
B_raw_s0_r16,00413.png,0.0002450629253871739,0.0019462272757664323
B_raw_s0_r16,00414.png,0.0005170531221665442,0.0001478696067351848
B_raw_s0_r16,00415.png,0.0005243383930064738,-0.0013565614353865385
B_raw_s0_r16,00416.png,0.000844402820803225,0.0019418648444116116
B_raw_s0_r16,00417.png,-0.002032898599281907,0.0015256644692271948
B_raw_s0_r16,00418.png,-0.0008709793328307569,-7.332018867600709e-05
B_raw_s0_r16,00419.png,-0.0010103133972734213,-0.00041552240145392716
B_raw_s0_r16,00420.png,0.0012458792189136147,-0.00032014938187785447
B_raw_s0_r16,00421.png,0.0010126769775524735,4.5579596189782023e-05
B_raw_s0_r16,00422.png,0.00040324972360394895,0.0019406317733228207
B_raw_s0_r16,00423.png,7.46524819987826e-05,-0.0008529817569069564
B_raw_s0_r16,00428.png,-0.00081863027298823,0.00038876800681464374
B_raw_s0_r16,00429.png,0.0006425059400498867,0.0029215954709798098
B_raw_s0_r16,00430.png,-0.000447541126050055,0.001579168369062245
B_raw_s0_r16,00431.png,0.0004132275062147528,0.0014331821585074067
B_raw_s0_r16,00424.png,0.0021766654681414366,-0.0004656352393794805
B_raw_s0_r16,00425.png,-0.00017023651162162423,0.001943341689184308
B_raw_s0_r16,00426.png,0.0014361045323312283,8.047027949942276e-05
B_raw_s0_r16,00427.png,0.0022908770479261875,0.00201255246065557
B_raw_s0_r16,00432.png,-0.0018633378203958273,0.0006871455116197467
B_raw_s0_r16,00433.png,0.0002639889717102051,-0.0008532285573892295
B_raw_s0_r16,00434.png,-0.0021606211084872484,-0.00019909068942070007
B_raw_s0_r16,00435.png,-0.0014668244402855635,-0.0005588122876361012
B_raw_s0_r16,00436.png,0.001982712186872959,-0.0006836387328803539
B_raw_s0_r16,00437.png,-0.0016484939260408282,-0.00042726745596155524
B_raw_s0_r16,00438.png,-0.0006598005420528352,-0.00031303209834732115
B_raw_s0_r16,00439.png,0.003409645287320018,0.003214204916730523
B_raw_s0_r16,00444.png,-0.00038362908526323736,0.0014072565827518702
B_raw_s0_r16,00445.png,0.0006540730828419328,0.0008173086680471897
B_raw_s0_r16,00446.png,-0.000986209255643189,-0.0013822923647239804
B_raw_s0_r16,00447.png,-0.0012111401883885264,0.0006236158078536391
B_raw_s0_r16,00440.png,0.0012589573161676526,0.0011404555989429355
B_raw_s0_r16,00441.png,-0.0016065085073933005,0.0011116443201899529
B_raw_s0_r16,00442.png,0.0011897314107045531,-0.0009413672378286719
B_raw_s0_r16,00443.png,-0.002687114756554365,-0.000661801197566092
B_raw_s0_r16,00448.png,0.000361921003786847,-0.0012304956326261163
B_raw_s0_r16,00449.png,0.0006956799770705402,0.0004887379473075271
B_raw_s0_r16,00450.png,-0.0013724368764087558,-0.0016512572765350342
B_raw_s0_r16,00451.png,0.0023370978888124228,0.0012675990583375096
B_raw_s0_r16,00456.png,-0.0002032954798778519,0.00020590107305906713
B_raw_s0_r16,00457.png,-0.0007661739946343005,0.0012839138507843018
B_raw_s0_r16,00458.png,0.0013433992862701416,0.0012094650883227587
B_raw_s0_r16,00459.png,0.0011269303504377604,-0.0003263164253439754
B_raw_s0_r16,00452.png,0.0008835203479975462,0.00013485430099535733
B_raw_s0_r16,00453.png,-0.0008646564092487097,-6.460973963839933e-05
B_raw_s0_r16,00454.png,0.0009246257250197232,0.0018266597762703896
B_raw_s0_r16,00455.png,-0.0013042613863945007,0.0003274532500654459
B_raw_s0_r16,00460.png,-0.0010808018269017339,0.0008906369912438095
B_raw_s0_r16,00461.png,0.0031183678656816483,0.0026866216212511063
B_raw_s0_r16,00462.png,0.0022787866182625294,-0.00033341842936351895
B_raw_s0_r16,00463.png,-0.0007018069736659527,-0.0008903492125682533
B_raw_s0_r16,00464.png,-0.0006459113792516291,0.00019355987024027854
B_raw_s0_r16,00465.png,-0.001106498297303915,-0.00272484146989882
B_raw_s0_r16,00466.png,-0.00013372753164730966,0.00043508131057024
B_raw_s0_r16,00467.png,-0.0006674615433439612,1.2705650988209527e-05
B_raw_s0_r16,00468.png,-0.00224402011372149,-0.0016392105026170611
B_raw_s0_r16,00469.png,-0.0007544615655206144,0.0007185071590356529
B_raw_s0_r16,00470.png,-8.492963388562202e-05,0.0014894467312842607
B_raw_s0_r16,00471.png,0.0006434902315959334,0.001192579627968371
B_raw_s0_r16,00472.png,0.0009764665155671537,0.0004983560065738857
B_raw_s0_r16,00473.png,0.00018706484115682542,-0.001119990018196404
B_raw_s0_r16,00474.png,5.349804268917069e-05,-0.00048022583359852433
B_raw_s0_r16,00475.png,0.0014430006267502904,0.00038999554817564785
B_raw_s0_r16,00476.png,0.0003692563623189926,0.001198823913000524
B_raw_s0_r16,00477.png,-0.0006516801659017801,0.002127081388607621
B_raw_s0_r16,00478.png,-0.001077236607670784,0.0008468212326988578
B_raw_s0_r16,00479.png,0.0006147154490463436,0.0010905202943831682
B_raw_s0_r16,00480.png,-0.0004796986177098006,-0.0020203315652906895
B_raw_s0_r16,00481.png,0.00013194532948546112,0.0008180620498023927
B_raw_s0_r16,00482.png,0.000301848107483238,-0.0020228007342666388
B_raw_s0_r16,00483.png,-0.0007172248442657292,0.0008500461117364466
B_raw_s0_r16,00484.png,-0.00121875514741987,-0.0031031256075948477
B_raw_s0_r16,00485.png,0.0017758492613211274,0.00014572939835488796
B_raw_s0_r16,00486.png,-0.002557743340730667,-0.0028250140603631735
B_raw_s0_r16,00487.png,-0.0013374207774177194,-0.0006701916572637856
B_raw_s0_r16,00488.png,-0.0013488474069163203,-0.0009693964966572821
B_raw_s0_r16,00489.png,3.915186425729189e-06,-0.0015673110028728843
B_raw_s0_r16,00490.png,3.453033423284069e-05,0.0017317605670541525
B_raw_s0_r16,00491.png,0.000789189653005451,-0.0013297877740114927
B_raw_s0_r16,00492.png,-0.0024103550240397453,-0.004725412465631962
B_raw_s0_r16,00493.png,-0.00039612414548173547,-0.00028183480026200414
B_raw_s0_r16,00494.png,-0.0010991027811542153,-0.0010314742103219032
B_raw_s0_r16,00495.png,-0.00032598274992778897,-0.0009097511065192521
B_raw_s0_r16,00496.png,0.0007655658992007375,0.0018603166099637747
B_raw_s0_r16,00497.png,0.00048428442096337676,7.731035293545574e-05
B_raw_s0_r16,00498.png,-6.290483725024387e-05,0.0011784826638177037
B_raw_s0_r16,00499.png,0.0008655507699586451,0.0001353661500615999
B_raw_s1_r16,00000.png,0.0017604171298444271,0.00033846517908386886
B_raw_s1_r16,00001.png,-0.0009206340764649212,0.00286859436891973
B_raw_s1_r16,00002.png,-0.00035624016891233623,-0.0005265942309051752
B_raw_s1_r16,00003.png,-0.0016284564044326544,0.0020534442737698555
B_raw_s1_r16,00008.png,4.9656919145490974e-05,0.001525270752608776
B_raw_s1_r16,00009.png,0.0025425502099096775,0.002916790544986725
B_raw_s1_r16,00010.png,-0.00021436167298816144,-0.0005645938799716532
B_raw_s1_r16,00011.png,0.0005927077727392316,0.001831152243539691
B_raw_s1_r16,00004.png,0.001667167991399765,0.004321186803281307
B_raw_s1_r16,00005.png,0.0011582794832065701,0.003720066975802183
B_raw_s1_r16,00006.png,-0.00015335858915932477,-0.0004994941409677267
B_raw_s1_r16,00007.png,0.000497632659971714,-0.0002455541107337922
B_raw_s1_r16,00012.png,0.0005733327707275748,-0.0017446866258978844
B_raw_s1_r16,00013.png,0.00173513765912503,3.3330608857795596e-05
B_raw_s1_r16,00014.png,-5.341817995940801e-06,-0.0013752840459346771
B_raw_s1_r16,00015.png,0.0007643270655535161,-0.0003370923222973943
B_raw_s1_r16,00020.png,4.079044811078347e-05,0.0004397815791890025
B_raw_s1_r16,00021.png,0.0011861204402521253,0.0009317845106124878
B_raw_s1_r16,00022.png,0.000991540728136897,0.0015897649573162198
B_raw_s1_r16,00023.png,-0.00199810229241848,-0.0006613883888348937
B_raw_s1_r16,00016.png,0.0010830349056050181,0.00035210911300964653
B_raw_s1_r16,00017.png,-0.0017308106180280447,0.003190969815477729
B_raw_s1_r16,00018.png,-0.00014209895743988454,0.0014113598736003041
B_raw_s1_r16,00019.png,0.002001364715397358,0.0018445384921506047
B_raw_s1_r16,00024.png,0.0009581479826010764,-0.0009828280890360475
B_raw_s1_r16,00025.png,-0.00011954983347095549,-0.0031746970489621162
B_raw_s1_r16,00026.png,-0.0007717171683907509,0.0024746577255427837
B_raw_s1_r16,00027.png,0.0016564172692596912,0.002402491169050336
B_raw_s1_r16,00028.png,0.0005928302416577935,0.0011609815992414951
B_raw_s1_r16,00029.png,0.0022368323989212513,-0.00010641881817718968
B_raw_s1_r16,00030.png,-0.0011371909640729427,-0.00020201985898893327
B_raw_s1_r16,00031.png,0.001542154815979302,0.002031241776421666
B_raw_s1_r16,00032.png,-0.0001148694209405221,-0.0017048603622242808
B_raw_s1_r16,00033.png,-0.0009437723783776164,-0.0015709333820268512
B_raw_s1_r16,00034.png,-0.00022812242968939245,0.002264611655846238
B_raw_s1_r16,00035.png,-0.00112315290607512,-0.000570853182580322
B_raw_s1_r16,00036.png,-0.0010430869879201055,0.00028994950116612017
B_raw_s1_r16,00037.png,0.0014372807927429676,-0.0010434179566800594
B_raw_s1_r16,00038.png,-0.0024932660162448883,-0.0002969277265947312
B_raw_s1_r16,00039.png,-0.0001945116528077051,0.002530365716665983
B_raw_s1_r16,00040.png,-0.0008662039181217551,0.0018147454829886556
B_raw_s1_r16,00041.png,0.0004232139326632023,-0.0009625972015783191
B_raw_s1_r16,00042.png,-0.0005312755238264799,-0.0006257292698137462
B_raw_s1_r16,00043.png,-2.1281137378537096e-05,0.0008741384372115135
B_raw_s1_r16,00044.png,0.0013731765793636441,0.0010582514805719256
B_raw_s1_r16,00045.png,-0.00028072085115127265,-0.0004998808144591749
B_raw_s1_r16,00046.png,-0.0021985876373946667,0.0014914304483681917
B_raw_s1_r16,00047.png,-0.0002803365932777524,-0.0013929957058280706
B_raw_s1_r16,00052.png,0.00029699638253077865,0.001410890487022698
B_raw_s1_r16,00053.png,7.563899271190166e-05,-0.0003339352842886001
B_raw_s1_r16,00054.png,-0.0012491523521021008,-0.0009572948911227286
B_raw_s1_r16,00055.png,-0.0007501019281335175,-0.0011213028337806463
B_raw_s1_r16,00048.png,-0.0014338217442855239,-0.00023923693515826017
B_raw_s1_r16,00049.png,-0.001601298456080258,-0.0007387185469269753
B_raw_s1_r16,00050.png,0.0007474864833056927,1.0446317901369184e-05
B_raw_s1_r16,00051.png,0.0013586328132078052,0.0010996704222634435
B_raw_s1_r16,00060.png,0.00027117348508909345,-0.001430169795639813
B_raw_s1_r16,00061.png,0.001377107691951096,0.0003484862972982228
B_raw_s1_r16,00062.png,0.0015419215196743608,0.0009310353780165315
B_raw_s1_r16,00063.png,0.0006197585607878864,0.0016693068901076913
B_raw_s1_r16,00056.png,-0.001651910599321127,0.0010405081557109952
B_raw_s1_r16,00057.png,0.0007641756674274802,9.04225180420326e-06
B_raw_s1_r16,00058.png,-0.001006405334919691,-0.0003451319062151015
B_raw_s1_r16,00059.png,-0.00011578002886381,-0.0011976580135524273
B_raw_s1_r16,00064.png,-0.001125946524553001,-0.0005047210142947733
B_raw_s1_r16,00065.png,-0.00029509590240195394,0.001483299070969224
B_raw_s1_r16,00066.png,6.39420686638914e-05,-0.0010592537000775337
B_raw_s1_r16,00067.png,-0.00034056074218824506,0.0007978663197718561
B_raw_s1_r16,00068.png,-0.0018347246805205941,-0.00040878000436350703
B_raw_s1_r16,00069.png,-0.00038168145692907274,-0.0011258453596383333
B_raw_s1_r16,00070.png,0.0005225643399171531,-0.000502527691423893
B_raw_s1_r16,00071.png,-0.001403636997565627,-0.0002629291848279536
B_raw_s1_r16,00072.png,0.0007902831421233714,-0.0009285566629841924
B_raw_s1_r16,00073.png,-0.0016401611501350999,0.0023374382872134447
B_raw_s1_r16,00074.png,-0.0021532627288252115,-0.0006957697332836688
B_raw_s1_r16,00075.png,0.0023402206134051085,4.5589949877467006e-05
B_raw_s1_r16,00076.png,0.0007085824618116021,-0.0014475907664746046
B_raw_s1_r16,00077.png,0.0005680991453118622,0.0003480920277070254
B_raw_s1_r16,00078.png,0.0004471255524549633,0.0022435879800468683
B_raw_s1_r16,00079.png,-0.00045717888860963285,-0.002944478066638112
B_raw_s1_r16,00080.png,-0.003189840354025364,-0.0009133339626714587
B_raw_s1_r16,00081.png,0.001578792929649353,0.0007451380370184779
B_raw_s1_r16,00082.png,0.001930462894961238,0.00032263033790513873
B_raw_s1_r16,00083.png,0.00034261218388564885,0.0009561353363096714
B_raw_s1_r16,00084.png,-0.0017033760668709874,0.0025681140832602978
B_raw_s1_r16,00085.png,-0.0013794294791296124,-0.0016240252880379558
B_raw_s1_r16,00086.png,-8.551488281227648e-05,-0.0007786134374327958
B_raw_s1_r16,00087.png,0.0037513114511966705,-0.0005158242420293391
B_raw_s1_r16,00088.png,0.0010232864879071712,-0.0013957745395600796
B_raw_s1_r16,00089.png,-0.0016529164277017117,0.0011174753308296204
B_raw_s1_r16,00090.png,8.751584391575307e-05,-0.00018152594566345215
B_raw_s1_r16,00091.png,0.00040012135286815464,0.0003975449944846332
B_raw_s1_r16,00092.png,-0.0016099828062579036,-0.0018381152767688036
B_raw_s1_r16,00093.png,-0.0025781402364373207,-0.0016923751682043076
B_raw_s1_r16,00094.png,0.0031496472656726837,-9.608577965991572e-05
B_raw_s1_r16,00095.png,6.288020813371986e-05,0.0014166174223646522
B_raw_s1_r16,00096.png,-0.00030092927045188844,-0.0008113384246826172
B_raw_s1_r16,00097.png,0.0004733652458526194,-0.00032326142536476254
B_raw_s1_r16,00098.png,-0.0016024394426494837,0.0021442624274641275
B_raw_s1_r16,00099.png,-0.00019473436987027526,-0.0026320829056203365
B_raw_s1_r16,00100.png,0.00038496675551868975,0.0001689785422058776
B_raw_s1_r16,00101.png,-0.0003519022138789296,0.0018527609063312411
B_raw_s1_r16,00102.png,-0.0024877600371837616,0.00015975807036738843
B_raw_s1_r16,00103.png,-0.00016164372209459543,0.0017778867622837424
B_raw_s1_r16,00104.png,-0.0005853062612004578,-0.0008526330930180848
B_raw_s1_r16,00105.png,-0.0007331321248784661,0.00041681883158162236
B_raw_s1_r16,00106.png,0.0009369943873025477,0.0008139053825289011
B_raw_s1_r16,00107.png,-0.0002856160281226039,-0.0016492572613060474
B_raw_s1_r16,00108.png,0.00018132531840819865,-0.0007554489420726895
B_raw_s1_r16,00109.png,9.55726281972602e-05,0.0015150100225582719
B_raw_s1_r16,00110.png,-0.0012567091034725308,0.0007729663047939539
B_raw_s1_r16,00111.png,0.0012316115899011493,0.0017452413449063897
B_raw_s1_r16,00112.png,0.002360670128837228,0.0013162798713892698
B_raw_s1_r16,00113.png,-0.0013900535413995385,-0.0003528578672558069
B_raw_s1_r16,00114.png,-0.001423299196176231,0.00135863630566746
B_raw_s1_r16,00115.png,-0.0014566542813554406,0.0006076229037716985
B_raw_s1_r16,00116.png,-0.000874477787874639,0.0008133277297019958
B_raw_s1_r16,00117.png,-0.00042388716246932745,0.0030068226624280214
B_raw_s1_r16,00118.png,0.00021786949946545064,-0.0019237297819927335
B_raw_s1_r16,00119.png,0.0025101376231759787,0.0010932316072285175
B_raw_s1_r16,00120.png,-0.0007027985411696136,0.0014451766619458795
B_raw_s1_r16,00121.png,-0.00038092659087851644,0.0034630128648132086
B_raw_s1_r16,00122.png,-0.0006680124788545072,-0.002117785159498453
B_raw_s1_r16,00123.png,0.0018445024034008384,0.0008115217206068337
B_raw_s1_r16,00124.png,0.0012920015724375844,0.0011801952496170998
B_raw_s1_r16,00125.png,5.3835537983104587e-05,0.0004398333257995546
B_raw_s1_r16,00126.png,0.0023094865027815104,0.0007040606578812003
B_raw_s1_r16,00127.png,0.0017718457384034991,-0.002050727605819702
B_raw_s1_r16,00128.png,-0.00033965674811042845,0.0009279926889576018
B_raw_s1_r16,00129.png,0.0007302496815100312,0.0003544825885910541
B_raw_s1_r16,00130.png,-0.0014837224734947085,-4.4870859710499644e-05
B_raw_s1_r16,00131.png,0.001205099979415536,0.0017900243401527405
B_raw_s1_r16,00132.png,0.0010332949459552765,0.0001377024018438533
B_raw_s1_r16,00133.png,-0.00022057612659409642,-0.0003724437265191227
B_raw_s1_r16,00134.png,0.0014862546231597662,0.0007552745519205928
B_raw_s1_r16,00135.png,-0.0002776675682980567,-0.0005785561515949667
B_raw_s1_r16,00136.png,0.0021732021123170853,0.0014333464205265045
B_raw_s1_r16,00137.png,-0.0038198872935026884,0.000730471103452146
B_raw_s1_r16,00138.png,0.001107638468965888,-0.00043692547478713095
B_raw_s1_r16,00139.png,-0.0014990036142989993,0.0011966293677687645
B_raw_s1_r16,00140.png,-0.00037335060187615454,0.0006139795295894146
B_raw_s1_r16,00141.png,0.002114076167345047,0.0009109041420742869
B_raw_s1_r16,00142.png,-7.503884262405336e-05,0.0017046728171408176
B_raw_s1_r16,00143.png,5.16549262101762e-05,0.0006554521969519556
B_raw_s1_r16,00144.png,-0.00016557886556256562,0.00021649431437253952
B_raw_s1_r16,00145.png,-0.0003343687567394227,0.000605997396633029
B_raw_s1_r16,00146.png,0.0009211639408022165,-0.0005728508695028722
B_raw_s1_r16,00147.png,-0.0009861503494903445,0.0011053183116018772
B_raw_s1_r16,00148.png,0.0008366067195311189,0.001417650142684579
B_raw_s1_r16,00149.png,-0.0036299689672887325,-0.0013130103470757604
B_raw_s1_r16,00150.png,-0.0010592243634164333,0.001560649019666016
B_raw_s1_r16,00151.png,-7.951709267217666e-05,-0.0014937076484784484
B_raw_s1_r16,00152.png,0.0005323541699908674,0.00015539901505690068
B_raw_s1_r16,00153.png,-0.0006993695860728621,-0.0006417701370082796
B_raw_s1_r16,00154.png,0.0006484953919425607,0.002808783669024706
B_raw_s1_r16,00155.png,-0.001852244371548295,-0.00043876367271877825
B_raw_s1_r16,00156.png,-0.0003849114291369915,0.0009469198412261903
B_raw_s1_r16,00157.png,0.0009823923464864492,-0.00024578985176049173
B_raw_s1_r16,00158.png,0.0007527086418122053,-0.0007421202026307583
B_raw_s1_r16,00159.png,-0.000548330950550735,-0.0010213928762823343
B_raw_s1_r16,00160.png,-0.00010310138895874843,0.00019597006030380726
B_raw_s1_r16,00161.png,0.0019350326620042324,-0.0003969829995185137
B_raw_s1_r16,00162.png,0.0007088122656568885,-0.0017505913274362683
B_raw_s1_r16,00163.png,0.0017526564188301563,-0.00045549223432317376
B_raw_s1_r16,00164.png,-0.0012152609415352345,0.002661484992131591
B_raw_s1_r16,00165.png,0.0006084421183913946,0.00020945699361618608
B_raw_s1_r16,00166.png,-0.0003897693532053381,-4.385119609651156e-05
B_raw_s1_r16,00167.png,-0.00048431751201860607,-0.0009107529767788947
B_raw_s1_r16,00168.png,0.001795297022908926,0.0012113306438550353
B_raw_s1_r16,00169.png,-7.351767999352887e-05,0.00014071450277697295
B_raw_s1_r16,00170.png,-0.0020864170510321856,-0.0015627092216163874
B_raw_s1_r16,00171.png,0.0015597244491800666,-0.0012746849097311497
B_raw_s1_r16,00172.png,0.0010792522225528955,-0.0008343234658241272
B_raw_s1_r16,00173.png,-0.000558649655431509,-0.0002531538193579763
B_raw_s1_r16,00174.png,-0.002110313391312957,9.772633347893134e-05
B_raw_s1_r16,00175.png,0.0005673390696756542,0.001209918293170631
B_raw_s1_r16,00176.png,3.540336911100894e-05,0.0012473717797547579
B_raw_s1_r16,00177.png,0.003670289646834135,0.0016365128103643656
B_raw_s1_r16,00178.png,0.0012122523039579391,-0.0002444542769808322
B_raw_s1_r16,00179.png,0.0010584426345303655,-0.0004009878321085125
B_raw_s1_r16,00180.png,-0.001346372882835567,-0.00046021281741559505
B_raw_s1_r16,00181.png,-4.242057548253797e-05,-0.002870274009183049
B_raw_s1_r16,00182.png,0.0009404034935869277,-0.0009356976370327175
B_raw_s1_r16,00183.png,0.0014004894765093923,0.00027336139464750886
B_raw_s1_r16,00184.png,-0.0007843338535167277,7.951238512760028e-05
B_raw_s1_r16,00185.png,-6.054924233467318e-05,0.0010370580712333322
B_raw_s1_r16,00186.png,-0.0009198086336255074,-0.00023658994177822024
B_raw_s1_r16,00187.png,0.002123347483575344,-0.0009877642150968313
B_raw_s1_r16,00188.png,-0.0009430565405637026,0.0022955993190407753
B_raw_s1_r16,00189.png,-0.0008071946213021874,-0.0013084523379802704
B_raw_s1_r16,00190.png,2.134391434083227e-05,0.000617344630882144
B_raw_s1_r16,00191.png,0.00034793830127455294,0.0012247266713529825
B_raw_s1_r16,00192.png,0.001412784680724144,-0.00033733039163053036
B_raw_s1_r16,00193.png,-0.00031427378416992724,-0.00021034604287706316
B_raw_s1_r16,00194.png,0.0009430582285858691,0.0013223187997937202
B_raw_s1_r16,00195.png,-2.213218431279529e-05,0.00021070965158287436
B_raw_s1_r16,00196.png,-0.0004035049059893936,-0.0002024367277044803
B_raw_s1_r16,00197.png,0.0013341474113985896,0.003281815443187952
B_raw_s1_r16,00198.png,0.0002858164079952985,0.0010888184187933803
B_raw_s1_r16,00199.png,0.000982653466053307,0.0007875608280301094
B_raw_s1_r16,00200.png,-0.0018582611810415983,-0.0028051896952092648
B_raw_s1_r16,00201.png,-0.0030842514242976904,-0.0025149418506771326
B_raw_s1_r16,00202.png,-0.0013781599700450897,-0.0003427696938160807
B_raw_s1_r16,00203.png,-0.0009611139539629221,0.0012822345597669482
B_raw_s1_r16,00204.png,-0.0005243299528956413,0.0017596365651115775
B_raw_s1_r16,00205.png,-0.0017680175369605422,3.769587419810705e-05
B_raw_s1_r16,00206.png,0.0017806371906772256,0.0002750232524704188
B_raw_s1_r16,00207.png,0.0006383096915669739,-0.0007664331933483481
B_raw_s1_r16,00208.png,0.0011706734076142311,-0.0012994128046557307
B_raw_s1_r16,00209.png,0.001142525696195662,-0.0021464840974658728
B_raw_s1_r16,00210.png,-0.002372428774833679,-5.761116699432023e-05
B_raw_s1_r16,00211.png,-0.0008098516263999045,-0.0001108965152525343
B_raw_s1_r16,00212.png,-2.861577559087891e-05,-0.0007663262076675892
B_raw_s1_r16,00213.png,0.0004994334885850549,-0.0008444051491096616
B_raw_s1_r16,00214.png,-0.0015686919214203954,-0.0024277553893625736
B_raw_s1_r16,00215.png,-0.0003008880012203008,0.0013280536513775587
B_raw_s1_r16,00216.png,0.0007797497673891485,-1.2465504369174596e-05
B_raw_s1_r16,00217.png,0.003399905050173402,-0.0040644630789756775
B_raw_s1_r16,00218.png,0.001706547918729484,-0.0021412973292171955
B_raw_s1_r16,00219.png,0.001808245899155736,2.2391835955204442e-05
B_raw_s1_r16,00220.png,-0.001176496734842658,0.0018944918410852551
B_raw_s1_r16,00221.png,0.001704337657429278,0.0027380012907087803
B_raw_s1_r16,00222.png,-0.0016119683859869838,-0.0013031158596277237
B_raw_s1_r16,00223.png,-0.0006515577551908791,0.0002449263702146709
B_raw_s1_r16,00224.png,-0.0012132563861086965,0.0002708537213038653
B_raw_s1_r16,00225.png,5.9211997722741216e-05,-0.0008888852898962796
B_raw_s1_r16,00226.png,0.00047557969810441136,0.0004681839782278985
B_raw_s1_r16,00227.png,-0.0009146225638687611,0.0015836114762350917
B_raw_s1_r16,00228.png,0.0006042976165190339,0.0014778176555410028
B_raw_s1_r16,00229.png,0.00035209310590289533,0.0005363606614992023
B_raw_s1_r16,00230.png,-6.0340251366142184e-05,0.0012908984208479524
B_raw_s1_r16,00231.png,-0.00019919400801882148,-0.0018620268674567342
B_raw_s1_r16,00232.png,-0.004462186247110367,-9.460034198127687e-05
B_raw_s1_r16,00233.png,0.001243815291672945,-0.00011079698742832989
B_raw_s1_r16,00234.png,0.00012162107304902747,0.0005554317613132298
B_raw_s1_r16,00235.png,-0.00024552151444368064,0.003049061167985201
B_raw_s1_r16,00236.png,0.0012822382850572467,0.0014405333204194903
B_raw_s1_r16,00237.png,-0.0006123775965534151,-0.0015106184873729944
B_raw_s1_r16,00238.png,9.239203063771129e-05,-0.0012080041924491525
B_raw_s1_r16,00239.png,-0.0009776934748515487,-0.0007311864756047726
B_raw_s1_r16,00240.png,-8.710796100785956e-05,0.0017512376653030515
B_raw_s1_r16,00241.png,-0.0009561568731442094,0.00022562533558811992
B_raw_s1_r16,00242.png,-0.0008729929104447365,-0.0013741962611675262
B_raw_s1_r16,00243.png,0.0019351770170032978,-0.0005333960289135575
B_raw_s1_r16,00244.png,-0.0024246969260275364,0.0018286248669028282
B_raw_s1_r16,00245.png,0.0005554427043534815,-0.000560225045774132
B_raw_s1_r16,00246.png,-0.0005616412963718176,0.0005507203750312328
B_raw_s1_r16,00247.png,-3.388554978300817e-05,0.000606931746006012
B_raw_s1_r16,00248.png,0.0005038684466853738,0.0006580729386769235
B_raw_s1_r16,00249.png,0.00024408765602856874,-0.0010951493168249726
B_raw_s1_r16,00250.png,0.000632527400739491,0.0005459917010739446
B_raw_s1_r16,00251.png,0.001165464287623763,-2.5873610866256058e-05
B_raw_s1_r16,00252.png,0.001853186055086553,0.0007512553129345179
B_raw_s1_r16,00253.png,-0.00037223586696200073,0.0009014842216856778
B_raw_s1_r16,00254.png,0.0004913282464258373,0.0013294820673763752
B_raw_s1_r16,00255.png,0.00025727757019922137,-0.0002216102584498003
B_raw_s1_r16,00256.png,-0.00047044287202879786,0.00307167274877429
B_raw_s1_r16,00257.png,0.0009073145920410752,-0.0005652336403727531
B_raw_s1_r16,00258.png,-0.0005430098972283304,0.00045173923717811704
B_raw_s1_r16,00259.png,-0.0012128388043493032,-0.002440231153741479
B_raw_s1_r16,00260.png,-0.0003471938252914697,0.0010197422234341502
B_raw_s1_r16,00261.png,7.811393879819661e-05,0.000967178086284548
B_raw_s1_r16,00262.png,-0.0004545605042949319,-0.00040175780304707587
B_raw_s1_r16,00263.png,-0.0006459970609284937,-0.0002440781972836703
B_raw_s1_r16,00264.png,-0.0007709821220487356,0.00038373543065972626
B_raw_s1_r16,00265.png,9.858749399427325e-05,-0.0005829469882883132
B_raw_s1_r16,00266.png,0.001804772182367742,0.0009406449971720576
B_raw_s1_r16,00267.png,0.0009555500582791865,0.0009125047363340855
B_raw_s1_r16,00268.png,0.0009920583106577396,-0.00030969746876508
B_raw_s1_r16,00269.png,0.0036736256442964077,0.005830064881592989
B_raw_s1_r16,00270.png,-0.0017066405853256583,-0.001401405199430883
B_raw_s1_r16,00271.png,-0.00205296091735363,-0.002643016166985035
B_raw_s1_r16,00272.png,-0.0008261905168183148,-0.001953262835741043
B_raw_s1_r16,00273.png,0.0008908396121114492,-0.0011217995779588819
B_raw_s1_r16,00274.png,0.0018880488350987434,0.003384663024917245
B_raw_s1_r16,00275.png,0.00045749792479909956,-0.0014211335219442844
B_raw_s1_r16,00276.png,0.0003742860571946949,0.0017026804853230715
B_raw_s1_r16,00277.png,-0.0014235001290217042,-0.0012873292434960604
B_raw_s1_r16,00278.png,-0.0006085482309572399,-0.00022646541765425354
B_raw_s1_r16,00279.png,-0.0013941314537078142,0.001532818074338138
B_raw_s1_r16,00280.png,-0.001356999622657895,-0.0015647239051759243
B_raw_s1_r16,00281.png,0.0033626756630837917,-0.0006113367853686213
B_raw_s1_r16,00282.png,0.0003580964694265276,-0.0006772981723770499
B_raw_s1_r16,00283.png,-0.00035185005981475115,0.0004487370024435222
B_raw_s1_r16,00284.png,-0.0013486201642081141,-0.0002444571000523865
B_raw_s1_r16,00285.png,0.00026808498660102487,-0.0010047355899587274
B_raw_s1_r16,00286.png,0.0015768036246299744,0.0005597428535111248
B_raw_s1_r16,00287.png,0.0007877079187892377,0.0014603643212467432
B_raw_s1_r16,00288.png,0.001277880510315299,0.0013947030529379845
B_raw_s1_r16,00289.png,-0.0014788253465667367,-0.000154441426275298
B_raw_s1_r16,00290.png,-0.0011246828362345695,4.403330240165815e-05
B_raw_s1_r16,00291.png,1.6899111869861372e-05,-0.0006100595346651971
B_raw_s1_r16,00292.png,9.569001122144982e-05,-0.0017316165613010526
B_raw_s1_r16,00293.png,0.0012662679655477405,-6.168452091515064e-05
B_raw_s1_r16,00294.png,-0.0003479606530163437,0.0006028260104358196
B_raw_s1_r16,00295.png,-0.0014109354233369231,0.0004142699472140521
B_raw_s1_r16,00296.png,0.002199481939896941,0.0018050209619104862
B_raw_s1_r16,00297.png,-0.0016806606436148286,-0.0028795632533729076
B_raw_s1_r16,00298.png,0.0004090603324584663,-0.0019189753802493215
B_raw_s1_r16,00299.png,-0.0003021091688424349,0.001891973428428173
B_raw_s1_r16,00300.png,-0.000472885905764997,-0.0003967617521993816
B_raw_s1_r16,00301.png,0.001737935352139175,0.0017942169215530157
B_raw_s1_r16,00302.png,0.0030574228148907423,-0.0034830523654818535
B_raw_s1_r16,00303.png,0.0009722263785079122,0.001373346196487546
B_raw_s1_r16,00304.png,0.0002921709674410522,0.0005694746505469084
B_raw_s1_r16,00305.png,-0.0009121460025198758,0.0008563862065784633
B_raw_s1_r16,00306.png,-0.00028116078465245664,0.0021621494088321924
B_raw_s1_r16,00307.png,-0.0004865433438681066,-0.0016909051919355989
B_raw_s1_r16,00308.png,0.0005207405192777514,-8.077245729509741e-05
B_raw_s1_r16,00309.png,0.0015664503443986177,-0.00021672621369361877
B_raw_s1_r16,00310.png,-0.0008217469439841807,-0.0008336419123224914
B_raw_s1_r16,00311.png,-0.0017652189126238227,0.002430628053843975
B_raw_s1_r16,00312.png,0.00011690250539686531,-0.001632387051358819
B_raw_s1_r16,00313.png,0.00017789685807656497,-0.00029304175404831767
B_raw_s1_r16,00314.png,-0.0013906987151131034,0.0007424405193887651
B_raw_s1_r16,00315.png,-0.0015191303100436926,-0.00035529700107872486
B_raw_s1_r16,00316.png,-0.0017967105377465487,-0.0026512204203754663
B_raw_s1_r16,00317.png,-0.0013604375999420881,-0.0010089854476973414
B_raw_s1_r16,00318.png,-0.00046077751903794706,0.0009586481610313058
B_raw_s1_r16,00319.png,0.0019914936274290085,0.001281357603147626
B_raw_s1_r16,00320.png,-0.0007311041699722409,0.00152116478420794
B_raw_s1_r16,00321.png,0.0014573895605280995,6.885634502395988e-05
B_raw_s1_r16,00322.png,0.0027578023727983236,0.00023702197358943522
B_raw_s1_r16,00323.png,0.001735109370201826,0.0016964107053354383
B_raw_s1_r16,00324.png,-4.117495791433612e-06,0.0017727356171235442
B_raw_s1_r16,00325.png,-0.0005004476988688111,-0.0007973086321726441
B_raw_s1_r16,00326.png,0.00024248352565336972,0.0018704182002693415
B_raw_s1_r16,00327.png,0.002169183921068907,0.0008057262166403234
B_raw_s1_r16,00328.png,-0.0012561616022139788,0.0003850297653116286
B_raw_s1_r16,00329.png,0.000609508715569973,0.0021803025156259537
B_raw_s1_r16,00330.png,0.0008871282916516066,0.00023335755395237356
B_raw_s1_r16,00331.png,0.0009388288017362356,-0.0021967024076730013
B_raw_s1_r16,00332.png,0.0011890914756804705,0.0021082349121570587
B_raw_s1_r16,00333.png,0.0010049062548205256,0.00021140751778148115
B_raw_s1_r16,00334.png,0.0008231689571402967,0.0012874287785962224
B_raw_s1_r16,00335.png,-0.0007250694907270372,-0.002117140218615532
B_raw_s1_r16,00336.png,-0.0017478683730587363,-0.001181325176730752
B_raw_s1_r16,00337.png,-0.0009012286900542676,-0.001224591163918376
B_raw_s1_r16,00338.png,-0.0012818245450034738,0.000873988145031035
B_raw_s1_r16,00339.png,-0.0009944791672751307,-0.001251397654414177
B_raw_s1_r16,00340.png,-0.001302656251937151,-5.883354242541827e-05
B_raw_s1_r16,00341.png,-0.0002611470699775964,-0.0005355786415748298
B_raw_s1_r16,00342.png,-0.0024097596760839224,-0.0014583785086870193
B_raw_s1_r16,00343.png,-0.0013485956005752087,0.0010022682836279273
B_raw_s1_r16,00344.png,2.330126881133765e-05,0.0013398248702287674
B_raw_s1_r16,00345.png,0.0006330020842142403,-0.0004081582301296294
B_raw_s1_r16,00346.png,-0.00013644358841702342,0.0009201476932503283
B_raw_s1_r16,00347.png,6.013417078065686e-05,0.0005556571995839477
B_raw_s1_r16,00348.png,-0.0002731431450229138,0.0013370512751862407
B_raw_s1_r16,00349.png,0.00029808166436851025,0.002826925367116928
B_raw_s1_r16,00350.png,2.042340929619968e-05,-0.002102520549669862
B_raw_s1_r16,00351.png,-9.866583422990516e-05,-0.0008723276550881565
B_raw_s1_r16,00352.png,0.0008832032908685505,0.0005697708111256361
B_raw_s1_r16,00353.png,0.00015265573165379465,0.00039324286626651883
B_raw_s1_r16,00354.png,-0.00029237286071293056,-0.0004545454285107553
B_raw_s1_r16,00355.png,-0.00012711068848147988,-0.0004014750593341887
B_raw_s1_r16,00356.png,0.000750504492316395,0.0004314291581977159
B_raw_s1_r16,00357.png,-0.00043393883970566094,0.0018086688360199332
B_raw_s1_r16,00358.png,0.001243006088770926,0.0006201523938216269
B_raw_s1_r16,00359.png,-0.0005815370823256671,0.0005834696348756552
B_raw_s1_r16,00360.png,-9.325327846454456e-05,-8.319528569700196e-05
B_raw_s1_r16,00361.png,-0.00018800716497935355,0.0004015029699075967
B_raw_s1_r16,00362.png,0.0023635642137378454,0.003198324702680111
B_raw_s1_r16,00363.png,0.00014461060345638543,-0.0007481122156605124
B_raw_s1_r16,00364.png,-0.002263199770823121,0.00048580707516521215
B_raw_s1_r16,00365.png,-0.00029875835753045976,-0.0013943602098152041
B_raw_s1_r16,00366.png,-0.00012915913248434663,-0.00018249780987389386
B_raw_s1_r16,00367.png,-0.00016167081776075065,-0.0007792446995154023
B_raw_s1_r16,00368.png,-0.00015957992582116276,-0.0005684641655534506
B_raw_s1_r16,00369.png,0.0013504826929420233,-0.0009725550189614296
B_raw_s1_r16,00370.png,-0.0015859092818573117,-0.00038934434996917844
B_raw_s1_r16,00371.png,0.0012332370970398188,0.0013242099666967988
B_raw_s1_r16,00372.png,-0.0005351329455152154,-0.0005664873751811683
B_raw_s1_r16,00373.png,0.00020049848535563797,0.0005507023306563497
B_raw_s1_r16,00374.png,0.0013445233926177025,-0.00012759708624798805
B_raw_s1_r16,00375.png,0.0017327247187495232,0.0018412804929539561
B_raw_s1_r16,00376.png,-0.0007314383401535451,-0.0015043203020468354
B_raw_s1_r16,00377.png,0.001537321717478335,0.0018850500928238034
B_raw_s1_r16,00378.png,-0.0013672104105353355,-0.00046517368173226714
B_raw_s1_r16,00379.png,-0.0004938034107908607,-1.029646136885276e-05
B_raw_s1_r16,00380.png,0.00013809379015583545,-0.0001445317902835086
B_raw_s1_r16,00381.png,-4.475580863072537e-05,-9.445609612157568e-05
B_raw_s1_r16,00382.png,0.002466086996719241,0.000416044145822525
B_raw_s1_r16,00383.png,0.0010456240270286798,0.0015620908234268427
B_raw_s1_r16,00384.png,0.0020102914422750473,-0.0011501105036586523
B_raw_s1_r16,00385.png,-0.002606259658932686,0.0006572121055796742
B_raw_s1_r16,00386.png,-0.0006620589992962778,-6.977775774430484e-05
B_raw_s1_r16,00387.png,0.0021374132484197617,0.0030633246060460806
B_raw_s1_r16,00388.png,-0.00030525881447829306,0.001120219356380403
B_raw_s1_r16,00389.png,0.0003298033552709967,-0.0007411634433083236
B_raw_s1_r16,00390.png,0.0009113695123232901,-0.0008325508679263294
B_raw_s1_r16,00391.png,0.003276416566222906,0.0010599734960123897
B_raw_s1_r16,00392.png,0.0018646561075001955,0.0002746384416241199
B_raw_s1_r16,00393.png,0.0011747132521122694,-0.0018416020320728421
B_raw_s1_r16,00394.png,0.0018466851906850934,-0.0013036817545071244
B_raw_s1_r16,00395.png,-0.0005479534156620502,0.00017020224186126143
B_raw_s1_r16,00396.png,0.003025627229362726,0.0005333893350325525
B_raw_s1_r16,00397.png,0.0015536940190941095,0.00014375838509295136
B_raw_s1_r16,00398.png,0.0003621613432187587,0.0002227787917945534
B_raw_s1_r16,00399.png,-0.003121067536994815,-0.0012790998443961143
B_raw_s1_r16,00400.png,-0.00042101467261090875,0.0006940184975974262
B_raw_s1_r16,00401.png,-0.0007247630855999887,0.001174169941805303
B_raw_s1_r16,00402.png,-0.0003451832744758576,0.0013787485659122467
B_raw_s1_r16,00403.png,0.0011321613565087318,-0.0001407953823218122
B_raw_s1_r16,00404.png,-0.002007821574807167,0.0012399782426655293
B_raw_s1_r16,00405.png,-0.0008931708871386945,0.0008754325681366026
B_raw_s1_r16,00406.png,0.0017930531175807118,0.0014152894727885723
B_raw_s1_r16,00407.png,0.0034331439528614283,0.002773925429210067
B_raw_s1_r16,00408.png,0.0018122508190572262,0.0004702728474512696
B_raw_s1_r16,00409.png,0.0004766949568875134,0.0005956508684903383
B_raw_s1_r16,00410.png,0.0003143420326523483,-0.001161227934062481
B_raw_s1_r16,00411.png,0.000695439986884594,-0.001523533370345831
B_raw_s1_r16,00412.png,-0.0030153277330100536,-0.002425637561827898
B_raw_s1_r16,00413.png,-0.0009332464542239904,0.0003293683403171599
B_raw_s1_r16,00414.png,0.0010081672808155417,0.001219679368659854
B_raw_s1_r16,00415.png,-3.7159679777687415e-05,-0.00037812141817994416
B_raw_s1_r16,00416.png,0.0016235822113230824,0.002879644511267543
B_raw_s1_r16,00417.png,-0.001219830708578229,0.002250838093459606
B_raw_s1_r16,00418.png,-0.00010221714910585433,-0.0009350113105028868
B_raw_s1_r16,00419.png,0.00011079421528847888,-5.7655353884911165e-05
B_raw_s1_r16,00420.png,0.0007376958965323865,0.0008402875391766429
B_raw_s1_r16,00421.png,-0.0006037376006133854,-8.453900954918936e-05
B_raw_s1_r16,00422.png,-0.0010505655081942677,0.0028164407704025507
B_raw_s1_r16,00423.png,0.0008103440050035715,-0.00034523222711868584
B_raw_s1_r16,00424.png,-0.0003743820998352021,-0.001766422763466835
B_raw_s1_r16,00425.png,-0.00207043276168406,0.0005378556088544428
B_raw_s1_r16,00426.png,0.0029990572948008776,0.000865398789756
B_raw_s1_r16,00427.png,0.0015335353091359138,0.0026832041330635548
B_raw_s1_r16,00428.png,0.0009983992204070091,0.001222302787937224
B_raw_s1_r16,00429.png,0.000678498821798712,0.002918998943641782
B_raw_s1_r16,00430.png,0.0014119567349553108,0.0017857709899544716
B_raw_s1_r16,00431.png,0.002799877431243658,0.0006887659546919167
B_raw_s1_r16,00432.png,0.0015633541624993086,0.0015101686585694551
B_raw_s1_r16,00433.png,0.00011403556709410623,-0.0009992943378165364
B_raw_s1_r16,00434.png,-0.001016863971017301,0.0005895000649616122
B_raw_s1_r16,00435.png,-0.0019332951633259654,-0.0007791923126205802
B_raw_s1_r16,00436.png,0.001234011841006577,-0.0011270571267232299
B_raw_s1_r16,00437.png,-0.0011114241788163781,-0.0005854014307260513
B_raw_s1_r16,00438.png,0.0010846577351912856,0.001093334867618978
B_raw_s1_r16,00439.png,0.0020659645088016987,0.0017422533128410578
B_raw_s1_r16,00440.png,0.00020534849318210036,-0.0018105199560523033
B_raw_s1_r16,00441.png,-0.0007476733881048858,0.0017878576181828976
B_raw_s1_r16,00442.png,-0.0013828574446961284,-0.002140882657840848
B_raw_s1_r16,00443.png,0.00014757319877389818,0.0002534343220759183
B_raw_s1_r16,00444.png,-0.00028689822647720575,0.004258146975189447
B_raw_s1_r16,00445.png,-0.0009252373711206019,0.000679604010656476
B_raw_s1_r16,00446.png,-0.001162886037491262,-0.0013481142232194543
B_raw_s1_r16,00447.png,0.001263439771719277,0.0017832439625635743
B_raw_s1_r16,00448.png,0.0003241549711674452,0.0010864874348044395
B_raw_s1_r16,00449.png,0.001382434624247253,-0.0012915943516418338
B_raw_s1_r16,00450.png,-0.0017484842101112008,-0.0017065823776647449
B_raw_s1_r16,00451.png,0.0011563543230295181,0.0018753461772575974
B_raw_s1_r16,00452.png,-0.0016478169709444046,0.00017908461450133473
B_raw_s1_r16,00453.png,0.00015006968169473112,0.0009906692430377007
B_raw_s1_r16,00454.png,0.0005939303082413971,0.0016655029030516744
B_raw_s1_r16,00455.png,0.00018208171240985394,-4.651329618354794e-06
B_raw_s1_r16,00456.png,-0.0005948441103100777,-0.0005290792905725539
B_raw_s1_r16,00457.png,-0.0004155761271249503,0.0012979964958503842
B_raw_s1_r16,00458.png,0.0012836692621931434,-0.0007002273923717439
B_raw_s1_r16,00459.png,0.0002886605798266828,-0.00227971188724041
B_raw_s1_r16,00460.png,0.0006820164853706956,0.0006793599459342659
B_raw_s1_r16,00461.png,0.0017546166200190783,0.0022540681529790163
B_raw_s1_r16,00462.png,0.0008807851118035614,-0.0005114419618621469
B_raw_s1_r16,00463.png,-0.002136172726750374,-0.0016670484328642488
B_raw_s1_r16,00464.png,-0.0018565580248832703,0.0005939088296145201
B_raw_s1_r16,00465.png,0.00015222732326947153,-0.0012849390041083097
B_raw_s1_r16,00466.png,-0.00042826568824239075,-0.0016554079484194517
B_raw_s1_r16,00467.png,0.001034687738865614,-0.00033609115052968264
B_raw_s1_r16,00468.png,-0.0008123303414322436,-0.0008472225745208561
B_raw_s1_r16,00469.png,-0.0015870947390794754,-0.0006480410811491311
B_raw_s1_r16,00470.png,0.0006273693288676441,0.0016253202920779586
B_raw_s1_r16,00471.png,0.0008624454494565725,0.0007152690668590367
B_raw_s1_r16,00472.png,-0.00010210381879005581,-0.001407747738994658
B_raw_s1_r16,00473.png,-0.001136496546678245,0.0005968371406197548
B_raw_s1_r16,00474.png,-0.0019501891219988465,-0.0021426682360470295
B_raw_s1_r16,00475.png,0.0023672357201576233,0.0031592014711350203
B_raw_s1_r16,00476.png,-0.0011031123576685786,0.001328087062574923
B_raw_s1_r16,00477.png,-0.001570223830640316,0.0007270897622220218
B_raw_s1_r16,00478.png,0.00012491660891100764,0.0006435730610974133
B_raw_s1_r16,00479.png,0.0012243191013112664,-0.001351542305201292
B_raw_s1_r16,00480.png,-0.0011871384922415018,0.0009495950071141124
B_raw_s1_r16,00481.png,0.00022958885529078543,0.0012731534661725163
B_raw_s1_r16,00482.png,0.0008097933605313301,-0.000366179330740124
B_raw_s1_r16,00483.png,-0.0012800409458577633,0.002087669912725687
B_raw_s1_r16,00484.png,0.0014441541861742735,-0.00014732852287124842
B_raw_s1_r16,00485.png,0.0015567874070256948,0.00012507862993516028
B_raw_s1_r16,00486.png,-0.0007395668071694672,-0.0025320295244455338
B_raw_s1_r16,00487.png,-0.0005465380381792784,-0.0008357242913916707
B_raw_s1_r16,00488.png,-0.0005468565504997969,-5.298053292790428e-05
B_raw_s1_r16,00489.png,0.000648925022687763,-0.0006210060091689229
B_raw_s1_r16,00490.png,0.0002670400426723063,0.0008265106589533389
B_raw_s1_r16,00491.png,0.0004481555661186576,0.0003891125088557601
B_raw_s1_r16,00492.png,-0.0034539273474365473,-0.004219692200422287
B_raw_s1_r16,00493.png,4.277910920791328e-05,-0.0006495692068710923
B_raw_s1_r16,00494.png,0.0012433595256879926,-1.9608749425970018e-05
B_raw_s1_r16,00495.png,0.0003678170032799244,-0.0010017998283728957
B_raw_s1_r16,00496.png,0.00015329913003370166,0.002173500368371606
B_raw_s1_r16,00497.png,-0.0005269538960419595,0.0009785235160961747
B_raw_s1_r16,00498.png,0.0005139645654708147,-0.0009534740238450468
B_raw_s1_r16,00499.png,-0.0020088194869458675,0.0008449037559330463
B_raw_s2_r16,00000.png,0.0010643218411132693,-0.0007506596739403903
B_raw_s2_r16,00001.png,0.0004519816138781607,0.001756017212755978
B_raw_s2_r16,00002.png,0.000418209150666371,0.0011075142538174987
B_raw_s2_r16,00003.png,-0.0009032113011926413,0.0016363440081477165
B_raw_s2_r16,00004.png,-0.00026514517958275974,0.001992914592847228
B_raw_s2_r16,00005.png,0.0011932175839319825,0.002886561444029212
B_raw_s2_r16,00006.png,0.0021091564558446407,-0.00039075204404070973
B_raw_s2_r16,00007.png,-0.0023302012123167515,-0.0015641170321032405
B_raw_s2_r16,00008.png,-0.0002912072231993079,0.0007524449611082673
B_raw_s2_r16,00009.png,0.00042468271567486227,0.0025999450590461493
B_raw_s2_r16,00010.png,0.00038767405203543603,-0.0008965622400864959
B_raw_s2_r16,00011.png,0.001196967321448028,0.001656533102504909
B_raw_s2_r16,00012.png,0.00020806555403396487,-0.001290478860028088
B_raw_s2_r16,00013.png,0.003071193117648363,-0.0009149264078587294
B_raw_s2_r16,00014.png,-0.0005806373083032668,0.0001800757454475388
B_raw_s2_r16,00015.png,-0.00039756897604092956,0.0003782780549954623
B_raw_s2_r16,00016.png,-0.0007766651688143611,0.001346974982880056
B_raw_s2_r16,00017.png,-0.0009552604169584811,0.0036279456689953804
B_raw_s2_r16,00018.png,-0.001107333111576736,0.0003229453868698329
B_raw_s2_r16,00019.png,0.0021888231858611107,0.0010282770963385701
B_raw_s2_r16,00020.png,0.00010578830551821738,0.00019536232866812497
B_raw_s2_r16,00021.png,0.0006608705152757466,0.0015601650811731815
B_raw_s2_r16,00022.png,-0.0014482785481959581,0.00103180599398911
B_raw_s2_r16,00023.png,-0.0011231062235310674,-0.0007944232784211636
B_raw_s2_r16,00024.png,0.0011596985859796405,9.774384670890868e-05
B_raw_s2_r16,00025.png,-0.0008995433454401791,-0.0019937658216804266
B_raw_s2_r16,00026.png,-7.481716602342203e-05,0.002531894249841571
B_raw_s2_r16,00027.png,-0.0004513337626121938,0.000754665001295507
B_raw_s2_r16,00028.png,0.001786236185580492,0.0013610221212729812
B_raw_s2_r16,00029.png,0.0006672338931821287,0.0009018765995278955
B_raw_s2_r16,00030.png,0.000620720093138516,0.0006570311379618943
B_raw_s2_r16,00031.png,0.0029074924532324076,0.0044125341810286045
B_raw_s2_r16,00032.png,0.0003027570783160627,-0.003136835526674986
B_raw_s2_r16,00033.png,-0.0008929974865168333,-0.0005395872867666185
B_raw_s2_r16,00034.png,0.001186271896585822,0.0014477454824373126
B_raw_s2_r16,00035.png,-0.0009240053477697074,0.0002699617762118578
B_raw_s2_r16,00036.png,0.0008183310856111348,0.0006077535217627883
B_raw_s2_r16,00037.png,0.0020611612126231194,-0.0009456829284317791
B_raw_s2_r16,00038.png,-0.0009901466546580195,0.00013668864266946912
B_raw_s2_r16,00039.png,0.0005076341331005096,0.0008582976879552007
B_raw_s2_r16,00040.png,-0.0001354641281068325,0.0014661748427897692
B_raw_s2_r16,00041.png,-0.0009891026420518756,-0.0013954655732959509
B_raw_s2_r16,00042.png,-2.363517887715716e-05,0.0013809717493131757
B_raw_s2_r16,00043.png,0.0008967205649241805,0.0006907766801305115
B_raw_s2_r16,00044.png,0.00126963434740901,0.001662020105868578
B_raw_s2_r16,00045.png,-0.000570953416172415,-0.0009774117497727275
B_raw_s2_r16,00046.png,0.00028155898326076567,0.0016888732789084315
B_raw_s2_r16,00047.png,-0.0004556373751256615,-0.00019410815730225295
B_raw_s2_r16,00048.png,-0.0019623683765530586,0.0016310312785208225
B_raw_s2_r16,00049.png,-0.001938454806804657,-2.8869437301182188e-05
B_raw_s2_r16,00050.png,0.0006884296890348196,0.0002089768386213109
B_raw_s2_r16,00051.png,-1.2482792953960598e-05,0.0008374675526283681
B_raw_s2_r16,00052.png,0.0025946078822016716,0.0005447157891467214
B_raw_s2_r16,00053.png,-0.0006138858152553439,-0.0006042722379788756
B_raw_s2_r16,00054.png,-0.002489623613655567,-0.0002579332794994116
B_raw_s2_r16,00055.png,-2.392828719166573e-05,0.00018608279060572386
B_raw_s2_r16,00056.png,-6.0534603107953444e-05,-0.0015138797461986542
B_raw_s2_r16,00057.png,0.0016195566859096289,-0.0010822429321706295
B_raw_s2_r16,00058.png,-0.0010743546299636364,0.0004243849834892899
B_raw_s2_r16,00059.png,-0.0009338455856777728,-0.001623376621864736
B_raw_s2_r16,00060.png,2.6875166440731846e-05,-0.0019270506454631686
B_raw_s2_r16,00061.png,0.002258679596707225,0.0007848950917832553
B_raw_s2_r16,00062.png,-0.002330797491595149,0.0015378224197775126
B_raw_s2_r16,00063.png,0.00014831461885478348,-0.00037969383993186057
B_raw_s2_r16,00064.png,-0.0008042060653679073,0.0017974844668060541
B_raw_s2_r16,00065.png,-0.00171311991289258,0.0011001299135386944
B_raw_s2_r16,00066.png,0.000996728427708149,-0.0018024338642135262
B_raw_s2_r16,00067.png,0.0006500621675513685,0.0014606933109462261
B_raw_s2_r16,00068.png,7.163533882703632e-05,-0.0001568114967085421
B_raw_s2_r16,00069.png,-0.0007850430556572974,-0.0017908222507685423
B_raw_s2_r16,00070.png,-0.00012726985733024776,0.0008212242391891778
B_raw_s2_r16,00071.png,-0.002155313268303871,-0.0007339391740970314
B_raw_s2_r16,00072.png,0.00016987716662697494,0.0004286639450583607
B_raw_s2_r16,00073.png,-0.00038504780968651175,0.0026263827458024025
B_raw_s2_r16,00074.png,-0.0009650581050664186,0.0008950328920036554
B_raw_s2_r16,00075.png,0.0016809010412544012,-9.019131539389491e-05
B_raw_s2_r16,00076.png,-0.0005648836377076805,-0.002743098419159651
B_raw_s2_r16,00077.png,0.0007001920021139085,0.0008639633888378739
B_raw_s2_r16,00078.png,0.0014218706637620926,0.0022896360605955124
B_raw_s2_r16,00079.png,-6.233124440768734e-05,-0.0019428250379860401
B_raw_s2_r16,00080.png,-0.0010106968693435192,-0.00011964384611928836
B_raw_s2_r16,00081.png,-0.00025139068020507693,0.0011338499607518315
B_raw_s2_r16,00082.png,-0.0005409462028183043,-0.0015430492348968983
B_raw_s2_r16,00083.png,0.00017947725427802652,0.0019194264896214008
B_raw_s2_r16,00084.png,-0.0014487471198663116,0.0015141777694225311
B_raw_s2_r16,00085.png,-0.0017437823116779327,-0.0008147823973558843
B_raw_s2_r16,00086.png,4.5379398216027766e-05,-0.0004516413901001215
B_raw_s2_r16,00087.png,0.00429090391844511,-0.0009437800035811961
B_raw_s2_r16,00088.png,-0.0007316428818739951,-0.0012577404268085957
B_raw_s2_r16,00089.png,-6.895116530358791e-05,0.001359196612611413
B_raw_s2_r16,00090.png,0.0004027632821816951,-0.0012127116788178682
B_raw_s2_r16,00091.png,0.002447481034323573,-0.0005373836611397564
B_raw_s2_r16,00092.png,-0.0008343440713360906,-0.0017999608535319567
B_raw_s2_r16,00093.png,-0.0004944037646055222,0.0011163818417117
B_raw_s2_r16,00094.png,0.0018025399185717106,0.00023614746169187129
B_raw_s2_r16,00095.png,3.9261307392735034e-05,0.002394951181486249
B_raw_s2_r16,00096.png,-1.4199539691617247e-05,-0.0015057851560413837
B_raw_s2_r16,00097.png,0.00038270442746579647,-0.0013024545041844249
B_raw_s2_r16,00098.png,-0.00011570790957193822,0.0012347917072474957
B_raw_s2_r16,00099.png,-0.000182210307684727,-0.0007447474636137486
B_raw_s2_r16,00100.png,0.00030001840787008405,0.0009350027539767325
B_raw_s2_r16,00101.png,-0.00040325865847989917,0.0020537415985018015
B_raw_s2_r16,00102.png,-0.0017368730623275042,0.0007260650163516402
B_raw_s2_r16,00103.png,-0.00034860402229242027,-0.00018860484124161303
B_raw_s2_r16,00108.png,0.00031141703948378563,-0.0008232793188653886
B_raw_s2_r16,00109.png,-0.0002934952499344945,0.0011002899846062064
B_raw_s2_r16,00110.png,4.304752656025812e-05,0.0021698330529034138
B_raw_s2_r16,00111.png,-0.0011571475770324469,0.00013435859000310302
B_raw_s2_r16,00104.png,-0.000986658618785441,-0.00038719980511814356
B_raw_s2_r16,00105.png,0.0008937055827118456,0.0006606039241887629
B_raw_s2_r16,00106.png,0.0017617371631786227,0.0009038580465130508
B_raw_s2_r16,00107.png,0.0023822528310120106,-0.001181314350105822
B_raw_s2_r16,00112.png,0.0014789380365982652,-0.0002940032281912863
B_raw_s2_r16,00113.png,-0.0012528016231954098,0.0006076434510760009
B_raw_s2_r16,00114.png,-0.0016837399452924728,-0.00025914396974258125
B_raw_s2_r16,00115.png,0.0008591565419919789,0.0012373275822028518
B_raw_s2_r16,00116.png,-0.00157518673222512,-0.0009469238575547934
B_raw_s2_r16,00117.png,-0.003613532055169344,0.0019888889510184526
B_raw_s2_r16,00118.png,0.0005423565744422376,-0.0009763522539287806
B_raw_s2_r16,00119.png,0.0024170088581740856,0.0012861137511208653
B_raw_s2_r16,00120.png,-7.768363138893619e-05,-0.0006774304201826453
B_raw_s2_r16,00121.png,0.00014435975754167885,0.002884599380195141
B_raw_s2_r16,00122.png,-0.0008028715383261442,0.0005759627092629671
B_raw_s2_r16,00123.png,0.0005391345475800335,0.0002077044773614034
B_raw_s2_r16,00124.png,-0.0009433629456907511,0.0008240154129453003
B_raw_s2_r16,00125.png,0.0019402432953938842,0.001256065908819437
B_raw_s2_r16,00126.png,0.001628344296477735,0.0010098268976435065
B_raw_s2_r16,00127.png,0.002136307768523693,-0.001629008213058114
B_raw_s2_r16,00128.png,0.0006710839224979281,-0.0006669689901173115
B_raw_s2_r16,00129.png,0.0014532601926475763,0.0012944923946633935
B_raw_s2_r16,00130.png,-0.0012915368424728513,6.493978435173631e-05
B_raw_s2_r16,00131.png,0.0010497410548850894,-0.00015424184675794095
B_raw_s2_r16,00132.png,-0.0006104909698478878,0.00012714372132904828
B_raw_s2_r16,00133.png,-0.000246983312536031,-0.0007943665841594338
B_raw_s2_r16,00134.png,0.0008374466560781002,0.0007826812798157334
B_raw_s2_r16,00135.png,-0.0008454076014459133,-0.0003900720039382577
B_raw_s2_r16,00136.png,0.0002660568861756474,0.0011222021421417594
B_raw_s2_r16,00137.png,-0.003395240753889084,-0.0009651344153098762
B_raw_s2_r16,00138.png,0.00032154988730326295,0.00010953700984828174
B_raw_s2_r16,00139.png,-9.603277430869639e-05,0.001291518798097968
B_raw_s2_r16,00140.png,-0.0010793253313750029,2.1423553334898315e-05
B_raw_s2_r16,00141.png,-1.431052965017443e-06,0.002993727335706353
B_raw_s2_r16,00142.png,0.0002944472653325647,0.0006642088410444558
B_raw_s2_r16,00143.png,-0.0007352330721914768,-0.001069435616955161
B_raw_s2_r16,00144.png,-0.0015886747278273106,0.0021834999788552523
B_raw_s2_r16,00145.png,-0.00017241928435396403,-0.0022751949727535248
B_raw_s2_r16,00146.png,0.001318646944127977,-0.0007378865266218781
B_raw_s2_r16,00147.png,-0.0006200941861607134,0.0026493745390325785
B_raw_s2_r16,00148.png,0.0012695274781435728,0.0005009834421798587
B_raw_s2_r16,00149.png,-0.0008466612780466676,-0.0008126551983878016
B_raw_s2_r16,00150.png,-0.002523284638300538,-0.0002628608199302107
B_raw_s2_r16,00151.png,-0.001531303278170526,8.686352521181107e-05
B_raw_s2_r16,00152.png,-0.0003060651943087578,-0.00191889435518533
B_raw_s2_r16,00153.png,0.0002970455680042505,-0.000652821734547615
B_raw_s2_r16,00154.png,0.0007490409188903868,0.0025639303494244814
B_raw_s2_r16,00155.png,-0.0017020248342305422,-0.00046822003787383437
B_raw_s2_r16,00156.png,-0.0008356035104952753,0.0010789413936436176
B_raw_s2_r16,00157.png,-0.0006241597584448755,0.0018767605070024729
B_raw_s2_r16,00158.png,0.00020608749764505774,-0.0002822144888341427
B_raw_s2_r16,00159.png,2.596851481939666e-05,-0.0017916616052389145
B_raw_s2_r16,00160.png,0.00039213430136442184,-0.001488422742113471
B_raw_s2_r16,00161.png,0.0004885967937298119,0.0002288240211782977
B_raw_s2_r16,00162.png,0.0008436963544227183,-0.0013290222268551588
B_raw_s2_r16,00163.png,0.0005906075821258128,-0.0002219855523435399
B_raw_s2_r16,00164.png,-0.002398609183728695,0.00042475032387301326
B_raw_s2_r16,00165.png,-0.0013088398845866323,0.0023653381504118443
B_raw_s2_r16,00166.png,0.00015890799113549292,-0.0011190184159204364
B_raw_s2_r16,00167.png,-2.6571367925498635e-05,0.00016903740470297635
B_raw_s2_r16,00168.png,0.0022372123785316944,0.0012255579931661487
B_raw_s2_r16,00169.png,0.0008996661053970456,-0.000680596916936338
B_raw_s2_r16,00170.png,-0.00046740242396481335,-0.002489236881956458
B_raw_s2_r16,00171.png,0.0013831983087584376,-6.429939821828157e-05
B_raw_s2_r16,00172.png,0.002275936072692275,0.0006051798700354993
B_raw_s2_r16,00173.png,0.0009755020146258175,0.001150101306848228
B_raw_s2_r16,00174.png,-0.0028941554483026266,0.0004941255901940167
B_raw_s2_r16,00175.png,0.0010072056902572513,3.4025659260805696e-05
B_raw_s2_r16,00176.png,0.0001019572009681724,0.00020336758461780846
B_raw_s2_r16,00177.png,0.003750222036615014,0.0006685875705443323
B_raw_s2_r16,00178.png,0.0015638023614883423,-0.00040899121086113155
B_raw_s2_r16,00179.png,-0.0004352455143816769,0.0018196938326582313
B_raw_s2_r16,00180.png,-0.0003728815645445138,0.00036064840969629586
B_raw_s2_r16,00181.png,-0.0016387493815273046,-0.0014022463001310825
B_raw_s2_r16,00182.png,-0.00024860617122612894,2.3080574464984238e-05
B_raw_s2_r16,00183.png,0.0015072595560923219,-0.0008503645658493042
B_raw_s2_r16,00184.png,0.0002746812242548913,-0.00028904544888064265
B_raw_s2_r16,00185.png,2.5233761334675364e-05,0.0008404870750382543
B_raw_s2_r16,00186.png,0.0007729371427558362,-3.237354394514114e-05
B_raw_s2_r16,00187.png,0.0016401256434619427,0.0009280549129471183
B_raw_s2_r16,00188.png,0.0011286450317129493,0.0013618801021948457
B_raw_s2_r16,00189.png,-0.001495983568020165,-0.0009072237298823893
B_raw_s2_r16,00190.png,-0.0006547833909280598,-0.00047843539505265653
B_raw_s2_r16,00191.png,-0.0016014266293495893,0.002069744048640132
B_raw_s2_r16,00192.png,-0.00028350859065540135,-0.00018755358178168535
B_raw_s2_r16,00193.png,-0.00017151047359220684,0.0004368959635030478
B_raw_s2_r16,00194.png,0.0006428132764995098,0.0020830966532230377
B_raw_s2_r16,00195.png,-0.0011350607965141535,-0.0006945902132429183
B_raw_s2_r16,00196.png,-0.001398625667206943,0.00040183504461310804
B_raw_s2_r16,00197.png,0.00242351065389812,0.0033200476318597794
B_raw_s2_r16,00198.png,0.00025027795345522463,0.0005603345343843102
B_raw_s2_r16,00199.png,0.0004198587848804891,-0.0003727389557752758
B_raw_s2_r16,00200.png,-0.002246550749987364,-0.0007978154462762177
B_raw_s2_r16,00201.png,-0.0008259520982392132,-0.00039456147351302207
B_raw_s2_r16,00202.png,-0.0003661254595499486,-0.00043559831101447344
B_raw_s2_r16,00203.png,0.0008627105271443725,0.000398399744881317
B_raw_s2_r16,00204.png,0.0006284936680458486,0.0018109068041667342
B_raw_s2_r16,00205.png,0.0002340963837923482,-0.0016562602249905467
B_raw_s2_r16,00206.png,0.002186424331739545,0.00014763115905225277
B_raw_s2_r16,00207.png,0.0006221207440830767,-9.927561768563464e-05
B_raw_s2_r16,00208.png,-0.001580109354108572,-0.0012807153398171067
B_raw_s2_r16,00209.png,0.0010995556367561221,-0.0015300625236704946
B_raw_s2_r16,00210.png,-0.00037613758468069136,-0.0010160708334296942
B_raw_s2_r16,00211.png,-0.0024980809539556503,0.0005321098142303526
B_raw_s2_r16,00212.png,0.0006876247352920473,-0.0009327350417152047
B_raw_s2_r16,00213.png,3.235981421312317e-05,0.0006218976923264563
B_raw_s2_r16,00214.png,-0.0019131505396217108,-0.002056107157841325
B_raw_s2_r16,00215.png,-0.0004054763703607023,-0.0012959149898961186
B_raw_s2_r16,00216.png,0.0025840550661087036,0.002015966223552823
B_raw_s2_r16,00217.png,0.005756305996328592,-0.002127657411620021
B_raw_s2_r16,00218.png,-0.0004616358201019466,-0.0004577348299790174
B_raw_s2_r16,00219.png,0.0006363788270391524,-0.0007759906584396958
B_raw_s2_r16,00220.png,-0.0006867279298603535,0.0008522208081558347
B_raw_s2_r16,00221.png,0.0008827840792946517,0.0008925722795538604
B_raw_s2_r16,00222.png,-0.0010458299657329917,-0.002249761950224638
B_raw_s2_r16,00223.png,0.00018245518731418997,-1.131511794483231e-06
B_raw_s2_r16,00224.png,-0.0008623144822195172,0.0002035848592640832
B_raw_s2_r16,00225.png,-0.0010720284190028906,-0.0014013635227456689
B_raw_s2_r16,00226.png,0.0002484479919075966,0.0012495690025389194
B_raw_s2_r16,00227.png,-0.001216324744746089,0.0013656534720212221
B_raw_s2_r16,00228.png,0.00031395553378388286,-0.0007787033682689071
B_raw_s2_r16,00229.png,-0.0012813206994906068,9.164774382952601e-05
B_raw_s2_r16,00230.png,-0.0003786362649407238,0.00047726003685966134
B_raw_s2_r16,00231.png,0.0006764249410480261,-0.0008656101417727768
B_raw_s2_r16,00232.png,-0.0005355566390790045,-0.0006660601939074695
B_raw_s2_r16,00233.png,0.0034474534913897514,0.0006010360084474087
B_raw_s2_r16,00234.png,0.0019144481047987938,0.002425938379019499
B_raw_s2_r16,00235.png,0.00021927259513176978,0.000890614406671375
B_raw_s2_r16,00236.png,0.0006619681371375918,0.00015777387307025492
B_raw_s2_r16,00237.png,-0.0002546034229453653,-0.0008676797151565552
B_raw_s2_r16,00238.png,-0.001189174479804933,-0.00026937047368846834
B_raw_s2_r16,00239.png,0.0025492238346487284,0.002012849785387516
B_raw_s2_r16,00240.png,0.000868509232532233,0.0018660728819668293
B_raw_s2_r16,00241.png,-0.00103481684345752,0.00014846304839011282
B_raw_s2_r16,00242.png,-0.0005308645777404308,-0.002695981180295348
B_raw_s2_r16,00243.png,-0.00031572056468576193,-0.0005444063572213054
B_raw_s2_r16,00244.png,-0.0007415821892209351,0.0023705512285232544
B_raw_s2_r16,00245.png,0.0004978171200491488,-0.00012169312685728073
B_raw_s2_r16,00246.png,-0.0005820334190502763,0.0018724800320342183
B_raw_s2_r16,00247.png,0.00013770126679446548,0.0028536359313875437
B_raw_s2_r16,00248.png,0.0011930338805541396,6.251924787648022e-05
B_raw_s2_r16,00249.png,0.0011702784104272723,-0.00036217266460880637
B_raw_s2_r16,00250.png,0.00020981546549592167,0.0003370231715962291
B_raw_s2_r16,00251.png,0.0007991424645297229,-0.00028573974850587547
B_raw_s2_r16,00252.png,0.001965200761333108,0.0010218783281743526
B_raw_s2_r16,00253.png,0.00011675726273097098,0.0007367974030785263
B_raw_s2_r16,00254.png,0.00048416643403470516,0.0005862026009708643
B_raw_s2_r16,00255.png,0.00022858146985527128,-0.0005044465651735663
B_raw_s2_r16,00256.png,-0.0011025763815268874,0.00026368448743596673
B_raw_s2_r16,00257.png,0.0009440857102163136,0.0005172145320102572
B_raw_s2_r16,00258.png,0.001565276412293315,0.0008856756612658501
B_raw_s2_r16,00259.png,-0.0001919094065669924,-0.002473290544003248
B_raw_s2_r16,00260.png,0.0008220619056373835,0.0003740866668522358
B_raw_s2_r16,00261.png,-0.00017676010611467063,-2.8296091841184534e-05
B_raw_s2_r16,00262.png,0.001238855766132474,-0.00025248611927963793
B_raw_s2_r16,00263.png,-0.00013125747500453144,0.0017168046906590462
B_raw_s2_r16,00264.png,-0.0012721571838483214,-0.0014591376530006528
B_raw_s2_r16,00265.png,-0.0004774098633788526,-0.0007664383156225085
B_raw_s2_r16,00266.png,0.0015143441269174218,0.0018552190158516169
B_raw_s2_r16,00267.png,0.0007313757087104023,-0.0011800507782027125
B_raw_s2_r16,00268.png,0.0017413065070286393,0.0005059032700955868
B_raw_s2_r16,00269.png,0.003221524180844426,0.0049994639120996
B_raw_s2_r16,00270.png,-0.0017070681788027287,-0.0003291834727860987
B_raw_s2_r16,00271.png,-0.0005563147715292871,-0.001666114665567875
B_raw_s2_r16,00272.png,-0.0012749743182212114,-0.0023203769233077765
B_raw_s2_r16,00273.png,-0.000855137303005904,-0.00046172505244612694
B_raw_s2_r16,00274.png,-0.0014499124372377992,0.0018163305940106511
B_raw_s2_r16,00275.png,-0.0003831630165223032,-0.0013078658375889063
B_raw_s2_r16,00276.png,-0.0003278059884905815,0.0030344875995069742
B_raw_s2_r16,00277.png,-0.0013967228587716818,-0.0010126333218067884
B_raw_s2_r16,00278.png,0.00027576403226703405,0.0015064266044646502
B_raw_s2_r16,00279.png,-0.00121624069288373,0.0017812802689149976
B_raw_s2_r16,00280.png,-0.0017791149439290166,0.0011946000158786774
B_raw_s2_r16,00281.png,0.003584533231332898,-0.0003934424021281302
B_raw_s2_r16,00282.png,0.00014679583546239883,-4.36865993833635e-05
B_raw_s2_r16,00283.png,0.0007382726180367172,-0.0008756610914133489
B_raw_s2_r16,00284.png,-0.002335370983928442,-0.00018034642562270164
B_raw_s2_r16,00285.png,-0.001982485642656684,-0.00015465075557585806
B_raw_s2_r16,00286.png,0.003542434424161911,0.0017312066629529
B_raw_s2_r16,00287.png,0.0010551068698987365,0.0010006044758483768
B_raw_s2_r16,00288.png,0.0020044189877808094,0.00024050181673374027
B_raw_s2_r16,00289.png,-0.0012773828348144889,0.00014878665388096124
B_raw_s2_r16,00290.png,-0.0026719432789832354,0.0003264974511694163
B_raw_s2_r16,00291.png,-0.0007754435064271092,-0.0009227216942235827
B_raw_s2_r16,00292.png,-0.0009405412129126489,-0.0009932799730449915
B_raw_s2_r16,00293.png,0.002269021002575755,0.0011900473618879914
B_raw_s2_r16,00294.png,-0.0018342621624469757,-0.0009978848975151777
B_raw_s2_r16,00295.png,0.00022313513909466565,0.0013717157999053597
B_raw_s2_r16,00296.png,-0.00024613746791146696,-0.0003133939462713897
B_raw_s2_r16,00297.png,-9.290457091992721e-05,0.000558618747163564
B_raw_s2_r16,00298.png,0.00047039444325491786,-0.0013159216614440084
B_raw_s2_r16,00299.png,-0.0007288155029527843,0.00020170277275610715
B_raw_s2_r16,00300.png,-0.0022352251689881086,0.00056449044495821
B_raw_s2_r16,00301.png,0.0013441451592370868,0.00014543946599587798
B_raw_s2_r16,00302.png,0.0031338271219283342,-0.0018687580013647676
B_raw_s2_r16,00303.png,0.0009418419213034213,0.0005296471645124257
B_raw_s2_r16,00304.png,0.001211075228638947,0.0007957593188621104
B_raw_s2_r16,00305.png,-0.000857560255099088,0.0005207101930864155
B_raw_s2_r16,00306.png,-0.0008978841942735016,0.0016237853560596704
B_raw_s2_r16,00307.png,0.0001823770726332441,-0.0017557938117533922
B_raw_s2_r16,00308.png,-1.705387512629386e-05,0.000134898247779347
B_raw_s2_r16,00309.png,0.0002524772717151791,-0.0010807053185999393
B_raw_s2_r16,00310.png,-0.0008066582377068698,-0.0017318185418844223
B_raw_s2_r16,00311.png,-0.0005612368695437908,0.0009258099016733468
B_raw_s2_r16,00312.png,-0.0013009908143430948,-0.00016401303582824767
B_raw_s2_r16,00313.png,-0.0009594447328709066,0.001253993366844952
B_raw_s2_r16,00314.png,-0.0015112048713490367,0.0005873258342035115
B_raw_s2_r16,00315.png,-0.0016347371274605393,-0.0008558668196201324
B_raw_s2_r16,00316.png,-0.002559306565672159,-0.0028797234408557415
B_raw_s2_r16,00317.png,-0.0017401198856532574,-0.0007927748374640942
B_raw_s2_r16,00318.png,-0.0002034704084508121,-0.0007043995428830385
B_raw_s2_r16,00319.png,0.0018309918232262135,0.002628033049404621
B_raw_s2_r16,00320.png,-0.0003868618805427104,0.0014445084379985929
B_raw_s2_r16,00321.png,0.0011926437728106976,4.967070708516985e-05
B_raw_s2_r16,00322.png,0.0007137610809877515,0.001144938636571169
B_raw_s2_r16,00323.png,-0.0004284256719984114,-0.0004022089997306466
B_raw_s2_r16,00324.png,0.0003972262202296406,0.0015887832269072533
B_raw_s2_r16,00325.png,-0.0014954415382817388,0.0014422738458961248
B_raw_s2_r16,00326.png,-0.0010651302291080356,0.0009714495972730219
B_raw_s2_r16,00327.png,-0.0004694582603406161,0.0012417371617630124
B_raw_s2_r16,00328.png,-0.0014206808991730213,0.0006935255951248109
B_raw_s2_r16,00329.png,-6.935754208825529e-05,0.00024799566017463803
B_raw_s2_r16,00330.png,0.0011550025083124638,-4.814282146980986e-05
B_raw_s2_r16,00331.png,0.001432341756299138,-0.001389322686009109
B_raw_s2_r16,00332.png,0.0006563092465512455,0.0012177897151559591
B_raw_s2_r16,00333.png,0.0002915451768785715,0.00019211319158785045
B_raw_s2_r16,00334.png,0.0014803111553192139,0.0016143801622092724
B_raw_s2_r16,00335.png,-0.0011276074219495058,-0.001305844052694738
B_raw_s2_r16,00336.png,-0.0014148281188681722,-0.001238625030964613
B_raw_s2_r16,00337.png,0.0014326995005831122,0.0006449033389799297
B_raw_s2_r16,00338.png,0.00046589411795139313,0.0015639314660802484
B_raw_s2_r16,00339.png,-0.00028773691155947745,-9.989643149310723e-05
B_raw_s2_r16,00340.png,-0.0027748949360102415,0.0003799188998527825
B_raw_s2_r16,00341.png,-0.00020185466564726084,0.0011134360684081912
B_raw_s2_r16,00342.png,-0.0016732830554246902,-0.001184250577352941
B_raw_s2_r16,00343.png,0.000513529172167182,0.001809357083402574
B_raw_s2_r16,00344.png,-0.0015723227988928556,0.000874578719958663
B_raw_s2_r16,00345.png,0.00040380129939876497,0.0002114610542776063
B_raw_s2_r16,00346.png,-0.0012024400057271123,-2.030452924373094e-05
B_raw_s2_r16,00347.png,0.0012493497924879193,-2.2869999156682752e-05
B_raw_s2_r16,00348.png,-0.0013458103640004992,0.001060178386978805
B_raw_s2_r16,00349.png,0.0006166825769469142,0.0027311898302286863
B_raw_s2_r16,00350.png,-0.0002730131964199245,0.0008002872345969081
B_raw_s2_r16,00351.png,7.768611249048263e-05,-0.0005281901103444397
B_raw_s2_r16,00352.png,0.0008696667500771582,0.0015170822152867913
B_raw_s2_r16,00353.png,0.0006827481556683779,-0.0006287172436714172
B_raw_s2_r16,00354.png,-7.976331107784063e-05,0.0006480314768850803
B_raw_s2_r16,00355.png,-0.0018803203711286187,6.155722076073289e-05
B_raw_s2_r16,00356.png,0.00012451274960767478,-2.380186560912989e-05
B_raw_s2_r16,00357.png,0.00203663925640285,0.002599224681034684
B_raw_s2_r16,00358.png,0.0008328359108418226,0.0011491982731968164
B_raw_s2_r16,00359.png,-0.0017317053861916065,0.0004751644446514547
B_raw_s2_r16,00360.png,-0.0010686101159080863,-9.629366104491055e-05
B_raw_s2_r16,00361.png,6.93432884872891e-05,0.0011029639281332493
B_raw_s2_r16,00362.png,0.00014598092820961028,0.00238519674167037
B_raw_s2_r16,00363.png,-0.00011627001367742196,-0.0014762518694624305
B_raw_s2_r16,00364.png,0.0003145532973576337,0.0010800630552694201
B_raw_s2_r16,00365.png,0.0008247516234405339,-0.0025833342224359512
B_raw_s2_r16,00366.png,0.0018563932972028852,-0.0005437266663648188
B_raw_s2_r16,00367.png,0.0006352470954880118,0.0003039304574485868
B_raw_s2_r16,00368.png,0.00012866368342656642,0.0015388766769319773
B_raw_s2_r16,00369.png,0.001107283984310925,-0.0016808714717626572
B_raw_s2_r16,00370.png,-0.00030054134549573064,0.0003458332794252783
B_raw_s2_r16,00371.png,-0.0011487635783851147,6.875398685224354e-05
B_raw_s2_r16,00372.png,-0.0008915718062780797,0.00022317541879601777
B_raw_s2_r16,00373.png,-0.0002371760201640427,0.0001680829154793173
B_raw_s2_r16,00374.png,0.0017505513969808817,-0.0004992953618057072
B_raw_s2_r16,00375.png,-2.7192470952286385e-05,0.0005946453311480582
B_raw_s2_r16,00376.png,0.00014294097491074353,-0.0004311432421673089
B_raw_s2_r16,00377.png,-0.00020698393927887082,0.0017217465210705996
B_raw_s2_r16,00378.png,-0.0017033913172781467,0.00017538941756356508
B_raw_s2_r16,00379.png,-0.0011458048829808831,0.0006376205710694194
B_raw_s2_r16,00380.png,-0.0019669951871037483,0.0008308669785037637
B_raw_s2_r16,00381.png,-4.587967850966379e-05,0.0009559172904118896
B_raw_s2_r16,00382.png,0.0025117448531091213,2.6467214411241002e-05
B_raw_s2_r16,00383.png,0.0020116560626775026,0.0013021213235333562
B_raw_s2_r16,00384.png,0.0002484593424014747,0.00038653158117085695
B_raw_s2_r16,00385.png,-0.002631040522828698,-0.00014488468877971172
B_raw_s2_r16,00386.png,8.646205969853327e-05,-0.0006776155787520111
B_raw_s2_r16,00387.png,0.0019690764602273703,0.003046436235308647
B_raw_s2_r16,00388.png,0.00047868239926174283,0.000702454533893615
B_raw_s2_r16,00389.png,0.0005519547266885638,0.00029469295986928046
B_raw_s2_r16,00390.png,0.0014974494697526097,-0.0005493787466548383
B_raw_s2_r16,00391.png,0.0023900577798485756,0.0015167526435106993
B_raw_s2_r16,00392.png,0.0004590398457366973,-0.0010949914576485753
B_raw_s2_r16,00393.png,-0.0009270051959902048,-0.0016966821858659387
B_raw_s2_r16,00394.png,0.002922362880781293,-0.00034466435317881405
B_raw_s2_r16,00395.png,-0.0006457263953052461,0.00045660106115974486
B_raw_s2_r16,00396.png,0.0015543806366622448,0.0003289980813860893
B_raw_s2_r16,00397.png,0.0029314078856259584,0.0010268912883475423
B_raw_s2_r16,00398.png,0.0014456757344305515,-0.0009982656920328736
B_raw_s2_r16,00399.png,-0.00395219074562192,-0.00037889141822233796
B_raw_s2_r16,00400.png,0.00032907520653679967,0.002334540244191885
B_raw_s2_r16,00401.png,-0.00014953633944969624,-0.001272406312637031
B_raw_s2_r16,00402.png,0.0010577930370345712,0.0004819713649339974
B_raw_s2_r16,00403.png,0.00022881636687088758,8.562107541365549e-05
B_raw_s2_r16,00404.png,-0.0015057718846946955,0.002759994938969612
B_raw_s2_r16,00405.png,-0.0020949505269527435,0.0014943161513656378
B_raw_s2_r16,00406.png,0.00010739621939137578,0.0004232073843013495
B_raw_s2_r16,00407.png,0.0042620375752449036,0.0027704935055226088
B_raw_s2_r16,00408.png,-0.0004635589721146971,8.968220936367288e-05
B_raw_s2_r16,00409.png,0.00027792391483671963,0.0012219318887218833
B_raw_s2_r16,00410.png,-0.00027460086857900023,-0.0016124898102134466
B_raw_s2_r16,00411.png,0.0008686579531058669,-0.0007049705600365996
B_raw_s2_r16,00412.png,-0.0022224332205951214,-0.0015630587004125118
B_raw_s2_r16,00413.png,0.0007710104109719396,0.0007826085202395916
B_raw_s2_r16,00414.png,0.0008927691960707307,0.0021433494985103607
B_raw_s2_r16,00415.png,0.0010096647311002016,-0.0008875916828401387
B_raw_s2_r16,00416.png,0.0021314683835953474,0.004131021443754435
B_raw_s2_r16,00417.png,-0.0002491282648406923,0.0011798364575952291
B_raw_s2_r16,00418.png,0.0004103959072381258,-0.0010658293031156063
B_raw_s2_r16,00419.png,-0.00013073014270048589,0.0006005453178659081
B_raw_s2_r16,00420.png,0.001059375936165452,0.0007989417645148933
B_raw_s2_r16,00421.png,-0.00025775350513868034,0.00027642061468213797
B_raw_s2_r16,00422.png,-0.0030333518516272306,0.0004849157703574747
B_raw_s2_r16,00423.png,-0.0016669671749696136,-0.0012847002362832427
B_raw_s2_r16,00424.png,0.0003652043524198234,-0.0014735294971615076
B_raw_s2_r16,00425.png,0.0013014239957556129,0.0013838434824720025
B_raw_s2_r16,00426.png,0.0014649162767454982,-0.0009563203784637153
B_raw_s2_r16,00427.png,0.0011902861297130585,0.002739229006692767
B_raw_s2_r16,00428.png,0.0005209195660427213,-0.0010408591479063034
B_raw_s2_r16,00429.png,0.0005681015900336206,0.003896357025951147
B_raw_s2_r16,00430.png,0.00015699752839282155,0.0016571881715208292
B_raw_s2_r16,00431.png,0.0009961522882804275,0.0010295679094269872
B_raw_s2_r16,00432.png,-4.6326080337166786e-05,0.0012164866784587502
B_raw_s2_r16,00433.png,-0.0010020849294960499,0.0007516181212849915
B_raw_s2_r16,00434.png,-0.0006802274147048593,-0.002247231313958764
B_raw_s2_r16,00435.png,-0.0009836499812081456,-0.0016468641115352511
B_raw_s2_r16,00436.png,0.0010328948264941573,0.0015356129733845592
B_raw_s2_r16,00437.png,-0.0005347038386389613,-0.00045201359898783267
B_raw_s2_r16,00438.png,0.0011643125908449292,0.002880160929635167
B_raw_s2_r16,00439.png,0.002813296625390649,0.0024597267620265484
B_raw_s2_r16,00440.png,0.0012735958443954587,0.0010029139230027795
B_raw_s2_r16,00441.png,-3.555913644959219e-05,0.0018223314546048641
B_raw_s2_r16,00442.png,-0.0004960025544278324,-0.00018914595420937985
B_raw_s2_r16,00443.png,0.00022280745906755328,-0.00100340333301574
B_raw_s2_r16,00444.png,0.002316643949598074,0.0029505090788006783
B_raw_s2_r16,00445.png,-0.0003940050082746893,0.00031244067940860987
B_raw_s2_r16,00446.png,-0.0003975550353061408,-0.0018356109503656626
B_raw_s2_r16,00447.png,0.0007189574535004795,0.0018890901701524854
B_raw_s2_r16,00448.png,-0.0010801405878737569,0.0008389072609134018
B_raw_s2_r16,00449.png,0.0008858368382789195,0.00027987168869003654
B_raw_s2_r16,00450.png,0.000425317557528615,-0.0019955746829509735
B_raw_s2_r16,00451.png,0.0014022645773366094,0.0004152447509113699
B_raw_s2_r16,00452.png,-0.0008991151116788387,0.00018859664851333946
B_raw_s2_r16,00453.png,8.921947483031545e-06,0.0013445980148389935
B_raw_s2_r16,00454.png,-0.0002571033255662769,0.0007271235808730125
B_raw_s2_r16,00455.png,8.896343206288293e-05,0.00018621678464114666
B_raw_s2_r16,00456.png,1.852708555816207e-05,-0.000595873745623976
B_raw_s2_r16,00457.png,-0.0009567884262651205,2.4033392037381418e-05
B_raw_s2_r16,00458.png,0.0013521736254915595,5.036168295191601e-05
B_raw_s2_r16,00459.png,-0.0014185613254085183,-0.0010497914627194405
B_raw_s2_r16,00460.png,0.0004512884479481727,0.0011978186666965485
B_raw_s2_r16,00461.png,0.001747362082824111,0.0008892863988876343
B_raw_s2_r16,00462.png,0.0016006400110200047,-0.0006422696751542389
B_raw_s2_r16,00463.png,-0.0016587433638051152,0.00014246338105294853
B_raw_s2_r16,00464.png,-0.001172773540019989,0.0007445706287398934
B_raw_s2_r16,00465.png,-0.0005188114591874182,-0.00268929242156446
B_raw_s2_r16,00466.png,-0.0017347917892038822,-0.002029293915256858
B_raw_s2_r16,00467.png,0.002196715446189046,-0.0012555309804156423
B_raw_s2_r16,00468.png,-0.0014188940403982997,-0.0007564454572275281
B_raw_s2_r16,00469.png,-0.0021672777365893126,0.0007652819040231407
B_raw_s2_r16,00470.png,0.0003095061401836574,-0.00033630404504947364
B_raw_s2_r16,00471.png,0.0011772155994549394,0.0028348308987915516
B_raw_s2_r16,00472.png,-0.00018081834423355758,0.0008078922401182353
B_raw_s2_r16,00473.png,-0.000837756204418838,0.0007990541053004563
B_raw_s2_r16,00474.png,-0.0013990574516355991,0.0006002595764584839
B_raw_s2_r16,00475.png,0.0006827375036664307,0.000985233811661601
B_raw_s2_r16,00476.png,-0.002692566951736808,0.0007255292148329318
B_raw_s2_r16,00477.png,-0.0011428587604314089,0.0015106392093002796
B_raw_s2_r16,00478.png,0.00012080771557521075,0.00040105546941049397
B_raw_s2_r16,00479.png,0.0011594449169933796,-0.0010110106086358428
B_raw_s2_r16,00484.png,0.0003587185055948794,-0.001991834258660674
B_raw_s2_r16,00485.png,0.00040322294807992876,0.001412391196936369
B_raw_s2_r16,00486.png,-0.00159940286539495,-0.002106930362060666
B_raw_s2_r16,00487.png,0.000265768583631143,0.00029071990866214037
B_raw_s2_r16,00480.png,-0.00040524618816561997,0.0008653416880406439
B_raw_s2_r16,00481.png,0.0008427763823419809,0.0013468939578160644
B_raw_s2_r16,00482.png,0.0006593907601200044,-0.0018222327344119549
B_raw_s2_r16,00483.png,-0.0013174659106880426,0.002101569203659892
B_raw_s2_r16,00488.png,-0.0010236187372356653,-0.001998721156269312
B_raw_s2_r16,00489.png,0.0005931950872763991,-0.00038447583210654557
B_raw_s2_r16,00490.png,-0.0006910644005984068,0.002680365229025483
B_raw_s2_r16,00491.png,0.00047342985635623336,-0.0015029130736365914
B_raw_s2_r16,00492.png,-0.002920007798820734,-0.0061838761903345585
B_raw_s2_r16,00493.png,-0.0004402482882142067,-0.0016452225390821695
B_raw_s2_r16,00494.png,0.0002649471571203321,0.0007455433951690793
B_raw_s2_r16,00495.png,0.001822847407311201,-0.0003790442133322358
B_raw_s2_r16,00496.png,0.0010304410243406892,0.0005773483426310122
B_raw_s2_r16,00497.png,0.0002921236155088991,0.00021342998661566526
B_raw_s2_r16,00498.png,0.00023572653299197555,0.0003042706521227956
B_raw_s2_r16,00499.png,-0.00115596957039088,0.0004992729518562555
