arm,image,rho_M,rho_ML,rho_Mp,rho_KA,rho_KB,decoy0,decoy1,decoy2,decoy3,decoy4,decoy5,decoy6,decoy7,decoy8,decoy9,decoy10,decoy11,decoy12,decoy13,decoy14,decoy15,decoy16,decoy17,decoy18,decoy19,decoy20,decoy21,decoy22,decoy23,decoy24,decoy25,decoy26,decoy27,decoy28,decoy29
dose16k_A_s1,00012.png,-0.0019378397846594453,-0.0018645529635250568,-0.000288194278255105,0.000877039972692728,-0.0008311668643727899,0.0004555340565275401,-0.0007226335583254695,8.97067366167903e-05,0.0010035992600023746,0.0004808627418242395,-0.0005148436175659299,7.738967542536557e-05,-0.0011281236074864864,-0.0010000038892030716,-0.0007269084453582764,0.0008946905727498233,0.00029748608358204365,0.0011325344676151872,-0.0007610158645547926,-0.0009441307047381997,0.0008222844335250556,-0.00015901603910606354,0.0005585926701314747,-0.0004967920831404626,-0.0009360333206132054,-0.0011326069943606853,0.0006196680478751659,-0.0005968383047729731,0.0008330116979777813,0.00016270967898890376,0.001109330914914608,0.0014178961282595992,9.674130706116557e-05,0.00019666875596158206,-0.0003310388419777155
dose16k_A_s1,00013.png,0.000657375028822571,0.0008293863502331078,-0.0012996436562389135,-0.0008204206824302673,-0.0004973110044375062,0.0017646242631599307,-0.0007890841225162148,0.0002992906083818525,-0.0007473420700989664,0.0006946059875190258,0.0005161474691703916,-0.0005109193734824657,0.0008567426702938974,0.001025460078381002,-0.0004565994313452393,-0.001376512460410595,0.001387961208820343,0.0011300179176032543,-0.0008704590145498514,0.0003719835658557713,-0.00039698099135421216,-0.0008145968895405531,0.00024305371334776282,-0.00035833974834531546,0.0006030003423802555,-6.56313422950916e-05,-0.0014251036336645484,0.000960944511462003,-0.0006551496917381883,0.0008952314383350313,-0.0013437253655865788,0.0017419684445485473,0.0003684872353915125,-0.0011677129659801722,0.0009080115705728531
dose16k_A_s1,00014.png,0.0003861113509628922,0.001296728034503758,-9.158348257187754e-05,-2.651058093761094e-05,-0.001616751542314887,-0.0005931186606176198,0.0008134428062476218,0.0012362906709313393,-0.0001703033340163529,-0.0008080737898126245,0.0006842461880296469,0.0009210905991494656,0.0010602825786918402,-0.001674469793215394,0.0003167630929965526,0.000436809757957235,0.0012281566159799695,-0.0002970985369756818,0.0006375147495418787,0.00039384758565574884,0.0021479770075529814,-0.0009680947405286133,-0.0011363198282197118,-0.00017218379070982337,0.001138118444941938,-0.0005792450974695385,-0.00033188561792485416,-0.0015997783048078418,0.0011501049157232046,-0.0015789519529789686,-0.000233540398767218,-0.0004918686463497579,-0.00039273721631616354,1.1158088454976678e-05,0.00021654722513630986
dose16k_A_s1,00015.png,-0.0004306815390009433,0.0001933304884005338,0.0009534920682199299,8.65653928485699e-05,-0.00020263683109078556,2.2430382159654982e-05,-0.000699121505022049,-0.0004893005243502557,0.0003585201920941472,0.0004514122265391052,0.001364156138151884,0.0006875411490909755,-0.0005949735059402883,-0.00020320102339610457,0.00027328860596753657,-0.0006432526279240847,-0.0003816871903836727,-0.0007037334144115448,0.0008651951211504638,-0.001223057392053306,-0.0008723596693016589,0.0005960688577033579,0.0012306259013712406,-0.0004952299641445279,0.0004812018305528909,-0.0006975448341108859,-2.623161162773613e-05,0.0002508677134755999,0.0005321898497641087,-6.880258297314867e-06,-0.00044029878336004913,0.00018431321950629354,0.000491489889100194,0.0011274757562205195,0.0002187907521147281
dose16k_A_s1,00020.png,-0.0013965959660708904,0.0003095643187407404,0.00025194897898472846,0.0030112166423350573,0.0004126221756450832,-0.0018432229990139604,0.0006860605208203197,0.0007112184539437294,-0.0007301718578673899,-0.00015330324822571129,-0.0007822565385140479,-0.001466189743950963,-0.0010219544637948275,-0.00019924594380427152,0.00046693996409885585,-0.0002876834769267589,-0.0001117483334382996,-0.001237705466337502,0.00029137294040992856,5.377187335398048e-06,-0.0010651159100234509,-0.0008308048127219081,0.00055829988559708,0.00039081863360479474,0.0006517324363812804,-0.00012104846973670647,0.0006409526104107499,-0.0009489660151302814,-0.0014343260554596782,-0.00042559491703286767,-0.001090651610866189,0.0005805909167975187,-0.00017408066196367145,-0.0007531034061685205,-0.0009376928792335093
dose16k_A_s1,00021.png,0.001180474879220128,0.0006132500129751861,7.330132211791351e-05,0.00016086868708953261,-0.0013350319350138307,0.0008137926342897117,0.00022605432604905218,0.0006360529223456979,0.001299956813454628,-0.0006388355395756662,0.000265490758465603,0.00048798220814205706,-0.0008869724115356803,0.0007678613183088601,-9.856268297880888e-05,-0.001058641355484724,-0.00047635415103286505,-0.00019951569265685976,0.00015634916780982167,-0.0014987358590587974,0.0013405866920948029,0.0012328430311754346,0.0015222063520923257,0.0005989662022329867,-0.0011916549410670996,-0.00013830653915647417,0.0008722119382582605,0.00038209729245863855,0.0008114215452224016,0.0007994833867996931,0.0011834502220153809,-0.001947893644683063,-0.0008633796242065728,0.0007658956455998123,0.0008699814206920564
dose16k_A_s1,00022.png,-0.0003573144495021552,0.00022112744045443833,-0.0011409746948629618,-0.001157983671873808,-0.00118774245493114,-0.000497738248668611,-9.763554407982156e-05,0.0006712874746881425,0.0003981317568104714,-0.0002711723791435361,0.00048759186756797135,0.0002160948351956904,-0.0010935761965811253,0.0002839718363247812,0.00030141943716444075,0.0006457866984419525,-0.00045375037007033825,-0.000876714417245239,-0.0019406278152018785,0.0012460054131224751,-0.00016250651970040053,-0.000588877301197499,0.00024233157455455512,0.0004271954530850053,0.00040275664650835097,0.00013365237100515515,-0.0011215556878596544,-0.000779616879299283,-0.0011378431227058172,0.00036282275686971843,-0.0002316935861017555,-0.0006347206071950495,-0.00023861491354182363,0.00047307496424764395,0.0008119185804389417
dose16k_A_s1,00023.png,-0.00020111622870899737,-0.0014218505239114165,-0.000494146253913641,0.0018798067467287183,0.0005639879964292049,0.0010898173786699772,0.0003071660757996142,0.0005079417023807764,-0.0019048495450988412,0.0009500862215645611,-0.0001611563639016822,-0.0011359157506376505,0.0002873523917514831,-9.086977661354467e-05,0.0003936747962143272,-0.00012909623910672963,0.000850849028211087,-0.0015255428152158856,-0.0009611184359528124,0.00048063218127936125,0.0011837012134492397,0.0011230504605919123,-0.0008267241646535695,-0.0005462217377498746,0.0009243779932148755,-9.124495409196243e-05,-0.0012703707907348871,-0.00042634556302800775,0.00036854998324997723,0.0006095709977671504,-0.0010046148672699928,-0.0009170029079541564,-0.0001489330898039043,0.001243939041160047,-0.0004540376248769462
dose16k_A_s1,00004.png,1.4128098882792983e-05,-3.8686193875037134e-05,0.00048825424164533615,0.0027072224766016006,0.0036102128215134144,8.923721179598942e-05,2.107786713168025e-05,-0.0013203773414716125,0.00039216247387230396,0.002010694704949856,-0.00023485296696890146,0.000262944377027452,0.0006093107513152063,0.0015717369969934225,-0.0015133095439523458,0.0009535932331345975,-0.0010001682676374912,0.001235846197232604,-0.0003693516191560775,-0.0007989197038114071,0.0001001493219519034,0.00028797981212846935,0.0005812863819301128,0.00015744393749628216,0.0009604174410924315,-0.0010432195849716663,0.001835861592553556,0.00018202653154730797,0.001012491644360125,-0.000680295517668128,-0.0009788480820134282,0.001849865191616118,0.0004538915236480534,0.00038284625043161213,0.00012432523362804204
dose16k_A_s1,00005.png,0.0008096365490928292,-0.0007809488452039659,-0.0007411980186589062,-0.0007183683919720352,0.0006715319468639791,-0.0006121279438957572,0.00013822372420690954,-0.00012293446343392134,-0.0010134545154869556,-0.0010263202711939812,-0.0003627183905337006,-4.206943776807748e-05,0.0005715076113119721,0.0005575795657932758,-0.0010574233019724488,3.0749047255085316e-06,-0.0006499238079413772,0.000574135163333267,0.002177309477701783,0.000937662785872817,0.001050256541930139,-0.0008301868801936507,0.00021833318169228733,-0.0004696431860793382,-0.0005152830854058266,0.0006363736465573311,2.5414707124582492e-05,-0.0012367118615657091,-0.0011099160183221102,-0.00041522059473209083,-0.00036338716745376587,-0.0007500375504605472,-0.00046626542462036014,0.0002411044988548383,-0.00019188824808225036
dose16k_A_s1,00006.png,-0.0006464183679781854,1.6913290892262012e-05,0.0007104867254383862,0.00037770974449813366,0.00031018260051496327,-0.0001208963876706548,-0.0011734822764992714,-0.00043454457772895694,0.0007485939422622323,-0.00042862739064730704,0.0012776241637766361,-0.0009648115956224501,-0.00029936665669083595,-0.0009241779334843159,0.0002823713584803045,0.0005259747267700732,0.0010709506459534168,-0.0001325267949141562,-0.00024325065896846354,0.0008146988693624735,-0.0008620523731224239,-0.0006106204236857593,0.0005579997668974102,0.00013682656572200358,0.0005720131448470056,-0.000770151149481535,-0.0010649139294400811,0.00015928961511235684,-0.0004301898297853768,-0.0004181245167274028,0.0014297007583081722,-0.0005611454253084958,-0.0002706205996219069,-0.0011894559720531106,-0.00026504124980419874
dose16k_A_s1,00007.png,-0.000759781920351088,8.792686276137829e-05,0.002145160688087344,-0.002102772006765008,0.0009409590857103467,-0.0008414113544858992,-0.0009781676344573498,0.00047610595356673,-5.460429747472517e-05,0.0009744878043420613,0.0004736272385343909,-0.0016079056076705456,-0.0006239602225832641,-0.0005026276921853423,-0.0009255018085241318,-0.0013367364881560206,0.0001430827978765592,-0.001218448975123465,0.00011030690075131133,-0.00043720350367948413,0.0006040285807102919,-0.0008952010539360344,-2.645720940108731e-07,-0.0007653096690773964,0.001006255391985178,0.001147253205999732,0.00047341870958916843,-0.0005175563273951411,-0.0002962163998745382,-0.00017687483341433108,0.0008420911035500467,-0.0008024717681109905,-0.0013649516040459275,-0.0008826822740957141,-0.0006640010396949947
dose16k_A_s1,00000.png,-0.000273356941761449,0.0003004945465363562,0.0005434543709270656,-0.000877587532158941,-0.00029277653084136546,-0.0017150482162833214,-0.0016360353911295533,-0.00013318349374458194,0.0007719201967120171,0.00016710214549675584,0.00011294849537080154,-0.001203705556690693,-0.0015141222393140197,0.0012688254937529564,-0.0004733138484880328,0.0011044450802728534,-0.0007392759434878826,4.758688010042533e-05,-0.0008155298419296741,-0.0007956254412420094,0.00014606092008762062,0.0016463793581351638,0.00022744345187675208,-0.0009701809613034129,0.0010064603993669152,0.0021095704287290573,-0.0006086077191866934,-0.0007084261160343885,-0.0006154272123239934,0.0010503188241273165,0.0010773709509521723,-0.0009837523102760315,-0.001085944240912795,0.0008844995172694325,0.00048459367826581
dose16k_A_s1,00001.png,-0.0015184626681730151,-0.0006084538181312382,0.0005378479254432023,-0.0018083051545545459,0.00015062702004797757,-0.0003356565721333027,0.00016323087038472295,-0.00023227573547046632,0.0016004673670977354,-9.990671060222667e-06,0.0003670397854875773,0.0010810514213517308,-0.0016700219130143523,-0.0002716094604693353,-0.001552675268612802,-0.0014051706530153751,0.0009407029720023274,-0.001542861107736826,-0.0006422234000638127,0.0005504874279722571,-0.001677261432632804,0.001391947502270341,0.00023629127827007324,0.0003853899543173611,-4.292211451684125e-05,-0.0007799122831784189,-0.00043758840183727443,0.002169135957956314,-0.0006145552033558488,-0.0007253908552229404,0.0009843986481428146,0.000887530273757875,-0.0011771133868023753,-0.0007526455447077751,0.001154097612015903
dose16k_A_s1,00002.png,-0.0011043220292776823,-0.0006291903555393219,-0.0012309879530221224,0.001360162626951933,-0.0006354424403980374,0.0022624682169407606,4.338566213846207e-05,0.0008506248123012483,0.0009701749077066779,-0.0011994855012744665,0.000970925553701818,0.00046416217810474336,-0.0006636722246184945,-0.0008044157293625176,9.749401215231046e-05,-0.0013335449621081352,0.0008561968570575118,0.0023145710583776236,-0.0002752247091848403,0.0006091092363931239,-0.0018937421264126897,-0.0001531084271846339,0.0022896169684827328,0.0015129458624869585,-4.614240606315434e-05,0.0011212968965992332,0.0005434317281469703,-0.0011494371574372053,5.830412919749506e-05,-0.0007130612502805889,0.0006843602750450373,-0.00033405705471523106,-0.00046685244888067245,0.00039107620250433683,-0.0005462848930619657
dose16k_A_s1,00003.png,-5.475096622831188e-05,0.0011788347037509084,0.0014419867657124996,0.000676918076351285,0.002075934549793601,0.0012566419318318367,-0.00046474015107378364,-0.0012596729211509228,0.0005106627359054983,0.0002849334559869021,-0.00019371474627405405,-0.0011190283112227917,0.001129072974435985,0.0006967855151742697,1.5580735635012388e-05,0.00160699721891433,0.00024451882927678525,-0.0018770764581859112,-0.0008582900045439601,0.00020837153715547174,-0.00028272162307985127,-0.0001388506789226085,-0.00020682720059994608,-4.064580139129248e-07,-0.0012979949824512005,-0.000746897654607892,-0.0009719557710923254,-0.0004382182378321886,-0.0009945742785930634,0.0003220392973162234,0.000599501421675086,-0.0011555131059139967,0.0007668983307667077,-0.0002922635758295655,-0.0013505597598850727
dose16k_A_s1,00008.png,-0.0005254590068943799,0.0011270494433119893,0.00017776055028662086,0.0005860072560608387,0.001278370851650834,-0.0003918079601135105,-0.001398488413542509,7.685053424211219e-05,-0.0003330459585413337,-0.0012655233731493354,-0.00075008679414168,0.0011343074729666114,0.0001552892499603331,-0.0007208559545688331,0.00034641902311705053,0.0006222271476872265,0.0006601349450647831,-0.00025189414736814797,-0.0016063700895756483,8.868063741829246e-05,0.00043247119174338877,-0.0003570631379261613,0.0013402540935203433,9.159002365777269e-05,8.985773456515744e-05,0.0001638378162169829,0.0008460837416350842,0.00036134934634901583,-0.00027279386995360255,-0.0006603894289582968,0.0008560291607864201,-0.0012248195707798004,-0.0007875635055825114,-0.0010476314928382635,-0.0005065831355750561
dose16k_A_s1,00009.png,-0.00021553499391302466,0.0003025730838999152,0.0006548287929035723,-0.0015486518386751413,-3.457287675701082e-05,-0.0010850952239707112,-0.0005187307251617312,0.00016023474745452404,0.0016089933924376965,-6.04759952693712e-05,7.163779810070992e-05,0.0008759208139963448,0.0005858130753040314,-0.0010608976008370519,0.0005175754195079207,0.0008899068925529718,0.0006423682789318264,-0.0004895350430160761,-0.0009677776251919568,0.0011424921685829759,0.0022010377142578363,9.78964235400781e-05,-0.000776277098339051,-0.0011620750883594155,0.001386819058097899,-0.00047162335249595344,-0.0003606351965572685,0.0004803753981832415,0.00019073823932558298,0.0004590539028868079,0.000347332184901461,0.000976088282186538,-0.0011990939965471625,-0.002337909769266844,0.00046334092621691525
dose16k_A_s1,00010.png,-0.001014584326185286,-1.1767961041186936e-05,0.0007447475800290704,-7.201092375908047e-05,-0.001411744044162333,3.348041354911402e-05,-0.00041627202881500125,-0.0009862238075584173,-0.0003436618426349014,-0.0005377195193432271,-0.00025243236450478435,-4.9142083298647776e-05,0.00012991961557418108,-0.0006299004890024662,-0.001834450289607048,-0.00029348302632570267,-0.00015221934881992638,-0.00046265521086752415,0.00011958931281697005,-0.0005738168256357312,-0.0002621648309286684,-0.0009118349407799542,-0.0008840053342282772,-0.001197494100779295,0.0003733476623892784,-0.00012150755355833098,-0.00027746372506953776,-0.0006299794185906649,-7.229177572298795e-05,-0.0009542466723360121,-0.0009093857952393591,-0.0015729910228401423,-0.0003163773217238486,-0.0006548628443852067,-0.00037485023494809866
dose16k_A_s1,00011.png,0.002426563296467066,0.0021615237928926945,0.00034780369605869055,0.0010178718948736787,3.6959911540179746e-06,0.0008313056314364076,-0.0007189841126091778,-7.316319533856586e-05,-0.0014938164968043566,-9.744708950165659e-05,0.00030848669121041894,-0.0001165994763141498,0.0008659401792101562,0.00010933011799352244,0.0010600114474073052,-0.0010095626348629594,0.0015665912069380283,-0.002315531251952052,-0.0006893487297929823,-0.0007803544867783785,0.0018297964707016945,0.0008589533972553909,-0.001038979273289442,-0.0004390308749862015,-0.0021617929451167583,-0.0014421133091673255,0.0005172729142941535,0.00011790641292463988,7.854687282815576e-05,-0.0006719332304783165,0.0005032418412156403,-0.00044090504525229335,0.0002200967719545588,-0.00021646032109856606,-0.0004559413646347821
dose16k_A_s1,00016.png,0.0016717007383704185,-0.0005062774289399385,-0.0017939218087121844,0.0020372001454234123,0.001600154908373952,-0.0002714672882575542,-5.9893089201068506e-05,-0.0011382413795217872,-0.0015700982185080647,0.0008830010192468762,0.001524167601019144,1.3944335250926088e-06,-3.316324728075415e-05,-0.0005168390343897045,0.00045866583241149783,0.000260702712694183,0.0006354391225613654,0.000391681503970176,0.0010420004837214947,-0.0012128970120102167,0.0004989919834770262,0.0006180336931720376,0.001401797286234796,0.0004336674464866519,0.0009230145369656384,-0.0004084372485522181,-0.00028219824889674783,0.0006495735724456608,0.0004860552726313472,0.0004063617961946875,0.0012137294979766011,-0.00040646959678269923,-0.00025013816775754094,-0.0004898725310340524,-0.0006009803037159145
dose16k_A_s1,00017.png,-0.00038281793240457773,-9.645327372709289e-05,-0.0003243383252993226,0.000706433376763016,0.000168928163475357,-0.00046510653919540346,0.00028985878452658653,-0.0003133341087959707,0.0016345123294740915,0.0011073697824031115,-0.0012762200785800815,-0.00013025064254179597,0.00017005455447360873,-0.00010258434485876933,-0.00022719211119692773,0.00017403786478098482,-0.0005757047329097986,-0.0009676894405856729,-0.000499519519507885,-0.0002576441038399935,-0.0025114635936915874,0.0013657858362421393,0.001385271199978888,9.371434134664014e-05,0.0013139924267306924,0.0006182871293276548,-0.00030625596991740167,0.0009181603090837598,-0.0005303160869516432,0.00106693000998348,-0.00017574398953001946,-0.0016677130479365587,0.0018357583321630955,-0.00042048917384818196,-0.0018494899850338697
dose16k_A_s1,00018.png,-0.0009154367144219577,9.74443755694665e-05,-5.3021154599264264e-05,-0.002053255680948496,0.00013138630311004817,-0.0013395505957305431,-0.0011121821589767933,-0.0010911580175161362,0.00010066710819955915,-0.0013044292572885752,-0.0014105052687227726,-0.000844442518427968,0.00024332545581273735,0.0016827351646497846,0.0003532233531586826,-0.0004382894840091467,-0.0005549732013605535,-0.0005343558732420206,0.00018145023204851896,0.00018872648070100695,-0.00026954227359965444,-0.000665089872200042,0.0007635456277057528,-0.00016485985543113202,-0.0011008532019332051,-0.00018719231593422592,-0.0012182897189632058,0.0008068323950283229,0.0017419502837583423,0.00022784362954553217,0.000764681666623801,-0.0002079387049889192,0.00042482311255298555,-0.0013712072977796197,0.0003943912161048502
dose16k_A_s1,00019.png,0.000901075080037117,0.0011543275322765112,6.150871286081383e-06,0.0018079231958836317,-0.0009552463889122009,0.0007677419926039875,-0.00040133087895810604,-0.0005357472109608352,-0.0005101936403661966,0.0010099457576870918,0.00027578050503507257,-0.0005794197786599398,0.0008402015082538128,0.0008552382932975888,-0.0004359096346888691,-0.00017372987349517643,0.0004252004437148571,0.000977504882030189,0.0018264767713844776,0.0002057519886875525,0.0018552459077909589,-0.0016428043600171804,-0.0004397750017233193,-0.0014520728727802634,-0.00044235598761588335,4.105875996174291e-05,-0.0002939232799690217,-0.0007666927413083613,-0.000343106483342126,-0.0018393085338175297,-0.0001883118093246594,0.00038405030500143766,0.00012788620369974524,1.9403660189709626e-05,-0.0004608190502040088
dose16k_A_s1,00024.png,-0.00044124556006863713,0.0010124241234734654,-0.0005140446010045707,-0.00040210894076153636,-0.002068771980702877,-0.00028868106892332435,-0.0004809763631783426,-0.00030661741038784385,-0.0009132814011536539,-0.0008541052811779082,0.0005981162539683282,-1.954518666025251e-05,-0.0016608224250376225,-0.0007396688451990485,-1.661505848460365e-05,0.0003674454346764833,0.0009746059658937156,0.001053577521815896,7.434173312503844e-05,-0.0010124234249815345,-0.0029502410907298326,-0.0006494396948255599,0.0008342664805240929,-0.0005395481130108237,-0.00044051645090803504,-0.0005902170669287443,0.0009328193846158683,0.002089139074087143,9.5135867013596e-05,0.001154675497673452,-0.0007802048930898309,0.0012198935728520155,-1.3169434168958105e-05,0.0005227223155088723,-0.00022260261175688356
dose16k_A_s1,00025.png,0.001205488108098507,0.0006051858072169125,-0.0008465927094221115,-0.0010412124684080482,-0.002158788265660405,2.4650578779983334e-05,0.0017467987490817904,-0.0007912551518529654,-0.0011119634145870805,0.0006755932699888945,-0.00041018231422640383,0.0005165975890122354,-0.0002505425363779068,-4.69216174678877e-05,0.0020159066189080477,0.0006983422790654004,-0.0004302198067307472,-8.358313789358363e-05,4.334518234827556e-05,-0.0009529296075925231,0.0006881777662783861,0.0021291598677635193,-0.00037565320963039994,-0.0013564308173954487,-0.0005462187109515071,0.0008735001902095973,0.002090571681037545,-0.000891505042091012,-0.0015930378576740623,-0.0009565663058310747,-0.0008647255599498749,-0.0004985554842278361,0.0005114451632834971,-2.6294106646673754e-05,-0.001341167837381363
dose16k_A_s1,00026.png,-0.0008847069693729281,-0.0006833909428678453,-0.0008353126468136907,0.0008212873945012689,6.95336057106033e-05,0.0006617661565542221,0.0005343504599295557,-0.0012548300437629223,0.0014037868240848184,-8.958760008681566e-05,0.0005744705558754504,-0.00020953443890903145,-0.0016586625715717673,-0.00021509159705601633,0.00025839448790065944,0.00010722947627073154,-0.00041718705324456096,0.0004244601877871901,0.0009519660961814225,0.0015568463131785393,-0.0006398308323696256,-0.001238322933204472,4.400031320983544e-05,0.00034663802944123745,0.001288417144678533,0.0006468226201832294,-0.0003774358192458749,0.00018796486256178468,-0.0001070021535269916,0.0006153279100544751,0.00022648110461886972,0.0010455521987751126,-0.0009563109488226473,0.0016383531037718058,0.00012208655243739486
dose16k_A_s1,00027.png,-0.0006376865203492343,-0.00024471012875437737,0.001600458868779242,0.0018354408675804734,0.002142484299838543,-0.0005734008154831827,0.00017595004464965314,-0.0013137937057763338,-0.0007829380920156837,-0.0007896311581134796,-0.000571918673813343,-0.001969784963876009,-7.104906399035826e-05,0.0018985761562362313,0.0005899436655454338,-0.0016748782945796847,-0.0014511427143588662,0.0019143294775858521,0.00025164641556330025,-0.00019082054495811462,0.0005830958834849298,-0.0010093089658766985,0.0008339364430867136,0.0008985070162452757,0.0005247186054475605,0.0001120484885177575,0.0005632188403978944,0.0011190270306542516,-0.0010338465217500925,0.0006919089355506003,-0.0010034244041889906,-0.0006563092465512455,0.0008058125386014581,0.0006072648684494197,-0.0014088497264310718
dose16k_A_s1,00036.png,-0.0008973299409262836,0.0007104981923475862,0.0014975751983001828,0.0013793408870697021,-0.0006202804506756365,0.0007355610723607242,-0.0025238841772079468,0.00155254069250077,0.0005214258562773466,-0.00094131677178666,0.0006232133600860834,-0.0003545410290826112,-0.0002680450852494687,-0.00048000854440033436,0.0007848654640838504,0.000257504842011258,-0.0011474088532850146,-0.0006113271228969097,-0.0014233289984986186,0.0007948861457407475,-0.0004670887137763202,-0.001490738708525896,0.002384299412369728,0.0015014895470812917,-0.0012191166169941425,-0.00044695689575746655,-0.0011121638817712665,0.000501542235724628,-0.0004961576196365058,0.00012121896725147963,-0.0001659042463870719,6.542530900333077e-05,0.001353263622149825,-9.272928582504392e-05,-0.00028164213290438056
dose16k_A_s1,00037.png,-0.000696865317877382,-0.0015414271038025618,-0.0006577035528607666,0.002405997598543763,0.0014815909089520574,0.0009220130159519613,-8.371879812330008e-05,0.0014253115514293313,0.000701781187672168,-0.0013007441302761436,0.00040592969162389636,1.3622275218949653e-05,0.0007933002198114991,-0.00046522996854037046,-0.001133279292844236,0.0004465400124900043,-0.0024922178126871586,0.00012187669926788658,-0.0005752919241786003,-0.0001341230672551319,0.002143567195162177,0.0003290441236458719,-0.00033323816023766994,3.928444493794814e-05,0.0008536275709047914,-0.0003358477260917425,-0.0009917535353451967,0.00040069487295113504,-0.0014202625025063753,-0.00017040652164723724,0.00030187179800122976,0.0003116035368293524,0.000697966490406543,-0.00011430663289502263,-0.0004091493028681725
dose16k_A_s1,00038.png,-0.0020299269817769527,-0.0017008384456858039,-0.0007135915220715106,-0.0006493752007372677,-0.00026423452072776854,-0.00040501385228708386,-0.00039745154208503664,0.000343271647579968,0.0012605214724317193,0.0026699546724557877,-0.0003783541906159371,-0.0009000235004350543,-4.465023084776476e-05,0.00110826815944165,-0.000743130745831877,0.00043328755418770015,0.00018752054893411696,-0.0001721253211144358,-0.0007198954117484391,0.0010168330045416951,0.001070213969796896,-0.0011484506540000439,-0.0012602253118529916,-0.000717386428732425,-0.0017647492932155728,-0.0001269366912310943,-4.4426462409319356e-05,-0.0002526541647966951,0.0008215049747377634,0.0017172967782244086,-0.0006524446071125567,0.0006847679615020752,0.00044959873775951564,0.0012193401344120502,-0.0009410008788108826
dose16k_A_s1,00039.png,0.0004609286552295089,0.0004802073526661843,0.0007060648640617728,-0.000951632799115032,0.0005655803834088147,0.000720387848559767,0.0010022863280028105,0.001250183442607522,-0.000578565348405391,-0.0013162207324057817,0.0023055742494761944,-0.0002660828467924148,-0.0007616421789862216,-0.0006872961530461907,-0.00011205419286852702,0.0011817347258329391,3.157194805680774e-05,-0.001065675402060151,-0.001361594069749117,-0.0017687904182821512,0.000840157677885145,-0.0007083127275109291,-0.00026339650503359735,-0.0003144413640256971,0.0005243901978246868,0.0010932012228295207,-0.0005464790156111121,-0.0017250655218958855,6.388277688529342e-05,-0.0008374719182029366,0.0017266444629058242,0.0004501710063777864,0.00027582483016885817,-0.00027229139232076705,6.810250488342717e-05
dose16k_A_s1,00028.png,-5.6857952586142346e-05,-0.0015872388612478971,-0.0006273362087085843,0.002417926909402013,0.002283580834046006,0.0005933688953518867,-0.0003160432679578662,0.0003094232815783471,0.00010460936755407602,0.00038353740819729865,0.0008229708764702082,0.00019336139666847885,-0.001428863382898271,-0.0016685540322214365,-0.0003980287001468241,-0.0004073154123034328,-0.001314267748966813,-0.001397716230712831,-0.0005937209934927523,0.00014519438263960183,-0.0004515036125667393,-0.00014531737542711198,0.0004536203050520271,-0.0005238544545136392,0.0009037995478138328,0.0012798376847058535,0.00023199027054943144,0.0012706005945801735,0.0008546224562451243,-0.0012963421177119017,-0.00022150034783408046,-0.0012868286576122046,0.0007666703895665705,2.7054271413362585e-05,-0.0007965459953993559
dose16k_A_s1,00029.png,0.0010356348939239979,0.001126931281760335,-0.00042456589289940894,0.0022697250824421644,0.0006427139742299914,0.00030225931550376117,0.001013314351439476,-0.0003491777169983834,0.00019137395429424942,-0.0008028632146306336,-0.00040318339597433805,-0.00026756490115076303,-0.0005866771680302918,0.00041310724918730557,-0.001186999143101275,0.0006225581164471805,-0.0004355024138931185,-0.0013803148176521063,-0.0002711925480980426,0.00021893349185120314,0.0014444247353821993,0.00010914573795162141,-0.000841878994833678,-0.0008944350411184132,-0.0004690475179813802,0.0012422065483406186,0.0003244086401537061,-0.000159378134412691,-0.0005877506919205189,-0.0011573410592973232,-0.0010949261486530304,0.0010782810859382153,0.0004688678600359708,0.0010705760214477777,0.0019170488230884075
dose16k_A_s1,00030.png,-0.00020601293363142759,-0.00018363253911957145,0.0005497729289345443,-0.0006018428248353302,-0.0018418962135910988,-0.0015883669257164001,0.00037166342372074723,0.00031213939655572176,-0.0004919750499539077,0.0015473962994292378,0.0002313718432560563,-0.0010550851002335548,-0.0007518372731283307,0.00015125209756661206,-0.00040875538252294064,0.0017748484387993813,-0.00022641413670498878,0.0002244792558485642,-0.00010244773875456303,-0.0013369875960052013,-1.5315801647375338e-05,0.0006944299675524235,-0.0005022832774557173,0.0005765415262430906,0.0011843085521832108,-0.00023316194710787386,-0.0006142220227047801,0.000952104979660362,-0.000980290467850864,-0.001233734074048698,0.0014990444760769606,0.0011015518102794886,0.0005716810119338334,-2.045937071670778e-05,-0.0006519546150229871
dose16k_A_s1,00031.png,0.0005102456198073924,-8.155914110830054e-05,-0.0016355527332052588,0.0017802222864702344,0.0004052442091051489,0.0006932005053386092,0.0007773618563078344,0.0008904419373720884,-1.090353907784447e-05,0.00014943347196094692,0.0006578299799002707,0.00034475509892217815,-0.00010351766104577109,-0.001129849231801927,-0.0013125349069014192,-0.00019246726878918707,0.000997374881990254,8.7038628407754e-05,-0.0001302530145039782,0.001065253047272563,-0.00026114453794434667,-0.00022045847435947508,-0.001124852104112506,0.0002521159185562283,-2.6579207769827917e-05,0.0007233312353491783,-0.0005676532164216042,0.00018508225912228227,-0.00035912866587750614,0.0004807058139704168,0.0005553837982006371,0.0017415141919627786,-0.0010537025518715382,0.000716328271664679,-0.0006356083322316408
dose16k_A_s1,00040.png,-0.0011650092201307416,0.0005621630698442459,0.00042777095222845674,0.0004388792149256915,0.0018266512779518962,-0.0010080462088808417,-0.0012594707077369094,-0.0003551538975443691,-0.0001562287361593917,0.0007241633138619363,-0.002513784682378173,0.0010756806004792452,0.002066284418106079,-4.5023407437838614e-05,-0.0002499334514141083,0.0007643741555511951,-0.00033591059036552906,0.00019571089069359004,-0.00048215806600637734,0.0003275846247561276,0.0008007710566744208,0.0009486090275458992,-0.0009855538373813033,-7.60021575842984e-05,-0.0014038870576769114,0.0008264639764092863,0.0003100535541307181,-0.001105748931877315,0.0007614023634232581,0.0008357037440873682,0.0005573250236921012,0.0019253012724220753,0.0005684138741344213,-0.0006358406972140074,-0.0003725434362422675
dose16k_A_s1,00041.png,-0.00016914353182073683,-0.00016578813665546477,0.0002493924112059176,-0.00013154382759239525,-0.00042578723514452577,-0.0009496897109784186,0.00024621517513878644,0.0006017964333295822,-0.0013403334887698293,-0.0012060421286150813,0.00042329117422923446,-0.00024642408243380487,0.0008113794028759003,-0.0017302173655480146,-0.0004859974724240601,0.0008106452296487987,0.0014841516967862844,0.0011786799877882004,-0.0005002265679650009,0.0001995372585952282,-0.0001428048562956974,-0.000244161463342607,-0.0005558165139518678,-0.0008743756334297359,0.00022274207731243223,-0.0006976819131523371,-0.0004997603828087449,-0.0005426039570011199,-0.0007307552732527256,-0.0002231616817880422,0.00012887998309452087,0.00056155223865062,-0.0010336133418604732,-0.00039428030140697956,-0.000872327946126461
dose16k_A_s1,00042.png,0.000702498946338892,-2.9739379897364415e-05,-0.000636636686976999,-0.0005925848963670433,-0.00019963545491918921,-0.0004974339972250164,-0.0012587012024596334,-6.479312287410721e-05,-0.001161383930593729,-2.7066096663475037e-05,-0.0006398264667950571,-0.0005143822054378688,0.0001325106422882527,-0.00016997542115859687,-0.0033121544402092695,0.0006475822301581502,-0.00127848528791219,0.0006495490670204163,0.001152001554146409,0.0005414457409642637,-0.0014522079145535827,0.0003507401852402836,-0.0014453443000093102,-0.0013328144559636712,-0.0005788509733974934,0.00011472938058432192,0.00021991653193254024,-0.0012164147337898612,0.0005611374508589506,-0.0011446753051131964,-7.417221058858559e-05,-0.0009651145664975047,0.00022002255718689412,-0.00019803196482826024,-0.0010204818099737167
dose16k_A_s1,00043.png,-0.001194332493469119,-0.0017943702405318618,0.000902411004062742,0.0023486835416406393,-0.0014550471678376198,-0.0011268685339018703,-0.00135774293448776,-0.00033687014365568757,-0.0004247600445523858,0.00033710923162288964,2.4686523829586804e-05,0.001139957457780838,-0.0013774184044450521,3.934957203455269e-05,0.0010771381203085184,0.00023137195967137814,0.0008544207667000592,0.0017167868791148067,0.0009326674626208842,0.0014817338669672608,-0.0003618786868173629,-0.002273187041282654,0.00024725007824599743,-5.565990795730613e-05,0.0004277667903807014,0.00034825148759409785,-0.000329951144522056,0.0012208455009385943,0.000270730844931677,-2.4679526177351363e-05,0.00013122516975272447,0.0005195997655391693,-0.00010920347995124757,0.0017538662068545818,0.0006940606981515884
dose16k_A_s1,00044.png,-0.0015627759275957942,-0.0026302593760192394,-0.00022866151994094253,0.001222833408974111,0.0006894535035826266,0.004443078767508268,0.0007110676378943026,0.0007064248202368617,0.00039548479253426194,-0.0010039008921012282,-4.129066292080097e-05,-0.001250921399332583,-0.0009007119224406779,0.0012472426751628518,-0.0006742145633324981,-8.680385508341715e-05,0.0012933569960296154,-2.34770450333599e-05,0.0007866770611144602,0.0008105541346594691,-0.0011635504197329283,-0.0006881564622744918,0.00092517607845366,-0.0012394639197736979,-0.0007207168382592499,-0.0017753373831510544,0.00020075424981769174,0.0013677069218829274,-0.0008267181110568345,0.0004908450646325946,0.00027348665753379464,0.0008251555846072733,-0.0018065021140500903,0.0005383195239119232,0.0006295249913819134
dose16k_A_s1,00045.png,0.000948541855905205,-0.00021628029935527593,0.0006361669511534274,-0.0036027294117957354,-0.0020688087679445744,0.00044567842269316316,0.0002854814811144024,0.0001194376964122057,0.00032208263291977346,-0.0004716836556326598,0.0005416659405454993,0.0023192965891212225,0.0005941744311712682,0.0012561151525005698,-0.00065016676671803,-0.0014649194199591875,-0.000897176330909133,0.0007007821113802493,0.001648829784244299,0.0006156627787277102,-0.0003328382153995335,-0.000877252547070384,-0.0010450714034959674,0.0006822382565587759,0.00023494813649449497,-0.0006421272410079837,-0.0004436225863173604,-0.0009189188131131232,-0.0006605201051570475,1.7970171029446647e-05,-0.0003631771542131901,0.0005521464045159519,-0.0013566177804023027,-0.0014863748801872134,-0.0018131390679627657
dose16k_A_s1,00046.png,-0.0008730171830393374,-0.0002833829785231501,-0.0011101458221673965,0.0002401545934844762,0.0006122191553004086,6.461638258770108e-05,0.0003496903518680483,0.0002930771734099835,-0.00012978172162547708,-0.0013107298873364925,0.0004164816637057811,0.00031902597402222455,-0.0006741572869941592,6.379177648341283e-05,0.00023715112183708698,0.0013872410636395216,0.00017322115309070796,-1.1100783922302071e-05,6.179280899232253e-05,-0.0004032324650324881,0.0005342776421457529,-0.0013358979485929012,0.000636071665212512,0.0007201578700914979,0.00035351573023945093,-0.000419081945437938,-0.0012853053631260991,-0.0006806060555391014,-0.0006482656463049352,-0.0006301145767793059,0.0005859123775735497,0.0007628067396581173,0.0011387431295588613,0.0013918251497671008,-0.00016096957551781088
dose16k_A_s1,00047.png,0.0007999329827725887,0.0004030392738059163,0.0005565917235799134,0.0010303478920832276,-0.0013726144097745419,0.0012463052989915013,0.00048602416063658893,0.00016783049795776606,-0.00026678768335841596,-0.0003256217751186341,-0.0006861332803964615,0.0006406150641851127,-0.0017129274783656001,0.0005466227303259075,-0.0003652455925475806,-0.0027808526065200567,0.0004997224314138293,0.0001977939100470394,0.001653042621910572,-0.0012420554412528872,-0.0012179455952718854,0.000511998136062175,0.0011499100364744663,0.0008173056412488222,-0.00010070841381093487,-0.0004745276237372309,0.0009332105400972068,0.0003520674363244325,-0.00029978639213368297,0.00014306379307527095,-0.001724200090393424,0.00042705604573711753,0.00037593141314573586,-0.0003346820885781199,0.0002760627248790115
dose16k_A_s1,00032.png,8.352409349754453e-05,-0.0009131717961281538,0.0007867874228395522,-8.662690561322961e-06,-0.0011049039894714952,0.00037737551610916853,-0.00103155174292624,-0.0007083471864461899,-0.0004138876684010029,-0.0008349863928742707,0.0007907412364147604,0.0003708249714691192,-0.0003545822110027075,-0.0009798817336559296,-0.0014198583085089922,-0.002357438439503312,-7.163851842051372e-05,-0.0005621050950139761,-2.164682518923655e-05,-0.00024266488617286086,0.0005559086566790938,0.0002750849525909871,0.0013640400720760226,-0.0009946065256372094,0.00021157135779503733,0.0004448800173122436,0.0011169124627485871,-9.063544712262228e-05,-0.0011426472337916493,-0.00092278205556795,-0.0003250488662160933,0.00022049760445952415,0.0007408059318549931,-0.0008968395413830876,-0.000498966604936868
dose16k_A_s1,00033.png,0.0006564269424416125,-4.812597035197541e-05,-0.0015781440306454897,-0.0006120924954302609,-0.0016711907228454947,-0.00010543965618126094,0.0004780706949532032,0.00013420605682767928,0.0011538055259734392,0.0006519433227367699,0.0005105945747345686,-0.0019448676612228155,0.001169946393929422,0.0013463323703035712,-0.0006726434803567827,-0.0008948349859565496,-3.0958162824390456e-05,-0.00042093798401765525,0.0003818182449322194,-0.0009030750370584428,-4.4391163100954145e-05,0.0011657298309728503,-4.895363235846162e-05,-0.00020607508486136794,-5.781713480246253e-05,-0.0008647284703329206,-0.0005509035545401275,0.00022902258206158876,-0.0009421738795936108,-0.000949141220189631,-0.00023316190345212817,0.0005824923282489181,-0.0012799021787941456,0.0011183609021827579,0.0009797420352697372
dose16k_A_s1,00034.png,0.0013441918417811394,0.0023457359056919813,-0.00021971242676954716,0.001027953578159213,0.0006249034777283669,-0.0009315821225754917,0.0006447174237109721,-0.00025993541930802166,0.0005774230230599642,0.0009842875879257917,0.001554303802549839,-0.0005988531629554927,-0.00011076583905378357,-0.001810055342502892,-0.0014727895613759756,0.00036073726369068027,0.0013266009045764804,-0.0009076917194761336,-0.0008989712223410606,-0.00018003489822149277,-0.001024608500301838,-7.457075116690248e-05,-0.0011200805893167853,0.00047815090510994196,0.000827403215225786,0.00043760697008110583,-0.0003571478300727904,0.0016779957804828882,-0.0012329579330980778,-0.002793571911752224,0.001237245392985642,0.00010354266851209104,-0.00017076173389796168,0.0006385901942849159,-0.0009222351363860071
dose16k_A_s1,00035.png,-0.0006442117737606168,0.000585582572966814,-0.0017207869095727801,-0.0012266670819371939,0.0011210027150809765,0.00040029623778536916,-0.00021399585239123553,-0.000708488340023905,-0.00020885241974610835,0.001385073526762426,-5.427345240605064e-05,-0.0012913524406030774,-0.0007399836904369295,0.0007888871477916837,-0.0008503024582751095,-2.508906072762329e-05,0.00119108019862324,-0.0009872233495116234,-0.001387762720696628,-0.00032419024500995874,0.0003137102467007935,-0.000919029931537807,0.0003731673932634294,0.0015820191474631429,0.0020520291291177273,0.0019388450309634209,-0.0007371869869530201,2.30109417316271e-05,-0.00034363052691332996,-0.0006735214265063405,0.0015217886539176106,-0.0001338724250672385,0.0016489055706188083,3.429879870964214e-05,-0.00047985638957470655
dose16k_A_s1,00052.png,0.00024252169532701373,-0.0009449083590880036,-0.0012272747699171305,-0.000582026201300323,-0.00025389058282598853,-0.0006353278295136988,0.000565031950827688,-0.00034286134177818894,-0.0010358283761888742,0.0009858135599642992,0.00034264978603459895,0.0001192687195725739,0.0009278195211663842,0.0014757519820705056,-0.000446772639406845,-0.0005578473792411387,0.0004038391634821892,-0.001087391166947782,-0.000522083428222686,-0.0004103062965441495,-0.000717502145562321,0.0009477633866481483,-0.0009347210871055722,-0.0006307809962891042,-0.0004693909431807697,-0.0010366819333285093,-0.0011208091164007783,0.0005994778475724161,-0.0005168967181816697,0.0006990752881392837,0.0016593928448855877,-6.603480142075568e-05,-0.000791834550909698,-0.0004489534767344594,0.00023138114192988724
dose16k_A_s1,00053.png,9.012808004627004e-05,-0.000647219829261303,-0.0011842483654618263,-0.0007846735534258187,0.000555137696210295,-0.000976386945694685,0.0009783573914319277,5.27088122908026e-05,-0.0008926292066462338,0.00039864034624770284,0.001655257074162364,-0.0007959534414112568,0.0029426394030451775,-0.00022911130508873612,-0.0013711805222555995,0.0003542197518981993,0.0008277076412923634,-0.001613832893781364,-0.00014341334463097155,-0.0008177427225746214,-0.00043708219891414046,0.000732635788153857,-0.0006466730847023427,-0.0008942240383476019,0.000511394755449146,0.00012455428077373654,0.0007473549921996891,9.156230953522027e-05,-0.00015395494119729847,0.0006237422931008041,-0.0003826068714261055,0.00010827270307345316,-0.00019332722877152264,0.0002477384696248919,0.0004992234171368182
dose16k_A_s1,00054.png,-0.0005893184570595622,-0.00032041524536907673,9.947382932296023e-05,-0.0016992631135508418,-0.0005944499280303717,-0.0010423801140859723,0.0024306820705533028,-0.0002938254037871957,-0.0003890599182341248,-0.001426607952453196,-0.00020651765225920826,0.0012623830698430538,-0.0013732088264077902,-0.0006083140033297241,6.401307473424822e-05,-0.00017444186960346997,0.000664637831505388,0.00111707067117095,-0.0003180928179062903,-0.0006792970816604793,0.0006983579369261861,-0.0005573492380790412,0.0006029547075740993,0.0013428613310679793,0.00032288525835610926,0.00035387949901632965,0.0002845859853550792,-0.001419615000486374,-0.002530316822230816,0.00047105259727686644,0.00010483778169145808,0.001330166240222752,-0.00035744431079365313,-0.0001173618293250911,0.00101382692810148
dose16k_A_s1,00055.png,-0.00047607533633708954,-9.794116340344772e-05,-0.0011967342579737306,-0.0026807051617652178,-0.0003838291158899665,-0.00021176598966121674,0.0019617117941379547,-0.00014525841106660664,0.0006699736695736647,0.0011831274023279548,0.0011788695119321346,0.0004010512784589082,-0.0008904463029466569,-0.0010842654155567288,0.00015116989379748702,0.0009856775868684053,0.0007672387873753905,0.0003877129638567567,0.0013516162289306521,-0.00045618487638421357,-0.0002828007854986936,0.0002874472120311111,0.0001865341910161078,-0.00028791342629119754,0.0010851258412003517,-0.000849901232868433,0.00032824973459355533,0.0009433306404389441,-0.00010235136869596317,0.0009606778621673584,-0.0005759681225754321,-0.0013468846445903182,-0.0006045211921446025,0.001779243815690279,2.8929189284099266e-05
dose16k_A_s1,00048.png,0.00027404623688198626,0.0002326068643014878,-6.458865391323343e-05,-0.0013486751122400165,0.0010944409295916557,-0.0007036455208435655,-0.00017684219346847385,-0.00021016898972447962,0.001436426187865436,0.0007788969669491053,0.00048513070214539766,0.0006613559671677649,-0.0002614689583424479,0.000599891587626189,-0.00038272098754532635,0.00018302573880646378,-0.0015026561450213194,-0.0006126653170213103,-0.0015745763666927814,-0.0006745256250724196,-0.0008347957627847791,-0.001310198800638318,-0.001117787673138082,0.0006717025535181165,-0.0022881103213876486,-0.001750635914504528,-0.00015394747606478631,0.0009445894975215197,-0.00036186151555739343,-0.0014741478953510523,0.001859946409240365,-0.0001854401925811544,0.00030617511947639287,-0.00038530275924131274,-0.0019688974134624004
dose16k_A_s1,00049.png,6.687290442641824e-05,0.001062392839230597,-0.0003704068949446082,-0.0022178329527378082,-0.003151848679408431,-0.0008536854875274003,0.001010286738164723,6.726904393872246e-05,0.00018838129471987486,-0.0004746935155708343,1.3471771126205567e-05,0.0016229625325649977,0.0008579699206165969,-0.0005629272782243788,-0.0004888352705165744,-0.0007466597016900778,0.00043058968731202185,-0.0005641713505610824,0.0003463200409896672,-0.0008886157884262502,0.00030551652889698744,0.0008735182345844805,-0.0003807956527452916,0.0011769334087148309,-8.269978570751846e-05,0.0018595256842672825,-0.0012165996013209224,-0.0005126463947817683,-0.001835385337471962,-0.0009563520434312522,-0.0011400532675907016,0.0002249920944450423,-0.00017667714564595371,-8.723018254386261e-05,0.00019187829457223415
dose16k_A_s1,00050.png,-0.00028284345171414316,0.000476110348245129,0.00022129458375275135,0.001961578382179141,-0.00044234335655346513,0.00028079660842195153,-0.0005335346213541925,0.0005146231851540506,-0.0005046305013820529,-0.00012091399548808113,0.0006272878381423652,-0.0007441795896738768,0.0009666656260378659,0.0003627626283559948,-0.0012273432221263647,0.0009866630425676703,-6.712497270200402e-05,-0.0006686554988846183,-0.0013759435387328267,0.0006993960123509169,-0.00015284157416317612,-0.001239074394106865,-0.000905478373169899,-0.0004867285897489637,0.00021350935276132077,0.00015653685841243714,-0.00010866791126318276,0.0009431527578271925,0.0002646480279508978,0.0012553498381748796,0.000106260777101852,0.00012124056229367852,4.396926669869572e-05,-0.001185489702038467,-0.0011638413416221738
dose16k_A_s1,00051.png,-0.0005733668222092092,-0.0006463993922807276,-0.00011986372555838898,8.404324034927413e-05,0.00022964533127378672,0.00017923745326697826,3.493808981147595e-05,-0.0013849774841219187,-0.00047654795343987644,-1.089499710360542e-05,-0.0011292420094832778,0.00021714260219596326,-0.0008149362984113395,0.00023750537366140634,-0.0005850551533512771,-0.0007702760631218553,0.00010520585783524439,-0.0004382785118650645,0.0007602983969263732,0.0002911674964707345,0.001586425001733005,0.0009299398516304791,0.0008780767093412578,-0.001302253338508308,0.000944240833632648,0.0014752802671864629,0.0018268151907250285,-0.000490485574118793,0.0005610704538412392,0.0006922355969436467,-3.160677806590684e-05,-0.0011656276183202863,-0.00010651515913195908,-0.0005564677412621677,-0.0006115589058026671
dose16k_A_s1,00056.png,-0.001439140411093831,-0.0012230605352669954,0.0013553816825151443,-0.0018048544880002737,-0.0005832575843669474,0.0004529119178187102,-0.00048749931738711894,-0.0008752285502851009,9.54887509578839e-05,-0.00019296172831673175,0.0002509566838853061,5.544016676140018e-05,9.609518747311085e-05,0.0011428098659962416,-0.0004310159420128912,0.001364988973364234,6.675009353784844e-05,0.001196830766275525,-0.0008527458412572742,-0.0007174531929194927,-0.00047361175529658794,0.00021100752928759903,-0.0008946722955442965,-0.0020922187250107527,0.0008326062234118581,7.185000868048519e-05,-0.00022388913203030825,-0.0005555495736189187,0.00046408732305280864,-3.0700015486218035e-05,0.0005193219403736293,0.0001252832735190168,0.001118233660236001,-0.001650531659834087,0.00014409140567295253
dose16k_A_s1,00057.png,-0.000633931253105402,0.000841650937218219,-0.00020595961541403085,0.001576716429553926,-0.0006159457261674106,-0.0002563691814430058,0.0012202111538499594,-0.0011185912881046534,0.0014283016789704561,-0.0026541254483163357,0.00044338888255879283,-0.000627142668236047,-0.00034680849057622254,-0.0005195174016989768,0.0011522818822413683,-0.00031771912472322583,-0.0016314227832481265,0.00041628460166975856,0.0006529431557282805,-0.001055031782016158,0.0009247887064702809,-0.0002481791016180068,-0.00025838628062047064,-0.0009235561010427773,-0.00030248131952248514,-0.0010843490017578006,0.0019157243659719825,0.0005095255328342319,0.00021916275727562606,0.0016330068465322256,0.0004760436131618917,-0.0011396817862987518,0.0003859455173369497,-0.0007472216384485364,-0.00034681454417295754
dose16k_A_s1,00058.png,-0.0005455749924294651,-0.0011612086091190577,-0.000512918399181217,0.0013933881418779492,-0.0013725608587265015,-0.00016296592366416007,-0.0017720122123137116,5.4043575801188126e-05,0.00028417364228516817,-0.0007558114593848586,-0.000995600945316255,-0.00030522720771841705,0.000490060483571142,-0.0008460353128612041,-0.00037467514630407095,3.673903484013863e-05,-0.0012151893461123109,-1.7022302927216515e-05,0.0004456479800865054,0.00022388237994164228,-0.00011846905545098707,-0.0008937112870626152,-0.0005330925923772156,0.0008069586474448442,-0.0006117078009992838,-0.0012171220732852817,-0.00195913203060627,0.0004684795858338475,-0.00039766094414517283,-0.000249459408223629,8.166820043697953e-05,-0.0011798846535384655,0.0006879369611851871,0.0002168549835914746,-0.0009439919958822429
dose16k_A_s1,00059.png,-0.00034110090928152204,0.0008024245034903288,0.000881904736161232,-0.0006974782445468009,0.00024208135437220335,-0.002008499577641487,0.0001411171688232571,0.00034637426142580807,0.0008627439965493977,-0.00012518624134827405,-0.00011941295088035986,-0.0007112348102964461,-0.0006788274040445685,-0.0004087704000994563,0.00022625975543633103,2.9508328225347213e-05,0.000486642646137625,-0.0007632152992300689,-0.0011277571320533752,-0.0009534803102724254,0.0012664725072681904,3.0233431971282698e-05,0.0006068522343412042,0.0002947167376987636,-0.000352462608134374,-9.937777213053778e-05,-0.0008896277868188918,0.0006704647676087916,-0.0011461441172286868,0.00041922787204384804,-0.0003509059897623956,-0.0015294175827875733,-0.0004718263808172196,0.0009451407822780311,-0.0017138153780251741
dose16k_A_s1,00060.png,-0.0007771875243633986,-0.0008802067604847252,-0.0005214808043092489,-0.0031213003676384687,-0.0008766507962718606,0.0002332356380065903,-0.0004232570936437696,0.0007312924135476351,0.0004417779273353517,-0.0005268613458611071,0.0005599380820058286,0.00036412946064956486,-0.0002204510965384543,0.00108400359749794,-0.0001463506487198174,1.85577264346648e-05,0.0007051688153296709,0.0009601222700439394,0.00014272969565354288,-0.002063940977677703,-0.0005543646402657032,-0.0008524702279828489,-0.00022751900542061776,0.0012691394658759236,-0.0004744029720313847,7.906518294475973e-05,0.00014956080121919513,0.00012214155867695808,0.0007358312723226845,-0.00021071294031571597,-0.0007580965175293386,-0.00018861627904698253,0.0004525523108895868,0.0019650855101644993,0.0005510681658051908
dose16k_A_s1,00061.png,-0.00015251235163304955,0.0008771784487180412,0.0006607439718209207,0.0005195428966544569,0.0016358225839212537,-0.0007010397384874523,0.0022567284759134054,-0.0005414718762040138,-0.0007388897938653827,-0.0008915964863263071,-0.00024916246184147894,-0.0009122224873863161,6.857348125777207e-06,-0.0009976562578231096,-0.0007358515867963433,0.00019189711019862443,0.0015220831846818328,3.652996019809507e-05,-0.00041200133273378015,0.0010696285171434283,-0.0009260930237360299,-0.0014359058113768697,-0.001685956260189414,-0.00086289580212906,-0.0022527414839714766,2.2756769340048777e-06,0.00028113150619901717,6.529183156089857e-05,0.00022605626145377755,0.0008451647008769214,0.0006556236185133457,-0.0006588638061657548,0.00026807584799826145,0.0008344282396137714,0.0006652440060861409
dose16k_A_s1,00062.png,0.001437717815861106,0.0004248724435456097,-0.0002768847916740924,-0.0008888565935194492,0.0008243809570558369,-0.0006876026163809001,-0.0006943340413272381,-0.00139473972376436,0.000895551813300699,-0.0003624123346526176,-0.0004079027276020497,-6.39961872366257e-05,4.6321139961946756e-05,-0.0007551778107881546,-0.0015512706013396382,5.818909266963601e-05,-0.0013658724492415786,0.00011731722042895854,-0.0004784892953466624,-0.0004482409858610481,-0.0010482483776286244,0.0007198849925771356,-0.0006232918822206557,-0.000603628228418529,-0.00026095067732967436,-5.293198410072364e-05,-0.0006045622285455465,0.0003043825563509017,-0.000626680557616055,7.661565905436873e-05,-0.0005627821665257215,-5.5377411626977846e-05,0.002012715209275484,0.0010764551116153598,-0.001095712068490684
dose16k_A_s1,00063.png,0.0009639643831178546,0.0011420522350817919,-0.00041233570664189756,-0.0003121740010101348,-0.0009666718542575836,0.00013505252718459815,-0.00022434342827182263,-0.0004343235050328076,9.059244621312246e-05,4.021065979031846e-05,0.00021752832981292158,0.0004043421649839729,-0.0006290554301813245,-0.00040199325303547084,0.0002797917404677719,0.00024961933377198875,-0.001747834263369441,0.00011375459871487692,-0.00021904923778492957,0.000578303646761924,-6.871337245684117e-05,-0.0013939386699348688,0.0013990019215270877,0.00023604370653629303,1.8234522940474562e-05,-0.00045874202623963356,0.000312137563014403,-0.0008657144499011338,0.0006487413193099201,-0.00017457670764997602,-0.0009755769278854132,0.0010271674254909158,-0.0003251975867897272,-0.0005904610734432936,0.00017018915968947113
dose16k_A_s1,00068.png,0.0008508730097673833,0.00013044438674114645,-0.002375396667048335,0.0019686592277139425,-7.356403511948884e-05,-0.0018467761110514402,-0.00031698826933279634,-0.0005572881200350821,-0.0018846887396648526,-0.0006963203195482492,-2.627176945679821e-05,-0.0006929770461283624,-0.0005460773245431483,0.00019694400543812662,-0.00032553242635913193,-0.0005611618398688734,0.0005960604175925255,2.691850568226073e-05,-0.0016179955564439297,0.0003919517621397972,-4.6266912249848247e-05,-0.0016393171390518546,2.1067994566692505e-06,-0.0003716983483172953,-0.0004896816681139171,0.0007522914092987776,0.00012808479368686676,-0.0008177304989658296,-0.00011183932656422257,-0.00040724186692386866,-0.0008952344069257379,-0.0001089342767954804,0.0021037296392023563,-0.0006696247146464884,0.0008144020102918148
dose16k_A_s1,00069.png,0.0009204937960021198,0.0013246913440525532,0.00027630364638753235,-0.0002749471750576049,-0.002734995447099209,0.0012234573950991035,0.0007289396016858518,-0.0016260287957265973,-0.0003295617934782058,-0.00032144159195013344,-0.0005527501343749464,0.0005592063535004854,-0.0008719716570340097,0.0022026633378118277,-7.051149441394955e-05,-0.0001365768548566848,-0.0010245887096971273,0.0001805290812626481,0.0004539831425063312,-0.00041049206629395485,0.001937392051331699,0.0022630903404206038,0.001255182083696127,2.0597797629307024e-05,0.0003595045127440244,1.3034700714342762e-05,-0.0008834627806209028,-0.0006877669948153198,0.00020665532792918384,-0.0020521439146250486,-0.0003227384586352855,-0.0006801856798119843,0.0006190530257299542,7.297728006960824e-05,0.0012912270613014698
dose16k_A_s1,00070.png,0.000156865717144683,-0.0008348480914719403,-0.0011435260530561209,0.0004009562253486365,0.0008869690936990082,-0.0004458008334040642,0.0004370032111182809,0.0003539019380696118,0.0009763742564246058,-0.00030880054691806436,-8.493421046296135e-05,0.0007300639408640563,0.0014280402101576328,1.3565128938353155e-05,0.000768478843383491,-0.0007504289969801903,0.0014335783198475838,0.00040068995440378785,-0.00145486812107265,-0.00024917293922044337,-0.0006883426103740931,0.0019304042216390371,-0.00026768946554511786,-0.0007595280185341835,0.00038777769077569246,-0.0001227127795573324,-0.00012407306348904967,0.0015889666974544525,0.0007823160267435014,0.00017086236039176583,-0.00036816339707002044,0.0009495104313828051,-0.0010819174349308014,0.0010898441541939974,2.5425850253668614e-05
dose16k_A_s1,00071.png,-0.0006445312174037099,-0.0007388194790109992,-8.803030141280033e-06,5.900814721826464e-05,-9.789880277821794e-05,0.001015374669805169,-0.00014427663700189441,0.00026655764668248594,0.00024531877716071904,-0.00030553305987268686,0.0009141347836703062,-0.0008232952677644789,-0.001042150892317295,-0.00024344708072021604,0.0010780277661979198,3.093754639849067e-05,0.0009313235059380531,0.0010815310524776578,0.00016496909665875137,-0.0010899713961407542,-0.0005221409373916686,-0.0018049057107418776,-0.0013416482834145427,-0.0001558719959575683,0.0014128332259133458,0.0014791390858590603,-0.00019038999744225293,0.0009185884264297783,0.0003857585834339261,0.0003543991770129651,2.24000214075204e-05,3.948492576455465e-06,0.0004239635309204459,-0.00026151855126954615,0.001667106058448553
dose16k_A_s1,00064.png,-0.000540897308383137,0.00015802351117599756,-0.00018437417747918516,-9.395433880854398e-05,0.00012522326142061502,-0.0006531078834086657,-0.0003692314203362912,-0.0008425912237726152,0.0005356345791369677,-0.00024090809165500104,0.0007387013174593449,-8.553828956792131e-05,-0.0001006912934826687,-0.0006054099067114294,-0.0006429876084439456,0.0006886491319164634,-0.000773423002101481,0.0005432302132248878,0.00035397420288063586,0.0004391749680507928,0.00142718106508255,0.0001510413858341053,0.0019687144085764885,0.00040818177512846887,-0.0014832328306511045,4.406132211443037e-05,-0.00082894426304847,0.0007924575475044549,0.0007785088964737952,0.0005807507550343871,0.0013162294635549188,0.0003690356097649783,-0.0019798441790044308,0.0003687306016217917,0.0003961260663345456
dose16k_A_s1,00065.png,-0.0011619782308116555,0.0006393008516170084,0.0005302010686136782,-0.0011555661913007498,0.002052254742011428,0.00021680798090528697,5.5898352002259344e-05,-0.00030482548754662275,-0.0001074340907507576,-0.000453757937066257,0.0006776033551432192,-0.0001772875984897837,0.0008535180240869522,0.00042017901432700455,0.0010775246191769838,-0.0007858463795855641,0.0008646273054182529,-0.00182361900806427,0.0001366435899399221,-0.00034316693199798465,0.0002527309989091009,0.00034132617292925715,0.0006835270905867219,-0.0007004850194789469,0.0010658653918653727,0.0006513173575513065,0.0003001989098265767,0.0010632490739226341,-0.0008890577591955662,7.525957335019484e-05,-0.00042024627327919006,0.0002283171925228089,3.432461744523607e-05,-0.0020101573318243027,-0.0013635157374665141
dose16k_A_s1,00066.png,-0.000672789930831641,-0.001997453859075904,-0.0005361956427805126,0.001559917931444943,0.0015126463258638978,-0.000734099536202848,0.0002536506508477032,0.00040952421841211617,-0.00028096052119508386,-0.0005109101184643805,1.4278032267611707e-06,0.0011832298478111625,0.001028957893140614,-0.0003472013049758971,-3.1049679819261655e-05,0.00013851850235369056,5.014433554606512e-05,-0.0014929223107174039,-0.0004964562249369919,-0.0011333134025335312,0.00022327751503326,0.0009569841786287725,1.6781309568614233e-06,0.0004028194525744766,0.0004954877658747137,0.0009057955467142165,-0.00035439961357042193,0.0007557607023045421,-0.0011085930746048689,0.0009032838861458004,0.0008523478172719479,0.00020268058869987726,0.0008280949550680816,-0.00014647640637122095,-0.0009570642141625285
dose16k_A_s1,00067.png,-0.0006552168051712215,0.0004842227208428085,-0.0011647355277091265,0.000564100279007107,0.002132134046405554,0.00010299003042746335,0.0008574994280934334,-0.000335025048116222,0.0014996464597061276,-0.00028688382008112967,-0.00037952643469907343,-0.0006312235491350293,0.0010519035859033465,-0.001697649946436286,-0.0006056308629922569,-0.0011275989236310124,0.0004304728063289076,-0.00032533713965676725,-0.0009418693953193724,0.0021077170968055725,-0.00044872378930449486,-0.0011769531993195415,-0.0002584003086667508,0.0004316170234233141,-0.00014998388360254467,-0.0015660002827644348,-0.0007929567364044487,-0.0013679682742804289,0.0011221052845939994,-0.0004950638394802809,-0.0002947720931842923,-0.0008104142034426332,-0.0006042987224645913,2.1467369151650928e-05,0.0019526652758941054
dose16k_A_s1,00076.png,-0.0003272233880124986,-0.002295805374160409,-0.00034165996476076543,0.00028572051087394357,-0.0023251213133335114,0.0009108051308430731,-0.0007095009787008166,0.00035242302692495286,-0.0018179405014961958,-0.0005542333819903433,0.0017141911666840315,0.000730025174561888,-0.0033708701375871897,-7.143838593037799e-05,0.0013943916419520974,-0.00012059108121320605,0.00023961720580700785,0.0008833264000713825,-0.0022164625115692616,2.5796085537876934e-05,0.0006322308909147978,-0.0002168670471291989,0.0008346996619366109,0.0008108871406875551,0.0016010735416784883,0.0009110232931561768,-0.0005163447349332273,4.4792228436563164e-05,-0.00030854789656586945,0.001334318076260388,0.00012758607044816017,0.0007535908371210098,-3.3596352295717224e-05,-0.0005759287741966546,-0.0004427503445185721
dose16k_A_s1,00077.png,-0.0002227350341854617,-0.0012152724666520953,-0.0005920514231547713,-0.0020593171939253807,0.00014027328870724887,-0.0016149685252457857,0.000297666440019384,-0.0018716491758823395,-0.0009928904473781586,-0.0013598785735666752,-0.0004860467743128538,0.00017584970919415355,-0.0008303651120513678,0.00016093476733658463,-0.0016116491751745343,-0.00012659670028369874,0.0014703163178637624,0.00044007616816088557,-0.00097419205121696,-0.0009644253295846283,-0.0006823394214734435,-0.0004091184528078884,-0.0011728699319064617,-9.35514472075738e-05,0.0007713813683949411,0.0009397118701599538,0.00031127853435464203,-9.82781348284334e-05,-0.00035667791962623596,0.00040309299947693944,0.0008000414818525314,-0.001128942472860217,0.0005971516366116703,0.00043746986193582416,0.0014728255337104201
dose16k_A_s1,00078.png,0.0007264436571858823,0.00017445904086343944,-0.001176598365418613,0.0011773236328735948,0.001492441981099546,-0.00018364863353781402,-0.0014959156978875399,0.00022945168893784285,0.0019246647134423256,-0.001252845162525773,-0.0014425519620999694,-0.0002941054990515113,-9.4079521659296e-05,0.0005068967584520578,-0.001001293072476983,0.0008637888822704554,-0.0012172386050224304,9.988178499042988e-05,4.00386234105099e-05,-0.00206295819953084,-0.00025823130272328854,0.0004804155323654413,-0.0005327555118128657,-0.0013029429828748107,-0.0011588816996663809,0.000853700446896255,-0.00014432314492296427,0.0008329087286256254,-0.0005189317744225264,0.0021862154826521873,0.0011186720803380013,-5.698321183444932e-05,0.00012206808605697006,0.0018051189836114645,-0.00010214281792286783
dose16k_A_s1,00079.png,-0.0005774167948402464,-0.0016588740982115269,-0.001127932919189334,1.463297212467296e-05,-0.00030320638325065374,-0.000619682774413377,0.0001236584212165326,-0.00019674190843943506,0.001157235587015748,-0.00021573468984570354,-0.0004840447218157351,4.2971867515007034e-05,-0.0003562936035450548,-0.0001482941152062267,0.001043069874867797,-0.0014007873833179474,-0.0012898605782538652,-0.0009924398036673665,-0.0006886078626848757,0.0005304341902956367,-9.579399193171412e-05,0.00017915814532898366,0.00026843612431548536,0.00036493633524514735,0.0002622705651447177,0.0018674583407118917,0.002086573513224721,0.00021809017925988883,-0.00044924061512574553,0.00048591577797196805,0.0013346007326617837,0.0014418490463867784,5.673951091011986e-05,0.0008302764617837965,-0.0010986815905198455
dose16k_A_s1,00072.png,-0.0005456211511045694,-0.00021646745153702796,0.0001814781571738422,0.0005292728892527521,-0.0007138859364204109,-0.0002947039611171931,0.00040208641439676285,0.0007535403128713369,0.001229640911333263,-0.0010196315124630928,0.00044820900075137615,-0.0004258505941834301,0.0006401011487469077,0.00020423627574928105,0.00010839491005754098,0.0017134427325800061,-0.0008747611427679658,-0.0002870661555789411,0.0007859213510528207,0.0016279538394883275,-0.00032616787939332426,0.0011956634698435664,0.0010817652801051736,0.0003561532939784229,0.0002757281472440809,0.00017282132466789335,-0.0008084037690423429,0.001365999924018979,-0.0007047249819152057,-0.00054553261725232,0.00042967888293787837,0.0009300964302383363,3.09947099594865e-05,1.1490352562759654e-06,0.001101761357858777
dose16k_A_s1,00073.png,0.0004117690259590745,0.0009036505944095552,0.00039785593980923295,-0.004472190514206886,-0.002167945262044668,-0.0003726598515640944,-4.5766642870148644e-05,6.436213152483106e-05,0.0006901792949065566,0.0020263264887034893,0.000451677362434566,-0.0009033614187501371,-0.0005450834869407117,0.0005978590925224125,-0.00016324267198797315,0.00010161899990634993,-0.0003654170432128012,0.001121881534345448,-0.000541801331564784,-0.0011576855322346091,0.00025944053777493536,0.0005868631415069103,0.0005982080474495888,-0.00021211328567005694,0.0001958164939424023,0.0006144569488242269,-0.00045765642425976694,0.001660744659602642,0.0003088926605414599,0.00022874769638292491,-6.446558109018952e-05,0.0010099424980580807,0.00025906963855959475,-0.0009292042814195156,7.196138903964311e-05
dose16k_A_s1,00074.png,-0.0007956436020322144,0.0006308414740487933,-0.0004878671607002616,-0.0005563987651839852,0.00029554631328210235,-0.0013268247712403536,8.30407370813191e-05,-0.0011793135199695826,-0.0009529153467155993,0.0009948271326720715,0.00010179249511566013,-0.0003198389313183725,0.0010945008834823966,-3.0567622161470354e-05,-0.0011997106485068798,-0.00012807128950953484,-3.3495780371595174e-05,-0.00011986362369498238,0.00031035253778100014,0.0001819990575313568,-0.0008375263423658907,0.0006018067360855639,-0.0018277160124853253,-0.00035707239294424653,0.00027442569262348115,-0.0005953526706434786,-0.000596297497395426,-0.00044052497833035886,-0.00041301577584818006,-0.000300282787065953,-0.0006975187570787966,0.00039124093018472195,0.0007058067712932825,-0.0007598517113365233,7.424629075103439e-06
dose16k_A_s1,00075.png,0.0007804470951668918,0.0005375680630095303,0.0008288493845611811,-0.0012153388233855367,0.0007835337892174721,0.001568107632920146,-0.0014596241526305676,0.0015478418208658695,-0.0011695238063111901,0.0004035230085719377,-0.00016189411689992994,-0.00012186590902274475,0.0020244952756911516,-1.9579123545554467e-05,-0.000790091697126627,-7.039310730760917e-05,0.0004671903152484447,0.001016226946376264,0.0012478193966671824,0.0006021392764523625,0.0002448618761263788,-0.0011454124469310045,-5.743088331655599e-05,0.0012833107030019164,-0.0008841109811328351,4.53829561593011e-05,0.0006103613995946944,0.00016515520110260695,0.00027426850283518434,-0.0011717150919139385,-0.0004541720845736563,0.0003185319365002215,-0.0002812718157656491,0.0013540835352614522,0.00019157056522089988
dose16k_A_s1,00084.png,0.00014611813821829855,0.00035383724025450647,0.0004890792188234627,2.3705339117441326e-05,0.001695202081464231,3.360146001796238e-05,0.0008664246997795999,0.0007527403649874032,6.146888608782319e-06,-8.469408930977806e-05,0.00035177008248865604,-0.0013048200635239482,0.0016302668955177069,0.0008889535674825311,7.300120341824368e-05,0.0019197592046111822,0.0007355631678365171,0.0002797854831442237,2.187739846704062e-05,0.0018399060936644673,-0.0002776025503408164,-0.0008040915126912296,-0.00042247268720529974,7.581395766464993e-05,0.00032174837542697787,0.00043947252561338246,-0.0007359637529589236,0.0015157773159444332,-0.00019572670862544328,0.0007284748717211187,-0.0003612171858549118,-0.0011826683767139912,0.00048476518713869154,0.0010419677710160613,0.000271441153017804
dose16k_A_s1,00085.png,-0.0005906689912080765,0.000795541622210294,-0.00196366710588336,-0.0008681424660608172,-0.0006688501453027129,-0.0007949327118694782,0.0007274302770383656,0.0010187186999246478,-0.0017425765981897712,-0.0008260425529442728,0.0011752377031370997,-0.00018077809363603592,-0.00021316431229934096,0.0018267214763909578,9.933616092894226e-05,-0.0010306136682629585,-0.0006409806665033102,-0.0005051519256085157,-0.0013727090554311872,0.0010384282795712352,0.001789216068573296,0.000723277626093477,0.000216307831578888,-0.00012954932753928006,-0.0003260647354181856,-0.000833362340927124,-0.0009382966090925038,0.00016907845565583557,-0.00011955555237364024,0.0006397824618034065,-0.0016385032795369625,0.00021331266907509416,-0.0006676941993646324,-0.0014786530518904328,-0.0006114720599725842
dose16k_A_s1,00086.png,0.00038331220275722444,-9.593075083103031e-05,0.002085532993078232,-0.003301221877336502,-0.0008999225101433694,-0.00042386894347146153,0.0005403899704106152,-0.0008828926947899163,0.0006275212508626282,-0.0003627657424658537,0.0020136763341724873,-0.000794890511315316,0.0003359438560437411,0.000906108005438,0.0011091942433267832,-0.0002451177278999239,0.0008506327285431325,-0.000130126514704898,-0.00020132235658820719,0.0009877515258267522,-0.001069116173312068,0.0014924679417163134,-0.0005698911845684052,0.0012034258106723428,-0.0024027808103710413,0.0001024759840220213,-0.0002328741829842329,0.0006143152131699026,-0.0009294902556575835,-0.0007383299525827169,0.0011767219984903932,-0.0015012846561148763,0.0010374594712629914,-0.0017060525715351105,-0.0007539456710219383
dose16k_A_s1,00087.png,-0.0005514621734619141,-7.532370364060625e-05,-0.0006279979133978486,-0.0005953787476755679,0.0007690167403779924,0.0006380961858667433,-8.438120130449533e-05,0.00032890093280002475,0.0010096648475155234,-0.0003830572823062539,-0.0008054104400798678,-0.0006584427901543677,0.00035700821899808943,-0.0014670128002762794,0.0003871476510539651,0.0010696710087358952,0.0014906025025993586,-0.000232098187552765,-0.0013510428834706545,-0.0014062741538509727,-0.0007989898440428078,0.00030951789813116193,-0.0010229406179860234,0.00033837713999673724,0.0010216167429462075,-0.0017649997025728226,0.0008227350772358477,6.309268792392686e-05,-0.00041954300832003355,0.0002361888182349503,0.0006706853746436536,-0.0010379143059253693,0.0004315381811466068,-0.00010744034079834819,0.0005385576514527202
dose16k_A_s1,00080.png,-0.0016278765397146344,-0.002583843655884266,-0.002091995207592845,-0.0010482406942173839,0.001324554206803441,0.0008617049898020923,-0.0010783304460346699,-0.00028703862335532904,0.0017941002734005451,-0.0012980661122128367,0.0010366577189415693,-0.0006865921313874424,-0.0018931522499769926,0.0004161236865911633,-0.0014617334818467498,-0.00012502596655394882,-0.0002984447928611189,-0.00033656114828772843,0.0002615319681353867,0.0008363615488633513,0.00012179467012174428,0.001018783077597618,0.000228639502893202,0.0006462077726610005,0.0007342484313994646,0.0006125617655925453,-0.001461688196286559,-0.00021315932099241763,-0.0013195027131587267,8.453335613012314e-05,-0.00015647853433620185,0.0014319306937977672,-0.000719304196536541,0.0018870633793994784,0.00047441141214221716
dose16k_A_s1,00081.png,0.0006959072779864073,0.0003602094657253474,0.0011983878212049603,0.0009871621150523424,-0.0021242289803922176,-0.00047182603157125413,0.0006356515223160386,-0.00026413361774757504,-0.001414544298313558,-0.0016134661855176091,0.0008870874298736453,0.0008729787659831345,0.0001635454100323841,-0.0009382302523590624,0.001405435730703175,0.00043880502926185727,0.0006957612931728363,0.0010133821051567793,-0.000341884238878265,0.00016915836022235453,0.0007299188291653991,0.0017345668748021126,0.0004214491927996278,0.0009902905439957976,0.00015322765102609992,-0.0005207202630117536,0.0008632714161649346,0.000879009603522718,0.0005991762154735625,0.001173374941572547,0.00023805085220374167,-0.0009103253250941634,-0.0016860523028299212,0.00023360982595477253,-0.0003341187257319689
dose16k_A_s1,00082.png,0.0020235786214470863,0.000918362638913095,-0.00034264568239450455,0.0023941793479025364,-0.0001587600854691118,7.271184585988522e-05,0.0012908638454973698,-0.0013762825401499867,-0.0009388364269398153,-0.00130506104324013,0.0006545140640810132,0.0006987079977989197,0.00041271906229667366,6.276342901401222e-05,0.00022345987963490188,0.00011396937770769,7.974878826644272e-05,-0.00033371467725373805,0.0011902829864993691,0.0004971125745214522,0.0003387450997252017,0.00025919009931385517,0.0003074865962844342,-0.00038221871363930404,-0.0002427556610200554,0.0008910697652027011,1.9914619770133868e-05,-0.0014019468799233437,0.0013543263776227832,0.00028412434039637446,-0.0012742240214720368,-0.0011730572441592813,-0.0006425020401366055,-0.00043651805026456714,-0.0002589547075331211
dose16k_A_s1,00083.png,0.0006811716011725366,0.0002315934980288148,0.0006486105266958475,-0.0013612083857879043,-0.00046712925541214645,0.000815809762571007,-0.00029785590595565736,-0.0007665843586437404,-0.00013049610424786806,-0.0010796672431752086,0.00019917989266104996,0.0011754933511838317,0.0013224969152361155,-0.0011058722157031298,-0.0007636132650077343,0.0011501717381179333,0.0007523741805925965,-4.347478170529939e-05,0.0010230208281427622,0.0011461832327768207,0.00037035232526250184,0.0001240690180566162,0.0019497746834531426,-0.0008557891706004739,-6.28470370429568e-05,-0.0004707538173533976,-0.0002515194355510175,-0.003101127687841654,-0.0016588018042966723,0.0006810497143305838,0.0013344150502234697,0.0004740518343169242,0.0004076419572811574,7.419301982736215e-05,0.0013868181267753243
dose16k_A_s1,00088.png,-8.60031068441458e-05,-0.0001935172767844051,0.0008833843749016523,-5.7357712648808956e-05,0.0006878431304357946,0.0011932809138670564,0.0006835106760263443,-5.5571614211658016e-05,-0.0005432646139524877,-0.00038073223549872637,0.0015157144516706467,-0.0007984958938322961,0.0004968735738657415,-0.0006409305497072637,-0.001541276229545474,0.00019595281628426164,-0.00036768268910236657,0.0005034240311942995,-0.0011191234225407243,0.00016145489644259214,0.00042296835454180837,-0.0022177724167704582,0.0008977578836493194,-8.732211426831782e-06,-0.0009934942936524749,-0.0002089699701173231,0.0006262920214794576,0.0021456091199070215,0.000752131687477231,-0.000544600305147469,-0.0003159705374855548,-0.0006850236677564681,-0.001438463805243373,-0.0009158775210380554,0.0005455900100059807
dose16k_A_s1,00089.png,0.0005776986363343894,0.0016862585907801986,-0.0006277138600125909,0.0004689066263381392,0.001604866236448288,-0.00019461505871731788,-0.0018095745472237468,0.0009055052069015801,0.0006146407104097307,-0.0005269672838039696,0.0008126574684865773,-0.001921944902278483,0.0006872228113934398,-0.0006420211284421384,-0.0008222156320698559,-0.0011910134926438332,0.0003238423087168485,-0.001298945164307952,-0.00012842382420785725,-0.0008051421609707177,-0.00018869779887609184,-0.00029386705136857927,2.504410076653585e-05,9.404311276739463e-05,-0.00027942724409513175,0.00028842201572842896,-0.00021885818568989635,-0.0003278411168139428,0.000521667068824172,-0.0010329510550945997,0.0011448066215962172,-0.00045802551903761923,0.0013205945724621415,2.0853600290138274e-05,-7.110219303285703e-05
dose16k_A_s1,00090.png,-0.00010136095806956291,-0.0002396784839220345,0.0010505110258236527,0.0012551899999380112,-0.0003749576862901449,0.0002754420565906912,0.0009024635655805469,0.0011706650257110596,0.00054831214947626,0.001172946416772902,-6.909333478688495e-06,-0.0005437085055746138,0.0010299013229086995,-0.0003133126301690936,0.0008523651049472392,-0.00015351371257565916,-0.0002383560495218262,-1.684908966126386e-05,0.0007856943411752582,0.00021878702682442963,-0.0001902190560940653,3.592098437366076e-05,-0.0002586630580481142,-0.0006285966956056654,0.0005295156151987612,-0.0009318127413280308,0.0010388430673629045,-0.00017612622468732297,0.000665346160531044,1.126877214119304e-05,-0.000997816794551909,-0.0004193147469777614,-0.0005908652092330158,-4.8823982069734484e-05,0.0008789399289526045
dose16k_A_s1,00091.png,-0.0009704376570880413,-0.0006686667911708355,-0.000498387438710779,0.0012095810379832983,-0.0005388939171098173,-0.0006803142605349422,-0.002097895136103034,0.0012106195790693164,0.0024294101167470217,0.0006655258475802839,0.00011926242586923763,-0.0004685291205532849,-0.0005660580354742706,-0.0001270695065613836,0.0005865878774784505,-0.00019241662812419236,-0.00171042256988585,-0.0018317510839551687,2.1783493139082566e-05,0.0008693590643815696,0.00033600631286390126,-0.0004091756709385663,0.0009363169665448368,-0.0014926291769370437,-9.407800098415464e-05,0.0005773409502580762,-0.000241612913669087,0.0016167573630809784,0.0006552505074068904,-0.002143806777894497,-0.00011960854317294434,-0.0007456309394910932,-0.000578864011913538,-0.0010014420840889215,0.0009557915036566556
dose16k_A_s1,00092.png,-0.0006753885536454618,-0.0009524989873170853,-0.0006496110581792891,-0.002245366107672453,-0.0003944898780900985,-0.0005971036734990776,0.001239683828316629,8.38831183500588e-05,-9.7872361948248e-05,-7.01751559972763e-05,-0.0006058997823856771,0.0007061070646159351,-0.001101004658266902,-0.0013025365769863129,0.00158433779142797,-0.0010902632493525743,0.00026328713283874094,0.00037682632682844996,-0.00030713362502865493,-0.00016966780822258443,0.0011691102990880609,0.0009944980265572667,0.0001260995486518368,-0.0013493304140865803,-0.0003795487864408642,-0.00010280575952492654,-0.0007244772859849036,-0.00022446575167123228,-0.0006822075811214745,-7.641891897947062e-06,-0.0020437256898730993,-0.000493446656037122,-0.0011616423726081848,0.0017276944126933813,-0.0005081591079942882
dose16k_A_s1,00093.png,7.911203283583745e-05,0.001196717144921422,-0.0005374850588850677,0.002471382962539792,0.0006782651762478054,2.220950773335062e-05,0.0005293135764077306,7.672653737245128e-05,0.0006518849404528737,-0.0012582235503941774,0.0009227969567291439,0.0007037060568109155,0.00040255169733427465,-0.0002172780514229089,6.0539128753589466e-05,0.00026516360230743885,-4.397617158247158e-05,0.0007004797225818038,0.0008486708393320441,0.0004675481468439102,-0.0011013216571882367,1.7937383745447733e-05,-0.00012272385356482118,0.0005556311807595193,0.0024301910307258368,0.0010207287268713117,-0.00043831963557749987,0.0012547579826787114,-0.0006429719505831599,-0.00013651141489390284,-0.0010785621125251055,-6.0194408433744684e-05,-0.0017904548440128565,0.00179327093064785,-0.0010674908990040421
dose16k_A_s1,00094.png,-5.1656072173500434e-05,-1.1900910976692103e-05,-0.00018376285152044147,0.002572282450273633,0.0017046345164999366,-2.6876037736656144e-05,0.0008990195929072797,0.001182248117402196,-0.0003411636280361563,0.0002467557496856898,0.0005456575891003013,-0.0002675709256436676,0.00032089586602523923,-0.00039657397428527474,0.0010180178796872497,0.0016436076257377863,-0.0013788498472422361,-0.001853346824645996,-0.0006133397691883147,0.0004162317200098187,0.0020724129863083363,0.0015303437830880284,-5.643227632390335e-05,2.4714636310818605e-05,-9.94567817542702e-05,-0.0007540585938841105,-2.3812059225747362e-05,-0.0003900628653354943,0.00032153583015315235,-0.001294212182983756,-0.0003832763759419322,-0.0006028052303008735,0.0001002635617624037,0.0009683248936198652,-0.0005475356592796743
dose16k_A_s1,00095.png,0.0010582302929833531,0.0007550480659119785,0.0005376004264689982,-0.0006168909603729844,-0.0008990778587758541,-0.0012185208033770323,0.0010959290666505694,-0.0005209816736169159,0.0007309272768907249,0.0008098789840005338,0.000304325862089172,-0.0009027434862218797,-0.001173372264020145,0.0007645129226148129,-0.001377867185510695,-0.0016800315352156758,0.00014982864377088845,-0.0004913467564620078,-0.0021408777683973312,0.0007308539352379739,-0.0014122173888608813,4.099948637303896e-05,0.0011538270628079772,1.2287327990634367e-05,-0.0012532967375591397,-0.0009742685360834002,0.0018121299799531698,-0.0005186316557228565,-0.0006620677304454148,-0.0015581144252792,0.0020433077588677406,-0.0002045735454885289,0.001351477811113,0.00013181411486584693,-0.0007151495083235204
dose16k_A_s1,00100.png,-0.00071394705446437,-0.0008745246450416744,0.00019982759840786457,0.0009581164922565222,0.0006560553447343409,-0.0023240854497998953,0.0005126446485519409,0.0007596345967613161,-0.0003625296230893582,0.0006924240151420236,9.064801997737959e-05,0.000879494531545788,-0.0006398155237548053,-0.0010443937499076128,0.001758854603394866,0.0009654252207837999,9.872121154330671e-05,5.187378337723203e-05,-0.0003544224309735,-0.0006531270337291062,2.019397925323574e-06,-0.0004953033057972789,0.0037507498636841774,-0.0013807861832901835,-0.00012793618952855468,-0.00027288193814456463,0.0003922321484424174,-0.00023834880266804248,-0.0012420753482729197,0.0005901415133848786,0.0002437304938212037,-0.0006005970062687993,-0.001211365219205618,0.0017487261211499572,-0.0006286093266680837
dose16k_A_s1,00101.png,0.0014801238430663943,0.00024069771461654454,0.0020835925824940205,0.0003675088519230485,0.0019240948604419827,0.0005494222277775407,-0.0007999010267667472,-0.000940891623031348,-0.0008815787150524557,7.429387915180996e-05,0.0006577369058504701,0.0005105227464810014,0.0008336951723322272,0.0006065989146009088,-0.0005008583539165556,0.0007342129829339683,0.0004888717085123062,0.0013920847559347749,-0.0010873143328353763,-8.450179302599281e-05,0.000542854773811996,-0.0004192054911982268,-0.0006718787481077015,0.0008846748387441039,-0.0015581194311380386,0.0014831655425950885,0.0014910417376086116,0.0009635635069571435,3.297047078376636e-05,0.0007226256420835853,-0.0018452508375048637,0.00017395168833900243,0.001015529502183199,0.0014099172549322248,-0.0012309394078329206
dose16k_A_s1,00102.png,0.001052522100508213,0.0009717580396682024,-0.00017227786884177476,-0.0018682691734284163,0.0007388549856841564,0.0006497363210655749,0.0005870883469469845,-0.0004971346934325993,5.275438888929784e-05,0.0006068503716960549,0.0014135520905256271,8.764353697188199e-05,0.0013942299410700798,0.0011991973733529449,0.0006640244973823428,-0.001211523893289268,-0.00012093000987078995,-0.001056724926456809,-0.0006454482208937407,0.00034423937904648483,-0.0011943676508963108,-0.0003772380296140909,0.0006631237920373678,0.00013328727800399065,0.0001725536276353523,0.0005616758135147393,-0.0008420987287536263,-0.000908382295165211,-0.0004978952929377556,0.0009938811417669058,-0.0014198077842593193,-0.0005214986740611494,-7.363956683548167e-05,0.0014952238416299224,-0.0009835524251684546
dose16k_A_s1,00103.png,0.0006333949859254062,-0.00036994548281654716,-0.0002811014710459858,0.001035146415233612,-0.0002567741903476417,-0.0007690898492000997,-0.0005513798678293824,-0.0006404324667528272,-0.0009269280126318336,-8.381523002753966e-06,-0.0014855280751362443,0.0008409612346440554,0.00014793947048019618,-0.001965126721188426,-9.72488196566701e-05,0.00010080695938086137,-0.00047570723108947277,-0.0018370827892795205,-0.0007422183989547193,0.0018622477073222399,-0.0009059474687092006,0.0004515715118031949,-0.00029541243566200137,-0.00014857942005619407,-0.0001903839729493484,0.00032983513665385544,-0.0014974747318774462,-0.0010551359737291932,-9.121924449573271e-06,-0.001364864525385201,-0.0004027860122732818,0.00027739981305785477,0.00025022553745657206,0.0005502109997905791,-0.00021169766841921955
dose16k_A_s1,00096.png,-0.0004568754811771214,0.0009562639170326293,-0.0011403919197618961,0.0001547089486848563,0.0008903241832740605,4.926925976178609e-05,0.0009685314144007862,0.0008160935831256211,0.0015030711656436324,-0.00011020681995432824,-0.0007520838407799602,-9.220861102221534e-05,0.0010083970846608281,0.0010851082624867558,-0.0002761132491286844,-0.00014810218999627978,0.0007230339106172323,0.0011618731077760458,-0.0003281220851931721,-0.0009249567519873381,0.0007501160143874586,0.00048236726433970034,0.0004290049837436527,0.00010207197919953614,-0.0008509087492711842,0.00028837911668233573,0.0007636178634129465,-8.118618279695511e-05,0.00039943668525666,0.0011949049076065421,-0.000231341109611094,0.0006035231053829193,-0.0017488569719716907,0.0003545284562278539,0.0011572149815037847
dose16k_A_s1,00097.png,-0.0005048351013101637,-0.0007175583741627634,-0.000597513688262552,0.003100935835391283,0.0003623080556280911,-0.00016713436343707144,-0.0003949576639570296,-0.00011219054431421682,0.0005450546159408987,-0.0006542145274579525,-0.0007639972027391195,-5.192585012991913e-05,0.0003456107515376061,0.0006651027943007648,-0.001261007389985025,-0.00019402023463044316,0.0017421754309907556,-0.0008446055580861866,0.0008775569731369615,0.0011890396708622575,-0.0014571138890460134,-0.0005992389051243663,0.0007816861034370959,0.00032132689375430346,0.0013028449611738324,0.0015729516744613647,-0.0008278781897388399,-0.000289235234959051,0.0005835836054757237,0.000552414043340832,-0.0008637935970909894,-0.00024217963800765574,0.001747949281707406,0.001313809771090746,-0.00012300454545766115
dose16k_A_s1,00098.png,-0.001239919918589294,-0.00020966201554983854,-0.0004965742118656635,-0.0009324504062533379,7.618484232807532e-05,-0.0015588835813105106,0.0003795997763518244,-0.0011914685601368546,0.000777082284912467,0.0011874863412231207,-0.0009478870779275894,-0.000614111078903079,7.581034151371568e-05,0.0014316481538116932,-0.0009567644447088242,0.0005302869249135256,0.00024269965069834143,-0.00033129326766356826,0.000580730615183711,-1.6095551472972147e-05,-2.1362950064940378e-05,-0.001768977614119649,0.0009289185400120914,-5.325216625351459e-05,-0.0017774036386981606,-0.0010216757655143738,0.0004741477023344487,-0.00012084239278919995,0.0002678841119632125,-8.906773473427165e-06,-0.001710618264041841,0.0002771455328911543,0.0009596225572749972,0.0006750239990651608,-0.0008619269938208163
dose16k_A_s1,00099.png,0.0010090179275721312,0.002088228240609169,-9.156071610050276e-05,0.001859474228695035,-0.0010797014692798257,-0.0011043691774830222,5.0232021749252453e-05,-0.0007878490723669529,-0.0007636325899511576,-0.00025134862517006695,0.0008392927702516317,0.000988864921964705,-0.0012613717699423432,0.00026587999309413135,-0.00017893878975883126,0.0007808574591763318,8.882944530341774e-05,-0.002218896057456732,0.0019102339865639806,-0.00010460688645252958,-0.000527311465702951,-0.0007553180912509561,-0.0006342866108752787,0.00029510693275369704,-0.00030049728229641914,-0.0013568330323323607,-0.00035353467683307827,0.0006843979936093092,-0.0001551176537759602,0.00043724215356633067,-0.0005057783564552665,0.0009050624794326723,-0.0006702679675072432,0.001539766788482666,0.0009623185615055263
dose16k_A_s1,00104.png,-0.0022409383673220873,6.945815403014421e-05,-0.0006749652675352991,-0.0003403232549317181,0.00016774845425970852,-0.00047706265468150377,-0.0006862415466457605,-0.0005831914022564888,0.00018606528465170413,0.0012115577701479197,0.0007651004125364125,0.0016224957071244717,-0.0016694366931915283,0.00018696652841754258,-0.0018532226094976068,0.0007395401480607688,-0.0009628211264498532,0.00015137485752347857,0.00020144916197750717,-0.002266785828396678,0.0014613271923735738,0.00021113223920110613,-0.00022834753326606005,-0.0010538909118622541,-0.0019315613899379969,0.0021019638516008854,0.0012440411373972893,-0.0008261915063485503,0.0008157194824889302,0.0019257994135841727,-0.0004044740635436028,0.0015947656938806176,-0.0003102520713582635,0.0007883053622208536,0.003116433508694172
dose16k_A_s1,00105.png,-0.0001690229692030698,-0.0002812675666064024,0.0004151043249294162,0.0026268181391060352,0.0016171608585864305,-0.0005342186195775867,-0.00038127342122606933,-0.0019734003581106663,-0.00021971220849081874,-0.0002719813783187419,8.492893539369106e-05,0.0021497278939932585,-0.0008957170648500323,0.001222834805957973,-0.0006469689542427659,-0.00020135821250732988,0.0012863712618127465,0.0005232093390077353,0.0013476648600772023,4.966505366610363e-05,0.00020730479445774108,-0.000372370210243389,-0.00042094732634723186,-0.00069139659171924,0.0004296492552384734,0.00022156999330036342,-0.000869242416229099,-0.00027872188366018236,-0.00010218826355412602,0.00016776561096776277,0.0001836886804085225,-0.0007775927078910172,0.0003934103006031364,-0.0020899323280900717,-4.378145968075842e-05
dose16k_A_s1,00106.png,0.0002608165086712688,-0.0004833521961700171,-0.0008156804833561182,0.0008505854639224708,0.000984105048701167,0.00015627902757842094,0.0007437713793478906,-0.001625778735615313,-0.00078793108696118,0.0011874294141307473,-0.0010228661121800542,-0.0014075005892664194,-5.470446194522083e-05,-3.777589154196903e-05,0.0008769670967012644,-0.0005638411967083812,-0.0003479036968201399,-0.0004547005519270897,0.000545022077858448,-0.00028081436175853014,0.0005860091769136488,0.0006954539567232132,-0.00029074042686261237,-0.000994069967418909,-0.00041757855797186494,0.00039401344838552177,-4.252673898008652e-05,0.00034367357147857547,-0.0001388851524097845,0.0007169436430558562,-6.184692756505683e-05,-0.0005033167544752359,0.00119023269508034,-0.0007377889705821872,0.0015394657384604216
dose16k_A_s1,00107.png,0.000842894718516618,0.0018546173814684153,0.0004778165020979941,0.0012711386661976576,0.0006948090740479529,-0.0003515643475111574,0.0006459762225858867,0.001288631814531982,-0.0003994889557361603,-0.0009833149379119277,0.0008777902694419026,0.0010771102970466018,0.0006602181820198894,-0.0005691071273759007,0.00016856362344697118,0.0017167601035907865,0.0006739811506122351,0.0009227236732840538,-0.000959505676291883,5.6108099670382217e-05,0.0002719576295930892,-0.000360459613148123,-0.0008933226345106959,-0.00018318966613151133,-0.0007296459516510367,0.0009095686837099493,-0.00015236721083056182,-0.001062373979948461,-0.0001957904314622283,0.00018727208953350782,-0.0008494393550790846,0.0015876167453825474,0.0003101218317169696,0.0020411137957125902,-0.0012452361406758428
dose16k_A_s1,00108.png,-0.00047028716653585434,-0.00059431855333969,-0.00023596829851157963,0.00202534650452435,0.001510484842583537,0.0006843353039585054,0.00015538428851868957,-0.0022654763888567686,0.0002800942165777087,8.311896090162918e-05,0.0007846919470466673,0.0002584800822660327,7.83478026278317e-05,-0.0016780630685389042,-0.0003449773648753762,-0.0009116718429140747,0.0015651036519557238,-0.0001447471440769732,0.0001038911213981919,0.0004439141193870455,-0.0012846606550738215,-0.0001595927751623094,-9.204064554069191e-05,-0.0001525280240457505,0.0010515536414459348,-0.0006437869160436094,-0.000358413701178506,-2.8273878342588432e-05,0.00046030350495129824,-0.0018503594910725951,0.0002667765656951815,-0.0014738405589014292,-0.001216390635818243,9.166668314719573e-05,0.0015159902395680547
dose16k_A_s1,00109.png,-0.00039349886355921626,-0.0008610277436673641,0.00044507128768600523,0.0006583284703083336,0.0003629761340562254,0.0006848630146123469,0.000775907828938216,0.0013388913357630372,-0.0005637718713842332,-0.0015943781472742558,0.00015261437511071563,-2.9351180273806676e-05,-0.000681063043884933,0.002047053538262844,0.0018118128646165133,-7.60257025831379e-05,0.000843262649141252,-0.00038949554436840117,-0.00041453234734945,-0.0005369203281588852,0.0002744279336184263,-9.935037815012038e-05,-0.0008896725485101342,0.0002144836907973513,0.000329928268911317,-0.0005107339820824564,-0.0008741790661588311,0.0006735840579494834,-0.0011786804534494877,0.0009310690802522004,8.83852771949023e-05,-0.000176148401806131,-0.0002060970145976171,0.0006109154201112688,0.0010605668649077415
dose16k_A_s1,00110.png,-0.00020751911506522447,0.00043276595533825457,0.000634175434242934,0.0013095330214127898,0.0003821705176960677,-0.0006086105713620782,0.0002805399417411536,0.0011588569032028317,0.0017097743693739176,-0.0002162871096516028,0.00024438294349238276,0.0014704290078952909,0.000398216798203066,-0.0003464104374870658,0.0013124535325914621,-0.0014899070374667645,0.001013797358609736,0.0011849848087877035,-0.00020415008475538343,-0.0004996947827748954,-0.0016583986580371857,-0.0016345313051715493,0.0012610789854079485,-6.0820821090601385e-05,0.00034863140899688005,0.0005855857743881643,0.00021481334988493472,0.00036267662653699517,0.00047966151032596827,-0.00070174754364416,0.00048238204908557236,-0.00018368808377999812,-0.0005079888505861163,0.0010232724016532302,-0.0015644602244719863
dose16k_A_s1,00111.png,-0.0001954785839188844,-0.00057029421441257,0.0006751300534233451,0.0010370832169428468,-0.0003297582152299583,0.0007202444830909371,0.0013739106943830848,0.00018604447541292757,-0.0011980158742517233,-0.0008363197557628155,-8.168534259311855e-05,-0.0014026262797415257,-9.598705219104886e-05,0.000869514187797904,0.0003971885016653687,0.0001445608213543892,-0.0014805833343416452,5.942853931628633e-06,-9.76153532974422e-05,0.0009289670852012932,-8.635332960693631e-06,0.00014890921011101454,0.0012411159696057439,-0.0007158801308833063,0.00045763113303110003,0.0014994461089372635,0.00034022590261884034,-0.0006330341566354036,-0.00018940477457363158,0.0013074545422568917,-0.000195542088476941,-0.0016019222093746066,-8.66774280439131e-05,-5.626502388622612e-05,0.00026087937294505537
dose16k_A_s1,00112.png,0.0009317251387983561,0.001095790066756308,0.00015280890511348844,0.0022390438243746758,0.00042833262705244124,-0.0008564007002860308,-0.0009969446109607816,-6.271202437346801e-05,0.0007816986762918532,0.00048314209561794996,0.00018829089822247624,0.00025359366554766893,0.0001104196417145431,0.001125913462601602,0.00024114911502692848,-0.0011343993246555328,-0.001118465675972402,-0.0008415526826865971,0.0006070836680009961,-0.0014811528380960226,-0.00020562915597110987,-0.001570152584463358,-5.513503492693417e-05,0.0013569259317591786,0.0007746378541924059,-0.0009130063699558377,-0.0015459804562851787,0.0009369977633468807,0.0005669688689522445,0.0002541088324505836,0.0008717175805941224,-0.0008953521610237658,0.0009403121657669544,0.0016594812041148543,-4.304506001062691e-05
dose16k_A_s1,00113.png,0.0005737989558838308,-0.0002016485814237967,0.001116118743084371,-0.0011579481652006507,-0.0015537128783762455,0.0014878956135362387,-0.0011682652402669191,-0.0008135231328196824,0.00011425489356042817,0.0019204996060580015,-0.0005602523451671004,-0.0016232628840953112,0.00013428408419713378,0.0010884185321629047,0.0003842702426481992,0.00014125401503406465,-0.0017777469474822283,6.482187745859846e-05,0.0005618621362373233,5.238858284428716e-05,-0.0014706664951518178,-0.0013292522635310888,-0.00018694951722864062,0.00036614720011129975,-0.0008195936679840088,6.667382695013657e-05,-0.0005056819645687938,-0.0002772738807834685,0.0005911546759307384,-0.0005732460995204747,-0.001968352124094963,0.00011135367094539106,-0.0009920545853674412,-0.00036436153459362686,-0.00017028083675540984
dose16k_A_s1,00114.png,-0.0005075447843410075,-1.5286477719200775e-05,0.0013238011160865426,0.001980328233912587,0.00040455430280417204,0.00040727228042669594,0.0004931501462124288,0.0007085667457431555,-0.0005676692817360163,-4.132871254114434e-05,-0.0013215583749115467,0.001135018072091043,-0.00028846613713540137,-0.000734797096811235,-9.527360089123249e-05,0.00044987513683736324,-0.0008558880654163659,0.0015877268742769957,-0.0017320646438747644,-0.0005642836913466454,-0.0015348459128290415,6.955639946681913e-06,0.0006715153576806188,-0.0011741499183699489,-0.0007792123942635953,0.0011975927045568824,0.00023971791961230338,-0.0015075994888320565,0.001334654283709824,0.0007322264718823135,0.00011281936167506501,-0.00023807775869499892,-0.0001710908836685121,-0.0011479378445073962,-0.0010000162292271852
dose16k_A_s1,00115.png,0.0013616796350106597,0.002022271044552326,0.000754808890633285,0.00039074625237844884,-0.0012353819329291582,-0.0012051339726895094,-3.0691811844008043e-05,0.0017343591898679733,0.000534798251464963,0.0010082557564601302,0.0014597330009564757,0.00015534009435214102,-0.0013970298459753394,0.0012298335786908865,0.0005245803040452302,0.00019271834753453732,-0.00019995438924524933,0.0004898807965219021,-0.00019622899708338082,0.0002446292492095381,-0.0006316495127975941,-0.00076855014776811,-0.0001354699197690934,-0.0008419184596277773,-0.0012044721515849233,-0.00022978041670285165,-0.0007489659474231303,-0.0011365001555532217,-0.0008512097410857677,-0.0006378683028742671,-0.0006692053284496069,-0.0004864858346991241,-0.0009339526877738535,0.0006124046631157398,-0.00023040027008391917
dose16k_A_s1,00116.png,0.00016202453116420656,0.0005641437019221485,-0.0012635879684239626,0.0018259907374158502,-0.0021545463241636753,0.0010630356846377254,-0.000418129755416885,0.0008767343824729323,-0.0004317142302170396,-0.0005185865447856486,0.00019195607455912977,-0.0004001077904831618,-0.0002243556664325297,-0.0012830391060560942,-0.00024389458121731877,0.0012113862903788686,2.7312849852023646e-05,0.0003279255179222673,-0.001599739189259708,0.0007275465177372098,0.0011816052719950676,0.0018091443926095963,-0.00014184246538206935,-0.0003366526507306844,-0.0013008562382310629,-0.0010930995922535658,-5.256715667201206e-05,-0.00045163894537836313,-0.0016384751070290804,-0.0014426771085709333,-0.0027942133601754904,-0.0003444721514824778,-0.0013100147480145097,-0.00056533666793257,0.0008386840927414596
dose16k_A_s1,00117.png,-0.0016717904945835471,-0.0009038922726176679,-0.0012163132196292281,-0.001976480009034276,0.0021326690912246704,-0.00020717535517178476,0.00014962820569053292,-0.0003342836571391672,-0.0005056967493146658,0.0016626425785943866,-0.000678099284414202,0.00032819592161104083,-0.0005906498990952969,-0.00015918179997242987,0.000881942396517843,0.0008503556018695235,-0.000273551675491035,0.0006508839433081448,-7.083708624122664e-05,-0.0007742009474895895,0.0007158913649618626,-0.00014841125812381506,0.0008090748451650143,-0.0006500012241303921,-0.0006651489529758692,-0.0013670931803062558,0.00036022666608914733,-0.0003743337874766439,0.0014194484101608396,0.0006200470379553735,-0.0008748829131945968,0.0003226558037567884,5.925213554291986e-05,-0.0006860936409793794,-0.0011409774888306856
dose16k_A_s1,00118.png,-0.0017313947901129723,-0.0005900462274439633,0.0010359276784583926,0.0005152591038495302,-0.0009921224555000663,-0.0008275021682493389,0.0011607244377955794,0.000823812501039356,0.0002645614149514586,0.0016311754006892443,-0.00034663680708035827,-0.0010229692561551929,-0.0008599970024079084,-0.001275831600651145,0.00020893197506666183,-9.63841812335886e-05,8.279329790639167e-07,-0.0010976827470585704,-0.0013064179802313447,-0.0001989261363632977,0.00013388885417953134,-0.0005447408184409142,-0.0006410870118997991,0.0001358241424895823,0.0012518726289272308,0.0013339562574401498,-0.00303614791482687,0.00036905804881826043,0.00025702599668875337,4.770436498802155e-05,-0.0017620654543861747,0.00034069636603817344,-0.0005815410404466093,-0.000595664547290653,-0.0010339351138100028
dose16k_A_s1,00119.png,0.0009754893835633993,0.001141026266850531,-0.0015082777244970202,0.002789719495922327,0.0018356505315750837,9.514007979305461e-05,0.0011870553717017174,-0.001156472135335207,-0.0008546242024749517,-0.0006229027057997882,0.0012622731737792492,0.0015313628828153014,-0.00032175835804082453,-0.0007328119245357811,-0.00020529479661490768,0.0009238064521923661,0.0001011299536912702,-0.0005726772360503674,-0.00048547505866736174,-0.00015211498248390853,-0.0004775390843860805,0.0009704592521302402,-0.0034092189744114876,-0.0017388771520927548,0.0008349627605639398,0.00034764918382279575,-0.00032405066303908825,0.0003653187886811793,-0.0013272528303787112,0.0005815342301502824,0.0013512197183445096,-0.0006227775011211634,-5.100884663988836e-05,-0.000797070621047169,0.0021336395293474197
dose16k_A_s1,00120.png,-8.385484397877008e-05,-0.00019647867884486914,0.0005688256351277232,0.0011516078375279903,0.001568224048241973,0.0010447241365909576,0.001282047014683485,0.0009353657951578498,0.0009977807058021426,-0.0010096377227455378,0.0003465474583208561,0.0008517892565578222,-0.0011117897229269147,-0.0019762523006647825,0.00026322476333007216,-6.211948493728414e-05,0.0011591683141887188,0.0003210944414604455,-0.0001866984966909513,-0.00020181220315862447,0.0005728578544221818,-0.0011788408737629652,0.0010216085938736796,0.0005894529167562723,-3.646846380433999e-05,-0.0006828401819802821,-0.0008788794511929154,-0.0015974441776052117,0.0008739751647226512,0.0006630542338825762,7.688554615015164e-05,-0.0004919463535770774,0.00011868828005390242,0.0007827088120393455,-0.0005340892821550369
dose16k_A_s1,00121.png,-0.0004922442603856325,-0.0005915903602726758,-6.368935282807797e-05,0.0003283022961113602,0.0016613241750746965,9.700426016934216e-05,3.0140419767121784e-05,-0.0006398778059519827,0.0005939248367212713,-0.0006082659820094705,0.0010300251888111234,0.0008706190274097025,-0.0007231732597574592,-0.0010318508138880134,0.0009743878617882729,0.00023083573614712805,-0.0006518347072415054,-0.00035607381141744554,-0.0010853537824004889,-0.0014538427349179983,2.4740789740462787e-05,9.250808943761513e-05,-0.00025284153525717556,0.0004065025714226067,0.00018611700215842575,0.0007998291403055191,-0.0010755534749478102,0.0010060310596600175,-0.00017195784312207252,0.0008594347746111453,-0.0009230157593265176,-0.001179317943751812,0.0004588758747559041,-0.0004591797769535333,0.0005898780655115843
dose16k_A_s1,00122.png,8.855180931277573e-05,-0.0003009831707458943,0.0008153614471666515,0.000628538487944752,0.0003882399178110063,-0.0003948273661080748,0.00016425296780653298,-0.0005512105417437851,-0.0005458800587803125,0.0011357576586306095,-0.0006105852080509067,0.0009872883092612028,0.0010172997135668993,0.000638447527308017,-0.0004254131345078349,0.0011588557390496135,-0.001991317607462406,-0.00024177672457881272,-0.000836403458379209,0.0007918541668914258,-0.0011326913954690099,-0.0007644630968570709,-0.0016910030972212553,-0.00012153253192082047,0.001087829703465104,0.0006945006316527724,0.0010999181540682912,-0.0014240075834095478,0.0013688337057828903,0.0025797905400395393,0.0004193240310996771,0.0007881946512497962,-1.3743895578954834e-05,0.0005186730995774269,-0.0003460940206423402
dose16k_A_s1,00123.png,0.0003346180892549455,0.0009562260820530355,-0.0002737292379606515,-0.00015819883265066892,0.0026786194648593664,0.0005696364096365869,-0.0026176657993346453,0.0008230937528423965,0.0011401418596506119,0.001338784582912922,-0.00014625971380155534,0.002337359357625246,0.0002851866011042148,0.00034962932113558054,-0.0015116987051442266,-0.001058464404195547,-0.0009675519540905952,0.0002491579216439277,-0.0016673064092174172,7.670358172617853e-05,-2.2758185878046788e-05,-5.5110609537223354e-05,0.0017817328916862607,0.00047860530321486294,-0.0006699945079162717,0.0004033553705085069,-0.00020588528423104435,0.0005902164266444743,-0.001076565240509808,0.0005047626909799874,0.0011493740603327751,0.0011179246939718723,-0.0016251610359176993,0.0005933446227572858,-0.0009356489754281938
dose16k_A_s1,00124.png,0.0014070356264710426,0.002335704630240798,-0.0004832530103158206,-0.00029275647830218077,0.000473195337690413,0.000597558100707829,0.0023075409699231386,0.0012708907015621662,0.0014888558071106672,-0.00125856080558151,0.001656579552218318,-0.0009407085599377751,-9.41520047490485e-05,-0.0008520355331711471,-0.0008420111262239516,0.0004314455727580935,-0.000809126126114279,0.0007822550251148641,0.0009034779504872859,-0.00034838163992390037,-0.0001794092677300796,0.0011236032005399466,-0.0009014688548631966,0.002323223976418376,0.0007667764439247549,0.0017649942310526967,0.0002751495921984315,-0.002344337524846196,-0.0011774235172197223,0.00036488749901764095,-0.0008878606022335589,0.00026202830485999584,0.00024386035511270165,-9.595164738129824e-05,0.00023449193395208567
dose16k_A_s1,00125.png,0.00016490185225848109,0.0013452606508508325,0.00015227652329485863,-0.0015331361209973693,-0.0006738847005181015,0.001870238222181797,-0.0003182734362781048,0.0010766176274046302,-0.00095346849411726,-8.487636478093918e-06,7.628042658325285e-05,6.398747063940391e-05,0.0007750785443931818,0.000486889824969694,-0.0003313515044283122,-0.0007224196451716125,-0.0005713260034099221,0.00017635429685469717,0.001364429946988821,0.0005622638273052871,4.8373782192356884e-05,0.0006257639033719897,0.00023719655291642994,-0.0002145626349374652,-3.469677176326513e-05,0.000422768818680197,0.00013114250032231212,-0.000761898816563189,0.00040705979336053133,0.0010654410580173135,-0.0004915883182547987,0.000523882161360234,0.00026315043214708567,0.0003421445144340396,-0.0009547081426717341
dose16k_A_s1,00126.png,-0.0004882854409515858,-0.0008027086150832474,0.0016765609616413713,-0.0007047987310215831,-0.0020394115708768368,-0.0019622957333922386,-0.0008150694775395095,-0.0005525693413801491,-0.0005371798761188984,0.0014064981369301677,0.0006479345611296594,0.0004921460640616715,0.0008133852388709784,0.0005099368863739073,-0.0013099105563014746,-0.0005896439542993903,-0.000228508681175299,-0.00047083350364118814,0.0011968521866947412,-0.00023720423632767051,6.381452840287238e-05,-0.0007635557558387518,0.00042854915955103934,0.0007111181621439755,0.0005554370582103729,0.000666893320158124,-0.0003458796418271959,-0.0001591212349012494,-8.381164661841467e-05,-0.00012432011135388166,0.0008983883890323341,0.0006647182744927704,-0.00048135232646018267,-0.0008153712842613459,0.0019283359870314598
dose16k_A_s1,00127.png,0.0012126144720241427,4.670333146350458e-05,0.0006085361819714308,-0.00012721131497528404,-0.0012846249155700207,0.00010669093171600252,-0.0005518950056284666,-0.001086233532987535,-0.0002302877401234582,0.0001876239839475602,0.00011771514255087823,0.000902703613974154,-0.0013588032452389598,0.000893629970960319,-0.0017446269048377872,-0.002304687863215804,-0.0004814238054677844,0.001018394948914647,-0.0011371832806617022,-0.0007480283966287971,-0.0004426509258337319,-0.0008664912893436849,0.00026911753229796886,-0.0006179430056363344,-0.00011591479415073991,-7.696483953623101e-05,0.0019293855875730515,-0.0002536196552682668,-0.0006698073702864349,0.000818472180981189,0.0009161685011349618,6.592474528588355e-05,-0.0021099024452269077,8.292863640235737e-05,0.00017912032490130514
dose16k_A_s1,00136.png,-0.0007779888692311943,-0.00041636612149886787,0.0006548230885528028,0.0024372851476073265,0.00040063553024083376,0.00025833467952907085,-0.0007272782386280596,-0.0009088485967367887,0.00017244499758817255,-0.001621450879611075,0.0005020144744776189,0.0020482849795371294,0.0012741141254082322,-0.000559709791559726,-0.0005091468919999897,-0.0011568019399419427,-0.0013810214586555958,-0.0004887299728579819,0.0002560350112617016,0.0002628402435220778,0.0013042966602370143,-0.0016104616224765778,0.0006463263416662812,-0.00048090764903463423,-0.0007140456582419574,-0.00022020643518771976,-0.0003096253494732082,0.0006365619483403862,-0.000766018230933696,-0.0008274833671748638,-0.0007137736538425088,0.0007001056219451129,0.0004520318179856986,0.00010487668623682112,0.00020654345280490816
dose16k_A_s1,00137.png,-0.00035496364580467343,-0.0014088855823501945,-0.00010250348714180291,-0.0005502417334355414,-0.0013041755883023143,-0.00018126015493180603,-0.0003418362757656723,0.0008759008487686515,-0.0006687604472972453,-0.0005137611296959221,0.0009548657690174878,0.0022378258872777224,-0.0007749783108010888,-0.0004946114495396614,0.0005182293825782835,0.00034572009462863207,0.0007274906383827329,-0.000541337241884321,-9.740223322296515e-05,0.0007594272028654814,0.0006939152954146266,0.00018860012642107904,-0.0002699061296880245,8.859315857989714e-05,0.001172275166027248,-0.0008685102802701294,-7.912606815807521e-05,-0.0015780178364366293,-0.0019297460094094276,-4.323683970142156e-05,0.0011411235900595784,-0.0003511774120852351,-0.00029592757346108556,-0.0011286824010312557,0.0004910214338451624
dose16k_A_s1,00138.png,0.00014668217045255005,0.0007440322660841048,-0.00047935754992067814,-0.0028468267992138863,-0.00012837638496421278,-5.57502280571498e-05,0.00037031149258837104,-0.000668670516461134,0.00028495577862486243,0.0003836534160654992,4.3279989768052474e-05,0.0003841496363747865,-0.0007116137421689928,-0.00010278535046381876,-0.00021942089369986206,-0.0003596574242692441,-0.0012403118889778852,0.00038516958011314273,-0.0001657794346101582,-0.0010071189608424902,0.0003151114797219634,-0.0016626936849206686,0.0009157945751212537,0.0004884074442088604,-0.001095161191187799,0.0005286455852910876,-0.00039288317202590406,-0.0009639209019951522,-6.051065429346636e-05,-0.0003759269311558455,-0.001968292286619544,-0.0018903417512774467,-0.000992784509435296,0.0007534790202043951,-1.6256182789220475e-05
dose16k_A_s1,00139.png,0.0008596951956860721,0.0007735222461633384,0.0008534243679605424,-0.000635286036413163,0.0002736968162935227,-0.0004786346689797938,-0.00018635693413671106,-0.00014588031626772135,0.0015373154310509562,0.0015013649826869369,0.002118920674547553,-0.002429074374958873,-0.0006918644648976624,0.00020185492758173496,-0.0003591051499824971,0.0006206434918567538,-0.0005216109566390514,-0.000144471152452752,-0.0008624918991699815,0.0008746935636736453,-0.0008816562476567924,-0.0005196419660933316,0.0007045242819003761,0.00017557755927555263,1.9768645870499313e-05,0.001281863427720964,0.0011996648972854018,-0.001115630380809307,-0.0013208838645368814,0.002251115394756198,-0.0003421861620154232,0.0012526381760835648,0.0003909427032340318,0.0011383689707145095,0.0004835001891478896
dose16k_A_s1,00132.png,0.00025362404994666576,0.0005089033511467278,-0.0014993614749982953,-0.0024954178370535374,-0.0011424291878938675,3.4736185625661165e-05,-0.0012499793665483594,-0.0003763086278922856,9.98910327325575e-05,-0.00018510621157474816,-7.669117621844634e-05,-0.0017313018906861544,-0.0009858546545729041,0.00013674989168066531,0.00022229069145396352,0.00120722153224051,0.0003285740385763347,-1.3792983736493625e-05,0.0011618140852078795,-0.0003118853783234954,-0.0006885198527015746,0.0010246189776808023,-0.0008677602163515985,-0.0005214997217990458,-0.00048025266733020544,-0.0002456853399053216,-0.00031086630770005286,-0.0008913611527532339,-0.00027717131888493896,0.0018090064404532313,-0.0009882706217467785,-0.0010541785741224885,-0.0004893611185252666,-0.0013754898682236671,0.0005248892121016979
dose16k_A_s1,00133.png,0.0007215994410216808,0.0007995698251761496,-0.0009185112430714071,-0.0008052638149820268,2.6013389287982136e-05,-0.0003408773918636143,0.00027850124752148986,-5.9621306718327105e-05,-0.0003491863317321986,-0.001467243884690106,-1.659845838730689e-05,0.0009721126407384872,-0.0006939908489584923,0.0010000637266784906,0.0006184265948832035,0.0009222980588674545,-0.0006296485662460327,0.00031140432110987604,0.00030962610617280006,0.0023657241836190224,0.001170358620584011,-0.0005240056780166924,0.001408573822118342,-0.001070096273906529,-0.0006239946815185249,-0.00018966617062687874,0.0007518453057855368,0.00011483454727567732,0.0013920710189267993,-0.0004258197732269764,0.0007151468889787793,0.000256814033491537,0.0011479133972898126,-0.0002862919063773006,0.0007861662888899446
dose16k_A_s1,00134.png,-0.0023069761227816343,-0.002678898861631751,0.0010867542587220669,0.00015295374032575637,-0.0007042724173516035,-0.000925506348721683,0.0005325368256308138,-1.095071820600424e-05,0.0005406377022154629,-0.0007171453908085823,-0.0006443114834837615,0.0018135379068553448,0.001041663228534162,-0.0007280745776370168,0.0003169367555528879,7.405338692478836e-05,0.00028050364926457405,0.0006138084572739899,0.0004123123944737017,-0.0008568514022044837,0.0011184806935489178,-0.0003378340043127537,0.0017647569766268134,4.5633707486558706e-05,0.001351838232949376,-0.0004067881382070482,0.00038397463504225016,7.289840868907049e-05,-0.0007120636873878539,-0.00017806260439101607,0.0013641436817124486,-0.001376685919240117,0.0004822896153200418,-0.0008828896679915488,0.0007651670021004975
dose16k_A_s1,00135.png,-0.0011742225615307689,0.0004040938219986856,-0.00018968158110510558,0.00010420857870485634,-8.17607287899591e-05,-2.6914517547993455e-06,0.0017250817036256194,0.0015936862910166383,0.0005178048741072416,-8.393549069296569e-05,-0.0006087853689678013,-0.0012580505572259426,0.00020172065705992281,-0.0013447804376482964,-0.0010973726166412234,-0.000696435512509197,-0.0005006233113817871,0.0006326447473838925,-0.001124702044762671,-0.0008348932024091482,-0.0006708350847475231,-0.0004703586164396256,0.002695874311029911,3.6992470995755866e-05,-0.000351763388607651,0.0003387946344446391,-0.0011434131301939487,0.001938006142154336,0.001351412502117455,-0.000611552270129323,-0.00016102682275231928,-0.0017028205329552293,0.0022242136765271425,0.000621862942352891,-0.00010018963075708598
dose16k_A_s1,00128.png,0.0005366361001506448,0.001230837544426322,-0.0016330794896930456,-0.0008050872711464763,-0.001868288149125874,0.0006037308485247195,0.0003150968987029046,0.0021968702785670757,-0.0008269165409728885,-0.00032465450931340456,-9.818124817684293e-05,0.0002974511298816651,-0.0012512017274275422,0.0011888302396982908,0.0011475378414615989,0.00214398349635303,-0.0005498048267327249,-0.0008590877405367792,-0.0001704056339804083,0.0002555179817136377,0.0008996276883408427,0.0005892072222195566,0.0002981605939567089,0.0008079320541583002,6.367405148921534e-06,0.0014515112852677703,-0.0006086334469728172,0.0016645246651023626,-0.0016842193435877562,0.0003396747342776507,-8.6398926214315e-05,0.0008899843669496477,-0.0012779186945408583,-0.0013206098228693008,0.0008190192747861147
dose16k_A_s1,00129.png,0.00016686998424120247,0.0012310203164815903,0.0008764923550188541,0.0006447253981605172,0.001565801678225398,-0.0001491886650910601,-0.00030501853325404227,0.0005703328060917556,0.000712490756995976,0.002080671489238739,0.0002448592858854681,0.001116919913329184,0.0015609157271683216,-0.000537222542334348,-0.0007408273522742093,-0.0006624385132454336,-0.0004067898844368756,0.000996139831840992,-0.0004182330740150064,2.6926350983558223e-05,0.0007257487159222364,-1.819943827285897e-05,-0.00026180027634836733,0.0001027733669616282,0.00021708194981329143,-0.000258561602095142,-0.001117402222007513,-0.0010395199060440063,0.0003421418368816376,0.0002781098010018468,0.0008854453335516155,-0.0009953464614227414,-0.0008841468952596188,0.00039774837205186486,0.0004991579917259514
dose16k_A_s1,00130.png,5.770731149823405e-05,0.0009058166178874671,-0.000139700248837471,-0.0011742188362404704,0.0004193256900180131,-0.0012674561003223062,-0.0005497454549185932,0.00035080185625702143,0.0002820924564730376,0.00019541880465112627,-0.0008030069293454289,-0.001201697625219822,-0.0017052312614396214,-0.0002640212478581816,0.00028587496490217745,-0.000627865840215236,-0.00018777330114971846,-0.00018403904687147588,-0.0011308309622108936,-0.001063117990270257,9.553373820381239e-05,-0.0005227032816037536,0.000573397905100137,0.0001620152179384604,0.000867026683408767,0.0004179509123787284,0.000544678361620754,0.00012893656094092876,-0.0008501497795805335,-2.2376325432560407e-05,0.0003937888832297176,-0.00011971023923251778,0.00054545869352296,-0.00021552108228206635,0.00022158422507345676
dose16k_A_s1,00131.png,0.0006621071952395141,0.00018790914327837527,-0.0005214015254750848,0.00017788530385587364,0.0001810527319321409,0.001724863424897194,-0.0007788899238221347,2.8195358027005568e-05,0.00011141521827084944,-6.254295294638723e-05,0.00031112029682844877,-4.763618562719785e-06,-0.0017160733696073294,0.00092933583073318,-0.0009599513141438365,0.002076973905786872,-8.307940152008086e-05,-0.0008786057005636394,-0.0009744755807332695,-0.0013573059113696218,-0.0008559415582567453,0.000316462479531765,-0.0011343670776113868,0.00024273167946375906,-0.0002338991325814277,-0.0002524320734664798,0.0005821150843985379,-0.0005296412273310125,0.0006383778527379036,0.00038717969437129796,-0.0005237322184257209,0.000328529451508075,5.369255814002827e-05,0.00016557550407014787,0.0011445552809163928
dose16k_A_s1,00140.png,-0.0007416860316880047,-0.00025965715758502483,-0.001514586852863431,0.0005830165464431047,0.00030212747515179217,-6.799550465075299e-05,0.00032795179868116975,-0.0005764108500443399,-0.000892400392331183,0.0007142990361899137,-0.00018661146168597043,0.0005865005077794194,0.0006911896052770317,-0.0010652384953573346,0.00029911971068941057,0.0009824709268286824,0.0007542374078184366,0.0007125454721972346,0.0008989337366074324,0.0012923177564516664,0.001246551750227809,0.0002298798062838614,-0.0011019426165148616,-0.0003220591461285949,-0.0008648860384710133,0.0009813840733841062,0.000880516367033124,-0.00071636529173702,0.00039351251325570047,-0.0012374568032100797,0.0013439792674034834,-8.254439308075234e-05,-0.0008575810352340341,0.0004908350529149175,8.404834079556167e-05
dose16k_A_s1,00141.png,0.0018952671671286225,0.002588435774669051,-0.00011918124073417857,0.0012474849354475737,0.0012866900069639087,-0.0007343734032474458,0.0008597864652983844,0.0005595647962763906,-0.000295457401080057,0.0007848567911423743,0.0015018496196717024,-0.0001497020712122321,0.0008123095030896366,-0.0009064345504157245,-0.0011104486184194684,-0.0010016735177487135,0.0007339650182984769,-0.0010938805062323809,-0.0006972150877118111,0.00031208060681819916,0.0003575434093363583,-0.0005407431162893772,-0.000999333686195314,0.0005160701111890376,-0.00013747547927778214,0.0008515199297107756,-0.0015768716111779213,0.00035186283639632165,-8.253628038801253e-05,-0.0003511676623020321,0.0007477315957657993,-0.00018056265253107995,0.00024156291328836232,0.0004361361206974834,-0.00048171699745580554
dose16k_A_s1,00142.png,-0.0002899430110119283,-0.0008561881841160357,-0.0006110381218604743,-0.0011935867369174957,0.0005918382667005062,0.0010431114351376891,-0.0020059379749000072,0.0010192631743848324,-0.0005617652204819024,0.0005920814583078027,0.0009425241150893271,0.0026169305201619864,0.00048392399912700057,0.0010096507612615824,0.001018237555399537,-0.0012331383768469095,0.0014853228349238634,0.0002194019325543195,0.0011973283253610134,-0.000446343794465065,-0.00011661079770419747,0.0013267019530758262,0.0006061557796783745,-3.0596216674894094e-05,0.0009768919553607702,0.0006759768002666533,0.00019572886230889708,0.0005551863578148186,0.0004452811845112592,0.0005794733297079802,0.0012698256177827716,-0.00017702204058878124,-0.0017822292866185308,0.0006790768820792437,-0.002332785166800022
dose16k_A_s1,00143.png,-0.0020108120515942574,-0.0030447905883193016,0.0003724278649315238,0.0002846845018211752,-0.002004199894145131,-0.0002848062722478062,-0.0014200655277818441,0.0015884565655142069,0.002586699090898037,0.00030903570586815476,-0.001059340895153582,-0.0008100311388261616,-0.00040338709368370473,0.00187246548011899,-0.0008238455629907548,-0.0002789588470477611,0.00033656525192782283,0.00031401810701936483,-0.0018139461753889918,-0.0002579068823251873,-0.0009980428731068969,-0.0006947704823687673,0.0008407130953855813,0.0004193662607576698,-0.0007784815388731658,0.001524516730569303,0.00048228734522126615,-0.0005818782956339419,0.00029949311283417046,0.0007960837101563811,-0.0009434730745851994,-0.0017984138103201985,-0.0003629339043982327,0.0011197851272299886,0.0009215184254571795
dose16k_A_s1,00144.png,-0.00013487006071954966,4.1149280605168315e-07,0.0009017856209538877,-0.00039732438744977117,-2.8471695259213448e-06,0.0004088152782060206,0.00028000029851682484,0.00026941936812363565,-8.679013990331441e-05,-0.0008336164755746722,0.0009999219328165054,-0.0011188253993168473,0.0007353627006523311,8.824551332509145e-05,0.0010752809466794133,1.7449188817408867e-05,0.0005794437602162361,-7.260799611685798e-05,-0.000976697774603963,-6.704070074192714e-06,0.0006744451820850372,-8.225410419981927e-05,5.538517507375218e-05,0.0008889144519343972,0.0017598650883883238,0.00023766288359183818,0.0014654622646048665,-0.00031011292594484985,-0.0013374128611758351,-0.0007019062177278101,0.0015708603896200657,0.0011419180082157254,0.00020392079022713006,0.00023876421619206667,0.00018416890816297382
dose16k_A_s1,00145.png,0.0006055880221538246,0.0006883174064569175,0.0003362873394507915,0.00037827438791282475,0.00033058118424378335,0.0024154235143214464,0.0006759712123312056,0.001130854245275259,0.00026289859670214355,3.72597569366917e-05,-0.0002953126677311957,0.00047857529716566205,-0.0008831909508444369,-0.0016506727552041411,0.0004781373718287796,0.0010843058116734028,0.0013671261258423328,-0.00037588796112686396,-0.0005471822223626077,0.0020998772233724594,0.0003299997770227492,-0.0003551656845957041,0.00032663880847394466,2.7257174224359915e-05,0.0013826587237417698,-6.31769435130991e-05,-0.0011701760813593864,0.00012446938490029424,-0.0007769744261167943,-0.000863482360728085,-0.001195155899040401,1.6736994439270347e-05,-0.0003928029618691653,0.0005018137162551284,-0.0018028627382591367
dose16k_A_s1,00146.png,-6.197855691425502e-05,-0.00038819716428406537,8.315765444422141e-05,0.0006538869347423315,-0.0005972172366455197,-0.0017682190518826246,0.00029998799436725676,-0.0016699321568012238,-0.0008150361245498061,0.00022368135978467762,0.00019112677546218038,-0.0008772686705924571,-0.00019004567002411932,2.1204556105658412e-05,-0.0003713976184371859,0.000963597500231117,0.0010107704438269138,0.0004383863415569067,-0.0008672564290463924,-0.002941959537565708,0.0018179210601374507,0.0008102788124233484,-0.0009441744186915457,-0.0011289252433925867,0.0008646677015349269,0.0018935573752969503,0.0005827390705235302,0.0031358287669718266,-0.0005064007709734142,-0.0006934780394658446,0.0007920688949525356,0.0003349538310430944,-0.0004853192949667573,-0.0007788862567394972,-0.0002705526421777904
dose16k_A_s1,00147.png,-0.0006392336799763143,-0.0009322271216660738,-0.00030115831759758294,-0.00042387412395328283,-0.000613858865108341,-3.737388760782778e-05,0.0005159667343832552,-0.0008068180177360773,-0.0009505471680313349,0.00011762895883293822,5.647488433169201e-05,-0.0006723518599756062,0.0007008864777162671,0.0007563122198916972,-0.00024164783826563507,-0.0003351659106556326,0.0008013330516405404,-0.0004656014498323202,-0.0007348492508754134,0.0009786171140149236,-0.0009865453466773033,0.001568101579323411,-0.00046855813707225025,0.0004101489612367004,0.001132081146351993,-0.0008894389029592276,-0.0003520878963172436,6.820576527388766e-05,-0.000368923123460263,-0.00048127895570360124,-6.024313915986568e-05,0.0005759760388173163,0.00017908253357745707,-0.00031137288897298276,-0.001353989471681416
dose16k_A_s1,00148.png,0.0010977027704939246,-0.00010116485645994544,0.0007504346431232989,-0.0018377554370090365,0.00024182717606890947,-0.0004678833356592804,-0.0012083665933459997,0.00015613011782988906,-0.0014520158292725682,-0.00028809410287067294,0.0004844724026042968,0.002110587665811181,0.0015467421617358923,-0.0014450257876887918,0.0009722489630803466,0.000772366882301867,-0.00099327159114182,0.0001255785464309156,0.0010570858139544725,0.00017520089750178158,0.0018218205077573657,0.0008725781226530671,0.0013300726423040032,0.0006596629973500967,-0.0012846790486946702,0.0006358657265082002,0.0005897098453715444,0.0005689111421816051,-0.0002750986022874713,-0.0006687095738016069,-0.0002600557927507907,-0.00033688617986626923,-0.0006657147314399481,0.0010388538939878345,-0.00020287116058170795
dose16k_A_s1,00149.png,-0.00018852790526580065,-0.0003247345448471606,0.00022065530356485397,-0.0009969789534807205,-0.0003531800757627934,0.00032218697015196085,0.00010472399299032986,-0.0005366533878259361,-7.300509423657786e-06,0.00014318936155177653,0.000662111327983439,0.0007460576016455889,0.0002648301888257265,-0.00014844971883576363,-0.000334069540258497,-0.0007544453255832195,-0.0001267929474124685,0.0002816431224346161,-0.0004289708158466965,-0.0002546292671468109,0.00012218761548865587,0.0001598831731826067,0.0003952256520278752,0.0002718066971283406,0.00016894702275749296,-0.00035891024162992835,-8.702731429366395e-05,0.0008795491303317249,-0.0003228650020901114,-0.00010887183452723548,0.0003955763531848788,-6.0538342950167134e-05,0.0004885039525106549,0.0002039178943959996,-0.0005394978797994554
dose16k_A_s1,00150.png,0.0005916079971939325,0.00014973722863942385,6.089072485337965e-05,-0.0006455956608988345,0.0014083541464060545,9.143565694103017e-05,-0.0004568529548123479,0.0011446068529039621,0.0012789489701390266,0.001322176423855126,-0.00030445592710748315,0.0004402051563374698,0.00025297925458289683,-0.000427715276600793,0.001278037903830409,8.988089393824339e-05,0.0009346277802251279,-0.0003407839685678482,-0.0010246066376566887,-0.000604352739173919,-0.001105278148315847,-0.001038399524986744,-0.0007169400341808796,0.0005702680209651589,-3.912933243555017e-05,0.000851496763061732,0.0005447756266221404,-0.00145338149741292,-0.001316947746090591,-0.000591835705563426,-0.0007347274222411215,0.0013363126199692488,-0.0004997260984964669,0.0005951851489953697,-0.000717375660315156
dose16k_A_s1,00151.png,-0.0009011304937303066,-0.0010039241751655936,-0.000495486834552139,-0.0012501849560067058,-0.001889853156171739,-6.799062975915149e-05,-0.0006322197150439024,-0.00036817032378166914,0.00021931013907305896,0.0015626914100721478,0.0013904692605137825,0.00017700418538879603,0.00019676622468978167,-0.00020607664191629738,-0.00023906481510493904,0.0001589160383446142,0.0007989599835127592,-0.000830006436444819,0.00019852721015922725,0.001777768018655479,-0.00011877450015163049,-0.0008912672055885196,-0.0007587829022668302,-0.0004485193931031972,0.0013931303983554244,0.00036705733509734273,-0.0015861622523516417,0.0015081856399774551,-0.0017849510768428445,-0.0005284922081045806,0.0011951933847740293,0.00013960148498881608,0.0011312062852084637,-0.0012278559152036905,-0.00042902003042399883
dose16k_A_s1,00152.png,-0.0003163122455589473,-0.0013599366648122668,-0.001308379229158163,-0.001236336654983461,-0.0012060252483934164,-0.0005933555657975376,0.0004712372028734535,0.0008708197856321931,-0.00040806381730362773,-0.0011729850666597486,0.0004969706060364842,-0.0010989578440785408,0.0001078429922927171,0.0005502681597135961,-0.0014516807859763503,-0.0011633989633992314,0.00014039802772458643,-0.0011790007119998336,0.00134270079433918,-0.0003709763695951551,-0.001102976850233972,0.0003068700898438692,-0.0012761038960888982,0.0024005889426916838,0.0021670982241630554,0.00044973150943405926,0.0002721461933106184,0.0010817870497703552,0.0023129996843636036,-0.0008523919968865812,0.0011396605987101793,-0.00013434757420327514,-0.0012856764951720834,5.784735549241304e-06,-0.000565901689697057
dose16k_A_s1,00153.png,-0.0009493785328231752,-0.0010592337930575013,-0.0005862471298314631,-0.00016816433344502002,0.0002596267149783671,-0.001115539576858282,-0.0005896346410736442,0.0006506686913780868,0.00019600443192757666,0.00017581543943379074,-0.00013171022874303162,0.0010318728163838387,-0.00047862218343652785,-0.00156719284132123,-0.0002772687585093081,-0.0012269610306248069,0.00046926797949709,0.0004280301509425044,-0.000464910757727921,-0.0003792618808802217,0.0012152724666520953,-0.00023822418006602675,0.0011022391263395548,-0.00030942558078095317,-0.0004158950177952647,0.0006083879270590842,-0.0007925910176709294,0.0012622674694284797,-0.0002788779092952609,0.00012881220027338713,0.0001049887141562067,0.0006840118439868093,-0.0013985027326270938,0.0007744889589957893,-1.2393837096169591e-05
dose16k_A_s1,00154.png,-0.0016178861260414124,-0.0011805238900706172,0.0016366839408874512,-0.0004436553572304547,0.0011900491081178188,-0.0010432371636852622,0.0006598932086490095,-0.0014749368419870734,0.0013562723761424422,0.0005946102319285274,0.0008146382751874626,0.0015502235619351268,0.000986771541647613,-0.0008657887228764594,0.0017962321871891618,-8.635120320832357e-05,-0.0006266281707212329,0.00025932828430086374,-0.00034044726635329425,0.0002521389105822891,0.0006226131808944046,7.254933734657243e-05,-2.210983438999392e-05,-0.0005828349385410547,-0.0005465357098728418,0.0007290076464414597,-0.0006686666165478528,-0.0003874771937262267,-0.00023971707560122013,-0.0015131437685340643,-0.0022789575159549713,0.0004897739854641259,0.0007751518278382719,0.0004144937847740948,0.0007784906192682683
dose16k_A_s1,00155.png,-0.0004176950897090137,-0.0005820579244755208,-0.0010489942505955696,-0.001918930560350418,-0.0007601151592098176,0.0014193833339959383,-0.0003616526664700359,-0.0005829224246554077,-0.0004098207864444703,-0.0011025483254343271,0.0009516482823528349,-0.0009899090509861708,-0.0009705026168376207,-0.0006303509580902755,0.0001907818514155224,-0.0005708218086510897,0.0005549414781853557,0.00028822512831538916,-0.0022805670741945505,0.00047192248166538775,0.0013422986958175898,0.0005018446245230734,0.0014111947966739535,8.460112439934164e-05,0.001599526614882052,-0.0009059510775841773,-0.0007455546874552965,0.0007998590590432286,-0.0008463934645988047,-0.0005140600842423737,-3.64594416168984e-05,0.0005899404059164226,-0.00012953561963513494,0.00032001762883737683,-0.001332180225290358
dose16k_A_s1,00156.png,0.0004961473750881851,0.0004378356388770044,-0.00016810691158752888,-0.0009424721938557923,-0.0009157647145912051,0.0004722131125163287,-0.0002501073176972568,0.0015030724462121725,0.0011065282160416245,-0.0020627982448786497,0.0006391495699062943,0.00089649687288329,0.0005298502510413527,6.30156064289622e-05,0.00038294488331303,-0.0008614514372311532,0.0004032653523609042,0.0015454351669177413,0.0008162704762071371,-0.002116716466844082,-0.0004612129123415798,0.0012207392137497663,0.0007691780920140445,-0.0001517444325145334,-0.0004340669547673315,0.0009104610071517527,0.00038742567994631827,-0.0011753658764064312,-0.0004623149579856545,-0.002011855598539114,-0.00025711621856316924,-0.0007444753427989781,0.0004953561583533883,-0.0007699477719143033,0.00130345462821424
dose16k_A_s1,00157.png,-0.0014757273020222783,-0.001807129941880703,0.0016231357585638762,0.0020606869366019964,0.0017943453276529908,0.00011243358312640339,-0.0008175395778380334,0.0011940669501200318,-0.00021867972100153565,0.0006701286765746772,0.00016901125491131097,-0.0009616510942578316,-0.0002563515736255795,-0.00011409739818191156,0.00021413109789136797,-0.00036495894892141223,-0.0010114827891811728,-0.0006345481378957629,-0.00029901418020017445,0.0008549480699002743,0.0004318734572734684,-0.0009792937198653817,-2.1667039618478157e-05,-0.0012538132723420858,-0.000265877548372373,0.0014488199958577752,0.00015866752073634416,-2.3441591110895388e-05,-0.0010961061343550682,0.00062025454826653,0.0007547629065811634,0.001457121572457254,-0.00024689664132893085,0.0011909672757610679,-0.0003501927712932229
dose16k_A_s1,00158.png,-6.806924648117274e-05,0.00097674410790205,-0.0008913300116546452,-0.0021322888787835836,-0.0025577794294804335,7.054059824440628e-05,5.079507900518365e-05,-0.0014064823044463992,0.0005404355470091105,1.4954279322410002e-05,0.0006017492851242423,0.000786911288741976,-0.0002239900641143322,-0.0010993975447490811,0.0008857373613864183,-0.0015951647656038404,0.00010078187915496528,-0.00023118831450119615,-0.00014901776739861816,-0.00011290906695649028,-0.0002465666620992124,-0.00022127781994640827,0.0021986241918057203,0.000883827218785882,0.0017646612832322717,0.0011246083304286003,0.002435937523841858,-0.0004307857307139784,-0.0016620975220575929,-0.00014547910541296005,-0.0009923166362568736,0.002577102743089199,0.0010636148508638144,-0.00048024847637861967,-0.0007471673307009041
dose16k_A_s1,00159.png,-0.00046567790559493005,0.000408274179790169,0.0013252913486212492,0.0009398990659974515,-0.0011969563784077764,0.0011557464022189379,0.00016677934036124498,-0.00013808751828037202,-0.0005706044030375779,0.0006076057907193899,-0.0002766549587249756,-5.8271358284400776e-05,-0.0007712640799582005,-0.0005405019619502127,-0.00024400070833507925,-0.0005635166307911277,0.0010049494449049234,-0.001433088444173336,-1.0566992386884522e-05,0.0028855078853666782,0.00020488222071435302,-0.00036670066765509546,-0.0006978595047257841,3.384635056136176e-05,0.0013329811627045274,-8.500403055222705e-06,0.0011859751539304852,-0.0011757966130971909,-0.0003236978081986308,0.0005346261896193027,0.00024392211344093084,0.00048328173579648137,0.00016806837811600417,0.0005163950845599174,-0.0003466816560830921
dose16k_A_s1,00160.png,0.00010104681859957054,-0.00035850852145813406,-0.00033831692417152226,0.0021687427069991827,0.00048552939551882446,-0.000452970911283046,9.020437573781237e-06,-0.0011042862897738814,0.00018415552040096372,-0.0007780971354804933,-0.0006321751861833036,-0.00043807365000247955,0.00013300481077749282,0.0007216210942715406,0.0009019348071888089,0.0011443707626312971,0.0004960393416695297,-0.00021586263028439134,-0.0013565244153141975,0.0010175288189202547,-0.0010333856334909797,0.0008148360648192465,-0.00029228292987681925,0.0015610232949256897,0.00037690825411118567,0.0002055461227428168,0.0016998563660308719,0.0003535823489073664,0.0008140269783325493,0.0017118038376793265,0.0013168479781597853,-0.0010600306559354067,1.528842949483078e-05,-0.0007958769565448165,-0.0007304344326257706
dose16k_A_s1,00161.png,0.0018717126222327352,0.0021638621110469103,-0.0019383124308660626,0.000659058045130223,0.0005515528609976172,-0.0010584149276837707,0.00033738528145477176,-0.001201761420816183,0.001470144372433424,0.001895430381409824,0.0017766352975741029,0.00022224248095881194,0.001014677924104035,0.00019398826407268643,0.0014502968406304717,-0.0006986462394706905,-0.00027497042901813984,-0.0006064849440008402,0.0003011547087226063,-0.0010378498118370771,-0.002196649322286248,-0.0012577202869579196,-0.00031195965129882097,-0.0014168578200042248,0.0014967123279348016,0.000562294211704284,0.00018066067423205823,0.0003663873649202287,0.0004171118198428303,0.0008016219362616539,-0.0009262620005756617,0.001150799449533224,-0.0004181192780379206,0.0007804346969351172,0.00012613332364708185
dose16k_A_s1,00162.png,-0.0013450293336063623,-0.0012451338116079569,-0.0011104303412139416,0.003691398072987795,0.00022616510977968574,0.00037956979940645397,-0.0005409126169979572,-0.0006213739397935569,-0.0001520952209830284,0.00016741050058044493,-0.00012058226275257766,0.0001487495901528746,0.001000728807412088,-0.0010987600544467568,-0.0006418282282538712,-0.0006603999645449221,-0.00019964769307989627,0.00021688587730750442,-3.963252675021067e-05,-0.0007062976364977658,0.0011907515581697226,-0.0006160942721180618,-5.637286449200474e-05,-0.00019871097174473107,0.0010496916947886348,-0.00013219020911492407,-0.00022304285084828734,0.00024892360670492053,-0.0008726892992854118,0.00071427330840379,-0.0007177584921009839,-5.0499878852861e-05,0.0007105009281076491,0.0008193480898626149,-2.062054227280896e-05
dose16k_A_s1,00163.png,0.0006041999440640211,-0.00035974502679891884,0.0008372681913897395,0.0003687655262183398,-0.0008391121518798172,-1.1626189007074572e-05,-0.0012992864940315485,0.0006698200013488531,0.0011395732872188091,4.754614565172233e-05,0.000964695296715945,-0.0005224050837568939,-7.712395745329559e-05,0.0008098663529381156,-0.0006059231818653643,-0.0009523474145680666,-0.0011491631157696247,-0.000367745611583814,-0.001067669945769012,-0.0011804010719060898,0.001200733706355095,-0.00135719811078161,-0.00012800554395653307,-0.0011569138150662184,-0.0008690815884619951,0.0003324142890051007,-0.0011540069244801998,-0.0009361992706544697,-0.0003817691176664084,-0.0006701269885525107,-0.0011924689169973135,0.00044498220086097717,0.0009306372376158834,0.0009243260137736797,-0.0008858201326802373
dose16k_A_s1,00164.png,9.11252063815482e-05,0.00036234172875992954,0.0006656208424828947,-0.0011335266754031181,-0.0014558270340785384,-0.00212620897218585,-8.284242358058691e-05,-0.0033231819979846478,0.0009734449558891356,0.00046710390597581863,0.0007626576698385179,-0.00027464606682769954,-0.0011798200430348516,0.00034427535138092935,0.0002865847200155258,-0.0012184911174699664,-0.0002760490751825273,0.0005010479362681508,0.00034081374178640544,2.2319951312965713e-05,-6.273319013416767e-05,0.0008441318641416728,0.0010967752896249294,-0.0004975627525709569,-0.0014705834910273552,0.00042220341856591403,-0.0004958807840012014,-0.0019515822641551495,0.0005620169686153531,3.133166319457814e-05,0.0006606510723941028,-0.0011533813085407019,-0.0012001077411696315,-0.0014879570808261633,0.0023874323815107346
dose16k_A_s1,00165.png,0.0007607811712659895,0.0011110450141131878,0.00030353947659023106,0.000758314155973494,0.0011893940391018987,3.4866439818870276e-05,-0.00011858199286507443,0.0014295435976237059,0.0019376942655071616,-0.0013353779213503003,-0.0006066081114113331,0.00011532031930983067,9.273945761378855e-05,-0.0004078173078596592,0.0013121975352987647,-0.0002761918294709176,0.0015211044810712337,-0.00012303033145144582,-0.001361207920126617,0.0014579490525647998,-0.00013500642671715468,0.00017420871881768107,0.001263398677110672,-0.0007150658057071269,0.0003169942938257009,0.0002856877399608493,-0.0007003417704254389,0.0003389050834812224,2.3541524569736794e-05,0.0012620191555470228,0.0006518193404190242,0.001752840937115252,-0.0003472138778306544,-0.0006069657974876463,-0.0010215166257694364
dose16k_A_s1,00166.png,-0.0002679930184967816,0.0001764076150720939,-0.0001502975937910378,-0.0001263997983187437,-0.0007979447254911065,-0.0005548017797991633,-0.00021134382404852659,-0.000687607389409095,-0.00046106218360364437,0.0007343337638303638,3.476122583379038e-05,0.00100039376411587,-0.0016426178626716137,0.000176608344190754,-0.00221032602712512,0.0010275676613673568,0.0001453124568797648,-0.0005687233642674983,0.0006577963940799236,-0.0004083631210960448,0.0009280301746912301,0.0008428090368397534,0.0005624553305096924,0.00043551219278015196,0.0002634768607094884,0.0005885578575544059,0.00024396336812060326,-0.0008554513333365321,6.242373638087884e-05,0.00031409121584147215,0.0012009961064904928,-0.0010013452265411615,0.0001225195446750149,-0.0008064056164585054,0.000815418956335634
dose16k_A_s1,00167.png,-0.0011940211988985538,0.00016092062287498266,0.0010954149765893817,4.0928494854597375e-05,-0.0014680870808660984,0.0012898282147943974,0.0007041091448627412,0.0009622478974051774,0.0003049796214327216,7.776225538691506e-05,0.0009718203218653798,0.0006204259116202593,0.00021250081772450358,0.0009692037128843367,5.87863614782691e-05,0.0004603582201525569,0.0006533503183163702,-0.000576390593778342,-0.0002526255266275257,0.0008648096700198948,-0.0014041775139048696,0.00034753914223983884,-0.001168678980320692,-0.0016201094258576632,0.0008399374783039093,-0.0002650580136105418,-0.0007396244327537715,-0.0006020115688443184,0.0005267901578918099,-0.0007798501173965633,-6.517632573377341e-05,5.75405147174024e-06,5.3857882448937744e-05,-0.0003357453679200262,6.411595677491277e-05
dose16k_A_s1,00168.png,0.00024451653007417917,0.000257198786130175,0.00014565853052772582,-0.0011216996936127543,0.0006498296279460192,-0.0020972974598407745,-0.0007198316161520779,-0.0005910205654799938,-0.0013245086884126067,-0.0003496123244985938,-0.0006494110566563904,0.000842985522467643,-0.000772169791162014,-0.0006113495328463614,-0.000566274335142225,0.00012204868107801303,-0.0015389621257781982,-7.582013495266438e-05,0.0008435413474217057,-0.0012662834487855434,-0.0001967478747246787,0.0003381003625690937,-0.0017513131024315953,0.0011506978189572692,-0.0011930381879210472,0.0005692068953067064,-0.0012143462663516402,-0.0009435811662115157,-0.0005084616714157164,0.001240842160768807,0.00046317913802340627,0.0006812220672145486,0.0002805718977469951,-0.0013580048689618707,0.00020951555052306503
dose16k_A_s1,00169.png,-0.00028095830930396914,-0.00014011655002832413,-7.867655222071335e-05,-0.00023828190751373768,0.00034156732726842165,-0.0004295601393096149,-0.001134855905547738,-8.701023762114346e-05,-0.0002617653808556497,-0.0002517703687772155,4.107802305952646e-05,-0.0017580819549039006,0.0024140633177012205,-0.0009391144849359989,-0.001519158249720931,-0.0016428491799160838,0.0006774431094527245,-0.0009078540024347603,0.0013754463288933039,-2.1987007130519487e-05,0.00012261082883924246,0.0003891340456902981,-7.270521018654108e-05,-0.0002818336652126163,0.0005595991970039904,0.0002595896949060261,-0.0010486847022548318,0.00033066316973418,-0.0003020562289748341,0.000692540081217885,0.0012939118314534426,-0.001386038027703762,-0.00010639299580361694,0.0003310033353045583,0.000162663942319341
dose16k_A_s1,00170.png,-0.001300193602219224,-0.002094570081681013,-0.0002507669269107282,0.0016567137790843844,-0.001934987842105329,-8.110881026368588e-06,0.0010419964091852307,-2.141592813131865e-05,-0.00023702852195128798,0.0009150583646260202,-0.0006812587380409241,-0.00048151816008612514,-0.0007424310897476971,0.0005854276823811233,0.0002815759216900915,0.0005002385005354881,-0.00020556319213937968,-0.002348939422518015,0.00016604755364824086,-0.0008967950707301497,0.0008498569368384778,-0.0011773364385589957,0.001106883049942553,0.0002146395854651928,-0.0009004229214042425,0.0003430657961871475,-0.0007460886263288558,0.000759761780500412,-0.001044765580445528,-0.0010843341005966067,-0.0003646640107035637,-0.00040102002094499767,-0.0007167808362282813,-0.00028217563522048295,-0.00016820791643112898
dose16k_A_s1,00171.png,0.00010318223212379962,0.00036692331195808947,0.0013547398848459125,0.003465080400928855,-3.0838691600365564e-05,-0.0007282873848453164,0.0002340582141187042,-0.00010264175944030285,0.0001317067799391225,-0.0009726587450131774,-6.93631955073215e-05,0.0005645384080708027,-0.0004632665077224374,2.2870790417073295e-05,-4.787092984770425e-05,-0.0012556059518828988,-0.00042650880641303957,-0.00013068219413980842,-0.0003669775906018913,-0.0002212844992754981,0.003396041691303253,-0.0008179346332326531,-0.00011433794861659408,0.0009338625241070986,0.0013100372161716223,0.0018959557637572289,-0.00046450679656118155,0.001412535784766078,-0.0002691844420041889,-0.0008484499412588775,0.0009370489278808236,0.0008790837600827217,0.0006457475246861577,0.0007089889841154218,-0.000593066040892154
dose16k_A_s1,00176.png,0.0013149026781320572,0.0012689140858128667,-0.0004790674429386854,-0.001993322279304266,-0.0019280912820249796,0.00026238919235765934,-0.000577833445277065,-0.0006192327127791941,0.000767103920225054,-0.0007006060914136469,0.001856184215284884,-0.001253038994036615,0.0006155319861136377,-8.941084161051549e-06,2.7460719138616696e-05,0.0004366922366898507,0.0005434706108644605,-0.0009766799630597234,-0.0026648619677871466,0.00024599183234386146,-0.0008259299793280661,0.00018231285503134131,0.0008111858041957021,-0.0009394538355991244,0.0009741389658302069,-0.00022533444280270487,0.0013045623200014234,-0.0002903150743804872,0.001426427741535008,0.00041386164957657456,-0.0009142660419456661,-0.0002140558499377221,-0.0002727519313339144,-0.0005516749224625528,0.0004280865250620991
dose16k_A_s1,00177.png,0.0004418681201059371,0.0006658800994046032,-0.00041691208025440574,-0.0006752513581886888,-0.00200499570928514,-0.00100094941444695,0.000246213108766824,-0.0004619140818249434,-0.00021918692800682038,-0.000700799806509167,0.0010814217384904623,-0.00042327953269705176,-0.0014327168464660645,-7.093702151905745e-05,0.0008330229902639985,0.00046609225682914257,-0.0006433479720726609,0.00022647020523436368,0.0012467320775613189,-0.0006041579181328416,0.0008054020581766963,0.0010781363816931844,-0.00012052061356371269,0.0005995799438096583,8.588800119468942e-05,-0.0001125262351706624,-0.0007313653477467597,0.0007938097696751356,0.0007929517887532711,0.00014638174616266042,0.00041561448597349226,-0.0005371961742639542,0.0007236656965687871,0.0007336008129641414,-0.0006554839783348143
dose16k_A_s1,00178.png,3.835558527498506e-05,-0.00012352102203294635,0.00040178748895414174,0.0007833662093617022,0.0015362772392109036,-0.0009404857410117984,-0.0004898979677818716,-0.00037606534897349775,0.00011129333142889664,-0.0005431561730802059,0.0009416168322786689,-0.0003260976809542626,0.0011046396102756262,0.0006897373241372406,-7.69119942560792e-05,0.0002504621515981853,-0.0014488610904663801,-0.0006161176133900881,-0.00112149550113827,-0.0007860139012336731,0.00070855364901945,-0.00046580276102758944,0.00039870478212833405,0.0015617574099451303,0.0022600912488996983,-0.001929504331201315,-0.0005739378975704312,-0.000568618590477854,-0.0003933768894057721,0.0006926474743522704,0.0015057313721626997,-0.0001188513488159515,0.0012425878085196018,0.0006031985394656658,-0.0014219166478142142
dose16k_A_s1,00179.png,0.0019514037994667888,0.0021746049169451,-0.0007499767234548926,0.0014963684370741248,0.0008723817300051451,0.00019335422257427126,0.00023008343123365194,0.0020391526632010937,0.0012841311981901526,-3.1406849302584305e-05,-0.00018396275117993355,-0.001665158779360354,-0.0007232519565150142,-0.0005329097621142864,0.001611520303413272,-0.00046798281255178154,0.00019779159629251808,-0.0005421016830950975,0.00120903633069247,-0.0004994427436031401,-0.000944006082136184,0.0011794540332630277,0.0009748761658556759,0.00023873640748206526,0.0007516577024944127,-0.0006843424052931368,0.00018395422375760972,0.001002595410682261,-2.0699944798252545e-05,0.0007180787506513298,0.0003313157649245113,-0.00026820492348633707,-0.00011250434909015894,0.0009157719905488193,0.00039819584344513714
dose16k_A_s1,00180.png,0.0017406763508915901,0.00047885620733723044,-7.425341755151749e-05,0.0012833294458687305,0.0009526766953058541,0.0010460562771186233,0.0003668084100354463,-0.00028963389922864735,-0.0009817032841965556,0.0004481659270823002,-0.0007304241880774498,0.00020086507720407099,-0.0010672487551346421,-0.0014721091138198972,-0.0004855003207921982,-0.00015732788597233593,-0.0014610163634642959,-0.001518727163784206,-0.0015390021726489067,-0.0007201085682027042,-0.0021445094607770443,-0.00028207420837134123,0.0004299995198380202,-0.00025266819284297526,-0.0010921661742031574,0.0006107187364250422,-0.0009622215293347836,0.0003453566168900579,0.0007612209883518517,0.0003884217294398695,0.0009931400418281555,-0.000256222760071978,0.002982475096359849,-0.0010155009804293513,0.0007975752232596278
dose16k_A_s1,00181.png,-0.0009245426626875997,-0.0010472325375303626,-0.0020034187473356724,0.0011188435601070523,0.0013592657633125782,-0.0019280422711744905,-0.00031074220896698534,-0.001562017248943448,-0.0011239727027714252,-0.000258101848885417,0.0004396036674734205,-0.0012292952742427588,0.0006088733207434416,-0.0005520986160263419,0.0004106827836949378,0.0003218103665858507,0.0007512441370636225,-0.00022280857956502587,-0.0024431711062788963,0.00020448953728191555,-0.0003873530658893287,-6.793891952838749e-05,-0.001333388383500278,0.0006090796669013798,-0.0006473661633208394,-0.0008012099424377084,-0.0002599288709461689,0.00037486854125745595,7.218292012112215e-05,-0.001211548107676208,0.0007969875005073845,0.0005494044744409621,-0.0013811166863888502,-0.0008914069039747119,0.00032650382490828633
dose16k_A_s1,00182.png,0.0002087550237774849,0.0011417694622650743,6.43727707938524e-06,0.00099507428240031,-0.0013455197913572192,-3.588064282666892e-05,-3.594859299482778e-05,0.0012377302628010511,0.0010984677355736494,-0.00042504709563218057,0.000634984637144953,0.000889774295501411,-0.0006914404802955687,0.0018192523857578635,0.0003834683448076248,0.000305440480588004,0.0010008596582338214,-0.0005194879486225545,-0.0003287840518169105,-0.0006599431508220732,0.00012955123384017497,0.00014954213111195713,-0.000989025691524148,-0.001463901367969811,-0.00023430894361808896,3.443748573772609e-05,0.0007995852502062917,0.0011941929114982486,-0.0011074021458625793,-2.5135186660918407e-05,0.0001938190689543262,-0.00035719992592930794,0.0008665637578815222,-0.0004544999683275819,-0.0006227490957826376
dose16k_A_s1,00183.png,0.001998642459511757,9.180365304928273e-05,-0.000557496736291796,-0.0002081268175970763,0.0009261279483325779,0.0007868414977565408,-0.0004577543877530843,-5.625743870041333e-05,0.00040915131103247404,0.0009702644310891628,-0.0004400029720272869,-0.00019233797502238303,0.0004323935427237302,-0.0012239638017490506,-0.000466404773760587,-0.00036234609433449805,-0.00016547914128750563,-0.0018721885280683637,-0.0002601528831291944,-0.0006823463481850922,-0.0002500256523489952,0.00024549514637328684,0.0005360317882150412,0.000640827463939786,-0.00042014746577478945,6.423456943593919e-05,-0.0011759871849790215,0.0006019814172759652,0.0014511407352983952,0.001402624067850411,-0.0019149613799527287,0.0002999182615894824,0.0017636918928474188,0.0010819148737937212,0.00016094279999379069
dose16k_A_s1,00172.png,-0.0015926186461001635,-0.0007446336676366627,-0.0016304439632222056,0.0011777377221733332,0.0006635705358348787,-1.610653089301195e-05,0.0003144045767839998,-4.0557602915214375e-05,0.0006759845418855548,0.00026379391783848405,-0.00030721310758963227,0.0014003494288772345,0.00029939322848804295,-0.0003193609300069511,-1.3905709238315467e-05,0.0005426052957773209,0.0015397778479382396,0.00023661096929572523,0.0004674919764511287,-0.00024404785654041916,-0.0007234135991893709,-0.0006046569324098527,-0.001062324969097972,-0.0004264847666490823,0.0001412597921444103,-8.595949475420639e-05,-0.0007671103230677545,-0.0010959936771541834,-0.0003366477903909981,0.0002863635018002242,-0.0006769074825569987,-0.0005674926796928048,0.00023358194448519498,0.0002012962504522875,0.0007495636818930507
dose16k_A_s1,00173.png,0.0005856173811480403,0.000996400834992528,0.001449494156986475,0.001130597316659987,0.00027090293588116765,0.000599894963670522,0.0007494998280890286,5.238526136963628e-05,-0.00010363457113271579,0.0005042988923378289,-0.0010356447892263532,2.0867943021585234e-05,-0.0006225174874998629,-0.000532387348357588,0.00016854272689670324,-4.576256105792709e-05,0.0008364751120097935,-0.0007457532337866724,0.0008175831753760576,0.00014324058429338038,-0.00012411130592226982,-0.0004846457450184971,0.0008655434940010309,4.705397805082612e-05,0.00032235748949460685,-0.0006606820388697088,-0.0011873748153448105,-0.0025298583786934614,5.7802033552434295e-05,-0.0008077409584075212,0.0008779801428318024,0.0008491139160469174,-0.000867983209900558,-0.0006071531679481268,-6.12549229117576e-06
dose16k_A_s1,00174.png,-0.0001137388899223879,-0.0003687832795549184,0.0016486764652654529,-0.0024611945264041424,-8.604780305176973e-05,-6.71754460199736e-05,-0.00019895480363629758,0.000514476269017905,-0.0005112012731842697,0.00019738561240956187,-4.977152275387198e-05,-0.0009383712313137949,-0.0019627318251878023,0.0009531435207463801,0.0003664488613139838,0.00036830923636443913,-0.0004926028777845204,-2.2366129996953532e-05,-0.0019155051559209824,-0.000786229909863323,-0.0009303794358856976,0.0002708750544115901,-0.0005773937446065247,-0.00021734967594966292,0.00015892478404566646,0.00048447426524944603,-0.000780595641117543,-0.0018462548032402992,-0.0006316067883744836,0.0008194180554710329,-0.00032974901841953397,-0.00016871087427716702,-0.001427183044143021,0.0007983373943716288,0.0009128047386184335
dose16k_A_s1,00175.png,0.0016956233885139227,0.0008996480028145015,0.0007402158807963133,0.0012789983302354813,-0.001017855480313301,0.0014790270943194628,0.0016197125660255551,2.115219467668794e-05,0.0016384009504690766,-0.0010212421184405684,0.0013783919857814908,1.4596217624784913e-05,-0.0005157823325134814,-0.00020710102398879826,-0.0011935041984543204,-0.0012841485440731049,0.00045393119216896594,0.0006725447601638734,0.000345504900906235,0.001490863272920251,0.002101720543578267,-0.00046185535029508173,0.0008116165990941226,0.00012503484322223812,-0.00021849041513632983,-0.000577269762288779,0.000936482974793762,-0.00015718296344857663,-0.001041407696902752,0.0007323989411816001,3.3528052881592885e-05,1.3226559531176463e-05,-0.001978150103241205,0.0008668213267810643,-0.0004633882490452379
dose16k_A_s1,00188.png,-0.0010881467023864388,-0.0018724948167800903,0.0007745278417132795,0.0017939686076715589,-0.0021095341071486473,-0.0002616299025248736,-0.0005296636954881251,-0.001558602903969586,0.0009317462681792676,0.00041553968912921846,-0.0009718559449538589,0.00018243705562781543,-0.0016679407563060522,-0.0019135670736432076,0.00015587483358103782,0.0014051602920517325,0.002038385486230254,-0.001017901347950101,-0.000991256907582283,-0.0013623808044940233,0.0003549117245711386,-7.470455602742732e-05,0.0004899062332697213,0.0004561858659144491,-0.0010329701472073793,-0.00013345919433049858,-6.809437763877213e-05,-0.0004210957558825612,0.0008561936556361616,-0.0021996446885168552,0.0008024456328712404,0.0015146384248510003,-0.001174118253402412,0.0014611813239753246,0.00023237730783876032
dose16k_A_s1,00189.png,-0.001209069974720478,-0.0008223237819038332,-0.0010911283316090703,0.0007061890792101622,0.0013626095606014132,0.0004549439763650298,0.00018231997091788799,-0.0008622966706752777,7.195238868007436e-05,0.0011029548477381468,0.002214881358668208,-0.001910309656523168,-0.0007386115612462163,-0.00044985307613387704,-0.0008458289667032659,0.00020121187844779342,-0.00012001694267382845,-0.0013474628794938326,-0.000269364652922377,-0.0005023006815463305,-5.0628579629119486e-05,-0.0005243365303613245,0.0008757323957979679,-0.0006323389825411141,0.0016792615642771125,-0.0017943112179636955,0.00020168526680208743,0.0009088990045711398,0.00041680096182972193,0.0006285459967330098,0.001919852220453322,5.854348637512885e-05,-0.0021852953359484673,0.0008130314527079463,0.0013788278447464108
dose16k_A_s1,00190.png,-0.0016925341915339231,-0.0007318949792534113,-0.0009240653016604483,0.001117286621592939,-0.001271460554562509,-0.0008544101729057729,0.001412455691024661,-0.00025606772396713495,0.0005874491762369871,-0.000490305304992944,0.0009592506103217602,-0.000921925064176321,0.0005242697661742568,-0.0005534146330319345,-0.00023112444614525884,-0.0016780680743977427,0.0004911578726023436,0.0007749795913696289,0.0008942185086198151,1.545084160170518e-05,0.0001999095402425155,0.00012254442845005542,0.0017933477647602558,-0.00016553871682845056,-0.00018687207193579525,0.0013740778667852283,-0.0017855855403468013,0.0014053892809897661,-7.376106077572331e-05,-0.0003403389418963343,-0.0002871503820642829,0.0006037824787199497,0.0011445614509284496,0.0013889250112697482,-0.0003767863963730633
dose16k_A_s1,00191.png,0.0004046478134114295,0.0007524376851506531,-0.00020724433124996722,-0.0007734010578133166,0.001135866274125874,-0.001782205537892878,-3.706669303937815e-05,-0.00010267973993904889,-0.0013641935074701905,-0.00043777728569693863,0.0005235201097093523,0.0006494506378658116,-0.000593733973801136,0.00074930110713467,-0.0006391568458639085,0.0021187453530728817,0.0013787040952593088,0.00017965662118513137,-0.00024376146029680967,-0.0009716857457533479,0.0020644699689000845,0.0004787780053447932,0.00030910279019735754,-3.6009703762829304e-05,-0.00047866819659247994,-0.0009160180343315005,0.0016263299621641636,-0.001126841176301241,-0.0005516060627996922,0.00024162305635400116,-0.001007300103083253,-0.0004328576033003628,-0.0010493905283510685,1.6780675650807098e-05,-0.0006708375294692814
dose16k_A_s1,00184.png,0.001004828722216189,0.0003065986093133688,-0.0013878836762160063,0.00025138695491477847,0.00023176168906502426,-0.0006748026935383677,-0.00017232136451639235,0.0005862923571839929,-0.0004468882689252496,0.0008117058896459639,0.0005738664767704904,7.403074414469302e-05,0.0006628760602325201,0.0010168966837227345,0.0006527071236632764,0.00011534775694599375,0.000928517896682024,0.001116046216338873,-0.000471777020720765,0.0016280964482575655,0.00015581994375679642,0.0009560673497617245,0.0015839850530028343,7.822064071660861e-05,-0.0002823061659000814,0.000366516993381083,0.0006079503218643367,-0.00013620361278299242,0.00042575158295221627,-0.0014545079320669174,-0.00010589649173198268,0.0005483700078912079,-0.0014379904605448246,0.0006721733952872455,-0.002002510242164135
dose16k_A_s1,00185.png,0.0004890041891485453,0.0001514195610070601,0.0010046805255115032,0.0006955242715775967,0.0001892916188808158,0.00043172185542061925,-0.00016229682660195976,-0.000838363659568131,0.0006798321846872568,-0.0005462932749651372,0.0001254780072486028,0.0006899482104927301,-3.3039035770343617e-05,0.0014381202636286616,-0.0005537500255741179,-0.0004438475298229605,0.0006212530424818397,-0.0009925306076183915,-0.0005200504674576223,-0.00044716987758874893,-0.0003179920313414186,-0.0009546948713250458,-0.00039128412026911974,0.0007179583190008998,0.00018264800019096583,7.028537220321596e-05,0.0011416181223466992,-0.001443076296709478,-0.0008532213978469372,0.00044657543185167015,0.0002745945821516216,0.0007701735012233257,-0.0003123715869151056,0.000609639915637672,-9.245594992535189e-05
dose16k_A_s1,00186.png,5.248318120720796e-05,0.00034182274248450994,0.000885999237652868,-0.0009441894944757223,0.0013926096726208925,-0.0003523969789966941,0.001223161700181663,-0.0004138867661822587,-0.0003566971863619983,-0.00026569233159534633,0.0011336455354467034,-0.0003457765851635486,-0.002011292614042759,-0.000515891530085355,0.00017507524171378464,0.0011822516098618507,-0.00011989867925876752,3.71297137462534e-05,-0.0002223892224719748,-0.00020093120110686868,0.0001321993040619418,-0.001463411608710885,0.0003006648039445281,-0.0011709312675520778,0.000763009418733418,0.00011156399705214426,6.558261247846531e-06,0.00044163662823848426,-0.0011297758901491761,-0.0011019634548574686,-0.0008659280720166862,-0.00046669470611959696,0.0007055153837427497,-0.0013826355570927262,0.000469877413706854
dose16k_A_s1,00187.png,0.0007248191395774484,-0.00038678859709762037,-0.0004498207999859005,0.0017870493466034532,0.0007385459030047059,-0.00019826246716547757,-0.0005739610060118139,-0.00024476891849189997,-0.00016276389942504466,-0.0025471611879765987,-5.642795076710172e-05,0.0003203214437235147,-0.0002672694099601358,-0.0005889925523661077,-0.0006551711703650653,0.00016720594430807978,0.0004875964077655226,0.0005057659582234919,0.001789440051652491,0.0016408009687438607,-0.0014644552720710635,-0.0009033950627781451,0.0016563646495342255,9.058660361915827e-05,-0.002964369487017393,-0.0006413618102669716,6.206141551956534e-05,-0.0011429291917011142,0.0005903818528167903,-0.0002083572035189718,0.00231004785746336,0.0006664877291768789,0.00047694871318526566,-0.00013724966265726835,-0.0020720737520605326
dose16k_A_s1,00192.png,0.0015710634179413319,0.0003792363277170807,0.0013154848711565137,-0.0005656776484102011,-0.0015532952966168523,-0.0005704386858269572,0.000347865279763937,0.00054284738143906,-0.00013954781752545387,-0.00014863049727864563,-0.000183687821845524,-0.0005434339982457459,-0.00064563361229375,-0.00019031745614483953,0.0002777229528874159,0.001137377112172544,-4.462971264729276e-05,-0.00038312148535624146,-8.814589818939567e-05,0.0014503390993922949,-0.0004981756792403758,-0.001343364710919559,-0.0003944495692849159,0.0002048649766948074,-0.0012450425419956446,-2.0225093976478092e-05,-0.0020355386659502983,-0.000717734161298722,-0.00023324803623836488,0.00029242385062389076,0.0008541436400264502,-0.0013464086223393679,0.0011118920519948006,-0.00020395216415636241,0.0016083387890830636
dose16k_A_s1,00193.png,0.00016413864796049893,0.0004347971989773214,0.0005145659670233727,-0.0013549966970458627,0.0022203954868018627,-0.0011253190459683537,0.0007097399211488664,0.0007277169497683644,-0.0021507428027689457,-0.001710205338895321,-0.0017997173126786947,-0.00119822658598423,-0.00011850455484818667,-0.0017443031538277864,-0.0006003035814501345,-0.001704166759736836,-0.00011652451939880848,-0.0017966892337426543,0.0017179343849420547,0.0022478383034467697,0.00046420536818914115,-0.0006132113630883396,0.0023318917956203222,0.00029163717408664525,-0.0008422200917266309,0.0006303058471530676,0.001912729348987341,0.0006572979036718607,0.0008123102597892284,0.00021930821822024882,-0.000790629128459841,0.0011990776984021068,-0.0012526350328698754,0.0004141299577895552,0.0009623141959309578
dose16k_A_s1,00194.png,-0.00035539476084522903,0.00017259317974094301,4.496228939387947e-05,-0.0006950319511815906,0.0006175067974254489,-0.0014336910098791122,0.0005045424331910908,-0.0010155221680179238,-0.0008152386290021241,0.0022102955263108015,-0.0006070869276300073,0.00011185184121131897,0.0015492255333811045,0.0005142537993378937,-0.0014408762799575925,0.0006474819965660572,0.0007418448803946376,0.0002503010618966073,0.00010160521924262866,-0.0009780494729056954,0.00045297853648662567,-0.0010649120667949319,-8.918912499211729e-05,0.0009005218744277954,0.0004695148963946849,4.9071371904574335e-05,-0.0009713909239508212,0.0006458996795117855,0.00016311519721057266,-4.6635279431939125e-05,-0.0012444730382412672,0.0011334412265568972,0.0004682608996517956,0.0007642863201908767,0.0005228555528447032
dose16k_A_s1,00195.png,4.9040700105251744e-05,0.0007665405864827335,-0.0019264729926362634,0.0008608631906099617,-0.00039562498568557203,0.0006378084071911871,-0.0013781186426058412,-0.00036232126876711845,-2.7203346689930186e-05,-0.0002684511127881706,-0.001254953327588737,-0.0013588870642706752,0.000350069283740595,-0.0006624416564591229,0.0015022141160443425,-0.0006535169668495655,0.0007998643559403718,-0.0006959452293813229,-0.0013422921765595675,0.0005604610196314752,-4.381360122351907e-05,-0.00012119748134864494,0.0003569171531125903,0.0008320991764776409,0.0005481005646288395,0.0012258782517164946,-0.00013729633064940572,-0.0007435953011736274,-0.0009247030247934163,0.001219618716277182,0.0004056102770846337,0.0008018040098249912,0.0013288675108924508,-0.00036432701745070517,0.0013970405561849475
dose16k_A_s1,00196.png,-0.0013968455605208874,-0.0013084255624562502,-0.00012872970546595752,-0.0011391222942620516,0.0005766577669419348,0.0007810436654835939,-0.0006498934817500412,0.000172258194652386,-0.002059424761682749,-1.6996888007270172e-05,0.00037921711918897927,-0.00042662073974497616,-0.0007304559694603086,0.00044619134860113263,-0.0003588582621887326,3.697089778142981e-05,-0.0008319034241139889,0.0009730730671435595,-0.002274047350510955,0.0003776043595280498,0.0009286027052439749,6.237698107725009e-05,0.0007554542971774936,0.0014902310213074088,-0.0003436295664869249,-8.282910857815295e-05,0.0006368752801790833,-0.0008520007249899209,0.0006352773052640259,-0.0003976940643042326,7.549895235570148e-05,-0.0008413324831053615,-0.0010918895713984966,0.0004242626891937107,0.00045572035014629364
dose16k_A_s1,00197.png,-0.0003753976197913289,0.0010553563479334116,0.0016224528662860394,-0.0003134555881842971,0.001983641879633069,-0.0006753651541657746,0.0001133201876655221,0.0009416347602382302,-0.0003352681815158576,6.811827188357711e-05,0.0012494198745116591,-0.00031178424251265824,-0.0009352796478196979,-0.00012398077524267137,0.0009692086605355144,-0.00015491836529690772,0.0009675249457359314,0.0009319392847828567,-0.0012589778052642941,-0.00021506045595742762,-0.0007283759769052267,0.00018523978360462934,-9.142076305579394e-05,0.0005344285164028406,-0.0011902207043021917,-0.0014127567410469055,-0.001309506013058126,-0.00026839072233997285,0.000524510454852134,0.00034238092484883964,0.0003192195144947618,0.0006549290847033262,0.0019771340303122997,-0.0009277857607230544,0.0003706764546222985
dose16k_A_s1,00198.png,-0.00010774808470159769,0.0002820900990627706,0.0020021917298436165,0.0001887251710286364,0.00046364226727746427,-0.00078964838758111,0.00080802699085325,-0.0005431353929452598,-0.001049991580657661,-0.0010434131836518645,0.00036467568133957684,2.354849857510999e-05,0.0009360993281006813,0.00038995675276964903,0.0008081138366833329,0.0007315152906812727,0.00047093050670810044,0.001113921171054244,0.0023036892525851727,-0.0017147330800071359,-0.00040660364902578294,0.00018143010674975812,-0.0008808630518615246,-0.0016030609840527177,-0.0004716888361144811,0.0013108020648360252,-0.0002409807639196515,-0.000247642514295876,-0.0011274333810433745,0.0007469607517123222,0.000232909427722916,0.0007546835113316774,-0.0008849034202285111,-0.0009320181561633945,-0.0015921241138130426
dose16k_A_s1,00199.png,-8.586604235460982e-05,-0.001508284010924399,0.0014406320406123996,-0.0019068156834691763,-0.0013924920931458473,0.0006659933715127409,0.0001424199581379071,-0.0002472907362971455,-0.00038710309308953583,-0.001398873282596469,-0.0011406560661271214,-0.0010200068354606628,-0.0012970846146345139,0.0006049074581824243,-0.0005254923016764224,-0.002557069528847933,0.0007216836675070226,-0.0002196534042013809,0.00035921038943342865,0.002222133567556739,-0.00030319509096443653,0.000958002230618149,8.466052531730384e-05,0.0012257659109309316,0.0003289211599621922,-8.334708400070667e-05,0.0010699928971007466,-0.0002276314189657569,0.0004577237996272743,0.0001716873375698924,-0.0003729349991772324,0.0009273792384192348,0.00022681693371850997,6.181694334372878e-05,0.0004270698700565845
dose16k_A_s1,00204.png,0.0005956529639661312,0.0005581172299571335,0.0005719591281376779,0.0016739880666136742,-0.0004363363841548562,-9.206878166878596e-05,-0.0010883063077926636,-0.00035835025482811034,-0.0003325735160615295,-0.0006624205270782113,-0.0010099242208525538,-0.0012741793179884553,-3.185811874573119e-05,0.00044669597991742194,0.0012616249732673168,0.0012341836700215936,0.001525216968730092,0.0013793776743113995,-0.001439438434317708,0.0006924911285750568,0.0005168825737200677,0.0007048012339510024,-0.0004830995458178222,-0.0016288419719785452,-0.0001965201663551852,0.0010189888998866081,0.0013223844580352306,-0.0007122611859813333,-0.00013989453145768493,0.0003694247570820153,0.000577516679186374,-0.0006553594721481204,-0.0004040623316541314,-0.0007802544860169291,-0.0013343761675059795
dose16k_A_s1,00205.png,0.0002957072574645281,0.0018729368457570672,-0.0001410589466104284,0.0008919785032048821,-0.0021916895639151335,0.0006962880142964423,-0.00018722302047535777,-0.0003578081668820232,0.001322582014836371,-0.0013917736941948533,0.0004108285065740347,-0.0016509941779077053,-0.0011661592870950699,-0.00094013218767941,0.0002955624077003449,0.0005886894650757313,0.0008762634242884815,0.0013175696367397904,-0.0005535928066819906,-0.0014557542745023966,0.0016365260817110538,-0.0003220918297301978,0.0011351988650858402,0.0009383526630699635,0.001889155711978674,-0.0007649328908883035,0.0007033112924546003,-0.00010226794256595895,0.0011526873568072915,0.00033864169381558895,0.0013184759300202131,0.0002826393174473196,0.0007202853448688984,-0.00013027315435465425,-0.00010038179607363418
dose16k_A_s1,00206.png,-0.0013741966104134917,-0.0008569115307182074,5.366206096368842e-05,0.0004528228018898517,-0.000977669027633965,0.002428278559818864,0.00015191404963843524,0.00016259611584246159,-0.0009733452461659908,-0.00039860655670054257,-0.0005679196328856051,0.00038834920269437134,0.00010751587251434103,0.00037568071275018156,-0.0015451431972905993,0.00011143805022584274,-0.00016782869352027774,-0.0011350035201758146,0.0009154131403192878,-0.00020782960928045213,-0.0002471568586770445,-1.618580790818669e-05,-0.0020309824030846357,-0.00024104060139507055,-9.107548976317048e-05,0.0002960636338684708,0.0009052378591150045,-0.0007401105249300599,0.0012868824414908886,0.0004883859073743224,-0.0007488491828553379,0.00024137132277246565,0.00023529402096755803,-0.0009780314285308123,0.000982650090008974
dose16k_A_s1,00207.png,-0.00030746101401746273,-0.00145262002479285,-0.0004622404812835157,-0.00185869331471622,0.0009062786120921373,5.291638444759883e-05,-0.0006276502390392125,0.0022771030198782682,8.842191164148971e-05,0.0017340489430353045,-0.0002442454861011356,-0.000802521244622767,0.00034025483182631433,-0.0009828846668824553,0.00033908302430063486,-0.0008049491443671286,-0.0007018482428975403,-0.0003276528150308877,0.00018708989955484867,0.0010115464683622122,-0.0009808752220124006,0.0007772203534841537,0.0009726721909828484,-0.00010299983114236966,0.000508722907397896,0.0009677857742644846,0.00031732351635582745,0.00038507874705828726,-0.0017544989241287112,0.00048069332842715085,0.0014791378052905202,0.0008806540863588452,0.0015484089963138103,0.0012428552145138383,-0.0008118898258544505
dose16k_A_s1,00200.png,0.0002586127957329154,-0.00048617032007314265,-0.00042599227163009346,-0.0011537247337400913,0.0004341267922427505,9.589116234565154e-05,0.00025021040346473455,0.000885619840119034,-0.0008709241519682109,-0.0011071929475292563,-7.57823945605196e-05,-0.00013833004049956799,-0.0007014141883701086,0.0005180699517950416,0.0001329380029346794,0.0007178495870903134,0.0005765213863924146,-0.00010530864528845996,-0.0006700701778754592,-0.0012324745766818523,5.5774562497390434e-05,0.000686613202560693,0.0006773488130420446,-0.002386451931670308,-0.0006597312167286873,0.0005020641256123781,0.00046006476623006165,0.00039190848474390805,-0.00017801047943066806,-9.192114521283656e-05,-0.00061530846869573,0.0012474950635805726,9.828399925027043e-05,-0.0005399191868491471,0.00016181418322958052
dose16k_A_s1,00201.png,-0.0010981181403622031,-0.0014914304483681917,0.0006045649643056095,-0.0010165998246520758,-0.0012055328115820885,0.0011520478874444962,-0.0005712269921787083,-8.004579285625368e-05,-4.2301759094698355e-05,-0.0011879458324983716,-0.0008107842295430601,0.0002927399182226509,-0.0008174918475560844,-0.001161466003395617,0.0007208006572909653,-0.00043964237556792796,-0.0010672856587916613,0.0005181456217542291,0.00022823497420176864,0.00011599118442973122,0.001252957503311336,0.0005946915480308235,0.0005563048180192709,-0.0002345605898881331,0.00014517737145069987,-3.362678035045974e-05,0.0006983490311540663,-0.0002610757073853165,0.0007737461128272116,0.0013222367269918323,0.0019241983536630869,-0.001412334619089961,0.00023372970463242382,-0.0005788898561149836,-0.0007234596414491534
dose16k_A_s1,00202.png,-0.0016654737992212176,-0.0007148128352127969,0.0002498653484508395,-0.0008218968287110329,0.0008923584828153253,-0.00019902877102140337,0.0010027227690443397,0.0008997867698781192,0.0011952533386647701,0.0008552491781301796,-3.757602462428622e-05,0.000720658281352371,0.001359346555545926,0.00023896514903753996,-0.00027232704451307654,-0.0011296008015051484,-0.0007314523099921644,-5.669911843142472e-05,-0.0008271201513707638,-0.0020942394621670246,-0.002256249077618122,-0.0014582066796720028,0.00213246769271791,-0.0013286190805956721,0.0010308471973985434,0.0010473004076629877,0.0006693358300253749,-0.0003056924033444375,-0.0003412629885133356,-0.0005560145364142954,-0.0016904821386560798,0.001141682150773704,0.0005610533989965916,0.00035715571721084416,-0.000629575049970299
dose16k_A_s1,00203.png,-0.0019022980704903603,-0.001012541470117867,0.0006524367490783334,-0.00018808060849551111,0.0005561155849136412,-0.00036816447391174734,-4.2035455408040434e-05,0.0010985683184117079,7.146304415073246e-05,0.0004027731774840504,-0.0009339531534351408,-0.0006790652987547219,8.491506741847843e-05,-0.000410999491577968,0.0005294305738061666,0.000854083860758692,-0.0010181795805692673,-7.693304360145703e-05,0.0003323254350107163,-0.0010084190871566534,0.0008772446308284998,0.0001664430310484022,-0.0004745680489577353,0.0016895143780857325,0.00023305838112719357,0.000510361569467932,-0.0005421994137577713,0.0009715155465528369,-0.0010915420716628432,0.00044287374475970864,-0.0005104517913423479,-0.0001402153866365552,0.0008322249632328749,-0.00010171566100325435,-0.00041046057594940066
dose16k_A_s1,00208.png,-0.0012623846996575594,-0.0008344022207893431,0.00185990275349468,-0.00250443909317255,-0.0001827382657211274,7.919081690488383e-05,0.0014362772926688194,-0.0001638929679756984,0.0006887581548653543,0.00019514573796186596,0.0005328404367901385,-0.00024101007147692144,-0.00015890732174739242,0.0006074843113310635,-0.000412367022363469,-0.0008798706694506109,0.0006641086656600237,4.5699267502641305e-05,-1.0032918908109423e-05,0.0011980053968727589,-0.0006467780913226306,-0.0018553792033344507,0.0007304086466319859,-0.0009708704892545938,0.0010120541555806994,-0.0005719447508454323,0.0006981203332543373,-0.002492974977940321,0.0002494156069587916,-0.0008236775756813586,-0.0003855284594465047,-0.00042294885497540236,0.0005006578285247087,-0.0008222836186178029,0.001537327654659748
dose16k_A_s1,00209.png,0.00019493617583066225,0.000307193782646209,-0.0011446458520367742,0.0009533351985737681,0.0014084387803450227,0.0007869243272580206,0.0002639350714161992,0.001025244826450944,-0.00038011884316802025,-0.00012637113104574382,0.0014645628398284316,0.0005639215232804418,0.001013710629194975,0.0005799120990559459,-0.00031576459878124297,0.0021345701534301043,-0.0012857613619416952,0.0009783330606296659,0.0013715393142774701,-0.0011021433165296912,-0.0005330434069037437,4.771639942191541e-05,-5.0796814321074635e-05,-0.001127590425312519,-0.000899086706340313,-7.013954018475488e-05,0.000836888502817601,-0.0003254390030633658,0.000629707588814199,-0.00042244652286171913,-0.0016486432868987322,3.1996514735510573e-06,-0.0003349937032908201,-0.00031788760679773986,0.001007254933938384
dose16k_A_s1,00210.png,0.00028097786707803607,7.005815132288262e-05,-0.000345261039910838,-0.0008333749719895422,0.00021535494306590408,0.00039672155980952084,0.0001854469592217356,-0.0008842420647852123,2.2632446416537277e-05,-0.00041885991231538355,-0.00047121747047640383,0.00012424151645973325,-0.0007671409985050559,-0.0002611484960652888,1.0728515007940587e-05,0.0006348852184601128,0.0007680603885091841,0.0019598305225372314,0.00020915549248456955,-0.001226877560839057,-0.0019043511711061,-0.0014332490973174572,0.0003314226632937789,-0.0002510461781639606,-0.00048640865134075284,-0.00011666032514767721,-0.00020227803906891495,-0.0009798631072044373,-0.0010195276699960232,0.000980424927547574,0.001062106341123581,0.0006503918557427824,-0.0005394925246946514,-0.0010886460077017546,-0.0024060301948338747
dose16k_A_s1,00211.png,-0.00012300704838708043,0.0013566584093496203,-0.0022597259376198053,-0.0029935711063444614,-0.0003949257079511881,0.0008359045023098588,-0.0017698787851259112,0.0007579865050502121,0.0011521485866978765,-0.0003172958386130631,-0.0010758087737485766,0.0020873218309134245,-0.00017486057186033577,0.00012328402954153717,-0.00013380518066696823,-0.0011051103938370943,-0.00025437603471800685,-8.8082866568584e-05,-0.0021775183267891407,-7.652607746422291e-05,-0.000780683069024235,0.0004636022204067558,-0.0010078848572447896,0.0008877076907083392,0.0013025125954300165,-0.0005522502469830215,-0.00030386183061636984,0.0019815461710095406,-0.0009504707413725555,-0.00015236886974889785,0.000703490455634892,-0.0005941095296293497,0.0005961267161183059,0.0013520504580810666,-0.0004597302759066224
dose16k_A_s1,00212.png,7.10611348040402e-05,4.697596523328684e-05,-0.0012968175578862429,-0.0008688162197358906,-0.005164151545614004,-0.000465407531009987,0.000810599303804338,0.0012140395119786263,0.0009751777397468686,0.0015974455745890737,-0.0007055894238874316,-0.0006916563725098968,-0.0007539914222434163,-0.0007546779233962297,-0.001532775117084384,-0.00016915386368054897,0.00022237171651795506,0.0009761718101799488,-0.001893995446152985,-0.0011769331758841872,0.0011433218605816364,2.32674374274211e-05,-0.0008579280111007392,-0.0001979348890017718,0.001104349852539599,-0.0009573451243340969,0.0007761299493722618,0.0002342588413739577,9.26395005080849e-05,0.00022943895601201802,-0.001168922521173954,0.0007177993538789451,-0.0002545533061493188,-0.0006019550492055714,0.0011348407715559006
dose16k_A_s1,00213.png,0.000678014534059912,0.0001956261694431305,0.0005432464531622827,-0.00258068460971117,-0.0015099861193448305,-0.000643065373878926,0.0008791219443082809,-0.0005968385958112776,0.00046863144962117076,-0.0008103044237941504,0.0006934617995284498,-0.000389852182706818,-0.0005531030474230647,0.00012027810589643195,0.0013804332120344043,0.00029756376170553267,0.0009199455962516367,0.00027644491638056934,-0.000837168947327882,9.899308497551829e-05,-0.0006301324465312064,0.0013537983177229762,-0.0013136573834344745,0.0006492945831269026,-0.0008472621557302773,-0.0003518349549267441,0.0010257164249196649,0.0007821550825610757,-0.0005195016856305301,0.0014067997690290213,-0.0011636433191597462,0.0002799284120555967,-0.00020707941439468414,-0.00040742254350334406,-0.0006429762579500675
dose16k_A_s1,00214.png,0.0009778381790965796,-0.0003918383445125073,-0.0001632703497307375,-0.00015973628615029156,-0.0009122522315010428,0.0006563166389241815,-0.0004331339441705495,-0.0020176449324935675,0.0002963974548038095,-0.0014865909470245242,-0.0005980067071504891,-0.002682670019567013,0.001356731285341084,-0.0009386945748701692,-0.0006884243921376765,0.0005270346882753074,-0.0011373762972652912,0.0004753570246975869,-0.0014250065432861447,-0.00039298488991335034,0.00022022576013114303,0.0003571140405256301,-0.0006202491349540651,0.0005895848153159022,-0.00026142760179936886,0.0004471521533560008,0.0006923541077412665,-0.0009031140943989158,-0.0019544516690075397,0.0001354852138319984,0.0011533030774444342,-0.001407484756782651,-0.001589680789038539,-0.0006274810875765979,0.00012084265472367406
dose16k_A_s1,00215.png,-0.0006231373408809304,3.351365739945322e-05,-0.0014303767820820212,-0.00022443622583523393,0.0005224401247687638,-0.0003069133381359279,-0.001230629626661539,5.606001286651008e-05,-0.0008174731046892703,-0.0016068794066086411,-0.000905410444829613,-0.0020977293606847525,-5.8693163737189025e-05,-0.0007878257310949266,0.0002036501537077129,0.001137069775722921,0.00011471194738987833,-7.301054574782029e-05,0.0001401318295393139,-0.0008428103756159544,-0.0005155317485332489,8.0182719102595e-05,0.00044756504939869046,-0.002276116982102394,0.0006072465912438929,0.0001181300831376575,-0.0002622692845761776,0.0004946919507347047,-0.0002694699796847999,0.0007499484345316887,-0.0003901395248249173,-0.0012922778259962797,-0.00011032976908609271,0.0004259798733983189,-0.0006795985391363502
dose16k_A_s1,00216.png,-0.00032452077721245587,-0.001054637716151774,-0.0003349404432810843,5.91710522712674e-05,0.0006100857281126082,-0.00020215967379044741,0.0002254199207527563,0.0011268376838415861,0.0002011525066336617,0.0011026061838492751,-0.0001931423757923767,-0.0016735894605517387,-0.0002995865361299366,-0.001349052181467414,3.350905899424106e-05,-0.00022357958368957043,-3.3010255720000714e-05,0.000387980486266315,-0.001194134121760726,-0.001502246712334454,0.0012963676126673818,-0.0004368071095086634,-0.0023875776678323746,-0.0009632690344005823,-5.4901283874642104e-05,-0.0005724505754187703,0.00017681789177004248,1.2574357242556289e-05,-0.0017239215085282922,0.0003852924855891615,-0.00018233332957606763,-0.0001312807871727273,0.0003934049454983324,-0.0007963667740114033,-0.0016116193728521466
dose16k_A_s1,00217.png,-0.00026657545822672546,0.0001583178382134065,-0.0011228969087824225,0.0009675589972175658,0.00013453820429276675,0.00032413401640951633,-0.0005483246641233563,-0.00047264897148124874,-0.0006895187543705106,-0.00038156419759616256,0.0005999943823553622,8.939248800743371e-05,-0.0003204809909220785,0.0005281686899252236,-0.001123724039644003,0.000747802434489131,0.00018812580674421042,0.0011595389805734158,0.00026388411060906947,0.0007034954032860696,0.00012708744907286018,-0.0006904103211127222,0.0021424111910164356,0.0005196691490709782,-0.0004563269321806729,-0.0009610512643121183,-0.001326688681729138,-0.001036610803566873,-0.0003586241218727082,-0.0012086413335055113,-0.00047744609764777124,0.00019173587497789413,-0.0001684941234998405,-9.641981887398288e-05,-0.0008412149036303163
dose16k_A_s1,00218.png,-0.00050169083988294,-0.0008994843810796738,-0.00043316162191331387,-0.0005014717462472618,-0.001613400410860777,-0.001077938941307366,-0.000947654596529901,0.00043124370859004557,-0.000643004896119237,2.9717881261603907e-05,0.0011783104855567217,-0.00012172071728855371,-0.0013532043667510152,-0.0008410420850850642,0.0007185069262050092,0.0005856003263033926,-0.0006906167254783213,0.0012959664454683661,-0.0016067507676780224,-4.075330798514187e-05,-0.0006687275599688292,0.00040018008439801633,0.0001904576492961496,-0.0016406024806201458,-0.0013334547402337193,-0.0005605813348665833,-0.0015544274356216192,0.0006768457242287695,-3.4230521123390645e-05,-0.00023839290952309966,9.228350791090634e-06,-0.0007115089101716876,0.0005479457322508097,-0.0013048261171206832,-0.00021699181525036693
dose16k_A_s1,00219.png,-0.0007913202280178666,-0.0002643852785695344,-0.0007388789090327919,0.0006126107182353735,-0.000796270789578557,-0.00020847890118602663,-0.000455034663900733,-0.0011619264259934425,0.002350845606997609,0.0017690540989860892,-0.00018727620772551745,0.0005150736542418599,-0.0005057842936366796,-0.0010984368855133653,-0.00010557573841651902,0.0017895848723128438,0.0007180539541877806,-0.0007807555375620723,0.0009561815531924367,-0.0004936126060783863,-0.00012027985212625936,-0.0008767023682594299,0.000585489789955318,-0.0006879026186652482,0.0005407547578215599,0.000620185979641974,0.0009200347121804953,0.0004364853084553033,0.000875714817084372,0.0003492685209494084,-0.00011297751916572452,-0.00047812802949920297,0.0005082018906250596,2.7364687412045896e-05,-0.0011915498180314898
dose16k_A_s1,00220.png,9.343132114736363e-05,-0.00018600116891320795,0.0002765513490885496,0.0007918711053207517,0.001090495614334941,-0.0019141474040225148,0.002163845347240567,-0.0006363054853864014,9.351552580483258e-05,0.0016340226866304874,0.00043309753527864814,-0.00022302812431007624,-0.0016288405749946833,0.0014847286511212587,-0.0009510388481430709,0.0008225280907936394,0.001249986351467669,-0.0004879368934780359,0.0004929534625262022,-0.00044320241431705654,0.0003535202413331717,0.0005925706936977804,-0.0001972846657736227,-0.0008545575547032058,-0.0006198525661602616,-0.0009944477351382375,-0.00041808027890510857,0.00034264015266671777,0.0014708423987030983,-0.0004549037548713386,0.0005045693251304328,-4.288879063096829e-05,0.0005099333939142525,-0.0006028744974173605,0.0006784425349906087
dose16k_A_s1,00221.png,0.0010291601065546274,0.001132053672336042,0.0008876016945578158,0.0004929007263854146,-0.0003609565901570022,-0.0017862013773992658,-0.0004465747333597392,0.00035451966687105596,-0.0005265151266939938,1.6084901290014386e-05,-0.00027823104755952954,0.00025259339599870145,-0.00014081526023801416,-0.0010315588442608714,0.0009857144905254245,-0.00146027363371104,-0.00022816823911853135,-0.0010346433846279979,-0.000601533567532897,-0.0014154411619529128,-0.0006631863652728498,-0.0018169655231758952,-0.0006392747745849192,0.001062510535120964,0.0018487425986677408,3.8112404581625015e-05,-0.0005330194835551083,0.0010552414460107684,-0.0018758982187137008,-0.00038395292358472943,0.0003864334139507264,-4.811726466869004e-05,0.0006245815893635154,-0.001008697901852429,-0.0017453001346439123
dose16k_A_s1,00222.png,0.001300334231927991,0.001510830014012754,-0.00012061181769240648,-0.0012126227375119925,-0.0004931465955451131,0.00038641682476736605,-0.0010833636624738574,0.0009684885735623538,-0.00030782344401814044,0.00158434989862144,-0.0004090151924174279,0.0017372637521475554,-0.00029216293478384614,0.0016476010205224156,-0.0005125576280988753,0.0007459723856300116,-0.0007773814722895622,-0.0004752392997033894,-0.0008953386568464339,0.0008630641386844218,-0.0011221988825127482,-0.0014146852772682905,0.0008258519228547812,0.0018409379990771413,0.00045790773583576083,0.0005914425710216165,7.528936112066731e-05,-0.00023388334375340492,-0.00031917099840939045,-0.00011237173021072522,0.0017495693173259497,4.458574403543025e-05,0.0005486916634254158,-0.0013218977255746722,-0.0018573958659544587
dose16k_A_s1,00223.png,3.145320079056546e-05,-1.8935283151222393e-05,0.00017532888159621507,-2.8782320441678166e-05,7.506404654122889e-05,-0.00024049887724686414,0.00135257956571877,-0.00042661564657464623,-0.0009445292525924742,-8.376479672733694e-05,-0.0008665787754580379,-0.0004086216213181615,-0.001773896161466837,0.00035867784754373133,-0.0004243070143274963,-0.0008079480030573905,0.0003161510976497084,-0.0011908502783626318,-0.0017735528526827693,3.9148351788753644e-05,0.00031609393772669137,0.000720708689186722,0.0001672218058956787,-0.0003444933972787112,0.0006101908511482179,-0.00018174156139139086,0.0006589841214008629,-0.0010536048794165254,-0.0005164871108718216,0.0007533575408160686,-0.00039049360202625394,-0.00029712694231420755,7.639691466465592e-05,-0.0015532815596088767,-7.986021955730394e-06
dose16k_A_s1,00224.png,0.00045411961036734283,0.0007957272464409471,0.0005289201508276165,-0.005209304857999086,-0.0022596518974751234,0.00029873091261833906,-0.000573821016587317,0.0007664026343263686,-0.00019249705655965954,0.0013344750041142106,-0.0001907199912238866,-0.00022742261353414506,-0.0006172806024551392,-0.001093861646950245,-0.0010351223172619939,0.0008690889808349311,0.000876950507517904,0.0006775782676413655,0.0012199797201901674,0.000245978677412495,-0.00012711624731309712,0.0011776384199038148,-0.0019271201454102993,-0.00012745724234264344,-6.793715147068724e-05,-9.176653111353517e-05,0.0010473023867234588,-0.001139909727498889,0.0009193692239932716,-0.0006349930772557855,0.0005370223661884665,0.0014064888237044215,-0.0002865867572836578,0.00046461523743346334,0.00039426167495548725
dose16k_A_s1,00225.png,0.0006409097113646567,0.0017808981938287616,-0.0010829456150531769,0.0012442220468074083,-0.0003705278504639864,0.001093558152206242,-0.0007262094877660275,0.0006991924601607025,-0.000111456545710098,-0.0018598947208374739,-0.0005696375155821443,-0.0007703601149842143,-0.00015411349886562675,0.0006146733066998422,2.4992827093228698e-05,0.0012003565207123756,0.0010483377845957875,0.00014497021038550884,-0.0013015299336984754,-0.0007816352881491184,-0.0005984095623716712,-0.0013303924351930618,-0.0008359116036444902,-0.00017633535026106983,-0.0011977076064795256,-2.3402983060805127e-05,4.613487180904485e-05,0.000609818147495389,6.310576281975955e-05,-0.0008746112580411136,-0.0003411568177398294,-0.0004674816445913166,0.00041783295455388725,0.00044926913687959313,-0.0009089394006878138
dose16k_A_s1,00226.png,-0.0009067652281373739,-0.0003654655592981726,-0.0002571613877080381,0.002219862537458539,-0.0008309958502650261,0.002253025071695447,0.0012930692173540592,0.0005866374704055488,-4.647843888960779e-05,-0.0007053553126752377,0.0003854684764519334,-0.0011411739978939295,0.0017153470544144511,0.001336144981905818,-0.0006952490075491369,-0.0008112402283586562,0.0013749493518844247,8.731704292586073e-05,-0.0002598459832370281,0.0013158589135855436,0.0007463673246093094,0.0005534539232030511,0.0025166303385049105,0.000399651937186718,-9.965088975150138e-05,-0.00024252396542578936,0.0010047275573015213,0.0009703889954835176,0.0008610763470642269,-0.00046764881699346006,0.001061829156242311,0.0008513022330589592,-0.001286989194341004,0.0005982096190564334,0.00015530141536146402
dose16k_A_s1,00227.png,0.00045750956633128226,0.0015775361098349094,-0.0004965244443155825,-0.00026136107044294477,0.001094593433663249,0.00071525207022205,0.0017075673677027225,-0.0009523693006485701,-0.00036643267958424985,0.0014984126901254058,-0.0003230529255233705,-0.0008958926773630083,0.00046989691327326,-0.00034092552959918976,-0.0020568259060382843,0.0027261455543339252,0.0001762153406161815,0.0007274325471371412,-0.001155941397882998,-0.0010025944793596864,2.1998557713232003e-05,0.00047627874300815165,0.0002813022583723068,-0.0001400094188284129,0.0008042397676035762,0.0005616133566945791,-0.0022377294953912497,0.0008887340081855655,5.473777491715737e-05,-0.0006330627365969121,0.0004882847424596548,0.001121843932196498,0.0017189393984153867,-0.0003142180503346026,1.4799020391365048e-05
dose16k_A_s1,00228.png,-0.0009685193654149771,-0.0008157284464687109,0.0010532288579270244,0.0010258073452860117,-0.0008781696087680757,-0.00015069784421939403,0.0014388990821316838,0.0003552583511918783,-0.0007212517666630447,-0.0010509866988286376,0.0003789277980104089,0.0004751010565087199,-0.0013864886714145541,-0.00046065059723332524,-0.0007348186336457729,0.0007204526336863637,0.0008143770974129438,-0.0014732200652360916,0.0006951407412998378,0.000832179794088006,-0.0012420638231560588,-0.0005033513880334795,0.0012321302201598883,0.000935342104639858,-0.0006961723556742072,0.00039175915298983455,0.00018582535267341882,0.0020366660319268703,-0.0008409902220591903,0.0008895898354239762,-0.0004219788243062794,-0.0007263797451741993,0.00024238105106633157,-0.0001554933114675805,-0.0003521505568642169
dose16k_A_s1,00229.png,0.00028000143356621265,0.0001310303487116471,-0.00028998820926062763,0.0023394618183374405,-0.0002107964683091268,-0.0005355697358027101,0.0002291276032337919,0.00030167613294906914,0.0007975272019393742,-0.0004396402509883046,0.0009241228108294308,0.0010136158671230078,-0.0005253332201391459,-0.0022129439748823643,0.0010547098936513066,-6.686381766485283e-06,-0.0009166122763417661,-0.000650576374027878,-0.0003928295336663723,0.00014858022041153163,-0.001180029008537531,-0.000463258707895875,-0.0025723748840391636,0.0025539840571582317,0.0003409796627238393,-0.0008032512268982828,-0.00029453038587234914,0.0002975375100504607,-0.0005534694064408541,-0.0011326459934934974,0.000693109876010567,-0.000728127546608448,-0.0015151206171140075,0.00028612001915462315,-0.0007140971138142049
dose16k_A_s1,00230.png,0.0011654512491077185,0.0006085979985073209,0.00018231681315228343,0.0005381557857617736,0.0011140527203679085,0.0013863439671695232,0.0003107435768470168,-0.0015680373180657625,0.00029977751546539366,0.0005004398990422487,0.0010071687866002321,-0.002074629534035921,-0.0014304061187431216,0.00044575557694770396,-0.0002221196045866236,-0.0008351095020771027,0.00012182142381789163,-0.0003093986015301198,-0.00043626505066640675,-0.0011692179832607508,-0.00020073623454663903,0.0009143382776528597,0.0007421204936690629,0.001295843510888517,0.001482754130847752,-0.0003658829373307526,-0.0011234238045290112,-0.0002918564132414758,-0.00021578864834737033,-0.0004682742292061448,-0.00021505662880372256,0.0008847120916470885,-0.0006392934592440724,7.175181963248178e-05,0.0002337013283977285
dose16k_A_s1,00231.png,-0.0005269561079330742,4.647556852432899e-05,-0.0022528439294546843,0.00030125328339636326,0.003343278542160988,-0.0005778616177849472,-0.0011972672073170543,-0.0005363138625398278,0.0009281501988880336,0.0012414869852364063,0.0008321792120113969,0.0018012741347774863,0.0014428485883399844,-0.0008382785017602146,0.000986767467111349,0.0014891813043504953,0.0008658844162710011,0.00021826957527082413,-0.0005710104596801102,-0.0003506136708892882,0.000684415630530566,-0.0010538160568103194,-2.255539220641367e-05,-0.00031208101427182555,0.00022977872868068516,0.0007312361849471927,3.49963920598384e-05,0.0017555328086018562,-0.0013645150465890765,0.0003108298988081515,0.0011010223533958197,0.00037323558353818953,-0.0009633636800572276,-9.902701276587322e-05,-0.0003212429000996053
dose16k_A_s1,00232.png,-0.0012192872818559408,-0.00012143036292400211,0.0010395064018666744,-0.0011791925644502044,0.001919055706821382,0.0014944588765501976,-0.00043277652002871037,6.785268487874418e-05,0.0006797349196858704,-0.0013379170559346676,-0.0007201246335171163,-0.00021347754227463156,-0.0005010470631532371,0.0005521327257156372,-0.0006550221587531269,0.0003815180389210582,7.938273483887315e-05,0.000526275543961674,-0.0003367916215211153,0.0011822119122371078,-0.0012697142083197832,-0.00019359338330104947,-6.386080349329859e-05,9.917508577927947e-05,-0.0006718785734847188,0.00014575071691069752,-0.0014617424458265305,0.00027632861747406423,-0.00035564362769946456,-0.0002954211668111384,-0.0002895641955547035,0.0024601633194833994,-0.0016765155596658587,-0.0007094561005942523,-0.0002789601858239621
dose16k_A_s1,00233.png,0.0013062722282484174,0.002340960316359997,-0.0001798123848857358,-0.00019474759756121784,6.342976121231914e-05,-0.0008415061747655272,0.0014580846764147282,0.0006416024989448488,-0.0005695606814697385,0.0003255266055930406,-0.0012091104872524738,0.00024000630946829915,-0.0014685550704598427,0.0008709267131052911,0.0010642324341461062,0.0006572006386704743,-0.0004455356684047729,-0.00031561782816424966,-0.0005721002817153931,0.0009663566597737372,0.0020803140942007303,-0.000613849435467273,-0.0005479753017425537,0.0007040291675366461,-0.0006912829703651369,-0.00024341988319065422,-0.0004963261890225112,0.00042291852878406644,-0.00041723973117768764,1.2989826245757286e-05,0.0007927542901597917,0.002207942772656679,-0.0003701533132698387,-0.00019609302398748696,-0.0015589967370033264
dose16k_A_s1,00234.png,0.0007188987219706178,-0.00016774727555457503,-0.00025853485567495227,0.0005012613255530596,0.0006692640599794686,0.0009219986968673766,-0.0008815751643851399,0.0009336544317193329,0.00019816056010313332,0.0007963757961988449,-0.0007130898884497583,0.00028299354016780853,-0.000950584770180285,-0.0007526673725806177,-0.0015741336392238736,-0.00033470362541265786,5.306077218847349e-05,-0.0006331463227979839,0.001191434683278203,0.0020354215521365404,0.0009424453601241112,-0.00033476296812295914,-0.0020100625697523355,0.0009495259146206081,-0.0004839132889173925,0.0002955379895865917,-0.0005428363219834864,-0.0005313663859851658,-0.0005373895983211696,0.0011929076863452792,-0.001618935028091073,0.0006876308470964432,0.0001021088392008096,0.001257440890185535,0.0004052465665154159
dose16k_A_s1,00235.png,0.0023430236615240574,0.000678715412504971,-0.0005887305014766753,-0.0015381195116788149,-5.388788122218102e-05,-0.0008475156500935555,0.0003774793876800686,0.0016336006810888648,0.0010891254059970379,0.0011522111017256975,-2.3981572667253204e-05,0.00010644998110365123,-0.00048228251398541033,0.0016234214417636395,0.0014560655690729618,0.0014432106399908662,0.0006362051935866475,-0.00040179837378673255,0.000146063684951514,0.0002201141614932567,0.0013262057909741998,-0.0007715420215390623,-0.0006469083018600941,-0.0007289516506716609,0.0015523541951552033,1.812628033803776e-05,-0.0019488901598379016,-0.0005417218198999763,0.00017519942775834352,0.0006157556781545281,0.0027831178158521652,0.0009233595337718725,0.0006301287212409079,-0.0001981763489311561,-7.62657291488722e-05
dose16k_A_s1,00236.png,0.00027783785481005907,-0.0002140501601388678,0.0011464020935818553,-0.00023568559845443815,0.0012890339130535722,-0.0001631694904062897,0.00020518236851785332,0.0005910975742153823,0.00019161489035468549,-0.00013060212950222194,-4.733421155833639e-05,0.0013448400422930717,0.0008122812723740935,-0.00026153578073717654,-0.00018506588821765035,-0.0003768490569200367,-0.0011083135614171624,-0.0002540082496125251,-0.0013658503303304315,0.0008366614929400384,-0.00046175767784006894,-0.00012039579451084137,-0.0007375896093435585,0.00024451245553791523,-0.0004862341738771647,-0.0019761298317462206,-0.0012020202120766044,0.0006110657704994082,-0.0006838621920906007,-0.0003960111062042415,-0.0009715281194075942,-0.00028841456514783204,0.0016907614190131426,-0.0004240961861796677,-0.002610150957480073
dose16k_A_s1,00237.png,0.0013778218999505043,0.0009697726345621049,0.0001265436440007761,0.00027671069256030023,-0.000708939740434289,0.0003941486938856542,-7.36316796974279e-05,0.000205617630854249,-0.0007141674868762493,0.00015248559066094458,0.00029053224716335535,0.001071270671673119,0.0005828918074257672,-0.0002823716786224395,-0.0003687174175865948,0.0006253840983845294,0.0016195508651435375,-0.0018596010049805045,-0.0011460698442533612,-8.594528480898589e-05,0.0010073812445625663,-0.0014661304885521531,-0.001115590799599886,0.0015352244954556227,-0.00138530891854316,-0.00020802111248485744,0.000556020881049335,0.0006145440856926143,-5.7898840168491006e-05,-0.0008307750103995204,0.00011283365165581927,-0.00111350417137146,-0.00164704374037683,0.0010403243359178305,0.00010742296581156552
dose16k_A_s1,00238.png,-0.0013182720867916942,0.0002582029555924237,0.0007139373337849975,-0.0012078548315912485,1.3139864677214064e-05,0.001418265630491078,0.0006767555023543537,-0.0015063005266711116,-0.0008962751016952097,4.454268128029071e-05,-0.0004089474678039551,0.0012779642129316926,0.0014896922511979938,-0.00038786669028922915,8.732047717785463e-05,0.0013505509123206139,-0.0013704497832804918,-0.0006693436298519373,0.0023439833894371986,-0.0009694604086689651,0.0005887274746783078,-0.0010556768393144011,0.00127451925072819,-0.0002962723665405065,0.0005276870797388256,-0.0005167819326743484,-0.001638040877878666,0.0015592086128890514,-0.000403485813876614,0.000817934749647975,-0.00040341279236599803,0.001291758962906897,-0.002502329181879759,0.002053322969004512,0.0006140613695606589
dose16k_A_s1,00239.png,0.00012967109796591103,0.0010859384201467037,0.0003114190185442567,-0.00031309903715737164,-0.00114115746691823,0.00018997903680428863,-0.00016785926709417254,0.0004769852675963193,0.0005405957344919443,-0.00018507870845496655,0.0008992551011033356,0.001189155736938119,-0.0013353506801649928,-0.00022715750674251467,-0.00022294193331617862,0.0005026705912314355,-0.000922178034670651,0.0005190748488530517,0.0006944646593183279,0.00047275080578401685,0.000571342243347317,0.0009797326056286693,-0.0013452890561893582,0.00013230352487880737,1.8356149666942656e-05,-0.002779093338176608,0.002115389099344611,-0.0006694453186355531,-0.001211064518429339,0.0006061180029064417,0.0001489132846472785,7.134438055800274e-05,-0.0003382158756721765,-0.0003326473233755678,0.001272694207727909
dose16k_A_s1,00244.png,0.0003856580296996981,5.0742561143124476e-05,0.0005497904494404793,-0.0029706782661378384,0.00025011770776472986,-6.409433262888342e-05,-0.0004655731318052858,-0.00013752594531979412,0.00047363346675410867,0.0001023491786327213,6.252452749322401e-06,-0.00019897687889169902,-0.0005116561660543084,-0.0006857741973362863,-0.00010578366345725954,-0.0012208055704832077,-0.00010475208546267822,0.00020503975974861532,0.0003346378216519952,-9.600625344319269e-05,-0.0008190378430299461,-2.3198093913379125e-05,-0.00034764609881676733,-0.0008580829598940909,-0.0008054295904003084,0.0003784438595175743,-0.00039802311221137643,0.000642877072095871,9.006726031657308e-05,0.00027700868668034673,-7.491358701372519e-05,-4.8869449528865516e-05,-0.0017389111453667283,0.00019107208936475217,-6.762181146768853e-05
dose16k_A_s1,00245.png,0.0005903074634261429,-3.764442226383835e-05,-0.0001710636424832046,-0.0011437711073085666,-2.0419258817128139e-07,-0.001173332566395402,0.00017480926180724055,0.0002335271710762754,0.0004783583281096071,0.00036896465462632477,-0.0009423036826774478,0.0002232286788057536,0.0006788506871089339,-6.312211917247623e-05,-0.00031395198311656713,-0.0011815255274996161,-0.00040157249895855784,-0.0005929124890826643,0.00035215719253756106,-0.0013526191469281912,-0.00033598393201828003,-0.000752727035433054,-0.0001366514479741454,-0.001396198756992817,-0.0012756733922287822,-0.0020647633355110884,1.7372902220813558e-05,0.00046576367458328605,-0.0005221849423833191,0.0010634276550263166,0.0001836698647821322,-0.000875987985637039,-0.0003006880870088935,-0.00028262121486477554,0.0006660994840785861
dose16k_A_s1,00246.png,-0.00029567233286798,-0.0014467776054516435,-6.684919208055362e-05,-0.0003609613049775362,-0.00022658485977444798,0.0006586866802535951,0.0008790288702584803,-0.0016588254366070032,0.0013016016455367208,-0.0008877843501977623,-0.0014018176589161158,0.0002599284052848816,0.0013498266926035285,-0.0012235413305461407,-0.0011505242437124252,0.0015073950635269284,0.00021287970594130456,0.0007235264638438821,0.00033047422766685486,-0.0014817299088463187,0.00033731042640283704,0.00037944637006148696,0.0010399915045127273,-0.001371301244944334,0.0007968163699842989,0.00045412889448925853,-0.0007437798194587231,-3.907144127879292e-05,0.00010266506433254108,0.0014049013843759894,0.0003998034808319062,0.0013346768682822585,-3.0369912565220147e-05,0.00020405679242685437,-0.0003719849919434637
dose16k_A_s1,00247.png,0.0009089062223210931,0.0006445485632866621,-0.0009156569722108543,-0.00110737350769341,0.002383045619353652,0.000625650049187243,0.0005561699508689344,-4.862745481659658e-05,-0.0010489864507690072,-0.0009262295207008719,0.0004965240368619561,-0.00033304106909781694,4.67600766569376e-05,-0.0006375128286890686,-0.0008314737933687866,0.00028724895673803985,-0.00026356789749115705,0.0013463508803397417,-0.00025941774947568774,-0.0009381232666783035,-0.00048527962644584477,0.00011493383499328047,0.001185061177238822,0.0006791474297642708,0.00031535199377685785,-0.0006954910350032151,-9.247504749509972e-06,-0.0014374612364917994,-0.00011803243251051754,0.0008686638902872801,0.00010899826884269714,-3.1274209959519794e-06,0.00018349316087551415,-0.0007331348606385291,-0.001023138640448451
dose16k_A_s1,00240.png,0.00025490441475994885,0.0007871080888435245,0.0009677796042524278,-0.0005671342369168997,-6.623963417951018e-05,0.00168668816331774,0.00045695132575929165,0.0017068120650947094,0.0015089350054040551,-0.0009261916857212782,-0.0001565645361552015,0.0005356773035600781,6.337236118270084e-05,-0.0014121209969744086,-0.00012071256787749007,0.00031063437927514315,0.0009531403775326908,-0.0004342733300291002,-0.0001571132888784632,-0.0008383061503991485,0.0015703714452683926,0.0006440263823606074,0.0013811355456709862,0.00043092487612739205,0.0003004274913109839,0.00019127238192595541,-0.0013665802543982863,4.283756061340682e-05,7.99177068984136e-05,0.0003335777437314391,0.0011872731847688556,-0.0010688420152291656,-2.320770909136627e-05,0.00042156357085332274,0.00043164839735254645
dose16k_A_s1,00241.png,-0.0008868215954862535,-0.0006745485588908195,0.0006870594224892557,0.0005159490974619985,-0.0005038768285885453,-0.0004081284860149026,0.001264283899217844,-0.00013136050256434828,-0.00019382385653443635,0.0008028052398003638,-0.0008317303145304322,0.0017353446455672383,0.0005647948128171265,-0.0006022972520440817,-0.00079722871305421,1.7032352843671106e-05,-0.0002485676668584347,0.0010918467305600643,0.0007119402871467173,-0.001299278810620308,-0.0009228534763678908,-0.0016069184057414532,-0.0005793309537693858,0.001357648172415793,0.0012345173163339496,0.0012107104994356632,-0.0013811984099447727,0.00010824894707184285,0.0005153575330041349,-0.0002482176059857011,-0.00240229326300323,-0.0002569711359683424,-0.002060534665361047,0.001112655270844698,0.0004567079886328429
dose16k_A_s1,00242.png,-0.0009008285123854876,-0.0017676190473139286,-0.0021830755285918713,0.002949114190414548,0.000624139211140573,0.0015014217933639884,0.0006082183099351823,0.0007104373653419316,0.0010321458103135228,-0.00021845292940270156,-0.001510653761215508,0.00032080337405204773,-0.0010977220954373479,0.0011032364564016461,-0.0011603549355641007,-0.001124636735767126,-0.0007800537860020995,-5.762538421549834e-05,0.0006254943436942995,-0.0004195212386548519,0.0006005764007568359,0.0019721610005944967,-4.338508006185293e-05,-0.0009733196347951889,0.0014527776511386037,8.593447273597121e-05,-0.0001701792498352006,-0.001265352824702859,0.000993007910437882,-0.001231338712386787,0.0006707889260724187,0.0005199586157687008,0.00024026948085520416,0.0002655518474057317,0.0007252967334352434
dose16k_A_s1,00243.png,0.00043129705591127276,0.0004930754075758159,-0.001961094094440341,-0.0009292152244597673,-0.0034010279923677444,-0.0014011843595653772,-0.0001897845504572615,0.0006508633960038424,0.0010543761309236288,2.131249311787542e-05,-0.000733017863240093,0.0006892540259286761,-0.0005005671991966665,-0.0019292826764285564,-0.0006340894615277648,-0.0006970844697207212,0.0014288285747170448,0.0007116008782759309,-0.00024387860321439803,-0.00028766965260729194,0.0014965248992666602,0.0006936330464668572,0.0008966458844952285,-0.0016251429915428162,0.0012600470799952745,0.0009940892923623323,-0.0003343253047205508,0.0004980653175152838,-9.096693975152448e-05,9.390348714077845e-05,-0.0008541193092241883,0.0005877174553461373,0.0013840545434504747,0.00015069734945427626,-0.00010904692317126319
dose16k_A_s1,00248.png,-0.00011802889639511704,-0.0010315347462892532,0.0007961011142469943,0.0009528286755084991,-0.00028524562367238104,0.00037269818130880594,-0.0008860686793923378,0.0011784243397414684,0.0018648498225957155,-0.001601648167707026,0.0005682514747604728,-0.000122228215332143,-0.00047812022967264056,0.00017196287808474153,-0.0005789728020317852,-0.0003463175962679088,0.0004171330656390637,-0.0007824436179362237,-0.00026050704764202237,-0.00010569675941951573,-0.0007995401392690837,0.000841153203509748,0.0002926861052401364,-0.000731494917999953,0.00025325777824036777,0.0002203806216130033,-0.00040257733780890703,9.188811236526817e-05,-0.000800281937699765,-0.0011109086917713284,-0.00016524785314686596,0.0015636116731911898,0.00038224924355745316,0.0008089373586699367,-0.0010243499418720603
dose16k_A_s1,00249.png,0.001091681537218392,0.0010159212397411466,0.0007278115954250097,-0.00012606324162334204,0.0012323319679126143,0.001819665776565671,0.0009661887306720018,0.0002749334089457989,-0.0011136390967294574,-0.00039341123192571104,0.0012031742371618748,0.0007890835986472666,-0.0004663185100071132,0.001547263702377677,3.561276389518753e-05,0.000616744568105787,0.00042067054891958833,-0.000348266854416579,-0.0008851512684486806,0.00144471088424325,-0.0001409583492204547,-0.00047085495316423476,-4.129718945478089e-05,0.0011927240993827581,0.0004631045158021152,-0.0008252525585703552,-0.00048061690176837146,0.0019451008411124349,-0.0008198897121474147,-1.1138251466036309e-05,0.0005592798115685582,-0.0011666575446724892,0.0008991237264126539,0.0010608533630147576,-0.0013567253481596708
dose16k_B_s1,00000.png,-0.00025269732577726245,-0.00012256696936674416,0.0014850480947643518,0.001119172782637179,0.0014648456126451492,0.0012253994354978204,0.0016461017075926065,-0.0015211477875709534,-1.6104604583233595e-05,-0.0014360917266458273,4.92473627673462e-05,5.406321633927291e-06,-0.0008721650228835642,-0.0010411564726382494,-0.00040421044104732573,0.0021717706695199013,0.00015448254998773336,0.0009874544339254498,0.0001686726900516078,0.002756304107606411,-0.002095208503305912,-0.000568638788536191,0.00048491210327483714,0.0002600374282337725,0.0002719213080126792,0.0006083822809159756,0.0016679380787536502,-0.0005450221360661089,0.0020923418924212456,-0.0007078800117596984,-0.0010172507027164102,-0.0006471435772255063,-0.0010620566317811608,-0.0002321790816495195,0.0014880262315273285
dose16k_B_s1,00001.png,-5.522640549315838e-06,-0.0005772005533799529,0.000764013733714819,-0.0023867946583777666,0.001997461775317788,-3.8267251511570066e-05,-0.0010451746638864279,0.0001767906069289893,0.0011938627576455474,0.0011690007522702217,-0.0003552888229023665,-0.001163830398581922,-0.000862354296259582,-0.0010419799946248531,0.0003543133498169482,8.628558862255886e-05,-0.00039826345164328814,-0.0005783064407296479,-1.7333784853690304e-05,0.0013711679494008422,-0.001246598199941218,0.0008128194604068995,-0.001576805952936411,0.0005763806984759867,0.0022568185813724995,-0.0009126766235567629,0.00032982658012770116,0.0006508396472781897,-3.628951162681915e-05,6.575622683158144e-05,0.0009379209368489683,0.0010295689571648836,0.0007968469872139394,0.0010306519689038396,0.0005259455647319555
dose16k_B_s1,00006.png,0.0003490696253720671,0.000416148075601086,0.0016722488217055798,-0.0002881686086766422,0.002888099290430546,0.00015268023707903922,-0.0014892076142132282,-0.00031622685492038727,0.0012105365749448538,-0.0015056307893246412,0.0005542897852137685,-0.0021438184194266796,-0.0004516543122008443,-0.0009420419228263199,-0.0003068032383453101,0.0011708891252055764,0.0015653657028451562,-0.00043755496153607965,6.474964720837306e-06,0.0007767983479425311,-0.0003909577790182084,-2.1365534848882817e-05,0.0006195964524522424,-0.0009151602862402797,-0.000551945879124105,0.00035068494617007673,0.00022742558212485164,0.00045971659710630774,-0.0005875479546375573,0.0010202293051406741,0.001351360697299242,0.00022678384266328067,0.0002855146594811231,-0.0006913348915986717,-0.0006645955145359039
dose16k_B_s1,00007.png,-0.0007460644701495767,-0.0027875578962266445,0.0008959420956671238,-0.001584522658959031,-0.002453500870615244,0.0007668720209039748,-0.00022341030125971884,0.00020754715660586953,0.0005841892561875284,-0.0003771822957787663,0.0012889535864815116,-0.0012693345779553056,0.0011287395609542727,-0.00018207378161605448,0.0003686773416120559,-0.0010791237000375986,-1.6646301446598954e-05,-0.002158256247639656,0.0019244751892983913,0.0008615265251137316,0.0006978961755521595,0.0018154680728912354,-7.843216735636815e-05,-0.0013618534430861473,0.0015177319291979074,0.000502075650729239,-0.00025827830540947616,-0.0020604953169822693,0.0016587655991315842,0.00034315953962504864,-0.0008759272750467062,-0.0003467701899353415,0.0007743997848592699,-0.0004220186092425138,-0.0006894318503327668
dose16k_B_s1,00008.png,-0.0005382949602790177,-0.0002135973481927067,0.0010300993453711271,-0.00027752836467698216,0.001766552566550672,-0.0012017454719170928,0.0004014988662675023,-0.00010812786058522761,0.0008084771106950939,-0.002422212390229106,0.00022152606106828898,0.0011495071230456233,0.0006496751448139548,-0.001697723288089037,0.001035605208016932,0.000551902165170759,5.78383551328443e-05,0.0009469705983065069,-0.0001553238689666614,-0.0014192311791703105,0.0006160255870781839,-0.0006724740960635245,0.0004960701335221529,-0.0015292749740183353,-0.0015183521900326014,0.0004399929312057793,0.001173263299278915,-0.001284359721466899,-0.00119600270409137,-0.0002496684610377997,0.0021601964253932238,0.00028178744832985103,0.00032987186568789184,-0.00018034171080216765,0.00047081586671993136
dose16k_B_s1,00009.png,-0.0007718584383837879,-0.0007092729210853577,0.0005143125308677554,-0.0008160994620993733,0.0011856344062834978,-0.00023583463917020708,0.0002145892649423331,0.0011536714155226946,0.0009937158320099115,-0.00044195656664669514,0.0002534125524107367,0.0008998426492325962,0.0009571668924763799,-0.0011632462264969945,-0.00031536404276266694,0.0005172902601771057,0.0004538969660643488,0.0007281299913302064,-0.0005731515702791512,0.0009667607955634594,0.0034913213457912207,0.0004307267954573035,-0.0003027960774488747,-0.001436460530385375,0.0007437504827976227,0.00019157018687110394,-0.000129566848045215,-0.0008891081088222563,2.2088490368332714e-05,0.00011723837087629363,0.0006244066171348095,0.0012153676943853498,-0.0009953806875273585,-0.0008332047145813704,0.0007094214088283479
dose16k_B_s1,00002.png,-0.0006141529302112758,0.000702860183082521,-0.0016675192164257169,-0.0015001097926869988,0.0005700551555491984,0.0007112529128789902,0.0010416912846267223,0.0006893726531416178,0.00013570190640166402,-0.0010314214741811156,-0.00012895680265501142,0.0005564382299780846,-0.0012817970709875226,0.0005661007598973811,-0.0006597477477043867,-0.0002593467361293733,-0.0005096547538414598,0.0011916556395590305,0.0002117491385433823,0.0005899876705370843,-3.3969634387176484e-05,0.0003029009676538408,-0.001408567070029676,-0.0008220089366659522,0.0003739673411473632,4.018611434730701e-06,0.0020969125907868147,-0.000772204773966223,-0.00041452221921645105,-0.00024988385848701,0.0015211134450510144,-0.001290458720177412,-0.0007376488647423685,0.0018926719203591347,0.0004660756094381213
dose16k_B_s1,00003.png,0.0004240429261699319,0.0009884514147415757,0.0004296683764550835,0.0016499966150149703,0.0010708195623010397,0.002278660424053669,0.0012452403316274285,-0.0017167653422802687,0.00013763555034529418,-0.00111436378210783,0.0006393451476469636,-0.0013395440764725208,-0.00011896146315848455,0.0012021125294268131,-0.0015675198519602418,0.0011127347825095057,6.829043559264392e-05,-0.001904872478917241,-0.001127322786487639,0.0007870423141866922,-0.001031152787618339,-0.0007613074849359691,-0.00036874422221444547,0.0003999295295216143,-0.0017153638182207942,0.00031084389775060117,0.0014822459779679775,-0.0010206643491983414,-0.0002930595655925572,0.0005654829437844455,0.00060385832330212,-0.0012420810526236892,0.0016207987209782004,-0.0007345302728936076,-0.0015707480488345027
dose16k_B_s1,00004.png,-0.0001833508285926655,-0.0017348153050988913,-0.0007234917138703167,4.6837438276270404e-05,0.001736665260978043,-0.0002597965067252517,-0.0004748131614178419,-0.0010769630316644907,0.00045714815496467054,7.828987145330757e-05,0.0007813928532414138,-0.0004167076840531081,0.00015179946785792708,0.00028131811995990574,-0.00039034761721268296,-0.001727948198094964,-0.0006630723364651203,0.0015076161362230778,-0.0021031799260526896,-0.00012431314098648727,0.0001237454853253439,-0.0011051214532926679,0.002249999437481165,0.0017883990658447146,0.0013887042878195643,-0.0008965185261331499,0.0007542883395217359,0.0011088080937042832,0.0006380797130987048,0.00026364237419329584,0.0001543679682072252,0.0014335965970531106,0.0008244001655839384,0.000606348505243659,0.0010228278115391731
dose16k_B_s1,00005.png,0.0004403672064654529,-0.0014141338178887963,0.0014748654793947935,0.00038786238292232156,0.0038023339584469795,-0.00020212809613440186,0.0006813719519414008,-0.0005290920962579548,0.0011201348388567567,-0.0005877373041585088,-0.0007695629028603435,-0.0002257049345644191,-0.0015039885183796287,1.4166801520332228e-05,-0.0006031715893186629,-0.0003725097922142595,-0.0008498657844029367,-0.0004881206841673702,0.0006145008374005556,0.0009411663631908596,-0.0011633574031293392,-3.436233237152919e-05,-0.0006097694858908653,-0.0009379920666106045,-0.00108668627217412,0.001085178810171783,-0.0011774597223848104,-0.0005593247478827834,-0.002661848207935691,0.00011388101847842336,-0.00031332450453191996,-6.700443918816745e-05,0.0005057836533524096,0.0005498873651959002,-0.0014450878370553255
dose16k_B_s1,00010.png,-0.0004136529751121998,0.0008226901991292834,0.0001887795951915905,0.0005146516487002373,-0.0018950393423438072,-0.0016187697183340788,-0.000684437167365104,1.8414797295918106e-06,0.0002388114226050675,-0.000804308510851115,0.00042554509127512574,0.0005242285551503301,-7.600535900564864e-05,0.0003470617812126875,-0.0009976407745853066,-0.0001551279565319419,-1.4200627447280567e-05,0.0005432717734947801,-0.00011015032941941172,-0.0003621363721322268,0.00024833035422489047,0.0004994910559616983,0.00012481371231842786,-0.0008159832796081901,0.0003909748629666865,-0.0009536748984828591,-0.0003230791771784425,0.0003271035384386778,0.0006325205322355032,-0.00027632771525532007,-0.0009168987744487822,-0.0019643036648631096,-0.00017674989067018032,-0.0007972927414812148,-0.0007976999622769654
dose16k_B_s1,00011.png,0.0014382258523255587,0.0020145263988524675,-0.00011568429908948019,-0.00031750297057442367,-0.0010890222620218992,0.001211049617268145,-0.0005770285497419536,-2.897939339163713e-05,0.001274381997063756,-0.00044307703501544893,-0.0006561597110703588,-0.0006566187948919833,0.0009003684390336275,0.00015257134509738535,0.0004186084261164069,-0.0003684021648950875,0.0013059156481176615,-0.00011880380770890042,0.0001666315656621009,-0.0006581255584023893,-0.0006279724184423685,0.0007588635780848563,-0.0012832058127969503,-0.00011511574848555028,-0.0005323041114024818,-0.0008540747803635895,-0.001465384615585208,0.0006611431599594653,-0.0008939122781157494,-0.0008284877985715866,-0.0005955574451945722,0.0003775546792894602,-0.0009407014003954828,-0.0008071959018707275,-0.0019986238330602646
dose16k_B_s1,00012.png,-0.00147254450712353,-0.0011893311748281121,-0.0009594025323167443,0.0021704435348510742,-0.0009649605490267277,0.001010037842206657,0.0014743759529665112,-0.0003081481554545462,-0.002043334301561117,0.00015812338097020984,-0.0011308526154607534,-0.0003818815166596323,-0.0010400260798633099,0.00037312525091692805,-0.00020314120047260076,-0.0003842623555101454,0.00017812672012951225,0.0010687160538509488,-1.5626721960870782e-06,0.0005535024683922529,0.00036745687248185277,0.0007848953828215599,-0.0007917396724224091,9.480230801273137e-05,1.408708840244799e-06,-0.0005744066438637674,0.0007045321981422603,-0.0008187753264792264,0.000434594665421173,-0.0002733264700509608,0.00012387351307552308,0.0016440909821540117,-0.0013567088171839714,0.00019481376511976123,0.0002505276643205434
dose16k_B_s1,00013.png,-0.0002020566607825458,-0.0010719591518864036,0.001598894945345819,0.00219040852971375,-0.0008772271685302258,-0.0006947960355319083,0.001327550271525979,-0.0009881355799734592,0.000984477810561657,0.0016538874479010701,0.0013365470804274082,-0.0003277167270425707,0.000548031588550657,0.0015408839099109173,-0.0005166895571164787,-0.0007562669343315065,-0.00013398670125752687,0.0005032165790908039,0.0004901826614513993,0.002144175348803401,0.0013157672947272658,-0.0006855363608337939,-0.0002665238862391561,0.0014054381754249334,0.0010777447605505586,-0.001053177285939455,-0.0007313808309845626,0.0018278174102306366,9.135995787801221e-05,-0.0005469152820296586,-0.002118262927979231,0.0010529893916100264,-0.00012514679110608995,0.00044574448838829994,-0.0007227049791254103
dose16k_B_s1,00014.png,-0.0004848110256716609,0.0006641257787123322,-5.6461907661287114e-05,-0.0005941542913205922,-1.038760365190683e-05,-1.7299806131632067e-05,0.0014255080604925752,-0.00019585021072998643,0.0011148923076689243,5.9261285059619695e-05,0.0015045673353597522,0.0016291531501337886,0.00036423830897547305,-0.001270041917450726,-0.001088070566765964,-9.992617560783401e-05,0.0013536149635910988,0.00019511290884111077,0.0012557021109387279,0.0004211599880363792,0.0008952413336373866,0.0004934024182148278,-0.00026801700005307794,0.0003739093372132629,-0.0005562799051403999,0.0001010105770546943,-0.002264271955937147,-0.00032394344452768564,0.001955032581463456,-0.0013575094053521752,7.927781553007662e-05,-0.0020267057698220015,-4.2976233089575544e-05,0.002147488296031952,0.0007072458975017071
dose16k_B_s1,00015.png,2.2850250388728455e-05,0.001064880983904004,-0.0010593847837299109,0.00010867714445339516,-0.0006941929459571838,0.0004800512397196144,-3.485481283860281e-05,0.000741859374102205,0.0011805951362475753,0.00027600929024629295,0.0004505902761593461,0.0012886762851849198,-0.00018173074931837618,-0.0008477866067551076,0.00014117023965809494,-0.0011428872821852565,0.0008004705305211246,0.0004061550716869533,-0.0004950814181938767,-0.0005481485859490931,-0.00023740257893223315,0.0006223662057891488,0.000177539317519404,0.0012537989532575011,-5.884849451831542e-05,0.00041295308619737625,-0.0013682132121175528,-0.001911182887852192,0.0001636524684727192,0.00042959919665008783,0.000304213521303609,-0.00039194850251078606,-0.0005431349854916334,0.0017979723634198308,-0.0014015614287927747
dose16k_B_s1,00016.png,0.000994762172922492,0.00016095834143925458,-0.002660473808646202,0.0026794958394020796,0.0010067049879580736,-0.0009010263602249324,0.00143518322147429,-0.0006711676251143217,-0.0020418651401996613,0.000701245095115155,0.0020010757725685835,0.0005226066568866372,0.0002489387115929276,0.00016480838530696929,-0.0005837857606820762,9.04133848962374e-05,-0.0005312401917763054,-0.0005214805132709444,0.000558533938601613,-0.001711311168037355,-0.00012241961667314172,-0.0005715216975659132,0.0008726357482373714,-0.0003338951210025698,-0.0021050022915005684,-0.001097670174203813,-0.001218620571307838,0.0007457080646418035,0.0004185689031146467,0.00013915689487475902,-0.0018135455902665854,-0.001367604942061007,0.0007422404014505446,0.000176878078491427,0.00034163790405727923
dose16k_B_s1,00017.png,0.0008315936429426074,0.0004502649244386703,0.00030439277179539204,-0.0014290291583165526,-0.0009491959935985506,1.8837255993275903e-05,-0.0005568794440478086,-0.0005388194695115089,0.001558766234666109,0.0007298216223716736,-0.0005103507428430021,0.0006709018489345908,0.0021471285726875067,-0.0008778444025665522,0.0022986254189163446,0.0006142044439911842,-0.0006119577446952462,-0.001312768436037004,-0.00024006042804103345,0.0013352619716897607,-0.00048543940647505224,-0.0007814998971298337,0.0010786743368953466,1.2552601219795179e-05,0.0018496481934562325,-0.00010934772581094876,-0.0014421341475099325,-0.0011287197703495622,0.00010104016109835356,-0.0008940054103732109,0.00014163988817017525,-0.00012393275392241776,0.000906789384316653,-0.0010338694555684924,0.001120369415730238
dose16k_B_s1,00018.png,0.0016460117185488343,0.0020500142127275467,-3.692380914799287e-06,0.00181800767313689,0.001395885949023068,2.962303551612422e-05,-0.000520265894010663,0.0006635148311033845,3.6246186937205493e-05,-0.0006197100738063455,-0.0005359449423849583,-0.00047134785563685,-0.0006379549158737063,0.0007350613013841212,0.0007971346494741738,-0.00032141516567207873,-0.0005874354974366724,-0.0004714455280918628,0.0003994310973212123,0.0004028494586236775,0.0011973882792517543,0.0006424318999052048,0.0008846457349136472,0.0002441336982883513,-0.0012982030166313052,0.0002164645993616432,-0.0011726010125130415,0.001491748495027423,0.00019336452533025295,-0.0001844036451075226,2.2316191461868584e-05,0.0010642324341461062,0.0002887846203520894,-0.0014758013421669602,-0.00011822065425803885
dose16k_B_s1,00019.png,8.548252662876621e-05,0.0005528301117010415,0.0004895359161309898,-0.000503251445479691,-0.00046525418292731047,-0.00014398177154362202,-0.0004801023460458964,-0.00014204364561010152,-0.0007010914850980043,0.001261889818124473,0.0011653644032776356,-0.00022862070181872696,-0.0014201230369508266,0.0011735912412405014,-0.0005205151974223554,-0.00014489793102256954,-0.0005335621535778046,-0.0007701896247453988,0.0013787744101136923,-0.0004819472669623792,0.0003872413653880358,-4.1785686335060745e-05,0.000823172798845917,-0.0008643472101539373,-0.001842227065935731,0.00012639749911613762,0.00019871923723258078,0.0008240610477514565,6.151351499283919e-06,-0.00042702906648628414,0.0005853480543009937,0.001457131584174931,-0.0014984270092099905,0.0004641988198272884,0.0012173228897154331
dose16k_B_s1,00020.png,0.0007662331336177886,0.0005604859325103462,-0.0007688461919315159,0.0002698448661249131,0.0009889255743473768,-0.0004665838205255568,0.0003096958389505744,-0.0004580862878356129,0.0004982542595826089,0.00021201906201895326,-0.0005398772773332894,-0.00011109138722531497,-0.00011840173101518303,-0.0014172951923683286,0.00026027607964351773,0.0008282409398816526,0.0006906132912263274,-0.0024313137400895357,0.0012043773895129561,-0.0010296450927853584,-0.0009981418261304498,-0.00016620545648038387,0.0008420734666287899,-0.0009645724785514176,-0.0012488000793382525,-0.00047116755740717053,0.0010075235040858388,0.00012373027857393026,0.00011010925663867965,-5.7725890656001866e-05,-0.0007916511385701597,0.0004651965864468366,6.248824502108619e-05,0.00012182430509710684,-0.0015381972771137953
dose16k_B_s1,00021.png,0.0003988939570263028,-0.0011726723751053214,-0.0012428261106833816,0.0014687497168779373,4.88609257445205e-05,0.00032678982825018466,0.00013281604333315045,-0.0006408113986253738,0.0007381551549769938,-0.00032700959127396345,-0.0005784662207588553,0.0003562848723959178,-0.0008155504474416375,0.00012290342419873923,0.0003643194504547864,-0.0002475307846907526,0.001109229400753975,-0.0006000662688165903,-0.0002379338548053056,-0.00041272700764238834,0.0001681257999734953,0.0006917752325534821,0.0006569320685230196,-0.0011336663737893105,7.867551175877452e-05,-0.0004127616703044623,0.0001632945641176775,0.0009462647722102702,-0.00026630633510649204,0.000533160986378789,0.0010217485250905156,-0.0003887331404257566,-0.0012925391783937812,0.0007820879691280425,-0.0002794037282001227
dose16k_B_s1,00022.png,-0.0008708304376341403,-0.0008596673142164946,-0.00038302139728330076,-0.0006509461672976613,0.0003174415905959904,-0.0004636912199202925,0.00031088365358300507,0.00047419406473636627,-0.0001471637369832024,-0.0010439822217449546,-0.000356847740476951,0.00013185423449613154,-0.0006528078811243176,-0.00011601436563069001,-0.00032355551957152784,0.0005403216346167028,-9.185390081256628e-05,-0.0004618923703674227,-0.0007619871175847948,0.001420645508915186,-6.210840365383774e-05,0.0013860365143045783,0.0002048704627668485,0.0003017135022673756,0.00039935822132974863,0.0016156397759914398,-0.001193784293718636,-0.0007895827875472605,-0.0004917049664072692,-0.0002468189049977809,-0.0011572798248380423,0.0006438391865231097,-0.0006123722996562719,-0.00023151483037509024,0.0001852049899753183
dose16k_B_s1,00023.png,-0.0010747674386948347,-0.0011468074517324567,-0.0001698021515039727,-0.0004269832861609757,0.00015775248175486922,-0.0011451839236542583,-0.0008994373492896557,-0.0005379432113841176,-0.0013042895589023829,9.244421562470961e-06,0.0007599027594551444,-0.001828155480325222,0.0016193697229027748,-0.000781464681494981,-4.4177471863804385e-05,-0.0009380965493619442,7.13272747816518e-05,-0.0009033466340042651,-0.0006560567417182028,3.974856008426286e-05,-3.9852795453043655e-05,-0.0004716722178272903,5.574055467150174e-05,-0.0003056676941923797,-0.0005416331114247441,0.0008630901575088501,-0.0008121831342577934,0.00020394493185449392,0.0009438195265829563,-0.0012023848248645663,0.000998988631181419,-0.00020592760120052844,5.9124588005943224e-05,0.001898275688290596,-0.0009995586005970836
dose16k_B_s1,00024.png,-0.0006036671693436801,-0.00033268998959101737,-0.001246795174665749,-0.0005454469937831163,0.000312967284116894,0.0018665656680241227,0.00035613408545032144,-0.00015551396063528955,-0.0010938587365671992,-0.00027711709844879806,-0.0006238279747776687,-0.0008931686752475798,-0.001412325189448893,-0.0008648817311041057,0.0005817227065563202,0.001402571564540267,-0.0005786556284874678,0.00031620365916751325,-0.0007791832322254777,-2.9272210667841136e-05,-0.0007330297376029193,0.00035805991501547396,-0.0009440082940272987,-0.0007243154104799032,0.000706129998434335,-0.0012182531645521522,0.00011923625424969941,0.0008827015990391374,-0.001540372846648097,0.0012538006994873285,7.164750422816724e-05,-0.00030390435131266713,0.0003498043806757778,0.0009302579564973712,0.0007014875300228596
dose16k_B_s1,00025.png,-0.0021938933059573174,-0.0018559194868430495,0.0015540574677288532,0.0020927218720316887,-0.0015149707905948162,0.001688456628471613,0.0010382417822256684,0.000577985483687371,0.0008834078325890005,-5.948239777353592e-05,6.726574792992324e-05,0.0015583554049953818,-7.610933243995532e-05,-0.0009828091133385897,0.001838240190409124,0.001693817786872387,0.0004988008295185864,-0.00016459332255180925,0.001559889642521739,-0.0009498391882516444,-0.0005368691636249423,-0.00032389737316407263,0.0009511649841442704,0.0007030923152342439,0.0014363541267812252,-0.00025412801187485456,-0.00042203455814160407,-0.0016237245872616768,0.0012591542908921838,-0.001103987218812108,0.00021678712801076472,8.387818525079638e-05,-0.0018175465520471334,0.002724449383094907,-0.000140757518238388
dose16k_B_s1,00026.png,-0.00035416087484918535,5.215686542214826e-05,-0.0009238111088052392,0.0002999698626808822,0.0006678366335108876,0.000323357991874218,0.0005362831288948655,-0.0016168191796168685,-8.949529728852212e-06,-0.0013691596686840057,0.001143117668107152,-0.00029587437165901065,-0.0012668089475482702,0.0005761515349149704,-0.0005824996042065322,-0.0002873785560950637,-0.00039166086935438216,1.502283680565597e-06,0.0008015971397981048,0.0010173073969781399,-0.0007278853445313871,-0.0013281058054417372,0.001128472969867289,-0.0006346675218082964,0.0010341177694499493,0.0008381879888474941,-0.0006510275416076183,-0.0008413801551796496,0.0002617210557218641,0.00041263565071858466,0.0006096287397667766,2.7968651920673437e-05,-0.0003546198713593185,0.00036118895513936877,0.00029318153974600136
dose16k_B_s1,00027.png,0.0007579937810078263,0.001201589242555201,0.001553432666696608,0.0011541085550561547,0.003022580174729228,0.0006099016754887998,0.0005970872589387,-0.0022795104887336493,-0.0005142315058037639,-0.0010424409992992878,5.061510091763921e-05,-0.0005872376495972276,-0.0012136318255215883,0.000847030314616859,3.4591594157973304e-05,-0.00012749925372190773,-0.0011447282740846276,0.0006173992296680808,-0.000290376745397225,-9.129108366323635e-05,0.0007239439291879535,-0.00018201288185082376,-0.00036364950938150287,0.0005317225004546344,-0.000378923024982214,0.000628095178399235,-0.0006437603151425719,0.00020547705935314298,-0.0013441890478134155,0.0013029086403548717,-0.00044991110917180777,-0.0010566285345703363,-0.00024581377510912716,0.0009470549994148314,-0.00025762998848222196
dose16k_B_s1,00028.png,-0.00045691675040870905,-0.00018997280858457088,-0.0017607742920517921,0.0006751642213203013,0.0010814061388373375,-5.587921623373404e-05,-0.00025267276214435697,-0.001054299995303154,0.0009962664917111397,-7.210101466625929e-05,0.0005508021567948163,-0.0005808087880723178,-0.0006616836762987077,-0.00017785700038075447,0.00021572735568042845,-0.0014799273340031505,-0.00034561127540655434,-0.0011368512641638517,-0.0008861604146659374,0.00035364492214284837,-0.0008450376917608082,-0.000837811385281384,0.000987098435871303,-0.00013815313286613673,0.0007735725957900286,0.00034070498077198863,-0.0003752535267267376,0.0010434138821437955,0.0006141537451185286,-0.0009948487859219313,-5.987194163026288e-05,-0.0004942723317071795,-0.00041800146573223174,-0.00011140188871650025,-0.00019121730292681605
dose16k_B_s1,00029.png,0.0013205023715272546,0.0009217852493748069,2.9466156775015406e-05,0.0009239681530743837,-0.00027274832245893776,0.00023932209296617657,-0.00016232194320764393,-0.00011951921624131501,-0.0008653671247884631,-0.0003929297090508044,2.4395316359004937e-05,-0.0010765339247882366,-0.0018582985503599048,-0.00045363561366684735,-0.0006590329576283693,9.496130951447412e-05,0.001279004500247538,0.00013376718561630696,-0.0018121907487511635,-0.00039574338006787,0.0005381389055401087,-0.0003063416515942663,0.00038758156006224453,0.00019809922378044575,-0.001417812192812562,-0.00016305121243931353,-0.0006654878379777074,-0.00021388455934356898,0.0008947246824391186,0.0001419319014530629,-0.0009694566833786666,0.0006106292130425572,0.0002806441334541887,0.0008640724117867649,0.0008544107549823821
dose16k_B_s1,00030.png,0.0006415129755623639,-0.00013052970462013036,0.000468717043986544,0.0011509641772136092,0.0005882782279513776,-0.0008460967801511288,-0.0007280470454134047,-0.0010505147511139512,-0.0005837848875671625,0.0012611194979399443,0.0007545853150077164,-0.00015973510744515806,-0.0012437256518751383,-0.0004162634431850165,-0.0007315678521990776,-3.7264017009874806e-05,0.0004504605894908309,-0.0004380080208647996,0.00035233513335697353,-0.001063586096279323,-0.000958435470238328,0.000276957027381286,-0.00023407475964631885,-0.0018163998611271381,-7.105762051651254e-05,0.0007461751811206341,-0.0020674571860581636,-0.0007815364515408874,0.0004084427491761744,-0.0007545716944150627,0.0012871533399447799,-0.00019383018661756068,0.001167598646134138,6.167302490212023e-05,3.1846040656091645e-05
dose16k_B_s1,00031.png,0.0008129315683618188,0.0007001225021667778,-0.0018874973757192492,0.0014248156221583486,0.0001046649194904603,0.00045686421799473464,0.0014885681448504329,0.0017742803320288658,0.0016620599199086428,0.00045757528278045356,0.0002264051145175472,0.00020099400717299432,0.00040588172851130366,-0.0009820114355534315,7.30418469174765e-05,-0.0004010343109257519,0.0011833555763587356,-0.0013128217542544007,-7.841276237741113e-05,-3.3304553653579205e-05,-0.000422348384745419,0.0006939313025213778,-0.00031919541652314365,0.0007206566515378654,-0.0008514240034855902,3.254719922551885e-05,-0.0006710045854561031,0.00021955902047920972,-0.0007170999888330698,0.0002793115854728967,0.0002553732192609459,0.0011569684138521552,-3.5846322134602815e-05,0.0007600221433676779,-0.0002598627470433712
dose16k_B_s1,00032.png,0.0006588191026821733,2.1937055862508714e-05,-0.000984098413027823,-0.0015616657910868526,-0.0016028516693040729,0.000563250679988414,-0.00029018003260716796,-0.0024895600508898497,-0.0006529015372507274,-0.0005025547579862177,0.0002879856911022216,1.7213280898431549e-06,-0.0010273323860019445,-0.00021442610886879265,-0.0021586508955806494,-0.0008761032950133085,0.001517903059720993,0.0003818574477918446,-0.00023596719256602228,-0.0008544528391212225,0.0003786563756875694,0.0002478298847563565,-0.00045936511014588177,0.0005793943419121206,0.0010370906675234437,-0.00012128019443480298,-0.0006983639905229211,-7.245603046612814e-05,-0.0011779465712606907,-0.0005274192080833018,-0.0009498904109932482,-0.00019003696797881275,-0.0006061096210032701,-0.001198580488562584,-0.0010648582829162478
dose16k_B_s1,00033.png,0.00012060583685524762,0.00017728355305735022,-0.00031159931677393615,0.0007809922681190073,-0.0016051604179665446,-0.0008892106125131249,0.0008898265659809113,-0.000552817655261606,0.001407353556714952,-0.0014744222862645984,0.0019274860387668014,7.359166193054989e-05,0.0004547179851215333,-0.00017091048357542604,0.0004782077739946544,-0.002093149581924081,0.0006166529492475092,-0.0008215330308303237,-4.2677955207182094e-05,-3.0418879759963602e-05,0.0006451417575590312,0.0007223158609122038,-0.0008378137135878205,-0.0006740953540429473,-0.0008441808167845011,-0.001261182245798409,-0.0015743039548397064,-0.0005660150782205164,-0.00013535009929910302,-0.0009051046217791736,0.0008157702977769077,-0.001110289478674531,-0.001513312803581357,-0.00032334175193682313,0.00145958480425179
dose16k_B_s1,00034.png,0.0013096763286739588,0.0019397132564336061,-0.001079512876458466,0.002126023406162858,0.0015213042497634888,-0.0003565418010111898,0.001084537012502551,-0.0007291180663742125,0.0007946310797706246,0.00010997438221238554,0.0015252442099153996,0.00014448753790929914,-0.001388578093610704,-0.0024836412630975246,-0.0014984823064878583,3.5815010051010177e-05,0.0006274337065406144,-0.0001100897352444008,1.2987986337975599e-05,3.853429006994702e-05,-0.0009334288188256323,-0.0003622529038693756,-0.0013716386165469885,-4.196214649709873e-05,0.0003791698254644871,-0.0005264525534585118,-0.00027525759651325643,0.001061155810020864,-0.00233293860219419,-0.0018798975506797433,0.0009079202427528799,-0.00047580187674611807,-0.0007994035258889198,0.0005815402255393565,-0.001026504673063755
dose16k_B_s1,00035.png,-0.0005678237066604197,2.25799794861814e-06,-0.0013997266069054604,-0.0009620999917387962,-6.916413985891268e-05,0.0005022886907681823,-0.00020966904412489384,-0.00035144027788192034,7.461654604412615e-05,0.0008088424219749868,0.0010261144489049911,0.00039316757465712726,-0.000505210307892412,-0.0008338020998053253,0.0008252272964455187,-0.00010433950956212357,0.0014875022461637855,-0.00034299842081964016,0.00046408784692175686,0.00030232928111217916,-0.0005885367281734943,-0.000966111954767257,-0.001088542165234685,-0.00021912597003392875,0.001100944704376161,0.0017121140845119953,0.00015086376515682787,0.0008911265176720917,0.001058747060596943,-0.0015611523995175958,9.877403499558568e-05,-0.0005693776183761656,0.0005747305112890899,0.000242351001361385,-1.5564432032988407e-05
dose16k_B_s1,00036.png,0.0006261800299398601,0.0010034280130639672,-0.0002070618502330035,-0.0018099459121003747,4.381462713354267e-05,0.0002713895810302347,-2.02184291993035e-05,-0.00025447181542403996,-0.0006071726093068719,0.00010134949843632057,-0.0001090017321985215,-0.0009729227749630809,-0.0013741665752604604,0.0001607670565135777,0.0011990410275757313,-0.0007431525737047195,-0.0012019190471619368,0.0005499600665643811,0.00018511699454393238,0.001509761088527739,-0.0004930279101245105,-0.0010627220617607236,0.0013458976754918694,0.0018102378817275167,-0.0006797070382162929,0.000637590594124049,-0.000951430294662714,-0.0005105668096803129,0.0011501298286020756,0.0019339188002049923,0.00055961828911677,0.0014131192583590746,0.00047705223551020026,5.5458094720961526e-05,-0.0004100884252693504
dose16k_B_s1,00037.png,-0.0028662008699029684,-0.002617905382066965,-0.0009400135022588074,-0.0006126938387751579,-0.001455067889764905,3.282845500507392e-05,-0.0001706863404251635,0.0019208459416404366,0.0011301490012556314,-0.0016813420224934816,0.0003875447146128863,-0.0014323386130854487,0.00026119453832507133,-0.001023565768264234,-3.657066554296762e-05,-0.0002543402079027146,-0.0020416404586285353,0.0007153908372856677,9.976488945540041e-05,0.0006752575864084065,0.001465055625885725,7.82841962063685e-05,-0.00019949460693169385,-0.000720009848009795,0.002129047643393278,-0.0003724507987499237,-0.00040370915667153895,-0.0007423379574902356,-0.0005998268024995923,0.0003863795136567205,0.00015316370991058648,0.00020886292622890323,0.000163239412358962,0.00014798555639572442,-0.0007691842038184404
dose16k_B_s1,00038.png,-0.0009372511995024979,-0.0020111140329390764,-0.0006633884040638804,0.00025057102902792394,0.0007781771128065884,-0.0003984878130722791,-0.001030922052450478,0.0012299021473154426,0.002153050387278199,0.000589859439060092,-0.002225245349109173,-0.0006355922087095678,-0.00012127125228289515,0.0006370420451276004,-0.0005403762916103005,-0.0001341972965747118,0.001336331944912672,-0.0007883758516982198,0.0006411395152099431,0.001009615371003747,-0.0001674215600360185,-0.0011723539792001247,0.00043558215838856995,-0.0011370176216587424,0.001432045828551054,0.001980880741029978,-0.0012347870506346226,0.00031223890255205333,0.0011128934565931559,-0.00033981414162553847,0.0004622955166269094,7.554155308753252e-05,0.0011632242240011692,0.0007627617451362312,-0.0013138900976628065
dose16k_B_s1,00039.png,0.0004859628388658166,0.001646036165766418,0.0007906788378022611,-0.0009250451694242656,0.00021986397041473538,0.0008351036813110113,0.0012915265979245305,0.0005233670817688107,-0.002236850094050169,-0.00097002147231251,0.0017131119966506958,0.0016615306958556175,0.0005879810196347535,-0.001389320008456707,-0.00016729687922634184,-0.0004775008710566908,-0.00039626212674193084,-0.0017842297675088048,0.0007954072207212448,-0.0011086678132414818,-0.0005883857375010848,-0.0008274016436189413,-0.0008506701560690999,0.0014013657346367836,0.0007169031887315214,0.002248146804049611,-3.531825859681703e-05,-0.0024615153670310974,-0.0002465776342432946,0.00022950026323087513,0.0015412105713039637,0.0005981851718388498,0.001697995001450181,-0.0011141079012304544,-0.00026978488313034177
dose16k_B_s1,00040.png,-0.0004002446075901389,0.000969940738286823,0.00011254977289354429,-0.0006459964788518846,0.002623781794682145,-0.0005929269827902317,-0.00038614164805039763,0.0013723733136430383,0.0003263935213908553,0.0003954101412091404,-0.0006105387001298368,0.0003824694431386888,0.00045595905976369977,-0.0012316621141508222,0.0005601706798188388,0.001302738906815648,-0.0018086808267980814,0.0006823820294812322,-0.0002703906502574682,8.778975461609662e-05,0.0008643845794722438,0.0005152504309080541,-0.0009931045351549983,-0.0007839493919163942,-0.0003711108583956957,0.001449965755455196,0.0002888549934141338,-0.0014800089411437511,-0.0012971481774002314,0.0003883749304804951,0.00012905058974865824,0.0009116441360674798,-0.0006352098425850272,-0.00013227039016783237,0.00029984128195792437
dose16k_B_s1,00041.png,-0.0011527915485203266,-0.0004527035926003009,-0.0004901630454696715,-0.00025772309163585305,-0.0007993885665200651,-0.001345816534012556,-0.0005260080797597766,0.0009047086932696402,-0.0007780507439747453,-0.0019930994603782892,0.000814931292552501,-0.0007227543974295259,0.0015518362633883953,-0.00013385024794843048,0.0011836444027721882,0.00031459034653380513,0.0007710327627137303,0.0005074745859019458,-0.0012405613670125604,-0.00010159800876863301,0.0001731547963572666,4.275077299098484e-05,-0.001477291458286345,-0.002043771790340543,7.612521130795358e-06,-0.00017444162222091109,0.00041194105870090425,-5.379783397074789e-05,4.665174856199883e-05,5.20317189511843e-05,0.00026059974334202707,0.0005115933599881828,-0.0011009740410372615,-0.0004555345221888274,0.001035712193697691
dose16k_B_s1,00042.png,-0.001169382594525814,-9.680956281954423e-05,-0.0009179718908853829,0.0006378694670274854,-0.0018356585642322898,-0.0004015032609459013,0.0005484689027070999,6.074259363231249e-05,-0.0005551453796215355,-0.00016122785746119916,-0.0009000232676044106,-0.0004816731670871377,-9.165373194264248e-05,-4.5030985347693786e-05,-0.0003217868506908417,0.0002513079671189189,4.9442238378105685e-05,-0.0008156662806868553,-0.000309822236886248,-0.0006331332842819393,7.3534574767109e-05,-0.0006325076683424413,0.0006292811594903469,0.0010643743444234133,0.00011883542902069166,-0.0006326976581476629,-0.0010890326229855418,-0.0014608267229050398,0.0015701596857979894,-0.000647019303869456,-0.0005798936472274363,9.626890096114948e-05,0.0012741232058033347,-0.0006069943192414939,-0.0012545102508738637
dose16k_B_s1,00043.png,-0.0015921066515147686,-0.0004271599755156785,0.00068848388036713,0.0008585227187722921,-0.0005276965093798935,-0.0003414600796531886,0.0006646308465860784,-0.0009519340237602592,-0.001059347065165639,0.0003044592740479857,0.001557185547426343,0.0009763537673279643,-0.0009987074881792068,-0.00022800950682722032,0.0004347052308730781,-0.00041067367419600487,-0.00027554374537430704,0.0020489224698394537,-0.0003689805744215846,-0.0006025496404618025,-0.0002720469783525914,-0.0025929289404302835,0.000564338406547904,7.520916551584378e-05,3.036849739146419e-05,0.0009416547836735845,-0.00018111761892214417,0.0010821014875546098,0.001182291191071272,0.0007690150523558259,0.0002976262185256928,0.00013333625975064933,0.0010775772389024496,0.0004722299345303327,0.0005891252658329904
dose16k_B_s1,00044.png,-0.00024661721545271575,-0.0022602814715355635,0.00032868082053028047,0.0008786543621681631,0.0010655006626620889,0.0011152108199894428,-0.0001224965089932084,0.0008770573767833412,0.0007653710781596601,0.0005166993942111731,0.0002688079548534006,-0.0010682864813134074,-0.0002296474267495796,0.00019693469221238047,-0.0024703771341592073,0.000325527013046667,-0.000458874594187364,9.092792606679723e-05,0.000937938631977886,-0.0003617858455982059,-0.0012562182964757085,-0.0011197814019396901,0.0003898308495990932,-0.0006372502539306879,-0.000735677604097873,0.0008695658179931343,0.0008132120128720999,0.0015658983029425144,-0.0013195924693718553,-0.00031042014597915113,2.629881419125013e-05,0.0011675615096464753,0.00029304204508662224,0.0009827717440202832,0.00020953704370185733
dose16k_B_s1,00045.png,0.0007116268388926983,0.0008494681096635759,-0.00012883504678029567,-0.0011733563151210546,-0.0032133329659700394,0.0006735873175784945,-0.001039477065205574,-0.0001803631748771295,0.0013170692836865783,0.0014770514098927379,0.00030931609217077494,-0.00048820508527569473,4.231331331538968e-06,-0.000596620375290513,9.219897037837654e-05,-0.001504909829236567,0.0009309010929428041,0.00010196729272138327,0.00011950543557759374,0.00013276573736220598,-0.0020681677851825953,-0.0003062635660171509,-0.000458106049336493,-0.000582745298743248,0.0003308803716208786,0.0008841811795718968,-0.0008137468830682337,-0.0013744790339842439,0.0006802018033340573,-0.0006532659172080457,0.00031534984009340405,-0.0001618613605387509,-1.3644055798067711e-05,-0.0001901248615467921,-0.0017589800991117954
dose16k_B_s1,00046.png,-0.0005633637774735689,-0.001667912700213492,-0.00012708404392469674,0.000122087134514004,0.002333597047254443,-0.0001473929441999644,0.00045811253949068487,0.0003120617475360632,0.0009490298107266426,0.000388758082408458,-6.702535756630823e-05,-0.0006338122766464949,0.0009006571490317583,0.0014236600836738944,-0.0018141648033633828,0.00022044604702387005,0.0009301270474679768,-0.0003119451575912535,-0.0009562790510244668,0.00013114487228449434,-0.0006047733477316797,-0.0003736221115104854,5.7382345403311774e-05,-0.0019141420489177108,0.00137020880356431,-0.00034514215076342225,0.0005223455373197794,0.0004013335856143385,-0.00040076105506159365,0.00041682267328724265,0.0008264277130365372,-0.0010116214398294687,-0.0008035973296500742,-0.00014941090194042772,-0.0002102055004797876
dose16k_B_s1,00047.png,0.000527558964677155,0.0002271803532494232,0.0007516153855249286,0.0009291729074902833,-0.0008209733641706407,0.00022620143136009574,0.0003333021595608443,0.0006666631088592112,0.0002476944064255804,-0.00032880608341656625,-0.0004956231568939984,0.00090340047609061,-0.0019409169908612967,0.000691338733304292,0.00014108933100942522,-0.0022204616107046604,0.0005472394404932857,0.00024189984833355993,0.002075121970847249,-0.0005906882579438388,-0.0007266848115250468,6.112196388130542e-06,-9.870604117168114e-05,0.001185336266644299,0.0009486539056524634,0.0005097409593872726,0.0011373745510354638,0.0003082386974710971,0.0007629022584296763,3.4774711821228266e-05,-0.000949338951613754,0.0006669623544439673,0.0007984875701367855,0.0008641202584840357,0.00034833454992622137
dose16k_B_s1,00048.png,7.549525616923347e-05,0.001416922197677195,0.00029212451772764325,-0.0011938699753955007,0.0003542095946613699,-0.0010545109398663044,0.000636243843473494,-0.000741462514270097,0.0007332814275287092,0.0017278905725106597,-0.0005730889388360083,0.0011382022639736533,0.001084591611288488,0.0010776264825835824,-0.0005701274494640529,-0.00028093912987969816,-0.00100195431150496,-0.002588568953797221,-0.002380944788455963,-0.0017044778214767575,-0.00032515820930711925,-0.0019307640613988042,-0.0007174086640588939,0.00011727033415809274,-0.0006073547410778701,0.00015073550457600504,0.001114306622184813,0.00011824177636299282,-0.0006959945894777775,0.00048417330253869295,0.00045460337423719466,-0.00014827281120233238,0.001246376195922494,-0.0011412861058488488,-0.0014304552460089326
dose16k_B_s1,00049.png,-0.0009086917852982879,-0.0006129074608907104,0.0014727837406098843,-0.0004508148122113198,-0.0011664106277748942,3.6607056244974956e-05,-0.00040758142131380737,0.0009703246760182083,-7.209662726381794e-05,-0.0007020281627774239,-0.00032807313255034387,0.0004952538874931633,0.00020378200861159712,-0.001168500748462975,0.0004772838728968054,-0.00010267515608575195,1.5874640666879714e-05,-7.418332825182006e-05,0.0009318757220171392,6.301410030573606e-05,1.0883276445383672e-05,2.0661989765358157e-05,-0.0005555342650040984,-0.0001916828623507172,-0.00021075528638903052,0.001308437087573111,-0.001530449721030891,-0.00045737731852568686,-0.0009155440493486822,-0.00018615098088048398,-0.0007616251823492348,0.0002479883551131934,0.00023818940098863095,0.0005251730908639729,0.0001306094927713275
dose16k_B_s1,00050.png,0.0001504078391008079,0.0010911583667621017,-0.00029632114456035197,0.0011653555557131767,-0.00047633767826482654,9.172276622848585e-05,0.00045541173312813044,0.0011409774888306856,-0.00017165369354188442,-0.0007430555415339768,0.00035377274616621435,-0.000726918107829988,6.776327063562348e-05,0.0011665652273222804,-0.0017450975719839334,0.00024384245625697076,0.00040364309097640216,-0.0003897832939401269,-0.0015853048535063863,0.001061573508195579,-0.00024754455080255866,-0.001505990861915052,-0.0007361439056694508,-0.00015335420903284103,-0.00012606769450940192,6.61812155158259e-05,0.00017549506446812302,-2.6426559998071752e-05,-0.0004917820333503187,0.0012607427779585123,-0.00014838892093393952,0.0004907121183350682,-2.9285061827977188e-05,-0.00034283616696484387,-0.000746890960726887
dose16k_B_s1,00051.png,-1.276227408197883e-06,-5.2556082664523274e-05,0.0010731188813224435,0.001388942706398666,0.0013327539199963212,0.00010264346201438457,0.000164152224897407,-0.0016104477690532804,0.0010000570910051465,0.0007280632853507996,1.7580117855686694e-05,-0.00038007364491932094,-0.00022004330821800977,0.00010557381028775126,-0.00048569805221632123,0.00011825713590951636,0.00047212510253302753,0.00021412200294435024,0.0006489478400908411,0.000286940427031368,0.00044600144610740244,-0.00024293469323311,-0.0009354411158710718,-0.00040801888098940253,0.00018029994680546224,-0.00016252310888376087,0.0008430660818703473,0.00030761855305172503,-5.828009761899011e-06,0.00046718967496417463,-0.00043346534948796034,0.0003355795342940837,0.00021359410311561078,-0.00035368234966881573,-0.001438216189853847
dose16k_B_s1,00052.png,-0.0003622156218625605,-0.0017654011026024818,-0.0006544454372487962,-0.0021753639448434114,0.0011240828316658735,0.00017535877123009413,0.001813770504668355,0.0010465907398611307,-0.001809102250263095,0.0006042211316525936,0.0003801107231993228,0.0011828746646642685,-0.0009946568170562387,0.0006491868989542127,0.0003636960464064032,7.322202145587653e-05,-0.000923503132071346,9.34747004066594e-05,-0.0012517612194642425,-0.0004857827734667808,0.0006807065801694989,-0.00024240690981969237,-0.0007989891455508769,0.0003729239688254893,0.0016187921864911914,-0.00016387227515224367,0.0006411662907339633,0.0002272032870678231,-0.0010735500836744905,-0.0001158294253400527,-3.278079748270102e-05,0.00012829535990022123,1.3565375411417335e-05,-0.0013473680010065436,-0.0007416526204906404
dose16k_B_s1,00053.png,0.0002893430064432323,-9.368045721203089e-05,-0.0011541856219992042,-0.00029281448223628104,-0.0008998485282063484,-0.0005734499427489936,-1.0147127795789856e-05,-0.0005383257521316409,-0.0021407322492450476,0.00032370921690016985,0.0004244614392518997,-3.2748673675087048e-06,0.0017282640328630805,0.00020895923080388457,-0.00033170287497341633,5.1952945796074346e-05,0.0005869365413673222,-0.0018385389121249318,-0.0004001257475465536,0.0007864270592108369,-0.00011240915046073496,0.00010701026621973142,0.0009013787494041026,0.00019610562594607472,0.0009721998940221965,-0.000744498916901648,0.0003027169732376933,-0.00042378195212222636,0.0005995150422677398,-0.0013718637637794018,0.0009786360897123814,-6.402543658623472e-05,-0.0005080884438939393,-0.0003330111794639379,-0.0007384445634670556
dose16k_B_s1,00054.png,0.0007240084814839065,0.0011196789564564824,-0.0003309324383735657,-0.0025979112833738327,-0.0002120503195328638,0.0003224144456908107,0.0002709296823013574,-0.00013106757251080126,-0.0007412122213281691,-0.00015806639567017555,0.0008191333035938442,-0.000549826945643872,-0.0012973085977137089,-0.00012219308700878173,-0.0007782152970321476,0.0003811122733168304,-0.0014473714400082827,0.0006018948624841869,0.0007201660191640258,-0.00017287497757934034,-0.0010729583445936441,0.00017538780230097473,9.658473572926596e-05,0.0010173976188525558,-0.000297943246550858,-0.00013203738490119576,-0.00020646536722779274,-0.001442615524865687,-0.0020412388257682323,-0.0009763560374267399,-0.0007904890808276832,0.0006383965373970568,-0.0020883476827293634,0.0018944533076137304,0.0010394686833024025
dose16k_B_s1,00055.png,-0.001389764016494155,-0.001950902515091002,-0.002013315912336111,-0.0015402837889268994,3.071614992222749e-05,-0.0016223056009039283,-5.3060583013575524e-05,-0.0007478536572307348,0.0010406182846054435,0.0004475537280086428,0.0011152790393680334,0.00024761405074968934,-0.0006246981211006641,-0.001841015531681478,0.00021654694864992052,1.4869569895381574e-05,0.00016592669999226928,-0.00047006254317238927,0.0007449928089044988,0.000641107268165797,-0.0012772741029039025,0.0005147745250724256,-0.00039160079904831946,-0.0004492678854148835,0.0019292877987027168,-0.0003984105715062469,2.2166073904372752e-05,0.0004264005401637405,0.0002543936425354332,0.00035841279895976186,-0.0002605687768664211,-6.219002534635365e-05,-0.0015260198852047324,0.0003829485212918371,0.0010895213345065713
dose16k_B_s1,00056.png,-0.0004133767797611654,0.00010985646804329008,-0.00039467171882279217,0.0005163780297152698,-0.0015653083100914955,0.0005182665772736073,0.00022088858531787992,-0.0013213083148002625,-0.0008357140468433499,0.00025185299455188215,-0.0005606274935416877,-0.0010517010232433677,-0.0009179720073007047,9.660449723014608e-05,-0.00046527571976184845,-2.2641177565674298e-05,-0.0005842652753926814,0.0013672768836840987,-0.000254490616498515,-0.000605944893322885,-0.0001162717308034189,-0.00010619073145790026,-0.0009948002407327294,-0.0016419946914538741,0.00031194917391985655,-0.00037528324173763394,-0.00040960879414342344,-4.220135451760143e-06,-0.0005433452897705138,0.0007219131221063435,0.0006202580989338458,0.0017097607487812638,0.0004496504843700677,-0.00029887710115872324,0.000221852635149844
dose16k_B_s1,00057.png,0.001313412794843316,0.0018898692214861512,0.0002963191654998809,-0.00019459733448456973,-0.0009574837749823928,0.0007591171888634562,0.000634877709671855,-0.0004030868294648826,0.002840594854205847,-0.0011961591662839055,0.0012474562972784042,-0.00046736031072214246,0.0002606366469990462,0.00042990787187591195,0.0020244382321834564,-0.00023552894708700478,-0.0005280377226881683,0.0002454999485053122,-0.0007958246278576553,-0.0007845989312045276,-0.0004835433792322874,-0.0005609170766547322,-1.62098222062923e-05,-0.00019358644203748554,-0.00015410060586873442,-0.0009523456101305783,0.002388233784586191,0.00040915014687925577,0.0007327421335503459,1.7973679860006087e-06,0.0011034442577511072,-0.0017026456771418452,-0.0007875031442381442,-0.0009955401765182614,0.0005720413173548877
dose16k_B_s1,00058.png,-0.00022924556105863303,-7.57764937588945e-05,-0.0011461884714663029,-0.0014635605039075017,-0.0013974903849884868,-5.220262391958386e-05,0.0002500162227079272,0.0001711130898911506,0.0006444101454690099,-0.00037017176509834826,0.00017298472812399268,0.00097478530369699,-0.0009942566975951195,2.871927063097246e-05,0.0002747122198343277,-0.001172693562693894,0.000696541799698025,0.0005909795872867107,1.7303036656812765e-05,-0.0006125863874331117,0.0004918688209727407,-0.0008594910032115877,-0.0011425543343648314,0.001462378422729671,0.0009269302245229483,-1.3895725714974105e-05,-0.0017383112572133541,0.0009217484039254487,-0.0004637045494746417,-0.001375771826133132,0.00035886146361008286,-0.00021392497001215816,0.0003598278563003987,-0.0006048178183846176,-0.0004974054754711688
dose16k_B_s1,00059.png,0.001057801186107099,0.0020522628910839558,-0.00017498397210147232,-0.0007720641442574561,-0.00045327318366616964,-0.001128201954998076,0.0009876787662506104,-0.0006776145892217755,0.00045721177593804896,0.0003494553966447711,0.002181973773986101,-0.0002404337574262172,0.000749625382013619,-0.0009028739295899868,-0.0008854231564328074,0.002135153627023101,0.00041405513184145093,0.00010392811964266002,0.00017788654076866806,-0.0013440953334793448,0.0008784806705079973,-0.0007028602994978428,9.630554268369451e-05,-0.00015346093277912587,0.001113035250455141,-0.0001877881441032514,-0.0007446026429533958,-0.0011769895208999515,-0.0004429465625435114,0.001302517019212246,-0.00026386408717371523,-0.001455699559301138,0.0005092953215353191,0.00039297546027228236,-0.0008267951779998839
dose16k_B_s1,00060.png,0.00042908082832582295,0.0010147744324058294,0.0005474467179737985,-0.0007853329880163074,-0.0002545310417190194,0.0014291390543803573,-0.00028189225122332573,0.0015791506739333272,0.0015411522472277284,0.00026635045651346445,-0.0009474643156863749,-0.0008116716635413468,-0.0010546777630224824,0.00040576676838099957,-0.0007346987258642912,0.0007471147109754384,0.0015693061286583543,0.0024169583339244127,8.552218787372112e-05,-0.001930973376147449,-0.0008891525794751942,0.0008292128914035857,-0.0006004392635077238,0.00208988506346941,-0.0016289595514535904,-0.001143028144724667,-0.0007902120123617351,-0.00019961732323281467,0.0016115797916427255,0.00010735360410762951,-0.00018218284822069108,-0.0014190316433086991,-0.0005430979654192924,0.0005207715439610183,0.0008926637237891555
dose16k_B_s1,00061.png,0.0012406503083184361,0.00028134428430348635,0.00033796150819398463,0.002928009955212474,0.0014134246157482266,0.0006187416729517281,0.001071514911018312,-0.0010426001390442252,0.0006217085756361485,6.924312037881464e-05,0.0005497470265254378,-0.0005996407708153129,0.0003902588505297899,-0.0009869278874248266,0.0004459145129658282,-0.0002878307714127004,0.0008278080495074391,-0.0006110104150138795,2.4806280634948052e-05,5.7672328694025055e-05,-0.0005686153890565038,-0.00016074703307822347,-0.0010759658180177212,-0.0007404059288091958,-7.718263805145398e-05,-0.0002738629700616002,0.0014367331750690937,-0.0005839121295139194,0.00039555851253680885,0.0011503408895805478,-0.0008655607234686613,-0.00132611149456352,9.763569687493145e-05,0.0007696595275774598,0.0018560565076768398
dose16k_B_s1,00062.png,-0.00042621270404197276,-0.0003736764192581177,0.0003388479526620358,-0.00010689521877793595,0.002019895939156413,0.0004045949608553201,-0.0004260558926034719,0.00019598551443777978,0.0007249205373227596,0.00035947165451943874,-0.0023638582788407803,0.0007306091720238328,0.0009805471636354923,-0.0014711490366607904,-0.0013016860466450453,-0.0002439137315377593,-0.001964678056538105,-0.000626852735877037,-0.0010153180919587612,-0.0009646558901295066,-9.659640636527911e-05,-0.00047734120744280517,-0.002112167188897729,-0.0009281735401600599,0.0004465770034585148,0.0015870131319388747,-0.0007286309264600277,-3.507602013996802e-05,-0.0003447029157541692,-0.0013851698022335768,0.000763946445658803,0.0004015482554677874,6.966673390707001e-05,0.0005273018032312393,-0.001168390503153205
dose16k_B_s1,00063.png,6.964110798435286e-05,-0.0003762184933293611,0.00040067918598651886,0.0012785264989361167,0.0009568180539645255,0.000725425430573523,2.2213851025298936e-06,-0.0016224893042817712,-0.0005687110242433846,-0.0002353258605580777,-0.00031583706731908023,0.00012264095130376518,-1.7797630107452278e-06,0.001948326826095581,-0.0009203176596201956,0.00039808990550227463,0.00024977969587780535,0.00039254393777810037,-0.00022882891062181443,0.0005746779497712851,-0.000676543393637985,-0.0007532434538006783,-0.00039372529136016965,0.0006874013342894614,-0.00013299846614245325,0.0005891990149393678,-0.0005934362998232245,-0.0007658156100660563,0.0015015038661658764,-0.0005913738277740777,0.0005840121302753687,0.0012948005460202694,0.0006035023834556341,-0.0008901393157429993,0.0010587115539237857
dose16k_B_s1,00064.png,-0.00029947678558528423,-0.00028759866836480796,-0.00021949027723167092,0.00042632987606339157,0.0018253993475809693,-0.0005598989664576948,-9.480330481892452e-05,0.00023941365361679345,0.000772866711486131,0.00041503383545204997,-0.0006719738594256341,-0.0008207338978536427,6.307417061179876e-05,-0.0007526254048570991,-0.0012813876383006573,0.0011574788950383663,0.0003205921675544232,0.0014179230201989412,0.0004021891509182751,0.00021066542831249535,0.0008911625482141972,-0.0013027461245656013,0.0017543511930853128,0.0007640750845894217,-0.00016120534564834088,0.001018366077914834,-0.001629202626645565,-0.0003411065845284611,0.0003008221974596381,0.0007155913044698536,0.0004157789226155728,0.000841706816572696,-0.0007817636942490935,0.0015091040404513478,-0.0006058118306100368
dose16k_B_s1,00065.png,-0.0009415204403921962,0.0006325088907033205,-2.01785187528003e-05,0.0005080163246020675,0.003804945619776845,-0.0005548332701437175,-0.0015008412301540375,-0.0010344518814235926,0.0005067706224508584,-0.0002707654202822596,0.000892275886144489,0.00012639290071092546,0.001370914513245225,4.275116680219071e-06,-0.00023505237186327577,-0.00011737028398783877,0.0013349342625588179,-0.001284514437429607,6.285127165028825e-05,0.0014410213334485888,-0.00040812682709656656,-0.00012081355089321733,-0.00042320069042034447,0.001510914764367044,0.000673827191349119,0.00028384587494656444,0.0008381400839425623,9.840219718171284e-05,-0.00042977568227797747,-0.001792112598195672,-0.0008112927316688001,-0.00042416606447659433,0.0007646006997674704,-0.001473676529712975,-0.0015418862458318472
dose16k_B_s1,00066.png,-0.0004678989644162357,-0.001444422174245119,-0.001416948507539928,0.0003979748871643096,0.0007427329546771944,-0.0012319631641730666,0.00046008251956664026,0.0001896267058327794,0.00032794917933642864,-0.0006201710202731192,0.0010760396253317595,-0.00045315141323953867,0.0015297363279387355,-0.0015452733496204019,-0.0006892311503179371,-9.738367953104898e-05,-0.0004103601386304945,-0.001003827783279121,-0.0007365922792814672,-0.0027815010398626328,-0.0009442371665500104,0.0009428797638975084,-0.00020966808369848877,0.0008083577849902213,0.0008213802939280868,0.002122328383848071,0.0003022820455953479,-0.0004220496048219502,-0.00023727992083877325,0.0002498060348443687,0.001146721187978983,-0.0007721289875917137,0.0011417559580877423,-0.00044025827082805336,-0.0013713802909478545
dose16k_B_s1,00067.png,-0.00023937327205203474,-0.0007391214603558183,-4.337460995884612e-05,0.002276546321809292,0.001744252978824079,0.00016465457156300545,-0.0001742408494465053,-0.0012509822845458984,-0.00042155219125561416,-0.0009558313759043813,-0.0010303851449862123,2.2036923837731592e-05,5.242983388598077e-05,-0.0017308617243543267,0.001103464630432427,0.0015309827867895365,6.10348470218014e-05,-0.00021741421369370073,0.0009455887484364212,0.0013448774116113782,-4.7523593821097165e-05,-0.0009038152638822794,0.0005378115456551313,0.0005271909758448601,-0.0005052615306340158,-0.0006575323641300201,-0.0005021019605919719,-0.001047046622261405,0.0006614353624172509,-0.0012667119735851884,-0.0012818702962249517,-0.0009451904916204512,0.0003222411614842713,0.0012268255231902003,2.1966628992231563e-05
dose16k_B_s1,00068.png,0.00017361076606903225,-0.00043780833948403597,0.00040603254456073046,0.00015527439245488495,-0.0020751855336129665,-0.0014882651157677174,-0.0001049296188284643,-0.002006181748583913,-0.00032858431222848594,-0.0003222712257411331,0.0010159614030271769,-0.000989997759461403,0.0001232613722095266,-6.485912308562547e-05,-0.00010672225471353158,0.0016133395256474614,0.0003754128119908273,-0.0005803717649541795,-0.0010358227882534266,9.777968080015853e-05,0.00013902845967095345,-0.0017766393721103668,6.0441710957093164e-05,-0.0001238538243342191,-0.0010620516259223223,-0.001074924715794623,-0.000304754707030952,-0.0002298662584507838,-0.0006727339350618422,-0.0006576299201697111,-0.0016835834830999374,6.448246858781204e-05,0.0006310749449767172,5.3287909395294264e-05,0.00022361974697560072
dose16k_B_s1,00069.png,0.001008668215945363,0.0005389765719883144,-0.00019802027964033186,0.00012759308447130024,-0.003454748308286071,0.000937909702770412,0.0008651918033137918,-0.0008976752287708223,0.00045383855467662215,-3.4094537113560364e-05,-0.0002442185359541327,0.0005836696363985538,-0.0012210800778120756,0.000819510139990598,-0.0003236567135900259,-3.0613038688898087e-05,0.00024141430913005024,0.00044095274643041193,-0.0009413616498932242,0.00028247563750483096,0.0009689644211903214,0.0018840654520317912,0.0005658052396029234,-2.513581875973614e-06,-0.0005569210625253618,-0.00014439565711654723,0.00033844789140857756,-0.0003985139774158597,0.0004453096480574459,0.00011211421951884404,-0.0014218648429960012,0.00020271414541639388,0.0017082905396819115,0.0008603505557402968,0.0016548515995964408
dose16k_B_s1,00070.png,0.001241734018549323,0.0021301195956766605,-0.0007443208596669137,4.816027740162099e-06,0.0004176181391812861,0.0011705468641594052,-0.001061029965057969,0.00018657110922504216,0.00025044448557309806,-0.0003697012143675238,-0.0007380549213849008,-0.0005092908395454288,0.0005326216341927648,-0.0015113971894606948,0.0002461513795424253,0.00018689737771637738,0.0005836706841364503,0.0006314243655651808,-0.0017544517759233713,0.0011156394612044096,0.0005569905042648315,0.0002318813349120319,-0.0010160382371395826,-0.00010084517271025106,-0.0002899756655097008,-0.00021528797515202314,0.0004290841752663255,0.0016716737300157547,0.0003071516111958772,-4.758086652145721e-05,0.00035259276046417654,0.0003917154099326581,0.00039848891901783645,0.00012800747936125845,0.0009446568437851965
dose16k_B_s1,00071.png,-0.0004784775956068188,-0.0009448163327760994,-0.0005210129893384874,0.00013308951747603714,0.0011035384377464652,2.675136420293711e-05,-0.00022146283299662173,0.0012212713481858373,7.201917469501495e-05,0.0008686925866641104,0.0008313091238960624,-0.0006302234251052141,0.0005930772167630494,-0.0008382993401028216,-0.0002674473507795483,0.00039996628765948117,0.001133398967795074,0.0009512854740023613,-0.0007036819588392973,-0.0005403001559898257,-0.0012483021710067987,-0.00046796511742286384,0.000299310457194224,-0.0010199240641668439,0.002092719078063965,-0.00025725740124471486,0.0003351742052473128,-0.00011016417556675151,-0.00012955490092281252,0.00023625846370123327,-0.0001333925174549222,-0.001225053216330707,0.000689087260980159,-0.001110358745791018,0.00039314519381150603
dose16k_B_s1,00072.png,0.0006511202664114535,-2.0494897398748435e-05,-0.0007246253662742674,0.0014087548479437828,-0.0023080885875970125,-0.0006569446995854378,0.0003657156485132873,0.001607314683496952,0.00042488056351430714,-0.0004699846322182566,0.0005183088942430913,-0.0005888485466130078,7.38075832487084e-05,0.001216622069478035,-0.000512698374222964,0.0010106159606948495,0.0003041511808987707,7.631044718436897e-05,0.00037542692734859884,2.306864917045459e-05,0.0010258990805596113,0.0002409919397905469,-0.0003483560576569289,0.000629708229098469,0.00010203879355685785,-0.0006885991315357387,0.0006214803433977067,-0.00011137298861285672,-0.0011087669990956783,-7.846002699807286e-05,0.0003241430677007884,0.0006874777027405798,0.00046288524754345417,-0.0006581961060874164,0.002017894759774208
dose16k_B_s1,00073.png,-0.0003760400286410004,0.0003840491408482194,2.5701319827931002e-05,0.0006666897679679096,0.0008016741485334933,-0.001685003750026226,0.001986090559512377,0.0002380004443693906,0.0012457765405997634,-0.0002747895196080208,0.0012734176125377417,-0.002272724872455001,-0.002768383827060461,-0.0003871278022415936,0.0003072490217164159,0.0005943910800851882,-0.0004031942517030984,-0.00024671206483617425,-0.0006005455506965518,-0.0024189294781535864,-0.0004951743176206946,0.0002848425065167248,-0.0013405141653493047,-0.00026923365658149123,3.136467421427369e-05,0.0004437657480593771,-0.0028596140909940004,9.306057108915411e-06,0.0022192427422851324,-0.0005531737697310746,-0.0004735492402687669,-0.00042515029781498015,-0.00017740431940183043,-0.001196305500343442,0.00023258492001332343
dose16k_B_s1,00074.png,-0.0015142273623496294,-0.0008543340372852981,-0.00158324942458421,-0.00025132347946055233,-0.00037360700662247837,-0.0013271343195810914,-0.000924649357330054,-0.0013031673151999712,0.0008897832594811916,-0.000308273418340832,0.001066188677214086,0.0006162996287457645,-0.0005918247043155134,5.4381158406613395e-05,-0.000785324489697814,-0.00059747468912974,-0.0002995978866238147,-8.882637484930456e-05,-0.00013752368977293372,0.0002450430765748024,-0.00021019003179389983,-0.00028486899100244045,-0.0013922504149377346,-0.0024930371437221766,0.0008104396983981133,-0.00032210940844379365,0.0007348096114583313,-0.0010587564902380109,-3.4113410947611555e-05,-0.0012898852583020926,-0.0017198496498167515,0.0007109845173545182,0.002404665807262063,-0.0010374721605330706,-0.0004724075261037797
dose16k_B_s1,00075.png,0.0003744077985174954,0.0005361005896702409,0.0013674452202394605,-0.00038527167635038495,0.00020953503553755581,0.00036078429548069835,-0.0014585271710529923,0.0023129999171942472,0.0005319101037457585,0.0006991043919697404,0.00012170594709459692,-0.0005566105246543884,0.0014351753052324057,0.0004155407368671149,-0.0021557179279625416,-0.0006860626162961125,-0.00030126553610898554,3.0330554636748275e-06,0.0019246696028858423,-0.0016364960465580225,-0.0002166646154364571,0.00012581546616274863,1.8041891962639056e-05,0.0013865696964785457,0.000511845457367599,-0.0004575588391162455,0.00013903193757869303,-0.0019983602687716484,-0.0016272509237751365,-0.0015351196052506566,-0.0017820700304582715,-0.0009532602271065116,-0.0004917708574794233,0.0008845988195389509,-0.001055336557328701
dose16k_B_s1,00076.png,-0.00031544503872282803,-0.0006092256517149508,-0.0005278412136249244,0.000778870249632746,0.0003216277400497347,-0.00023714247799944133,0.0007473257719539106,-0.00013379447045736015,-0.0010942700318992138,-0.0008961979765444994,0.0022378801368176937,0.0010205339640378952,-0.0009502015891484916,-0.002132548950612545,0.0005342963268049061,0.0012242859229445457,0.000888402690179646,-0.0006273215403780341,-0.0020462784450501204,0.0013431936968117952,0.0002896616642829031,5.621564559987746e-05,0.0009664800018072128,0.002284962683916092,0.0007787118083797395,0.0008426283020526171,-0.0008000721572898328,0.0006455091643147171,-0.0008439779630862176,0.00034464223426766694,-0.0004840538022108376,-0.0007612398476339877,-0.0012285037664696574,-0.0009928721701726317,0.0005678878515027463
dose16k_B_s1,00077.png,-0.000269850657787174,-0.0012497833231464028,-0.0006078860606066883,-0.000916501332540065,-0.0014387954724952579,-0.0015052943490445614,0.0009290801244787872,-3.693403778015636e-05,-0.0007322331657633185,-0.0018240088829770684,0.00043097144225612283,-0.0006583924987353384,-0.001925468328408897,0.002065839944407344,-0.0007389385136775672,0.0009011561633087695,-0.0006068831426091492,0.0015191073762252927,-0.0008702539489604533,-0.0010275110835209489,0.0021726989652961493,-0.0014766667736694217,-0.00037274177884683013,-0.0007032917346805334,0.0005453050252981484,-0.0002291136042913422,-0.0007241839193738997,0.001023601507768035,0.0006470346124842763,0.0005688422825187445,0.0005474707577377558,0.00043418604764156044,0.00064491928787902,0.0005031198961660266,0.00030720559880137444
dose16k_B_s1,00078.png,0.0008476549992337823,0.0014008553698658943,-0.0012338038068264723,0.0023857562337070704,0.00015886349137872458,0.001466842950321734,-6.0932063206564635e-05,0.0010959687642753124,0.0003422971349209547,0.00018931615340989083,-0.0012785615399479866,0.00013308842608239502,-0.0020108665339648724,-0.0007996819331310689,-0.0016558851348236203,0.0005872903275303543,-0.0021996828727424145,0.0002460905525367707,0.0010861457558348775,-0.0015187286771833897,2.8475791623350233e-05,-4.5493430661736056e-05,0.0002516506938263774,-0.0004966486594639719,-0.00045631793909706175,0.0008366281981579959,-0.0011039137607440352,0.0008896508952602744,-0.00029312007245607674,0.0006806380697526038,0.0010404146742075682,-5.2005019824719056e-05,-0.0009362926939502358,0.0017342959763482213,-0.00030019282712601125
dose16k_B_s1,00079.png,-0.0010976054472848773,-0.000403870886657387,-1.4022921277501155e-05,-0.0011524586006999016,-0.002589946845546365,-0.0003959866880904883,-0.000473792664706707,0.0005152981611900032,0.001389413489960134,-0.00023034363402985036,0.0021053412929177284,0.0009375397930853069,0.00011114050721516833,-0.0008698341553099453,0.000258544459939003,0.00023591445642523468,-0.0010698772966861725,9.841799328569323e-05,4.1668990888865665e-05,0.0013312362134456635,0.0005920733674429357,-0.00020372860308270901,0.00014620975707657635,0.0001762023603077978,-0.0005558318225666881,0.0015164962969720364,0.0009157087770290673,0.0004312485980335623,-0.00141523580532521,-0.0002898889943026006,-0.0008557057590223849,0.00165747560095042,0.0003037156711798161,-0.000289881689241156,-0.001154266414232552
dose16k_B_s1,00080.png,0.00017993459186982363,2.2331652871798724e-05,-0.0001890020357677713,-0.0011086973827332258,-0.0006657466292381287,0.0005906443111598492,-0.001618160866200924,0.0008816279005259275,0.0008069234900176525,-0.0009451278019696474,-0.000945344683714211,0.0006445669569075108,-0.0012033528182655573,-0.00016398460138589144,-0.0020736828446388245,-0.00048550983774475753,9.346194565296173e-05,-0.00037847735802643,0.002010099356994033,2.5442768674110994e-06,0.00015270475705619901,-0.0008284522336907685,-0.0008470661123283207,0.00039757328340783715,0.0007647048914805055,0.0002657022268977016,-0.0002698120370041579,-0.0025353694800287485,0.0003874459071084857,0.0002061977138509974,-0.00013679983385372907,-0.0008354849996976554,-0.0012026338372379541,0.0005094428197480738,0.0002953601360786706
dose16k_B_s1,00081.png,0.00180539779830724,0.0012188793625682592,0.001213632058352232,4.297669875086285e-05,-0.0005082925781607628,-0.0007087136036716402,-0.0004596331564243883,0.0006842081784270704,0.00018575679860077798,-0.0005574915558099747,0.0006067035137675703,0.0007119940128177404,-0.0006280055968090892,-0.0007885177037678659,0.0007892716093920171,-0.0007580789388157427,-0.00011419500515330583,-0.0003858757554553449,0.00021092906536068767,-0.0002907309972215444,-9.899361612042412e-05,0.0001363648334518075,0.0007102926028892398,0.0006188600091263652,0.0015199286863207817,-1.2702727872238029e-05,0.0008729179971851408,0.0017727980157360435,0.0006158901378512383,0.0006339001120068133,-0.0009680281509645283,5.193776814849116e-05,-0.0008496204973198473,6.217862392077222e-05,0.000981291406787932
dose16k_B_s1,00082.png,-0.000139949974254705,-0.000779565132688731,-0.0014057725202292204,0.0015499847941100597,-0.001178882783278823,-0.0010373224504292011,0.00033727684058248997,0.0007387828081846237,-0.0016559726791456342,-0.0004928468260914087,-0.0006767392042092979,0.0009435644024051726,0.001500852988101542,0.0008714975556358695,0.0012631689896807075,0.0009654112509451807,0.0009893887909129262,-0.0006103615160100162,0.001635131542570889,-8.289550896733999e-05,-0.0004959561047144234,0.0006218638154678047,-0.0010883545037359,0.00023696338757872581,-0.000511088059283793,0.0008235241984948516,0.0002658182929735631,-0.0006259526708163321,-0.0014037720393389463,-0.0011012187460437417,-0.0011776650790125132,8.838631038088351e-05,-0.0006313847261480987,-0.0008886866271495819,0.0007295220857486129
dose16k_B_s1,00083.png,0.0002231351681984961,0.0007824827334843576,0.0012273812899366021,-0.001733379322104156,0.00016707030590623617,0.00033707349211908877,0.00023132663045544177,-0.00047254792298190296,-0.00018552332767285407,-0.0003573833382688463,-0.0007898190524429083,0.002138555282726884,0.0014737765304744244,-0.0007959417998790741,-0.00018861537682823837,1.0434633622935507e-05,0.0017007046844810247,-0.0010801125317811966,-0.0006258579669520259,0.0005990414647385478,-0.00023334276920650154,-0.0008543967851437628,-0.00018150349205825478,-0.0004866791423410177,-0.0008881089743226767,0.002265429589897394,0.0002206827193731442,0.00034680310636758804,-0.0007709040655754507,0.00037228537257760763,0.0005469594616442919,4.0566606003267225e-06,0.0010806579375639558,0.0007442545611411333,-0.0004472336731851101
dose16k_B_s1,00084.png,0.0004742687742691487,0.00010334233229514211,-0.0012339442037045956,-0.000391684501664713,0.0018570232205092907,-0.0002852735633496195,0.001780012738890946,-0.001917861751280725,0.0002309377450728789,-0.0005226181237958372,-0.0006718459189869463,-0.0005916552618145943,0.0009753033518791199,0.001162016880698502,0.00017912930343300104,-0.0003140536427963525,0.0020497587975114584,0.001511325128376484,-0.00022469324176199734,0.0001388190867146477,0.00023625917674507946,0.0004133135953452438,-0.0007926371181383729,-6.670210132142529e-05,0.0003643395029939711,-0.0015867393231019378,-0.0014196679694578052,0.0009215027093887329,0.001080554211512208,0.001052023028023541,-0.001173884142190218,-0.0013569080037996173,-0.0014727626694366336,-0.00020869108266197145,-0.0006508842343464494
dose16k_B_s1,00085.png,-0.0018504122272133827,-0.000590447336435318,-0.001770302071236074,-0.00043720562825910747,-0.0004194998473394662,-0.0007762924651615322,0.0015725272241979837,0.00037649323348887265,0.0007753784884698689,-6.99927331879735e-05,0.0017298575257882476,-0.0004028808616567403,6.448762724176049e-05,0.002214151667430997,-0.0003962600021623075,0.0008018549415282905,5.295367373037152e-05,-0.0005642404430545866,-0.0011775507591664791,-0.0010411974508315325,-0.0002803769602905959,-0.0003364348958712071,0.0021173765417188406,0.0005763520603068173,-0.0009233015589416027,-0.0003850356151815504,-0.00030257878825068474,0.0007563554681837559,-0.0018882597796618938,-0.0006685945554636419,-7.578720396850258e-05,0.0002142100565833971,-0.000338441866915673,0.0007651716005057096,-0.0002757643233053386
dose16k_B_s1,00086.png,0.001010506646707654,0.0008034363854676485,0.001834317808970809,-0.0005158436251804233,0.0013555175391957164,0.00019665250147227198,-0.00044650406925939023,-0.00102236436214298,-0.0007255878881551325,0.0005963078001514077,0.0007003523642197251,1.4085809198149946e-05,-0.00031114567536860704,-0.0004454122099559754,-0.0021296811755746603,0.0009015637915581465,0.000215438412851654,-0.001065065385773778,0.0005986085161566734,0.0006012563826516271,0.0008175260736607015,-0.00012545997742563486,-0.0014114888617768884,0.00019969877030234784,-0.00040881140739656985,0.00012555650027934462,-0.0011378568597137928,0.0009157967870123684,0.0005337613984011114,-1.980349225050304e-05,0.00023712227994110435,-0.0003750334435608238,0.0010127535788342357,-6.682578532490879e-05,-0.0009972648695111275
dose16k_B_s1,00087.png,0.000544325215741992,0.0009636707836762071,-0.0008363415254279971,-0.00127693940885365,-0.0007258185651153326,-0.0005455713835544884,0.0005075454828329384,-0.0007400659960694611,0.0009235066827386618,0.0005051014013588428,-0.000340068043442443,0.00014698237646371126,-3.909141742042266e-05,-0.0006313592311926186,-3.1575633329339325e-05,-0.00015439260459970683,0.00036923805600963533,-0.001035231864079833,-0.001886940561234951,-0.00042651843978092074,-0.0005716041196137667,7.865976658649743e-05,0.0003073079860769212,-0.0005099961999803782,0.00023889464500825852,-0.0003092825354542583,0.001787666231393814,1.966816489584744e-05,-0.00039225572254508734,0.0003187665715813637,0.0003348471946083009,-0.0012471587397158146,-0.0011648914078250527,0.00029279719456098974,0.0008336476166732609
dose16k_B_s1,00088.png,0.0016158591024577618,0.000881894608028233,-0.00010473521251697093,-0.00044065146357752383,0.0021164754871279,0.00042036219383589923,-2.7349338779458776e-05,0.000948239176068455,-0.00013778697757516056,0.0006244868854992092,0.0017666653729975224,-0.0017276279395446181,0.00013838440645486116,0.0007268732297234237,-0.001975041814148426,-2.9584160074591637e-05,-0.00017980749544221908,-0.0007250320632010698,-0.0011982436990365386,-0.000597447797190398,-0.0008302205242216587,-0.0013875095173716545,0.0023503664415329695,-7.658336835447699e-05,-0.00020045907876919955,0.00015655557217542082,0.001128429314121604,-0.00018858573457691818,0.0003835276293102652,-0.0005909586325287819,0.0010220813564956188,0.0006972051342017949,-0.0013074063463136554,0.0003726273134816438,0.0003707260184455663
dose16k_B_s1,00089.png,8.661035099066794e-05,0.00038511722232215106,-0.0010734025854617357,0.0005011645262129605,-2.1856449166079983e-05,-0.0001377360022161156,-0.0016142957611009479,-0.0005751552525907755,0.0005053618806414306,7.083967648213729e-05,0.0007261773571372032,-0.001673989463597536,0.0002316878380952403,-0.0004894776502624154,0.000514270446728915,-0.0006771839107386768,-2.8400281735230237e-06,-0.00351695716381073,-0.0005149011849425733,0.00046061567263677716,0.00048188655637204647,-0.0004700886784121394,0.0006490067462436855,-0.0002141208533430472,6.602043140446767e-05,0.000712354201823473,0.001035776687785983,-4.323186294641346e-05,-0.0006596838356927037,-0.0017601423896849155,0.001502147177234292,-0.00037551834248006344,-0.00012616418825928122,0.0001665564050199464,-2.435355054331012e-05
dose16k_B_s1,00090.png,0.00020106621377635747,0.0003054735716432333,-0.0017969418549910188,0.0021181765478104353,0.0002357327175559476,0.001245424267835915,0.0002292723802383989,-0.0009296294883824885,0.001185654429718852,0.001170264557003975,0.0005523270228877664,0.00025948171969503164,-0.0011085696751251817,-0.000682927027810365,0.0002105852763634175,0.0007961566443555057,-0.0003646071709226817,2.4959865186247043e-05,0.00021580939937848598,0.00027184924692846835,-2.2614793124375865e-05,0.0004538748471532017,0.00022883056954015046,-0.00010573437612038106,0.0007734440150670707,0.00017424846009816974,0.0009907697094604373,0.00045992748346179724,0.0002710457192733884,2.3135360606829636e-05,-0.0003562992496881634,0.00027282643713988364,-0.0002907698799390346,3.1055660656420514e-05,0.0010570978047326207
dose16k_B_s1,00091.png,-0.000605622073635459,0.00011611708032432944,0.00012886541662737727,0.0005571554065681994,0.0013254345394670963,0.0014674587873741984,-0.0005558300181291997,0.0006858126726001501,0.001353359897620976,0.00025993495364673436,0.0001363442570436746,-0.0003704070404637605,0.001183661399409175,0.0019091599388048053,4.206249286653474e-05,-0.00011526823072927073,-0.0005209671217016876,-0.0009025791077874601,-0.0001370610116282478,0.0010041106725111604,0.0004456347378436476,-0.00033225188963115215,0.00018739973893389106,0.00013228191528469324,-0.0011392699088901281,0.00013685828889720142,-0.0006351713673211634,0.0017089068423956633,-0.0002851269964594394,-0.0016613970510661602,-0.0003201715007890016,-0.0005417155334725976,-0.001674605067819357,0.0008653705008327961,0.0005456604994833469
dose16k_B_s1,00092.png,0.00046016977285034955,0.0006151832058094442,0.00016572358435951173,-0.0017574690282344818,-0.000479647220345214,0.0003726388968061656,0.00039074133383110166,-0.0007014879956841469,0.0015285959234461188,0.0006597726023755968,-0.0001224541338160634,0.0003298952942714095,-0.00045501472777687013,-0.00021039313287474215,0.0006497562280856073,-0.0015317294746637344,-0.0002483480202499777,0.0005755885504186153,-0.0009258873760700226,0.00040227622957900167,-9.827968460740522e-05,-0.0006206054240465164,0.00038709561340510845,3.05744688375853e-05,0.0005612066015601158,-0.001282075303606689,-0.00014730343536939472,-0.00030992203392088413,-0.0012004226446151733,0.0001853956055128947,0.0005640457384288311,-0.0013423212803900242,0.0009657820919528604,0.0010532254818826914,-0.0008958533289842308
dose16k_B_s1,00093.png,-1.9632187104434706e-05,0.001216980628669262,0.0008555069798603654,-0.0004116786003578454,-0.0008471050532534719,0.00010047847899841145,0.0010936923790723085,1.0782289791677613e-05,0.0006183076184242964,-0.0009111526305787265,0.0015084329061210155,0.00022576292394660413,-0.00011077086674049497,-0.00024019734701141715,-0.00046578768524341285,0.00025560142239555717,0.0003027107159141451,-0.0007326417835429311,0.00048264279030263424,0.00016806006897240877,-0.0013234864454716444,0.0003427269693929702,-0.0006270118756219745,0.001313026063144207,0.0020435526967048645,0.0010323066962882876,-0.0007520706858485937,-0.0007270436617545784,-0.00027811905601993203,0.0001750492083374411,-0.00017923007544595748,0.0007769190706312656,-0.001843655714765191,0.0024916210677474737,-0.00032854152959771454
dose16k_B_s1,00094.png,-0.00018466981418896466,-0.0010023557115346193,-0.0017478581285104156,0.0014875486958771944,0.0012372697237879038,-0.00027005697484128177,0.0002660329919308424,0.0015659152995795012,0.00047883857041597366,-0.00019956052710767835,0.0010881319176405668,-0.001076942658983171,-0.0018282901728525758,0.0001171645853901282,0.0007057021139189601,0.0005038726958446205,0.0018187373643741012,-0.0005373639287427068,-0.0006911568925715983,-5.810918446513824e-05,0.0012394331861287355,3.8578276871703565e-05,0.00018021647701971233,0.0002072546340059489,-6.665866385446861e-05,0.0001236813113791868,0.0005638241418637335,-0.0009820088744163513,-0.00024213710275944322,0.0004820958711206913,-0.0007498191553167999,-0.0015271297888830304,-0.0009792844066396356,-0.00016644633433315903,5.4853422625456005e-05
dose16k_B_s1,00095.png,-0.001668969402089715,-0.0013328702189028263,0.0006399063277058303,0.0005308373365551233,-0.00047991095925681293,-0.0004887764225713909,-0.0009581954800523818,-0.001305572921410203,0.0006129416869953275,0.0008879685192368925,0.0010027852840721607,2.5798706701607443e-05,0.0006940237362869084,-0.0007798482547514141,-0.0001193176067317836,-2.015277232203516e-06,0.0001547464053146541,0.0012346699368208647,-0.0015265289694070816,0.001117916777729988,-0.00017712768749333918,0.0005542163271456957,-0.0004490868595894426,-0.000664783117827028,-0.00017052523617167026,-0.0013564018299803138,-6.507596845040098e-05,0.0006293053738772869,0.0015414166264235973,0.001790546695701778,0.00016204308485612273,0.00039494960219599307,-0.0011303495848551393,-4.058790727867745e-05,0.0003430666110944003
dose16k_B_s1,00096.png,-0.0010091342264786363,0.00041123887058347464,0.0002114378585247323,0.0008770517306402326,0.0002858498482964933,0.0005773493903689086,0.0003429706848692149,0.0017342823557555676,0.0014734561555087566,-0.0007126585696823895,-0.000680627825204283,-0.0006479791481979191,0.0009780150139704347,0.00020454848709050566,-0.0008402624516747892,0.0007573136244900525,0.0011293126735836267,0.0007168987649492919,0.0009443516610190272,0.0003115702129434794,0.00012379951658658683,0.000817438296508044,0.0007071697618812323,-0.000899849459528923,0.00044734851690009236,-0.0010470523266121745,0.0013447930105030537,0.0005583660677075386,0.00045571071677841246,0.0006728721200488508,-0.0006906187045387924,0.0015444946475327015,-0.0014448512811213732,0.0004800956812687218,0.001628625555895269
dose16k_B_s1,00097.png,0.0006295568309724331,0.0012623353395611048,2.894570388889406e-05,0.0026684829499572515,0.0003477365244179964,-0.00024027431209105998,0.00022131469449959695,-0.001393707818351686,0.001057647168636322,0.0017449939623475075,-0.0022928165271878242,0.0009618672775104642,0.0006783311837352812,-0.0005898021045140922,0.00025829687365330756,-0.0005345554673112929,0.0015273804310709238,-0.0001886382233351469,6.682780076516792e-05,-0.0007200451800599694,-0.0010764189064502716,-0.0009682847303338349,0.0001586137805134058,0.0014100410044193268,0.0010719558922573924,-0.00021851903875358403,0.00026525522116571665,-0.0006435087416321039,-0.0008606141782365739,0.0018052970990538597,-0.0009246395202353597,-0.0003451571974437684,0.0015825848095119,0.0010244339937344193,0.00015700951917096972
dose16k_B_s1,00098.png,-0.00030068570049479604,-0.0001637435343582183,-0.0006951289251446724,-0.0006641232175752521,-0.00042359382496215403,-0.0008747742976993322,0.0006300072418525815,-0.0032236326951533556,0.000931743998080492,0.00016424580826424062,-0.0008963332511484623,-0.000373793242033571,-0.0008883393602445722,0.0013051711721345782,-7.181156252045184e-05,0.000656157499179244,9.514578414382413e-05,-0.00035624377778731287,0.0015109910164028406,0.0007650580955669284,-0.0017009868752211332,-0.0014585779281333089,0.00040770790656097233,0.00014183261373545974,-0.0005886948201805353,-0.0011005084961652756,0.0008996306569315493,0.0005530560738407075,0.00024117853899952024,0.0008193320827558637,-0.0010264620650559664,-0.0008350986172445118,0.0002961688442155719,-0.0005707945092581213,8.40735447127372e-05
dose16k_B_s1,00099.png,0.0003504375636111945,0.0008691393304616213,-0.0005544571904465556,0.0007958681671880186,-0.0015097392024472356,0.00033698463812470436,-0.0008386198314838111,-0.0009277721983380616,0.00043935299618169665,-0.0006557320011779666,0.0003578325849957764,0.003025727579370141,-0.0016108250711113214,-0.0009078909642994404,-0.0013574431650340557,0.0008590082870796323,3.75495437765494e-05,-0.000986501108855009,0.001262182486243546,0.00023125464213080704,4.930932482238859e-05,0.0012513913679867983,0.001820119097828865,0.0006574229919351637,0.0008494651992805302,0.0003796798991970718,-0.00045263656647875905,-0.0013730331556871533,-0.0009067587088793516,0.0013735081302002072,-0.0012870049104094505,-0.0004024241352453828,0.0017882798565551639,0.0007608988671563566,0.0008959347615018487
dose16k_B_s1,00100.png,-0.0008107855101116002,-0.001129195443354547,0.0006519508315250278,-0.00027463544392958283,0.0019191994797438383,-0.0009853255469352007,0.0010907748946920037,0.0007021553465165198,-0.00015799736138433218,2.7575757485465147e-05,-0.00019577900820877403,0.00038017379119992256,6.114787538535893e-05,-0.0006674146861769259,0.0007610850734636188,0.00023128313478082418,0.0006195089081302285,0.0007855162839405239,0.0001591769396327436,-0.000123109421110712,-0.0010785802733153105,-0.0011660284362733364,-3.865249709633645e-06,-0.001030458603054285,-0.0009990326361730695,-0.0005907203303650022,2.394056718912907e-05,0.00045014338684268296,0.0003878816496580839,-0.0008128719055093825,-0.000903076259419322,-0.0011059459066018462,-0.000557034625671804,0.0005184789770282805,-0.000894192373380065
dose16k_B_s1,00101.png,0.00012873357627540827,0.0008360869251191616,-0.0013745074393227696,7.093664316926152e-05,0.002402370562776923,-0.0004975488991476595,6.805712473578751e-05,-0.000901456514839083,-0.00063522276468575,-0.0007129706209525466,0.0013761623995378613,-0.0008482664707116783,0.00028222062974236906,0.0009166962699964643,-0.0009627596591599286,0.0009590790723450482,-1.7479700545663945e-05,0.00045380485244095325,-0.00019824014452751726,-0.0003927744401153177,0.0006497080903500319,-0.000482019066112116,-0.00024257403856609017,-0.0007366779027506709,-0.000485534401377663,0.0016302119474858046,-8.020249515539035e-05,-0.0014129466144368052,-0.000762052193749696,0.00030099929426796734,-8.993334631668404e-05,-0.00041831115959212184,-0.0007160555105656385,0.0003695066552609205,-0.0012252583401277661
dose16k_B_s1,00102.png,-0.0008020462119020522,-0.0010197646915912628,-0.0011763741495087743,-0.0015123516786843538,0.00021385232685133815,-0.0010464488295838237,0.0011122245341539383,0.00022742808505427092,-0.0005795966717414558,0.0014556861715391278,-0.00020379624038469046,-0.00010293295053998008,-0.0009898708667606115,0.000916901568416506,-0.0002019803796429187,-0.00012079221778549254,0.0030599008314311504,4.3389005440985784e-05,8.748820619075559e-06,-8.200412412406877e-05,-0.0006145385559648275,0.0003486413916107267,-0.0012185702798888087,0.0008061479311436415,0.0005135915707796812,-0.0009815238881856203,0.00011212879326194525,-0.0005885008722543716,0.0005723325884900987,0.001244531711563468,0.0008313050493597984,-0.0015102890320122242,0.0010762154124677181,0.0012749144807457924,-0.0005973696243017912
dose16k_B_s1,00103.png,0.0013605934800580144,0.0009673222084529698,-0.0005619256407953799,0.0010668060276657343,-0.000836830644402653,0.00037159339990466833,0.0008751862333156168,0.00018542265752330422,0.0009138564928434789,-0.000913939846213907,-0.00040104458457790315,0.0012905659386888146,0.0002027300070039928,-0.0008774599409662187,0.0005598625866696239,-0.00039637990994378924,-0.0001281097938772291,0.0005508041358552873,-0.0014771417481824756,-0.0010079422499984503,-0.001875541522167623,-0.00043217861093580723,-0.0019274025689810514,-0.0008530568447895348,-0.001308330218307674,0.00021358999947551638,-0.0015404452569782734,-0.00021102697064634413,-0.001256216550245881,0.0006310038734227419,0.0006981132901273668,0.0009671112638898194,0.0003993609279859811,0.0004633406060747802,-0.00037156115286052227
dose16k_B_s1,00104.png,0.0008779744966886938,0.0010122287785634398,-0.0011326320236548781,0.0003059169393964112,0.0014248347142711282,-6.49655848974362e-05,0.00013309347559697926,-0.0007207170128822327,0.0003703355905599892,0.00026133371284231544,0.0005167571362107992,-0.0012267444981262088,-0.0006492066895589232,-0.00024336976639460772,0.0010305893374606967,0.0029464729595929384,-0.0009678442729637027,-0.0003972200211137533,-0.0005417889915406704,0.0009489596704952419,-9.604968363419175e-05,-0.0003513414703775197,0.0005471964250318706,0.000935716088861227,-0.0016862578922882676,0.0018645753152668476,-0.0009361601551063359,-0.0011449424782767892,-0.0001300229923799634,0.00048596379929222167,0.0007279880810528994,0.00019528937991708517,-0.0007151923491619527,-0.000616791658103466,0.0016199167585000396
dose16k_B_s1,00105.png,0.0013104281388223171,0.00045398392830975354,-0.00027730432339012623,0.0009463589522056282,0.003617201466113329,-0.00034852747921831906,0.0003777632664423436,-0.0010942444205284119,-0.00028743964503519237,0.0009945722995325923,-0.0009865924948826432,-8.425304258707911e-05,0.00017398755881004035,-0.0008997981785796583,-0.0011038510128855705,0.0007045275997370481,0.000665360945276916,0.0011776855681091547,0.0016722236759960651,-1.2479960787459277e-05,-0.0006470269290730357,0.0015069600194692612,-0.0002213936095358804,0.0011407730635255575,0.001152902957983315,0.0004939089994877577,0.0008426972781307995,0.00014273970737122,2.8510541596915573e-05,0.0005498751997947693,-4.628839451470412e-05,-0.0015717973001301289,0.0004622033447958529,-3.588449180824682e-05,-0.0004674920637626201
dose16k_B_s1,00106.png,-0.0016778934514150023,-0.002596192993223667,0.0004295896796975285,0.002112134825438261,0.00028454544371925294,-0.00010402609768789262,0.00031717598903924227,0.0003081732720602304,0.0014147368492558599,-0.0004976921482011676,2.129947915818775e-06,0.0006584561779163778,-3.359060792718083e-05,-0.0006241973023861647,0.0010768002830445766,0.00017511386249680072,0.001844831625930965,0.0001088397330022417,-0.0005069467588327825,-0.00015362098929472268,-0.0005202022148296237,0.002249521669000387,-0.0004290523356758058,0.00010097908671014011,0.0016418497543781996,0.00015964236808940768,-0.0008157268166542053,0.0008665136410854757,-0.0012215104652568698,2.578718340373598e-05,-0.0011887630680575967,-0.0012235561152920127,-0.0012492395471781492,-0.00024746282724663615,0.0011701487237587571
dose16k_B_s1,00107.png,3.8363785279216245e-05,0.000751160376239568,-0.0002033166674664244,-0.0007824244676157832,0.0010870768455788493,0.00015364047430921346,0.001091060577891767,0.0008838895009830594,0.00017389228742104024,0.0008523326832801104,0.00048211379908025265,0.000852916098665446,0.00036927202017977834,-0.00020353670697659254,-0.001985490322113037,0.0004237545363139361,0.0012623583897948265,-0.00011320294288452715,-0.001573793706484139,0.0005668195080943406,0.0015954907285049558,-0.0019483722280710936,0.0002640389429870993,0.00015799433458596468,0.0005613432731479406,-0.0008757288451306522,-0.0013313298113644123,0.001157464925199747,-0.0017816184554249048,0.00011620545410551131,-0.0006637225742451847,0.001504931366071105,-0.0007664444274269044,0.0004280705761630088,0.00022184984118212014
dose16k_B_s1,00108.png,-0.00019523465016391128,-0.00023972941562533379,-0.000677048577927053,0.00010159346129512414,0.0020347728859633207,-0.0013599219964817166,-0.00012915217666886747,-0.002271763514727354,-0.00015807623276486993,-0.0004020832129754126,0.0005976206157356501,0.00011010102753061801,-0.0007118235225789249,-0.00013956407201476395,-0.0011962719727307558,4.7865290980553254e-05,0.0008874554769136012,0.0008405025000683963,0.0003423955640755594,-0.0005067579913884401,0.0008334321319125593,0.0007033458678051829,0.0003421092696953565,1.2354358659649733e-05,-0.0002027832088060677,0.0007950796280056238,-0.001725908019579947,-0.0004851743869949132,0.0006619455525651574,-0.002228609984740615,-0.0013550682924687862,-0.0007879931945353746,0.0003409597265999764,-0.00012823392171412706,0.0004278112610336393
dose16k_B_s1,00109.png,-0.0008628079667687416,-0.0018716491758823395,-0.0001986387651413679,0.0003979515458922833,0.000940211524721235,-0.0006921762251295149,-0.0007015082519501448,0.0002067678578896448,-0.00022088555851951241,-0.00014757960161659867,-0.0007737474516034126,-0.0007351765525527298,-0.0002304716472281143,0.000954108196310699,0.0009895475814118981,0.001044148812070489,0.00024429644690826535,-0.001544409547932446,-0.00010299368295818567,-0.0012129596434533596,-0.00021470445790328085,-0.0011561168357729912,-0.00037261005491018295,-0.00013984010729473084,0.0011497833766043186,0.00023761425109114498,-0.0002999153803102672,0.0008590701618231833,0.0006598911131732166,-0.0003923462063539773,-0.00047780360910110176,0.00036602243199013174,-0.0005761701613664627,0.0012534826528280973,-0.0004151822067797184
dose16k_B_s1,00114.png,-0.0009410757338628173,0.000409561995184049,0.00045292815775610507,0.0005037583177909255,0.0006455360562540591,-0.0009777899831533432,0.0004202377749606967,-0.0015987568767741323,0.001529031083919108,0.00025163908139802516,0.00018148633535020053,0.0006875898689031601,-0.0008320431225001812,-0.0021581705659627914,-0.0002478339592926204,0.00025667008594609797,-0.0013729892671108246,0.0012164826039224863,-0.0009323421982116997,0.0008960270206443965,-0.000776920176576823,0.0010982963722199202,-0.00025219653616659343,-0.0008485966827720404,-0.0007509029819630086,6.761073018424213e-05,-0.0006576761370524764,-0.0015088642248883843,-4.6621720684925094e-05,0.0002910886541940272,-0.0005201516905799508,-0.0006902462337166071,-0.00049605593085289,0.0004370362439658493,-0.0018832107307389379
dose16k_B_s1,00115.png,0.0003806835156865418,0.0012895610416308045,-0.0001097120184567757,0.0006245270487852395,0.0004932822193950415,-0.0007688802434131503,0.0003044957993552089,0.0008927939343266189,0.001138042425736785,0.0011271039256826043,0.0007539729704149067,0.0003702258109115064,-0.0004483323427848518,0.0005949449841864407,0.0007307271007448435,0.0014371288707479835,-3.799219484790228e-05,-0.000222293907427229,0.0014692271361127496,0.001381478738039732,-0.0006307287840172648,-0.0008574004168622196,-0.0005842605023644865,-0.0008130752248689532,0.00022904100478626788,0.0013316883705556393,0.0007332789828069508,-0.0009847497567534447,-0.0006646442925557494,0.001090469304472208,-4.049943163408898e-05,-0.00146692234557122,-0.00036479849950410426,-0.0009596831514500082,-0.0004969490692019463
dose16k_B_s1,00116.png,0.00040074001299217343,0.001274413662031293,0.0005077571840956807,-0.000609861162956804,-0.0020026653073728085,0.001450792420655489,-0.001982564339414239,-0.0005072394269518554,-0.0007351776584982872,-0.00017958202806767076,-1.3593805306300055e-05,-0.0016635908978059888,-0.001033295993693173,-0.0023766604717820883,0.0005362524534575641,-0.00040054990677163005,0.00033424943103455007,4.787733269040473e-05,-0.0002868161245714873,0.0013300548307597637,0.0009313102927990258,2.344517270103097e-05,-0.00033969510695897043,-0.0001859196781879291,-0.0013681651325896382,0.00040624893154017627,-0.0006616290775127709,-0.00028500077314674854,-0.002115276176482439,0.00029402037034742534,-0.0009483107714913785,-0.0008679961320012808,0.0008193425019271672,-0.0007936847978271544,0.001010437379591167
dose16k_B_s1,00117.png,-0.0013820024905726314,-0.001019264105707407,-0.0006419961573556066,2.7287564080324955e-05,0.0016484672669321299,0.0014284399803727865,-9.288546425523236e-05,0.00017412648594472557,-7.533600637543714e-06,-0.0015389772597700357,-0.0013644585851579905,0.0012855872046202421,0.00032991578336805105,0.00048771375440992415,0.00019977088959421962,-0.0006270913290791214,0.0005100726848468184,-0.00013153310283087194,-0.0016285381279885769,-0.0011238002916797996,-0.0007922372315078974,-0.00035488876164890826,0.0010663839057087898,3.900387582689291e-06,-0.0004168530576862395,-0.0013564060209318995,0.0023214854300022125,-0.001400733832269907,-0.0012348489835858345,0.00011932008783333004,0.000794273684732616,-4.882362554781139e-05,-0.00031750972266308963,0.0009943541372194886,0.0011385167017579079
dose16k_B_s1,00110.png,-0.00043555963202379644,0.0007042367942631245,8.528147736797109e-05,-7.138440560083836e-05,0.0015974154230207205,-0.001162016182206571,0.0002455255307722837,0.0023070478346198797,-0.0010625836439430714,-9.019210119731724e-05,-0.00029278171132318676,-0.0006659855716861784,0.0009919352596625686,-0.0012979459716007113,0.0005505484296008945,0.0007489606505259871,0.0010667317546904087,4.0475719288224354e-05,0.0003910238156095147,-0.00023672496899962425,9.827154281083494e-05,-0.001063111238181591,0.0016248433385044336,-0.0005704540526494384,-0.0009261022205464542,-0.0009418359259143472,-0.000338203099090606,-0.0003093254053965211,0.000644987914711237,2.7081967346020974e-05,-0.0001031704232445918,-0.002323752734810114,-0.001138880499638617,0.0011767451651394367,-0.0010439625475555658
dose16k_B_s1,00111.png,0.0005036636139266193,-0.00010972695599775761,-0.0008697013254277408,0.001312101143412292,0.001244083628989756,-0.000531726807821542,0.002337721409276128,0.00135578284971416,-0.0005296953022480011,-0.002066749846562743,-0.00023253999825101346,-0.001145381131209433,-0.00015666494437027723,-0.000992130022495985,-0.0011274637654423714,-0.00010628609015839174,-0.000663199694827199,-0.0011035404168069363,0.00036896145320497453,0.0011458896333351731,-0.0004300135187804699,0.00024055228277575225,0.0009184194495901465,-0.0004091709852218628,-8.05895688245073e-05,0.0010649946052581072,0.0009543343912810087,-0.0017510011093690991,-0.0006117509328760207,0.0014690709067508578,-7.500814535887912e-05,-0.0009498327854089439,-0.0007414580904878676,0.0019465814111754298,-0.0003384194278623909
dose16k_B_s1,00112.png,0.0022924798540771008,0.0009066381026059389,0.0004970987210981548,0.0007104607066139579,0.00019348821660969406,-0.0010565886041149497,-0.0005562164587900043,-0.0007552177994512022,0.0015842093853279948,0.0007191681652329862,-0.0006934762932360172,0.001303203753195703,0.0005592236993834376,0.0006558025488629937,0.0009576639859005809,-9.879071149043739e-05,-0.0006211402942426503,0.0022328884806483984,-0.00040031736716628075,-0.0016405077185481787,-0.0004220850532874465,-0.00036649085814133286,-0.0007075787871144712,-4.964034087606706e-05,0.0008221512543968856,-0.0007799346349202096,-0.00036994420224800706,0.0010515881003811955,0.0009043989120982587,-0.0002547375624999404,-0.000426075974246487,-0.0007623715791851282,0.0007025555241852999,0.0004680007114075124,8.724014332983643e-05
dose16k_B_s1,00113.png,0.0003570567350834608,0.0005050051840953529,0.00027145343483425677,-0.0006116917356848717,0.0005457823863252997,0.000935858057346195,-0.0005594430840574205,7.560514495708048e-05,-2.6616697141434997e-05,0.0008780098287388682,0.00048017167137004435,0.0004523411043919623,0.001152912969700992,0.00014863736578263342,-0.0006480177398771048,-0.0005102291470393538,-0.0012934058904647827,0.00039620354073122144,-0.0013455734588205814,-0.0010248105973005295,-0.001248402870260179,-0.00027776832575909793,-5.0514961912995204e-05,0.0014205938205122948,-0.0009863459272310138,0.0008813801105134189,-2.8948858016519807e-05,-0.00010769802611321211,0.00017757450405042619,0.0009350713808089495,-0.0010811981046572328,-0.0009729912271723151,-0.0007841115584596992,0.0008335583843290806,-0.0008320289780385792
dose16k_B_s1,00118.png,0.000641541788354516,0.001907393685542047,-0.00022486929083243012,9.796627273317426e-05,-0.0004408290842548013,-0.0015218830667436123,0.0005223411717452109,0.0005747070536017418,0.0006679989746771753,0.0005144309252500534,0.0002753071894403547,-0.0013965712860226631,-0.0013626321451738477,-0.0004491893923841417,0.0012288085417822003,-0.0007987930439412594,4.1971008613472804e-05,0.001856420305557549,-0.0014800956705585122,0.00016494961164426059,-0.0006852183141745627,-0.0001499650243204087,-0.0007302613230422139,0.0005338205955922604,0.0007181921973824501,-0.0012955589918419719,-0.0014453934272751212,-0.0004703135637100786,-0.001159899984486401,1.4371918041433673e-05,-0.0010607459116727114,0.001285145408473909,0.0006016343832015991,0.0005228477530181408,-0.0011380662908777595
dose16k_B_s1,00119.png,0.0019260650733485818,0.0011081384727731347,-0.0016021012561395764,-0.0006159011390991509,-0.002099256729707122,-0.0009032821981236339,-0.0009360559633933008,-0.0007197652594186366,-0.0005650047678500414,-0.0009930282831192017,0.00024200163898058236,0.0006646914407610893,0.0002730099076870829,-0.0010478758485987782,-0.0012588986428454518,3.5458066122373566e-05,0.0008341136854141951,-0.00022420103778131306,0.0001763512846082449,-0.0006913860561326146,0.00021265765826683491,-2.084826337522827e-05,-0.0010009839897975326,0.0004340488521847874,-0.00012923045142088085,0.0005171630182303488,0.00021124824706930667,-0.0009462068555876613,-0.0004145994607824832,0.0004630171461030841,0.00077761773718521,-0.0003328919119667262,-0.00014017056673765182,0.0008580004214309156,0.00107748550362885
dose16k_B_s1,00120.png,0.000870498304720968,0.001275844988413155,-0.00044825044460594654,0.0021124316845089197,0.001472590141929686,-0.0003344288270454854,0.0007135160849429667,0.000619459489826113,0.0003742967383004725,-0.0014395829057320952,-0.001152821583673358,0.0005017732619307935,-0.0001372808328596875,-0.0001383720664307475,4.423674545250833e-05,-0.0003638656053226441,-0.00022229364549275488,-0.0011854212498292327,-0.0005954224616289139,-0.0013441249029710889,0.0011464919662103057,-0.00023813836742192507,7.398448360618204e-05,0.0002656667784322053,0.0007208595052361488,0.0009114386630244553,0.0006017149426043034,-0.001407334115356207,-0.00011439010995673016,-0.00040890893433243036,0.0004812432744074613,-0.00016166383284144104,-7.7343727753032e-05,-0.0019505409291014075,-0.0008478632662445307
dose16k_B_s1,00121.png,-0.0003292329201940447,-0.00021705625113099813,-0.0004541827947832644,4.614018507709261e-06,0.0009718484943732619,0.0006883916794322431,-0.00032460622605867684,-0.0007511162548325956,-0.0005679415189661086,-0.0005832444876432419,0.0013953231973573565,0.00036535930121317506,-0.0018878455739468336,-0.0012315056519582868,0.0011031099129468203,0.00031475903233513236,-0.00027319270884618163,0.0003069396479986608,-0.0005385963013395667,0.0001992917386814952,-0.0008451085304841399,-0.000849952339194715,-0.0004516440676525235,7.392479892587289e-05,-0.00024780278909020126,0.00041235986282117665,-0.0003199404163751751,0.0007128619472496212,0.00042648109956644475,-0.0006969899404793978,0.0007854963769204915,-0.0005510241026058793,-9.779968240763992e-05,-0.0015443161828443408,0.00044101534876972437
dose16k_B_s1,00122.png,-0.0008267243974842131,-0.001377458218485117,-0.0007203204440884292,0.0020123363938182592,-0.0011252101976424456,-0.0013923038495704532,-0.0003016271803062409,-0.00015675689792260528,-0.00015660539793316275,-0.0011636330746114254,-0.0013207622105255723,0.00013658360694535077,-2.573549500084482e-05,-6.675794429611415e-05,-0.0011594448005780578,-2.681561090867035e-05,-0.0016293526859954,-0.0002060151018667966,-0.0005180002772249281,0.00036804514820687473,-0.0001554964401293546,-0.00016128110291901976,-0.0005779454368166625,0.0006071921670809388,0.00044969021109864116,0.0010495493188500404,0.0004860740154981613,-0.0019556807819753885,0.002003543311730027,-0.0006291400059126318,0.0007643378339707851,0.001085435040295124,-0.001061093877069652,-0.0007118265493772924,0.0007551820599474013
dose16k_B_s1,00123.png,8.15863095340319e-05,-0.0003682444803416729,-0.0005504389991983771,0.00015957218420226127,0.00017011123418342322,2.2727415853296407e-05,-0.0010139147052541375,0.0013420635368674994,0.001238768338225782,0.0008208827348425984,0.0001405056391377002,0.0005915633519180119,0.0005657349247485399,-0.00192398636136204,-0.001188960624858737,-0.001231648144312203,-0.0007904457743279636,0.0017478960799053311,-0.0022884951904416084,-0.0005549358320422471,-0.0016991482116281986,0.00021106649364810437,0.0006994482246227562,-0.00034186174161732197,-0.0002080893173115328,0.0008079837425611913,-0.00011030755558749661,0.0007413877174258232,-0.0014925068244338036,-0.00012688501738011837,-0.0004987133434042335,0.0006061243475414813,-0.00020031043095514178,1.398593758494826e-05,-0.0011027721920982003
dose16k_B_s1,00124.png,0.00022579757205676287,0.001301693613640964,-0.0014917765511199832,-0.0015489015495404601,0.0004254870000295341,0.0005114971427246928,-0.000803257105872035,0.00024982294416986406,0.0016921658534556627,0.0006148599786683917,0.0010135816410183907,0.0004481145879253745,-0.0009338497184216976,-0.0006790249026380479,0.0012925639748573303,0.0010524002136662602,-0.0011441635433584452,0.0008729202672839165,0.0015510973753407598,7.10435415385291e-05,0.0009389829356223345,0.0008442415273748338,0.0006829238263890147,0.0022537847980856895,0.000394860515370965,0.001891581923700869,-0.0006054469849914312,-0.0021553165279328823,-0.0015199967892840505,0.0007169301388785243,-0.001279426272958517,-0.000306698348140344,-0.00022943346993997693,0.0002421274984953925,0.000295523670502007
dose16k_B_s1,00125.png,-0.00023002992384135723,0.0004423254868015647,-0.0003605052479542792,-0.00012128996604587883,0.0016334010288119316,0.0029063900001347065,-0.0009849165799096227,0.000407834944780916,4.424315920914523e-05,0.0007071999134495854,-0.001052779029123485,0.0008342131623066962,0.0002570600772742182,-0.0011773391161113977,-0.0003153455618303269,0.0004212456406094134,-0.00034863402834162116,0.00030982965836301446,0.0015010671922937036,-0.00011082890705438331,-0.0002747155958786607,0.0003072368854191154,5.938904359936714e-05,-0.00025905162328854203,0.00017232535174116492,-8.464032725896686e-05,8.30929639050737e-05,0.0011384815443307161,0.00010468406253494322,-9.224517998518422e-05,-0.0006622460787184536,-0.00069676514249295,-0.00039718952029943466,-5.669565507560037e-05,0.00025297992397099733
dose16k_B_s1,00126.png,0.00040889313095249236,-0.0008352443110197783,0.0011037798831239343,0.0011239389423280954,0.0003550568944774568,-0.0019670329056680202,-0.00025367463240399957,-0.000759930582717061,-0.00045568213681690395,0.000796015840023756,0.0011309300316497684,0.0002421038952888921,0.00013798785221297294,-0.0005832466995343566,-0.0015932235401123762,0.0005119213019497693,-0.00026431962032802403,-0.001338686910457909,0.0007502319640479982,0.00014055159408599138,0.0014751831768080592,-0.0012219585478305817,0.000655369134619832,-0.0015462680021300912,0.0014319120673462749,0.0002173606917494908,0.00021931869559921324,0.0008688989328220487,0.001010256353765726,-0.0009274236508645117,-0.00032803017529658973,-0.00067946343915537,0.00011206571798538789,-0.00027355109341442585,0.0009299209341406822
dose16k_B_s1,00127.png,0.0003139114414807409,-0.0007006733794696629,0.0005565154133364558,0.002822831040248275,0.0011207719799131155,0.0004812321567442268,0.0010752931702882051,0.00016971059085335582,0.00019872840493917465,-6.861168367322534e-05,0.0003570362168829888,0.0022539396304637194,-0.001338718575425446,0.0005966996541246772,-3.1176459742709994e-05,-0.0009365220903418958,0.001529315602965653,0.0016829206142574549,-0.0013115121982991695,0.0010151318274438381,0.0007300733705051243,-0.0011338277254253626,-0.0011083785211667418,0.0009127422235906124,-0.00010566547280177474,-0.0015100272139534354,0.0015758564695715904,-1.5452125808224082e-05,-0.0008874552440829575,0.0004540063673630357,0.00010474779992364347,-0.0012990570394322276,-0.0018582853954285383,0.0004942637169733644,0.001261817174963653
dose16k_B_s1,00128.png,-0.0007203720160759985,-0.0015026102773845196,-0.0002728206745814532,-0.000927294313441962,0.0005391215090639889,-0.0008203248144127429,0.00021739346266258508,0.0002624209155328572,-0.0006659902282990515,-0.0010441428748890758,-0.00020498831872828305,-0.0011831243755295873,9.129361569648609e-05,-0.0008097403915598989,0.0002673967683222145,0.0012981476029381156,5.994152888888493e-05,-0.00013904881780035794,0.0014805210521444678,-0.0002518755791243166,-0.00025084998924285173,0.0003435187682043761,-0.0018080228473991156,0.002284191781654954,-0.0006749893655069172,9.579372090229299e-06,0.0002444946439936757,0.001628511818125844,0.0007233386277221143,0.0015130909159779549,0.0005186926573514938,-0.0008429550798609853,-0.00046945465146563947,-0.0013113000895828009,-0.0008188608335331082
dose16k_B_s1,00129.png,-0.0006339045357890427,-6.620242493227124e-05,0.0018010408384725451,0.002152732340618968,0.001361314207315445,-0.002306063659489155,-0.0007207750459201634,-0.0006645016837865114,0.00023552667698822916,-9.698430221760646e-05,0.000860413652844727,0.0005928747123107314,0.001006695325486362,0.0005451464094221592,0.00041894864989444613,-0.001808058237656951,0.0006789765902794898,0.00042577562271617353,0.000797388784121722,0.00020483565458562225,0.00029772575362585485,-0.0006073997938074172,-0.0011350458953529596,-0.0010524645913392305,-0.0017543949652463198,0.0012933984398841858,-0.0006349467439576983,-0.0014909631572663784,0.0014534214278683066,0.0004298185813240707,0.001105510862544179,-0.0003912176180165261,0.00038766671787016094,-0.0009057180141098797,-0.0015730232698842883
dose16k_B_s1,00130.png,0.00036667202948592603,0.0011834545293822885,-0.000659906305372715,0.000983690726570785,0.0006598120671696961,-0.00013119053619448096,-0.00034843734465539455,0.00021020295389462262,-0.0010349694639444351,0.0001474910241086036,0.0010859022149816155,0.00010896549065364525,-2.9738770535914227e-05,0.00012870263890363276,7.349143561441451e-05,-0.0009290292509831488,-0.00036657718010246754,0.0001780167658580467,-5.37908636033535e-05,-0.0005343775264918804,0.00048579167923890054,0.0012656372273340821,0.0004973719478584826,-0.001959379995241761,-0.0006346162990666926,0.00025728161563165486,0.000525848416145891,0.0011240055318921804,-0.0004945802502334118,0.0004238476976752281,0.00023637025151401758,-0.0005000954843126237,-0.00026978133246302605,0.00043353476212359965,0.00015078212891239673
dose16k_B_s1,00131.png,-0.00017240284068975598,6.047461647540331e-05,0.0004508941201493144,0.0029004255775362253,0.0037156413309276104,0.001076561864465475,-0.0006263258983381093,0.0012619354529306293,0.0005702817579731345,-0.00026217824779450893,0.00040563539369031787,0.0003770027542486787,-0.0016102849040180445,0.0008181525045074522,-0.00034847689676098526,0.0007008153479546309,-0.00032468224526382983,-5.372226223698817e-05,-0.0005909004830755293,-0.0013072961010038853,0.00023042115208227187,-0.000238541339058429,-0.002702340018004179,0.0003190227143932134,0.0004397437151055783,0.000852797704283148,0.00021563928748946637,-0.00038698306889273226,0.002267394447699189,-0.0016899275360628963,8.309720578836277e-05,0.00014548904437106103,7.541777449660003e-05,-0.00098316406365484,0.0001860776246758178
dose16k_B_s1,00132.png,-0.000397225609049201,5.96972768107662e-07,-0.00011330303823342547,-0.002114084782078862,-0.0038131719920784235,-0.0007127497810870409,0.00016037868044804782,-0.0005118148401379585,0.0005860846140421927,-0.0010798298753798008,0.00020793953444808722,-0.0009033772512339056,-0.0027340298984199762,0.0006192799191921949,0.0011998496484011412,-0.0004637283564079553,-3.6348134017316625e-05,0.0002987798070535064,0.0015514170518144965,0.0001360911992378533,0.0008482762495987117,-0.00011357184121152386,-0.0005200669402256608,-0.0006312501500360668,0.0005710898549295962,0.0005573551170527935,-2.2288233594736084e-05,-0.00021265384566504508,-0.00021094182739034295,-0.00046005749027244747,-0.00010531736916163936,-0.0006536386790685356,0.00031032777042128146,-0.00014300172915682197,-6.242624658625573e-05
dose16k_B_s1,00133.png,0.0008648352231830359,0.001110734767280519,0.0001424772635800764,-0.0002764702949207276,0.0008065386791713536,-0.0004654335789382458,-0.00014895579079166055,0.0003282749676145613,7.74119544075802e-05,-0.0009337658993899822,-0.001522128120996058,0.0010993792675435543,-3.4561748179839924e-05,0.0005363716627471149,-0.0001862374774646014,-0.0004130219458602369,-0.000593875942286104,-0.0015362988924607635,4.9030692025553435e-05,0.0025708512403070927,-0.0011227988870814443,-0.00176664546597749,0.000633492018096149,-0.0014495952054858208,0.00042382837273180485,0.0009959255112335086,-0.0009596300078555942,0.00022943015210330486,-0.0005347535479813814,0.0002454642381053418,0.0009127547382377088,0.00021611250122077763,-0.0013952268054708838,-0.0007149201119318604,0.0009860763093456626
dose16k_B_s1,00138.png,0.0012075721751898527,0.00035937331267632544,-0.0006549471290782094,-0.0029658027924597263,-0.0005600795848295093,-0.0005916397785767913,-0.0003146860981360078,-0.0009314270573668182,0.00037443742621690035,-0.00010472623398527503,9.61868790909648e-05,-0.0003523895575199276,-0.002037978498265147,0.00011654215632006526,-0.0007847215747460723,-0.00029058000654913485,-0.00010900948836933821,0.0005514352233149111,-0.0005885149003006518,-0.0009726600255817175,0.0010907199466601014,-0.000875398050993681,0.0008097592508420348,0.0007174743223004043,0.0003946214565075934,0.0015036133117973804,-0.00287120183929801,-0.00023041723761707544,0.0003966160293202847,0.0017172804800793529,-0.0006776032969355583,0.0001968264696188271,-0.0005588802159763873,0.0007674421649426222,-7.218895188998431e-05
dose16k_B_s1,00139.png,0.0008664217311888933,-0.0002879746025428176,0.0007383614429272711,0.00012807385064661503,0.0005044523859396577,-6.0187165217939764e-05,-0.0014046956785023212,-0.00022757667466066778,-6.975304859224707e-05,0.0004580823879223317,0.0012321455869823694,-0.0008169956272467971,0.001416608109138906,-4.995752533432096e-05,4.456579335965216e-05,0.0013317083939909935,-0.000810322177130729,0.0010798120638355613,0.00025988498236984015,0.0005159039283171296,6.38936908217147e-05,-0.0007646693848073483,-0.0006086788489483297,0.0008080512634478509,0.000429570849519223,0.00018318921502213925,0.00014328006363939494,-0.000326007604598999,0.00028597863274626434,0.0013694856315851212,-2.066418164758943e-05,-0.00030150229576975107,0.00043600218486972153,0.00048205614439211786,-0.001036649220623076
dose16k_B_s1,00140.png,-0.0010220949770882726,-0.0007056846516206861,-0.0009697391651570797,0.0011350164422765374,0.0004599977401085198,-0.000493071333039552,5.6825516367098317e-05,-0.00023780862102285028,-0.0003998820611741394,0.000418434472521767,0.0006701145903207362,-0.0002340457431273535,2.669119021447841e-05,-0.0006439406424760818,7.113385072443634e-05,0.000314536941004917,-0.0008326210081577301,-0.0006058517610654235,0.0004876701859757304,0.0004991230089217424,0.0007080487557686865,0.0006771619664505124,0.0004028555704280734,0.001395600032992661,-0.00026571069611236453,0.0015623669605702162,-8.480166434310377e-05,-0.000449897488579154,0.0007466711685992777,0.00043741994886659086,0.0006333428318612278,-0.0010626399889588356,-0.00030133550171740353,0.00020546048472169787,0.00014946234296076
dose16k_B_s1,00141.png,0.00016173519543372095,-0.0001759512524586171,-0.0009707442368380725,0.0023923262488096952,0.002468556398525834,1.1831704796350095e-05,-0.0007097225752659142,-0.0009768068557605147,0.0002861132088582963,0.00013277189282234758,-0.00019889665418304503,-0.0003616022877395153,-0.001568126492202282,-6.003075759508647e-05,-0.0024279889184981585,-0.0003727007133420557,0.0011104403529316187,-0.002710094442591071,0.0004827280936297029,0.0012043991591781378,0.0006573176942765713,8.743466605665162e-05,-0.0008974246447905898,0.0009551838738843799,0.0004188726015854627,0.00013417965965345502,0.0006988773820921779,-0.000179917027708143,0.0002932673378381878,-0.00048210250679403543,0.0005759894265793264,0.00211175880394876,-7.18634546501562e-05,0.0016759661957621574,-0.0005244377534836531
dose16k_B_s1,00134.png,-0.001610107021406293,-0.0023771163541823626,0.0007957175839692354,0.004169140942394733,0.003518793499097228,-0.0006150857079774141,-0.0013523328816518188,0.0003730019088834524,-0.00029603447183035314,-0.00038751825923100114,-0.00025877932785078883,0.0012826487654820085,0.00010754067625384778,-0.0009228299604728818,-0.0004690571513492614,-0.0003471399249974638,-0.0012480344157665968,0.0016629339661449194,0.00039450550684705377,-0.0016632273327559233,0.0021222152281552553,0.0010731264483183622,0.00033458875259384513,-0.000940272759180516,-0.0005739229964092374,-0.0008341096108779311,-0.0005374590982683003,-0.0007020497578196228,-0.0008097980753518641,-0.0001454087469028309,0.0004003095382358879,-0.0011609297944232821,9.964999480871484e-05,-0.001318367081694305,0.0007403211784549057
dose16k_B_s1,00135.png,-0.0009878629352897406,0.0009521797182969749,0.0007240764098241925,0.0005685119540430605,-0.0011615125695243478,9.286715794587508e-05,0.0009185594390146434,-0.0006981022888794541,3.591198401409201e-05,-0.0001621807605260983,-0.00021807124721817672,-0.0012505573686212301,0.001423309906385839,-0.0017429785802960396,0.00025445851497352123,0.0008375609759241343,-0.0005013496847823262,0.0006242310046218336,-0.0004075868637301028,-0.0005041960976086557,-0.00031814712565392256,-0.0005884596612304449,0.0020412553567439318,0.0005110399797558784,0.0005011431057937443,0.0014284740900620818,-0.000148177714436315,0.0006623395020142198,0.0006622237269766629,0.0008073777426034212,0.0004816529981326312,-0.0005067435558885336,0.0017444986151531339,0.0015490776859223843,-0.00041124745621345937
dose16k_B_s1,00136.png,-0.00011446978896856308,-0.00017057894729077816,-0.0002758715709205717,-0.0021984416525810957,0.00048799574142321944,-0.00021407881285995245,-5.401977978181094e-05,-0.0008184511680155993,2.3464715468435315e-06,-0.001626481767743826,0.0013079590862616897,0.0014580802526324987,0.0002948570472653955,0.0005727473180741072,0.0005019507952965796,-0.001508367364294827,-0.0004110964073333889,-0.00012215258902870119,-4.764584809890948e-05,-0.001183396321721375,-0.0009344972786493599,-0.0009481354500167072,-0.00010941296932287514,-0.0005875882343389094,-0.00030212319688871503,0.000781942973844707,0.00042820750968530774,0.00040018255822360516,-0.0016070902347564697,0.000647090666461736,0.00022256640659179538,0.0003859761927742511,0.0010154881747439504,-0.0002572922094259411,0.0008207173086702824
dose16k_B_s1,00137.png,0.0007204657886177301,0.0005303826765157282,0.00033131198142655194,-0.0032813712023198605,0.0009327739826403558,-0.00037751506897620857,-0.000519193010404706,0.0024277672637254,-0.0005197128048166633,-0.0008034352795220912,-0.0008899887325242162,0.0007861255435273051,0.0007149173761717975,-0.0023942438419908285,0.00018347955483477563,-0.001497934223152697,-0.0008990512578748167,-0.0002351033763261512,-0.00022133387392386794,0.0008523485157638788,0.0011263019405305386,-0.0007804189226590097,0.0002270575350848958,0.0012576752342283726,0.0006637881742790341,-0.00141298514790833,-4.7126610297709703e-05,-0.00022853875998407602,-0.00013865121582057327,0.001090545323677361,0.0007974469917826355,0.0011062885168939829,0.001069745747372508,-0.0015632829163223505,0.0004435826267581433
dose16k_B_s1,00142.png,-0.0024601430632174015,-0.0019095275783911347,-0.00022166394046507776,-0.0011937671806663275,-0.0023659151047468185,-2.009861418628134e-05,7.374108099611476e-05,0.001378876157104969,-5.7432938774582e-05,0.0008832871681079268,0.0014264503261074424,0.0018247730331495404,0.000585281930398196,0.0010636798106133938,0.0004556354251690209,-0.0009002131409943104,0.0014181227888911963,0.00039212164119817317,-0.0006022989400662482,-0.0004390728136058897,0.000459641101770103,0.0007147977594286203,-0.00031923962524160743,0.0004922240041196346,0.0006335937650874257,-0.00026404153322800994,0.0016222529811784625,-0.0003265621780883521,0.0018622918287292123,4.238199471728876e-05,9.791034972295165e-05,-0.001475948840379715,5.8807760069612414e-05,0.0001535292831249535,0.0010029964614659548
dose16k_B_s1,00143.png,-0.0007783939363434911,-0.001142333378084004,-0.0011560407001525164,0.0004861563502345234,0.00013618807133752853,-3.699520311783999e-05,9.864653839031234e-05,0.0015841210260987282,0.0003733816265594214,-0.000350271729985252,-0.00116538698785007,-0.00026306690415367484,-0.0011853051837533712,0.0015263669192790985,0.0007636947557330132,-7.743005699012429e-05,0.0011210808297619224,-0.0011435444466769695,-0.00053099897922948,-0.001382175600156188,-0.0004006548260804266,-0.0009212566073983908,0.000568451127037406,0.0007091876468621194,-0.0003446187765803188,0.0012043784372508526,3.5875156754627824e-05,-0.00036178980371914804,0.0006420525023713708,0.0007318717543967068,-0.00022878182062413543,-0.0006560171605087817,-0.0003761097905226052,0.0013814829289913177,0.0012087431969121099
dose16k_B_s1,00144.png,-0.0003672391758300364,0.0001768953661667183,6.638406193815172e-05,-0.0007886850507929921,-0.0021560457535088062,0.0009233950986526906,0.0004949891590513289,-0.0018616729648783803,0.0012499786680564284,-0.00012614118168130517,-0.00040059274761006236,0.0017326796660199761,0.00021920788276474923,0.0008860177476890385,0.0013829292729496956,-0.000986844883300364,0.001257771160453558,-0.0008272452396340668,-0.0012619068147614598,0.0011763367801904678,-0.0013290565693750978,-0.0003713677579071373,-0.0002415428898530081,0.000215928113902919,0.0021516818087548018,-0.0003694923943839967,0.000270225980784744,-8.832625462673604e-05,-0.0009488478535786271,-0.0019322147127240896,0.0015072128735482693,-0.0008907100418582559,-0.0014703854685649276,0.00020806827524211258,1.8709906726144254e-05
dose16k_B_s1,00145.png,0.0011879586381837726,-7.367080979747698e-05,0.0010025902884081006,0.0004644010041374713,-0.0001662880677031353,0.0015160326147451997,-0.001071232371032238,-0.0008227390353567898,-2.323284570593387e-05,-0.00046600299538113177,7.576680218335241e-05,0.001129014533944428,0.0003868767526000738,-0.0009488636860623956,-0.0007112555904313922,0.0014376966282725334,0.0015589036047458649,0.00037246898864395916,0.0008970845956355333,-0.00012575509026646614,-0.0007131590391509235,-0.0006819591508246958,0.0009269982110708952,0.0004545096307992935,0.0008366916445083916,-0.00032970341271720827,-0.000791221740655601,0.0012727237772196531,0.0008114386582747102,8.689090464031324e-05,-0.0005731033161282539,0.00041803575004450977,-0.0024099061265587807,-0.0006777715170755982,-0.0008641342865303159
dose16k_B_s1,00146.png,0.0005249241949059069,0.00024834059877321124,-4.323129815020366e-06,0.0014110233169049025,-0.0034848295617848635,-0.0006099884631112218,0.001588495564647019,-0.0010301691945642233,-0.0001782310428097844,-0.00039736178587190807,0.00036549795186147094,-0.001097715343348682,-0.0008726809173822403,-4.5775621401844546e-05,0.0001986192655749619,0.0005671466351486742,0.0006441067671403289,-0.0001402219495503232,0.0008785639656707644,0.0010133229661732912,0.0013595708878710866,-0.0007968154968693852,-0.00023950531613081694,-0.00013116408081259578,-0.0011321339989081025,-0.000976736773736775,-0.0004949586582370102,0.0001393834681948647,0.00025017053121700883,0.00022055799490772188,-0.00030659663025289774,-0.0005763951339758933,-0.001287877676077187,-0.00031579521601088345,-0.00028337433468550444
dose16k_B_s1,00147.png,-0.000162753407494165,0.0005468319868668914,0.00016144900291692466,-0.0014610582729801536,-0.00047010325943119824,-0.0001328068901784718,0.00040422193706035614,-4.8201509343925864e-05,0.00035661374568007886,-5.7704924074641895e-06,0.0013720258139073849,-0.0002992499794345349,0.0014851393643766642,0.00029074648045934737,-0.0007028448162600398,-0.000748830905649811,0.0007575990166515112,-0.00025298865512013435,0.0012112177209928632,0.0004784729680977762,-0.00076101761078462,-0.0009177644387818873,-0.0013336999109014869,9.34001145651564e-05,-0.00015102628094609827,0.0004592181649059057,0.0012378513347357512,-0.0014303744537755847,0.00022514893498737365,0.0005258570890873671,-0.0008944628061726689,0.0005736254970543087,0.00015209951379802078,-0.0012440573191270232,-0.0002667792432475835
dose16k_B_s1,00148.png,0.0008572950609959662,0.0015153562417253852,0.0006590381381101906,-0.0016194394556805491,-0.0010737943230196834,0.0002945915621239692,-0.0009641388896852732,-0.000541996443644166,0.0009809235343709588,0.0008945665322244167,0.0016760799335315824,0.0004875662561971694,0.003137031337246299,-7.493685552617535e-05,-0.0013363738544285297,0.0006898049614392221,0.0010344210313633084,0.0006840804126113653,0.0014189747162163258,1.84344025910832e-05,0.00201955228112638,0.0008723666542209685,-0.0002815353509504348,-0.0009415593231096864,-0.00040949968388304114,0.0006256779888644814,0.00281975488178432,-0.0002287041861563921,-0.00040100590558722615,-4.076071854797192e-05,0.0014699213206768036,-0.001841341843828559,0.0019196760840713978,0.00013150110316928476,-0.0007706351461820304
dose16k_B_s1,00149.png,-0.0007022794452495873,-0.0009196401224471629,-0.0008826645207591355,-0.002271528821438551,0.00020351233251858503,-5.2385298658919055e-06,0.0001887448743218556,0.00035732798278331757,-0.0009184302762150764,0.0006548492820002139,0.0004205167351756245,-0.0007408476085402071,0.0004895314341410995,0.00022372251260094345,0.0006255886401049793,-0.00029908635769970715,-0.0003001984441652894,-0.00019134940521325916,0.0010113146854564548,0.0003065030905418098,0.0008311066776514053,0.00044878150220029056,-0.0012454912066459656,0.0004426265659276396,0.000123929901747033,-0.0004605088324751705,-0.0004926268011331558,0.0006637956248596311,2.5069775801966898e-05,-4.97601977258455e-05,0.00048392696771770716,-0.0008803743403404951,0.0007729873177595437,0.0007573207840323448,0.00038538684020750225
dose16k_B_s1,00150.png,0.0013602119870483875,0.00023789941042196006,-0.0014963976573199034,-0.0026473409961909056,0.0007418374298140407,0.0002818438515532762,-0.0006672290619462729,0.0019351878436282277,0.001386173302307725,0.0021171928383409977,0.0014934552600607276,0.00020308129023760557,0.0028337466064840555,0.0007242226274684072,0.0007786539499647915,9.511869575362653e-05,0.0012058131396770477,0.0003573870053514838,2.4292867237818427e-06,0.0002826371055562049,-0.0003948218945879489,-0.0005378129426389933,-0.00022564524260815233,0.000628324574790895,-0.0014823002275079489,0.0007115054759196937,0.0013464876683428884,3.12627489620354e-05,0.0002704238286241889,0.00011568627814995125,-0.0006354973302222788,-0.0006984075298532844,-0.0003398602711968124,0.0006015805411152542,-0.0011123489821329713
dose16k_B_s1,00151.png,0.00051697256276384,-0.0011641148012131453,-0.0008850777521729469,-0.0003631732542999089,-0.0014680345775559545,-0.0006263012764975429,-0.00027829210739582777,0.0005738502950407565,0.0005326411919668317,-0.0010305980686098337,-0.0006804846343584359,-5.926817175350152e-05,0.0002464588324073702,0.0010282075963914394,-0.0008468064479529858,-0.0010525546967983246,0.0009758784435689449,-0.0006387372268363833,-0.0007965340628288686,0.0009776551742106676,-0.0005381745868362486,0.0008407456334680319,0.0008543658186681569,-0.00018832163186743855,0.0007982997340150177,-0.0016877468442544341,-0.0026515594217926264,0.0010112777817994356,-0.0007973877945914865,-0.0007716446416452527,2.9356837330851704e-05,-0.0008282214403152466,0.0008536898531019688,-0.0006121892365626991,0.00010677826503524557
dose16k_B_s1,00152.png,-0.0011393302120268345,-0.0008929789764806628,-0.0003918881993740797,0.00018280297808814794,-5.2241517551010475e-05,-0.0005402334500104189,0.0008340143831446767,0.0011783819645643234,0.00015271174197550863,-0.0006097890436649323,-0.00037866621278226376,-0.0004701714788097888,0.00044204096775501966,-0.00011993021325906739,-0.001346355420537293,-0.0010194487404078245,0.0008640171145088971,-0.001148742507211864,0.0003740177198778838,0.0008977660327218473,0.000595699530094862,0.0008588931523263454,-0.001265056198462844,0.0008166261832229793,-0.0010280223796144128,0.0011587386252358556,0.001251357258297503,0.0004602188419084996,0.0007198546663857996,-0.001737898914143443,0.000645624240860343,-0.000773207691963762,-0.0011809306452050805,-0.0004607077280525118,-0.00020171199867036194
dose16k_B_s1,00153.png,-0.0013311380753293633,6.955985554668587e-06,-0.0007885310333222151,-0.001766350120306015,-0.0012051367666572332,-5.389297439251095e-05,0.00047783012269064784,0.0008011896279640496,0.0002118122938554734,-0.001686618896201253,0.0009115738212130964,0.002043775049969554,-0.0008370674913749099,-0.00016327374032698572,0.00026071100728586316,-0.0007482568034902215,8.06238895165734e-05,0.0004328727663960308,-0.00013055729505140334,-0.00011027834261767566,-0.0010774898109957576,-0.0003052741813007742,-1.1172539416293148e-05,-0.00041262232116423547,0.0016843146877363324,-2.2333715605782345e-05,-0.0005832285969518125,0.0010395875433459878,0.00014171833754517138,0.0011804584646597505,0.000889282557182014,-0.0007665226585231721,-0.001968628028407693,-0.00046763033606112003,0.001280019641853869
dose16k_B_s1,00154.png,0.00015629279369022697,7.888087566243485e-05,0.0001278285781154409,0.001870923675596714,-1.5250478099915199e-05,-0.001637946581467986,0.00026738602900877595,-0.00013328169006854296,-2.7934260288020596e-05,0.0005011142930015922,-0.0004589944437611848,1.749708280840423e-05,0.0014140582643449306,-0.0006429374334402382,0.0011196642881259322,-1.1854823242174461e-05,0.0007203256245702505,-0.0007726153708063066,0.0008196352864615619,-1.4313685824163258e-05,3.0173498089425266e-05,-0.0004165695863775909,0.00035765033680945635,-0.001129167154431343,0.0005004156846553087,-4.4696284021483734e-05,-0.0015042050508782268,-0.0005627457867376506,0.0011380567448213696,0.0007627357263118029,-0.0011359568452462554,0.0007429172401316464,-0.0001940393849508837,-3.044456389034167e-05,0.0013829371891915798
dose16k_B_s1,00155.png,-0.0015898322453722358,-0.0006834997911937535,-0.0005495959194377065,0.00013084667443763465,0.0005323761142790318,-0.0010398408630862832,-0.000149393905303441,0.0015534592093899846,0.00036295506288297474,-0.0017392283771187067,0.0012351640034466982,-0.0023764935322105885,0.000897317542694509,-5.424795290309703e-06,0.0006100364844314754,-0.0005092702922411263,0.0005835764459334314,-0.00033796392381191254,-0.0006959082675166428,-0.00033044852898456156,-0.0011496716178953648,0.0003723765257745981,-0.00041211783536709845,0.000505033356603235,0.0008542187279090285,0.00032040360383689404,-0.0008752039866521955,0.0011027788277715445,-0.0018008567858487368,-0.0010389183880761266,-0.0006416693795472383,-0.00028249394381418824,0.0008296832675114274,0.001290341722778976,0.00018746417481452227
dose16k_B_s1,00156.png,0.001440128544345498,0.0020031495951116085,-0.00012085020716767758,-0.0007959615904837847,0.0019768844358623028,0.0009601510246284306,-0.00022833481489215046,0.002230757148936391,0.0005179745494388044,-0.000927246583160013,5.535609307116829e-05,0.0008713967399671674,0.0015134599525481462,-0.0008868058794178069,-0.00023201740987133235,0.0011273653944954276,0.0007470487034879625,0.001990298740565777,0.00045227655209600925,-0.0025455199647694826,-0.0009553686832077801,0.001646273653022945,0.0001220197300426662,-0.000406638573622331,-0.0004274657694622874,0.0008123790612444282,0.0001526104606455192,-0.0004063615342602134,-0.0008300710469484329,-0.0016045295633375645,-0.0006570166442543268,-0.0008865832351148129,0.0003972423146478832,-0.0012712209718301892,0.0015580338658764958
dose16k_B_s1,00157.png,-0.0007495342870242894,-0.0008023191476240754,0.0003609701234381646,0.0006413336959667504,0.0012522984761744738,-0.00047592067858204246,0.0006503366748802364,0.0007159936358220875,-0.0001122197209042497,0.0001999260566662997,0.000992880784906447,0.00034510510158725083,0.0005609792424365878,0.00010434884461574256,-0.00018801672558765858,0.00037503798375837505,-0.00046792227658443153,0.00064097810536623,-6.73457034281455e-05,-5.810278526041657e-05,-0.0011645726626738906,-0.000882584834471345,-0.00047964928671717644,-0.0005687819793820381,9.726656571729109e-05,-0.0002021787950070575,-0.00014111807104200125,0.0002725085651036352,0.0002848366857506335,0.0001924903190229088,-0.0003554373106453568,-0.00021295978513080627,0.0007131675956770778,0.0005933247157372534,-0.0001486994733568281
dose16k_B_s1,00158.png,0.0002973535447381437,0.0013581279199570417,-0.0007188983145169914,0.0005441082757897675,-0.0014829495921730995,0.0009422890143468976,-0.00013628344458993524,0.001151975360698998,0.001482493244111538,-0.0020814898889511824,0.00046669479343108833,0.0008618616266176105,-0.000794916704762727,-0.002031075768172741,0.0003177652833983302,3.287273648311384e-05,0.0004601468681357801,-4.522850758803543e-06,-0.0005623749457299709,0.00015058806457091123,-0.00025187950814142823,0.00043673141044564545,0.002318080747500062,8.716686716070399e-05,0.0003137489838991314,0.00100772047881037,0.002118767471984029,-0.0006802278803661466,-0.0016818641452118754,-0.0007727618212811649,7.848353561712429e-05,0.0010972260497510433,-0.0004180633113719523,0.0008504702127538621,-0.00022160637308843434
dose16k_B_s1,00159.png,-5.0069076678482816e-05,0.0007147947326302528,-0.00020077943918295205,-0.00023611322103533894,-0.0020385717507451773,0.0013111999724060297,-0.0017046410357579589,0.0010462392820045352,0.00010376622958574444,-9.314865019405261e-05,-0.00024284931714646518,-0.00048427816363982856,-0.0010928070405498147,-0.0005743348156102002,-3.307614315417595e-05,0.0003304413112346083,0.0001938932400662452,-0.001421012682840228,-0.0005426048883236945,-0.0009531578980386257,0.0015267543494701385,-0.0003435062535572797,-0.0001407123781973496,-0.001175524783320725,0.0012603168142959476,0.00033051706850528717,0.00034163452801294625,-0.00047954818001016974,-0.0010367786744609475,0.0011263012420386076,0.001057246932759881,0.00029468588763847947,0.0024322408717125654,0.00230543315410614,0.0010559052461758256
dose16k_B_s1,00160.png,0.0017722240881994367,0.0008429228910245001,-0.0012642932124435902,0.0025811565574258566,-0.0012505559716373682,7.316986739169806e-05,0.0015476838452741504,-0.00042094572563655674,-0.0010221280390396714,7.212439959403127e-05,0.0002903831482399255,-0.0003578680625651032,0.0002477019152138382,-0.00028822245076298714,0.0010098599595949054,-7.511809235438704e-05,0.00045994011452421546,-0.0011371856089681387,-0.00019061735656578094,0.0005106008611619473,0.0008909982861950994,-0.00010111444134963676,-0.00021546530479099602,-0.0003185938985552639,-0.00012171454000053927,-0.00036432023625820875,0.0008389289723709226,0.0003729541494976729,0.00018332438776269555,0.0009211730794049799,0.0004721518780570477,-0.001461986219510436,0.00035036561894230545,-0.0003783950814977288,-0.001087735639885068
dose16k_B_s1,00161.png,0.002339338418096304,0.0028630304150283337,-0.001542564365081489,0.0003140685730613768,0.0005186515627428889,0.0006733074551448226,-0.0011996910907328129,-0.0016309143975377083,-0.00040786416502669454,0.0004935271572321653,0.0004332682874519378,0.0020807876717299223,-5.1869148592231795e-05,0.00032998493406921625,0.0009009845089167356,-0.0003242373059038073,0.0013132457388564944,-0.0003409377532079816,-0.00036970176734030247,0.0002967555483337492,-0.001239228411577642,0.00017355057934764773,0.00027167508960701525,-0.0006355535588227212,0.00125944335013628,-0.0002604141482152045,6.56169286230579e-05,0.0010055279126390815,0.00029901991365477443,1.545842496852856e-05,5.7836670748656616e-05,-0.0001619171816855669,0.0011116741225123405,-0.0007898627663962543,-2.9564454962383024e-05
dose16k_B_s1,00162.png,-0.0003439724969211966,0.00029576223460026085,0.00046928529627621174,0.0021260178182274103,-0.001263773418031633,-0.0005448307492770255,0.0010730858193710446,0.000651981623377651,-0.000669666740577668,-0.0002919684920925647,0.0005819768412038684,-0.0003287233121227473,-9.141589544015005e-06,-0.0002737168688327074,-0.0002778806956484914,-0.0003936516004614532,0.00038294520345516503,-0.00021573479170911014,0.0002843637194018811,-9.815700468607247e-05,0.0006830942002125084,-0.0025217190850526094,5.391010927269235e-05,0.0008917205268517137,0.0007234028307721019,0.0006921790190972388,0.00011737011664081365,9.793697972781956e-05,-0.000457892834674567,-0.0007331095985136926,-0.0012502236058935523,9.342043995275162e-06,-0.0007395674474537373,-0.0005451762699522078,-0.0017104768194258213
dose16k_B_s1,00163.png,0.0006453888490796089,0.0005892494809813797,0.00014154576638247818,-0.001579037751071155,9.69053726294078e-05,0.0005946598830632865,-0.0013641451951116323,0.0019028227543458343,-9.525821951683611e-05,0.000657780678011477,-0.00026661838637664914,0.0008267242228612304,-0.00028526244568638504,0.0008170921937562525,0.0004847721429541707,-0.0002085793239530176,6.454056710936129e-05,-0.0005400858935900033,-0.002020742744207382,-0.0014053471386432648,0.0002470410254318267,-0.0016902489587664604,0.000222053422476165,-4.1281848098151386e-05,-0.0011195222614333034,-0.00022803456522524357,-0.001353485626168549,-0.0011710659600794315,-0.00045764606329612434,0.00021601452317554504,-0.00010139610094483942,-0.0012854943051934242,-0.0011565200984477997,0.000952164875343442,0.0005168751231394708
dose16k_B_s1,00164.png,-0.00036915382952429354,0.0005480747204273939,0.0007512579904869199,-0.001987501047551632,0.0008745980449020863,-0.0006055287667550147,-0.0011865273118019104,-0.0005633580731227994,-0.0003260048106312752,0.0015866303583607078,-0.0005452298792079091,-0.0014056762447580695,-0.0005678203888237476,0.0008319476619362831,-0.0001866091915871948,-0.001058810274116695,0.0013588607544079423,-0.000447795755462721,0.001085325493477285,0.00028766391915269196,0.0006923912442289293,-0.0002989072527270764,0.0015518482541665435,-0.0003836288524325937,0.00045387493446469307,0.0003095937136095017,0.0002270056284032762,-0.0009231023723259568,-0.0005599831929430366,-0.0001264423772227019,0.0003130576224066317,-0.00037825448089279234,-0.0015244756359606981,-0.0009663073578849435,0.0007957046036608517
dose16k_B_s1,00165.png,0.00037490198155865073,-0.00023088310263119638,-0.0006875827675685287,-0.00010269109770888463,0.0017176936380565166,-0.0002399299555690959,-0.00029125172295607626,-9.286322892876342e-05,-0.0007282650913111866,-0.0003973966231569648,7.766066846670583e-05,0.00044873071601614356,-0.0001280510041397065,-0.0010543141979724169,-0.00033163794432766736,-0.00039953822852112353,0.0011488061863929033,-0.0009718349319882691,-0.000313686381559819,0.0007611327455379069,0.0002518023829907179,0.0015884481836110353,-0.001995303202420473,0.0006134912837296724,0.0010382793843746185,-0.00018264178652316332,1.3320210200618021e-05,-0.0005745130474679172,-0.001770390896126628,0.0001380535977659747,3.625134195317514e-05,0.0007285026949830353,-2.4833687348291278e-05,0.00011600727157201618,-0.000709921179804951
dose16k_B_s1,00166.png,-0.0015148724196478724,1.9673086626426084e-06,-0.0011795382015407085,8.629074727650732e-05,-0.0007975765038281679,-0.00015168401296250522,0.0004235707165207714,-0.0005095794913358986,0.0015654381131753325,-0.00028565904358401895,0.0005867127329111099,7.753612590022385e-05,-0.0014508613385260105,0.00044392241397872567,-0.00047912789159454405,0.0015366838779300451,0.00162318570073694,-0.0008918112725950778,0.0009008992929011583,0.0003420403809286654,-0.00010173560440307483,-0.00021176553855184466,-9.549206879455596e-05,-0.00016981827502604574,-0.000369950634194538,0.0005982540315017104,0.0010195944923907518,0.0006733138579875231,-0.0011132885701954365,-0.00018999217718373984,-0.0020021479576826096,0.0002733353176154196,-0.0006987074157223105,-0.000605813052970916,-0.000244126160396263
dose16k_B_s1,00167.png,-0.0005030396278016269,-0.0015629935078322887,0.001273890258744359,-0.00119438034016639,0.0005933671491220593,0.0004410748078953475,-0.0001959428918780759,0.00014137783728074282,-0.001118863932788372,-0.00018269883003085852,0.0012167731765657663,-0.001058944035321474,-0.0002996470720972866,-0.00022443699708674103,-4.707968037109822e-05,-0.0006939921877346933,0.0019806514028459787,0.000364416278898716,-0.0005581827135756612,0.0005230262759141624,-2.0275861970731057e-05,-0.0009784861467778683,-0.00044407774112187326,-0.0019305236637592316,0.0006372778443619609,0.0009746446739882231,0.0002483100979588926,0.0001461267820559442,0.0007541223894804716,-0.0012824212899431586,0.0008375364704988897,-0.002265241462737322,0.001939687761478126,-0.001507916604168713,0.0003387309261597693
dose16k_B_s1,00168.png,-0.0002505608426872641,-0.0005949964979663491,0.000559454201720655,-0.0008232387481257319,0.0014547050232067704,-0.0017933290218934417,-0.0004779163282364607,-0.0013185602147132158,-0.0012893753591924906,0.0003245188563596457,-0.0007277652039192617,0.0009560228209011257,-0.0012383682187646627,0.00045833157491870224,0.0004182974807918072,-9.178803156828508e-05,-0.00103688333183527,-0.00020746438531205058,0.0007225337321870029,-0.0006599501357413828,-0.0008582076989114285,0.00027991452952846885,-0.0006835111416876316,-0.000603686086833477,-0.0006473942776210606,0.0005859535303898156,0.00035544607089832425,-0.0007281210855580866,-0.0004909129929728806,0.0010191455949097872,0.0006397468387149274,0.0005725876544602215,0.0008648419752717018,-0.0002831522433552891,-0.001240472891367972
dose16k_B_s1,00169.png,9.114434942603111e-05,-0.00015557905135210603,0.00022955679742153734,0.00146310159470886,0.000760132388677448,-9.72060370258987e-05,-0.0007077300688251853,0.0014151046052575111,-0.0015389452455565333,-0.001379511784762144,-0.0010569618316367269,-1.569932464917656e-06,0.00016009120736271143,0.0004123968828935176,0.0011646862840279937,-0.0004513280000537634,5.077236710349098e-05,0.0007650855695828795,0.0005544723244383931,-0.0006292603793554008,0.0006880633300170302,-0.00028318463591858745,0.0002607180504128337,0.0004777124850079417,0.0005446196300908923,0.0005226454813964665,-0.0009289451991207898,-0.0008485342841595411,-0.00047222443390637636,-0.0002018501836573705,0.0013770556543022394,0.000571423617657274,-0.0008038723608478904,-0.0012656825128942728,1.1592213013500441e-05
dose16k_B_s1,00170.png,0.00048745612730272114,-0.0012311380123719573,0.0001745836780173704,0.0003563096688594669,-0.0025571035221219063,0.0005769380368292332,-0.000744648976251483,0.0009022092563100159,0.0002575055987108499,0.0006791756022721529,-0.0023661665618419647,-0.0016691087512299418,-0.0015190057456493378,-2.5067747628781945e-05,-0.0008190810331143439,-0.00019882911874447018,0.00045972326188348234,-0.0002636173740029335,0.00010370860400144011,-0.0007119180518202484,-0.0006280808593146503,-0.001035636174492538,-0.0007307336782105267,0.0002108406333718449,-7.196678052423522e-05,0.0010563525138422847,-0.0006251181475818157,0.0006825298187322915,7.442325295414776e-05,-9.640250209486112e-05,0.0006356980302371085,-0.0005228928639553487,-0.000967499683611095,-0.0006103119812905788,-0.0010153589537367225
dose16k_B_s1,00171.png,0.0014588686171919107,0.0015858766855672002,0.0005226105567999184,8.249956590589136e-05,-0.00030100924777798355,0.0006510843522846699,0.0006322749541141093,0.0005597920389845967,-0.0005214313277974725,-0.0003928694932255894,0.0007236484671011567,0.00036374726914800704,0.0009519499144516885,-0.00012585887452587485,5.3346026106737554e-05,-0.000907545501831919,0.00019205323769710958,0.0007755409460514784,0.0006813589134253561,-0.0001211923299706541,0.001205627340823412,0.0012138976017013192,-0.0012164379004389048,0.0019528690027073026,-0.0006408584886230528,0.0004111899179406464,-9.77747404249385e-05,0.001638583722524345,0.00016536313341930509,0.0011094064684584737,0.00022193232143763453,-0.001108995988033712,0.0016580302035436034,-0.0005935317603871226,0.0011172633385285735
dose16k_B_s1,00172.png,-0.0012807112652808428,-0.0007052022847346961,4.0803941374178976e-05,0.0008503863355144858,-0.0016538945492357016,0.0003717747749760747,0.0008048678864724934,-0.00042698721517808735,-0.0013695477973669767,0.001002484350465238,-8.248685844591819e-06,-0.0002173599204979837,-0.0003075140994042158,-0.0013309232890605927,8.572870137868449e-05,0.0007040149648673832,-0.0009200755157507956,-0.0008544528391212225,0.0009581572376191616,-0.0005050662439316511,-0.0007579138036817312,0.0010072363074868917,-0.00020100885012652725,0.0004897129838354886,-0.0013938021147623658,0.0009299231460317969,8.10003766673617e-05,0.0008172630914486945,-0.0003090074460487813,0.0011257268488407135,0.00037874889676459134,-0.0009463072055950761,-2.5028472009580582e-05,0.0005141792935319245,-0.0004051077994517982
dose16k_B_s1,00173.png,0.0009380669798702002,-0.0002713059075176716,-0.000577520695514977,0.0003928275837097317,0.0003074473643209785,0.00013383881014306098,0.00016680819680914283,-0.0009765056893229485,-0.00021317509526852518,0.00023006736591923982,0.00037242367397993803,-0.0008145991014316678,-0.0010667283786460757,4.571627141558565e-05,0.0017336754826828837,0.0002871440665330738,-9.060181037057191e-05,0.00019109842833131552,0.0010509439744055271,0.001124770613387227,-0.0006212613661773503,-0.0008887299918569624,0.0003966627409681678,0.00014549208572134376,0.001501995837315917,-0.00015338737284764647,-0.0003925935016013682,-0.0019649469759315252,2.4486940674250945e-05,-0.001102731446735561,-0.00038770216633565724,-0.00030299409991130233,-9.729055454954505e-05,-0.0001608861202839762,-0.00018032346270047128
dose16k_B_s1,00174.png,0.0006554526626132429,0.0006498867878690362,4.6644625399494544e-05,-0.0006092324038036168,0.0009226409019902349,-0.0012019413989037275,-0.0017315263394266367,-0.00020536220108624548,-0.0003295131027698517,0.00036884532892145216,0.0009088675724342465,0.0013606660068035126,-0.0001607394515303895,0.0010692287469282746,0.0011995360255241394,0.0010692985961213708,-0.0002662861661519855,0.0011492343619465828,-0.0004930011346004903,-0.0008059447281993926,-0.0015177815221250057,-0.0012648972915485501,0.00036909780465066433,-0.0004901576321572065,-0.00014190243382472545,0.0008146428153850138,3.8748250517528504e-05,-0.0009423440787941217,-0.0008261798648163676,0.0003244398976676166,-0.00010430812108097598,0.00039803082472644746,-0.0006526999059133232,0.0008359657949768007,0.0009800412226468325
dose16k_B_s1,00175.png,0.0009005217580124736,0.0010167605942115188,0.0008500363910570741,0.004172639921307564,0.0004185674188192934,0.0002388619031989947,0.0008515958907082677,-3.104716233792715e-05,0.0009899659780785441,-6.834346277173609e-05,-0.0005062961135990918,0.0003108353412244469,-0.000455044413683936,9.243679960491136e-05,-0.0007242892170324922,-0.0002460787945892662,0.0021200934424996376,-0.0015756794018670917,-0.0016011192928999662,-0.0014542280696332455,-0.00043367870966903865,-0.00021749323059339076,0.0006402319995686412,-0.0006324183777906001,-0.0013634503120556474,0.0008106400491669774,0.0009602658683434129,1.413405334460549e-05,-0.00042446714360266924,-0.0012648428091779351,-0.0016794641269370914,8.468909800285473e-05,0.0006441830773837864,0.0011734524741768837,-0.0011822824599221349
dose16k_B_s1,00176.png,0.0002867380389943719,0.0003825284948106855,0.0015744884731248021,0.0012484536273404956,-0.0001644341682549566,0.00028195505728945136,0.00037679364322684705,0.0008802974480204284,-0.0009330013999715447,-0.0004842008638661355,0.0009513478726148605,-0.0018814129289239645,-0.00022694414656143636,0.0002166007470805198,-0.00023487815633416176,-0.0006090293172746897,-0.00010256327368551865,0.0005767988623119891,0.0003008023486472666,0.0006969401729293168,-0.0008120489655993879,0.0005702124908566475,-0.0007598479860462248,-0.0006685728440061212,0.0018437982071191072,-0.0007441547350026667,0.0006788151804357767,0.00018433232617098838,-0.00012436586257535964,0.0004014965088572353,-0.0020722721237689257,-4.5583896280732006e-05,0.00010851226397790015,-0.0005330058629624546,0.0010468519758433104
dose16k_B_s1,00177.png,0.0008894054335542023,0.0013090000720694661,0.00017186746117658913,0.00045394679182209074,-0.0018062134040519595,-0.001958455191925168,0.00014195159019436687,-0.0003011407097801566,-0.0006280925590544939,-0.00036438193637877703,-0.00011501527478685603,0.0003070854290854186,-0.00048809178406372666,-0.00020298421441111714,0.0016270759515464306,0.0007959352806210518,7.096851913956925e-05,0.0003776243538595736,0.0009351280168630183,0.00047867573448456824,2.653340925462544e-05,-0.00046365713933482766,-0.00021351924806367606,0.00033397882361896336,0.00024074727843981236,-0.00010229487088508904,-0.0006002978188917041,0.00020879528892692178,-0.00011931968765566126,0.0009842299623414874,0.00038954682531766593,-0.00032379297772422433,0.0005883343983441591,-0.00033977109706029296,-0.0012124377535656095
dose16k_B_s1,00178.png,0.0007494774763472378,0.00013379365555010736,0.0009290926391258836,-0.00018120354798156768,0.0004775236884597689,-0.0013481717323884368,-0.0005824819672852755,0.0010126812849193811,-0.0006128157838247716,0.0010312466183677316,0.0006978169549256563,0.00022801061277277768,0.002215432934463024,-0.0003049242659471929,0.001255146344192326,0.001482235617004335,0.00030872164643369615,-0.0010699512204155326,0.0004182680859230459,4.3198881030548364e-05,-0.0003254293987993151,0.0009983776835724711,-0.0018389265751466155,-0.001153945573605597,0.0006968783563934267,0.0017993584042415023,-0.00048461821279488504,-0.0009176699095405638,-0.00014188201748766005,-0.0002057128876913339,0.0010435577714815736,-3.6831093893852085e-05,-0.00028980261413380504,0.00044285974581725895,3.1973057048162445e-05
dose16k_B_s1,00179.png,0.0012997174635529518,0.0001235652744071558,-0.000919854617677629,0.0008116603712551296,-0.0010451549896970391,-0.0005029654712416232,0.0006841464200988412,0.00139795639552176,0.0021394097711890936,-0.0004197136440780014,0.0006357456441037357,-0.0012476523406803608,5.354446329874918e-05,4.9745292926672846e-05,0.0006120869074948132,-0.00032983950222842395,0.000934971496462822,-0.0002538617409300059,0.0013995602494105697,-0.00013338496501091868,0.0001602829433977604,0.0004487869737204164,2.7842912459163927e-05,0.0001824474020395428,0.00010431433474877849,-0.0008225748897530138,0.00010082466178573668,-0.00013794639380648732,-0.0008222204050980508,0.0011647760402411222,-0.000619452097453177,0.0002998296986334026,-4.4054770114598796e-05,0.0012607021490111947,0.0004268291231710464
dose16k_B_s1,00180.png,0.0009251637384295464,-0.0004496898327488452,-0.0014204191975295544,-0.00018688695854507387,-0.0005497308447957039,-8.635540871182457e-05,0.0005569627392105758,0.0010330458171665668,-0.0006755866343155503,0.0005032091285102069,-0.0007526404224336147,-0.0004469236882869154,0.00040592800360172987,-0.0010389166418462992,-0.0012896014377474785,-0.0015820249682292342,-0.0016494571464136243,-0.001260927994735539,0.00025507790269330144,-0.0008286984520964324,-0.00023928648442961276,-0.0010838743764907122,0.0007348718354478478,0.00043084227945655584,-0.0017605054890736938,-0.0005223170155659318,-0.001303486991673708,0.0004030399431940168,0.0004797098517883569,0.0005755099700763822,0.0011758162872865796,0.0012780317338183522,9.781479457160458e-05,0.000703745405189693,0.0009583947830833495
dose16k_B_s1,00181.png,0.0020753766875714064,0.0007294801762327552,-0.0017449629958719015,0.00047243054723367095,-0.0004625238652806729,0.00042190414387732744,-0.0006164862425066531,0.0014113056240603328,0.0007109278813004494,0.0003857185074593872,0.001233473769389093,-0.0007583493716083467,0.0004017254977952689,0.0007296648109331727,0.001780435093678534,0.0017639718716964126,0.0007857996970415115,0.0014866073615849018,-0.001408439944498241,-0.0008608174975961447,-0.00031356795807369053,-0.0006780871190130711,-0.00017362169455736876,-0.0005463296547532082,-0.0014422707026824355,0.00021622727217618376,0.0007425245712511241,-0.0010405515786260366,-0.0008273826679214835,-0.001021781237795949,0.0007774927653372288,-0.00045736285392194986,-0.0016253796638920903,3.0911556677892804e-05,2.573516576376278e-05
dose16k_B_s1,00182.png,-0.001481342245824635,-0.0007910847198218107,0.0012791571207344532,0.0006497467984445393,-0.0006141309859231114,0.00022204140259418637,0.0024871097411960363,4.162015102338046e-05,0.0009885648032650352,0.00035382912028580904,-0.0005516720120795071,0.00011186087067471817,0.00048265725490637124,-0.0002566463372204453,-0.0009148177923634648,0.000551857054233551,0.0012982831103727221,0.0010289642959833145,0.0008861274109221995,-0.0014175301184877753,-0.00024546391796320677,-0.0005191418458707631,-0.0014148480258882046,-0.0009415307431481779,-0.0007017644820734859,-0.0010556078050285578,-0.0006760170217603445,0.001419326406903565,-0.0002706089580897242,0.0009077354334294796,0.0001833124551922083,-0.0003768035676330328,-0.0007294833194464445,0.0011950687039643526,0.0010434930445626378
dose16k_B_s1,00183.png,0.0013911750866100192,-4.0627714042784646e-05,-0.0008533223299309611,0.0012970706447958946,0.002614468801766634,0.0007502816151827574,-0.001065411721356213,5.123854134581052e-05,-0.000990330707281828,0.0013186305295675993,-0.0008149994537234306,-0.0002981903962790966,0.001172380056232214,-0.001066526398062706,-0.0003187093243468553,5.4449188269245496e-08,0.0005394273903220892,-0.001231084461323917,-0.0005926559097133577,0.00027831047191284597,0.000849207048304379,0.0008433247567154467,-0.0006789510953240097,0.0009661976364441216,0.0013861075276508927,-2.9431274015223607e-05,0.000404750753659755,-0.00019988561689388007,-0.0008819292997941375,0.0012280893279239535,-0.0012065160553902388,0.0003416944236960262,0.0010568032739683986,0.00021134584676474333,0.00021846155868843198
dose16k_B_s1,00184.png,0.0015680440701544285,0.0027842391282320023,3.5001360174646834e-06,-0.0007350944215431809,-0.0021478687413036823,-0.0012785015860572457,0.00019332661759108305,0.000928366556763649,0.0008976563112810254,0.0016681451816111803,0.0010125864064320922,-0.0004587359435390681,0.0003858474956359714,-0.0003053432737942785,0.0009319671080447733,-0.00015432649524882436,-0.00013192708138376474,0.0009115788852795959,-9.058715659193695e-05,0.0002954285009764135,-8.88169597601518e-05,1.6463509382447228e-05,0.002235770458355546,-0.00032256441772915423,0.00015634833835065365,0.00022144013200886548,-0.0007014180882833898,-0.00018866080790758133,0.0014869588194414973,-0.000497272762004286,-0.0007291671936400235,0.001791004789993167,-0.0006541663897223771,0.00032210012432187796,-0.001779755111783743
dose16k_B_s1,00185.png,0.0010574831394478679,0.00038873835001140833,-0.0003446719783823937,0.0002457441296428442,0.0007549374713562429,-0.0004237205139361322,0.00044408676330931485,-7.987834396772087e-05,0.0013084940146654844,0.00034783524461090565,0.0010715891839936376,0.000241907880990766,-0.00111875229049474,0.0008636593702249229,0.0007618740783073008,-0.000616643694229424,0.0008598492713645101,0.00021288833522703499,0.0003880923322867602,-0.00014298278256319463,0.00036621297476813197,0.0002147092018276453,-0.0017107981257140636,-0.00010197752271778882,0.00031475521973334253,-0.0008450393797829747,0.000941759382840246,-0.0020880470983684063,-0.0008668873924762011,-0.0002692463749554008,0.000384568702429533,0.0011029336601495743,-8.793006418272853e-05,0.0002890997857321054,0.0007695553940720856
dose16k_B_s1,00186.png,-0.000811492616776377,0.00012094774865545332,0.001000479212962091,-0.0020776186138391495,0.0012665900867432356,-0.0013658349635079503,0.0005119107663631439,0.0004009729018434882,-0.0007115278858691454,-0.0010231485357508063,0.0014727970119565725,-0.0008884611306712031,-0.0011109878541901708,-0.0011864526895806193,-0.0011057723313570023,0.001207869267091155,0.00020482686522882432,-5.123908067616867e-06,-0.000668154563754797,-2.566671173553914e-05,-0.0001124053742387332,-0.0017948561580851674,0.0005650963285006583,-0.00019976007752120495,0.0008714708965271711,-6.601375935133547e-05,0.0012206961400806904,-0.00021004433801863343,-0.0008799707284197211,-4.1850347770377994e-05,-0.0017725896323099732,-0.0011022306280210614,0.0005720416666008532,-3.451964948908426e-05,2.4537968783988617e-05
dose16k_B_s1,00187.png,0.0006045046029612422,-0.00035207875771448016,-0.00039641131297685206,0.001183815998956561,0.0004797742876689881,-0.00019953708397224545,-0.0010728733614087105,-1.0122662388312165e-05,-0.0005845125415362418,-0.0013349427608773112,0.0014003970427438617,-0.0013967875856906176,-0.0006464282632805407,-0.0007349422085098922,-0.0002282875357195735,0.0011933624045923352,0.001007785671390593,-0.00033681231434457004,0.0011780933709815145,0.0015200971392914653,-0.002135380171239376,-0.0008891452453099191,0.0013318193377926946,-9.138238965533674e-05,-0.000372631213394925,0.00011273504060227424,-0.0014159793499857187,-0.0006661508814431727,-0.0008778872434049845,0.0004600844404194504,0.0012882391456514597,0.0002850385499186814,0.0009116519941017032,-6.432610098272562e-05,-0.002483875025063753
dose16k_B_s1,00188.png,-0.00041922778473235667,-0.0012787985615432262,-0.0020066893193870783,0.003325735917314887,-0.0004048285190947354,0.00017056538490578532,-0.0012784958817064762,-0.0008487912709824741,0.0018486055778339505,-0.00018619027105160058,-0.0013586152344942093,0.0017185118049383163,-0.000631780712865293,-0.0009566518710926175,-1.3185731404519174e-05,0.001761237857863307,0.0008014412014745176,-0.0013981651281937957,0.0009563801577314734,-0.0009160773479379714,-0.0010635254438966513,-0.0006809037295170128,-0.0010639781830832362,0.00079388078302145,0.00179263052996248,-0.00035080360248684883,0.0006226995028555393,-0.0005173980025574565,0.0009630410349927843,-0.0019838204607367516,0.00027537927962839603,-2.3257483917404898e-05,0.001338696340098977,0.0009885764447972178,0.001066412776708603
dose16k_B_s1,00189.png,-0.0013496901374310255,-0.0006161374622024596,7.410968100884929e-05,0.00033250500564463437,0.0018378355307504535,-0.0011698013404384255,-0.0009273809846490622,-0.0011257282458245754,0.00031329283956438303,0.0024960029404610395,0.0011643863981589675,-0.0021878594998270273,-0.0005058537935838103,0.00037514648283831775,-0.001300950301811099,-0.0012963882181793451,0.0001543404214316979,-0.001047038473188877,0.0011451191967353225,-0.0006511227111332119,0.0001852487912401557,-0.00015083732432685792,0.0010029432596638799,-0.0005079322727397084,0.0011742089409381151,-0.0024868983309715986,-0.0003445258771535009,0.00048808453720994294,0.00043839370482601225,0.0011269982205703855,0.0013915495947003365,0.0008808991406112909,-0.0013529639691114426,0.0013973430031910539,0.0008414857438765466
dose16k_B_s1,00190.png,-0.0006047048955224454,-0.0007463194197043777,0.0014348886907100677,0.0001911096478579566,0.001133373356424272,0.00027292812592349946,0.0012230246793478727,-0.000597035454120487,0.0011677028378471732,0.0005036492366343737,0.0016105048125609756,0.0008544526062905788,-0.00014547191676683724,0.00025427830405533314,0.0006298528169281781,-0.0011164267780259252,0.0001297283888561651,-0.00023587267787661403,0.000811193254776299,-0.0011380688520148396,-0.00018004357116296887,-0.0012276238994672894,9.538376616546884e-05,-0.0001981106906896457,-0.00026315965806134045,0.0019638133235275745,-0.001078769681043923,-0.0008538922411389649,-0.0019132596207782626,-0.0009297326323576272,-0.0003689034201670438,0.00036808507866226137,0.0008587768534198403,-0.001966496929526329,0.0005317587638273835
dose16k_B_s1,00191.png,0.0006784024299122393,0.0012434856034815311,-0.0003371132188476622,-0.00012107098882552236,-0.00044170525507070124,-0.0010032631689682603,0.0004678585391957313,0.0006166081875562668,0.0011997799156233668,-0.0004390109970699996,-0.0003746849833987653,0.002340874169021845,9.190860873786733e-05,-0.0009420256246812642,-0.0016847250517457724,-0.00046169321285560727,0.001141982851549983,0.0012343648122623563,-0.0004082948435097933,9.609337575966492e-05,0.0011492132907733321,-0.0006573240971192718,-0.0003563071950338781,0.0004379318270366639,-0.0016446281224489212,-0.00020896182104479522,-0.0006960956961847842,-0.0011121678398922086,-0.0013252366334199905,-0.00012967197108082473,0.0011043589329347014,0.0009222059743478894,0.0012762744445353746,0.001177182886749506,-0.0009305686107836664
dose16k_B_s1,00192.png,-0.0019144611433148384,-0.0011267387308180332,0.0015938160941004753,0.0006985505460761487,-0.0010265952441841364,-0.0011097757378593087,0.0008438464137725532,0.00023679698642808944,0.00022066751262173057,0.001327801845036447,-0.0007087459089234471,-0.0008280026377178729,0.0011930337641388178,0.0012744348496198654,0.0002919744874816388,-0.0016139387153089046,0.0017812039004638791,-0.00018448209448251873,-0.00026181823341175914,-0.00022129759599920362,8.078754035523161e-05,-0.0006559360772371292,0.00022399982844945043,0.0004269672208465636,0.0006415288080461323,0.0012076488928869367,-0.0007665221346542239,0.0011918967356905341,-0.0022973220329731703,9.237294580088928e-05,0.0016594972694292665,-9.251671872334555e-05,-0.001031843014061451,-0.0005801241495646536,-0.0002846296993084252
dose16k_B_s1,00193.png,0.00011125801393063739,-0.0008467176812700927,-0.0022819817531853914,-0.00047472279402427375,0.00032593830837868154,-0.00017893566109705716,0.001046703546307981,-0.0008453268092125654,-0.001506405184045434,-0.0009171891724690795,-0.00017709257372189313,1.3512622899725102e-05,0.0005603570025414228,-0.0013370095985010266,-0.0004594349302351475,0.0001603268028702587,0.0003569831606000662,-0.0004385729262139648,0.0019762301817536354,0.0014791091671213508,-0.00014603893214371055,-0.00042108347406610847,0.000155303452629596,0.0004560622328426689,-0.0006910247029736638,-0.0004460369818843901,0.00039598363218829036,0.00021279387874528766,-0.00016916818276513368,0.0007541637751273811,0.0001878494513221085,0.002152553526684642,-0.00028201783425174654,0.0014610696816816926,-0.000664315652102232
dose16k_B_s1,00202.png,8.497054659528658e-05,0.0007366810459643602,0.00032677684794180095,-0.00232385890558362,0.00024233605654444546,0.0007843527710065246,0.0015945325139909983,-0.0005980227724649012,-0.0005291763809509575,-0.00016089508426375687,0.0013852292904630303,0.0007926891557872295,-0.000410154287237674,0.0007205081055872142,0.00012643582886084914,-0.00010395830759080127,0.0008147573680616915,0.0009658972267061472,-0.0008024913258850574,0.0006797360838390887,-0.0016421389300376177,-0.000351192633388564,0.0003148761752527207,-0.00017445662524551153,0.0005855853669345379,0.0010145955020561814,-0.0009050015360116959,0.0001231179921887815,0.0019358920399099588,-0.0012950282543897629,0.00025973530136980116,-0.0009970833780243993,-0.0018551076063886285,0.000530680175870657,-0.0009871055372059345
dose16k_B_s1,00203.png,0.0013047786196693778,-0.0011204570764675736,-0.0006602447247132659,0.0010932325385510921,-0.00017114511865656823,0.0008317584870383143,-2.880125612136908e-05,-0.0009647956467233598,-0.0007976660854183137,0.0020079000387340784,-0.0004264487943146378,-0.0006209529819898307,-0.000682337733451277,-0.0007157568470574915,-0.0009974173735827208,-0.001051359809935093,0.0003432423109188676,0.002024115761741996,0.0007224427536129951,-0.00010862577619263902,2.1173731511225924e-05,-0.00092348299222067,-0.0005279143224470317,0.00034815975232049823,-0.0008005776908248663,9.471411613048986e-05,0.0006468087085522711,-0.0007846709340810776,-0.0004991696332581341,-0.0008114792290143669,-0.0007741634035483003,-0.0007517249323427677,0.0003516097494866699,0.00048091719509102404,-0.002041029743850231
dose16k_B_s1,00204.png,-0.0004120779631193727,-0.0003357713285367936,0.0006204220117069781,0.0007338463328778744,0.00026988948229700327,-0.0009532616822980344,2.544962626416236e-05,-0.0018501057056710124,-0.0005600554868578911,-0.0023230838123708963,-0.0008817511843517423,-0.00010233622015221044,-0.0015743502881377935,0.00011924574209842831,0.0007464924128726125,0.0003286609426140785,0.0009471089579164982,1.5487281416426413e-05,-0.0009430670761503279,0.0002785501128528267,-0.002738401060923934,-0.0002806807169690728,-0.0005754219018854201,-0.0005787746049463749,-0.0006969886599108577,-0.000364908657502383,0.0010514393215999007,0.001345088705420494,-0.001004137797281146,0.0002698296739254147,0.0006121133919805288,-0.0003508394001983106,-0.0004788351652678102,-0.002459385897964239,-0.0008596153347752988
dose16k_B_s1,00205.png,0.0010696169920265675,0.0019867466762661934,-0.000983086065389216,-0.0013732915977016091,-0.0013815602287650108,0.0008842049282975495,0.0005193378310650587,0.0005474675563164055,0.0013016881421208382,-0.0006943837506696582,0.00036546881892718375,-0.0021249286364763975,0.0009005988831631839,-0.00044473668094724417,0.00074965093517676,0.00024569363449700177,-1.9401370082050562e-05,0.0010408902307972312,-0.0001894177112262696,-0.0007620866526849568,0.0024494079407304525,-0.0005876173381693661,3.291035318397917e-05,0.0014845274854451418,0.0016822430770844221,-0.0008141442085616291,5.030644024373032e-05,-0.0006297043291851878,0.0008521216223016381,0.0008371910662390292,0.0005822901730425656,0.0015290593728423119,-0.00011842442472698167,0.0003300358366686851,9.176026651402935e-05
dose16k_B_s1,00198.png,-0.00021785688295494765,-0.0008546479512006044,0.0014607872581109405,-0.0006691396702080965,2.3728680389467627e-06,0.0005712443380616605,0.0006629538256675005,-0.0004788078076671809,0.0007919606287032366,-0.0011953957146033645,-0.0003156060411129147,0.0009343711426481605,0.00013077912444714457,-0.0001266862527700141,0.0011546891182661057,0.0007885419763624668,0.0002460269897710532,0.0006342059350572526,-0.00038378132740035653,-0.0003093035484198481,0.00034263310953974724,-0.0007664167205803096,-0.0013113543391227722,0.00026073859771713614,-0.0003142014902550727,-0.0014947612071409822,0.0011981462594121695,0.0010597669752314687,5.8627741964301094e-05,0.0010288195917382836,0.00035637448308989406,0.0006707001593895257,0.0014428310096263885,-0.0004428371030371636,-0.00024455043603666127
dose16k_B_s1,00199.png,-0.000290720839984715,-0.001173344673588872,-0.0004350091621745378,-0.00015051881200633943,0.00202850135974586,-0.0008836964261718094,0.0013121126685291529,0.0001509186258772388,-0.0004531516460701823,0.0001926713448483497,0.00099015177693218,0.0017254507401958108,-0.0009567716042511165,-0.0006047008209861815,-0.0005212367395870388,-0.0016905121738091111,0.0006405672756955028,-0.00023737533774692565,0.001799747347831726,0.0011656243586912751,-0.00043087053927592933,-0.0007045081001706421,-0.0002079890255117789,9.712285100249574e-05,-0.0013555344194173813,-0.0013197347288951278,-0.0016020103357732296,-0.0001706146140350029,-0.0017347168177366257,-0.0003757583908736706,-0.0008862314280122519,0.0017899239901453257,-9.010127541841939e-06,-0.0015908427303656936,-0.0006493754335679114
dose16k_B_s1,00200.png,0.0004940452054142952,-0.00024339403898920864,-0.0008442458347417414,0.001083409646525979,0.0010350499069318175,-0.0004921427462249994,-0.0007474480080418289,0.001260310411453247,2.26982228923589e-05,-0.001010711072012782,-0.00024897814728319645,0.001616100431419909,-0.0011668395018205047,0.0012675049947574735,-0.0001846915838541463,0.0006943907937966287,0.00090190046466887,-0.000649397901725024,-0.001275023096241057,-0.0021682335063815117,0.0010160347446799278,0.000865926209371537,-0.0012476879637688398,0.0003991173580288887,-0.0012410763883963227,-0.0008490719483233988,0.0003794807707890868,0.0006059125880710781,-0.0015808470780029893,0.0020580245181918144,0.00017869593284558505,0.001476750709116459,-0.0003299391537439078,-0.0008443648112006485,0.0005991156795062125
dose16k_B_s1,00201.png,0.000658181612379849,0.0011513388017192483,0.0005505419685505331,-0.001087705953978002,8.814517059363425e-05,0.0014366604154929519,-0.00017176000983454287,0.0017337593017145991,0.0006464351899921894,-0.001029361505061388,-0.00038856049650348723,3.366038799867965e-05,0.00019974262977484614,-0.001085734344087541,0.0002257400774396956,-0.0012329078745096922,-0.001042742165736854,0.0013158468063920736,-0.0001724745234241709,0.0010869752150028944,0.000396471907151863,-0.000579387356992811,0.0012546031503006816,-0.00021196401212364435,0.0003484440967440605,0.000654480594675988,0.0009600112680345774,-0.0012337476946413517,0.00043516294681467116,0.0009672872838564217,-0.0012768632732331753,-0.0010193445486947894,-0.00030041945865377784,-0.00015741366951260716,0.0002438668452668935
dose16k_B_s1,00194.png,-0.001447545480914414,-0.0011391533771529794,-0.00029941549291834235,0.004177679307758808,0.005098672583699226,-0.0008445815765298903,0.0015758249210193753,-0.0014888194855302572,7.220471161417663e-05,0.0010480995988473296,-0.0005395565531216562,0.00017476541688665748,-0.0005214706179685891,0.0010609758319333196,-0.0005841897800564766,-0.0004811677790712565,0.0007233021315187216,0.0004949261201545596,-0.0006871584919281304,4.2183110053883865e-05,-0.0008609954966232181,-0.0007323737954720855,-0.0005011852481402457,-0.0013172802282497287,0.00028580831713043153,0.00012258834613021463,0.0003705859126057476,0.0004312266828492284,-0.00020031834719702601,-0.00026754644932225347,-0.00016266887541860342,0.0009273280738852918,-6.95513081154786e-05,0.0014080998953431845,0.0002914491342380643
dose16k_B_s1,00195.png,0.00021042920707259327,8.213704859372228e-05,-0.0009268883150070906,-0.0009343636338599026,-0.0009116600267589092,-0.0010766158811748028,-0.00032999893301166594,-0.0007944480748847127,-0.0004001951601821929,0.0011768689146265388,0.00016746949404478073,-0.0010749107459560037,-0.00026678619906306267,-0.0004997701034881175,0.0007446276722475886,-4.2371822928544134e-05,0.0011956541566178203,-0.001401918358169496,-0.0007028537802398205,0.0002511354105081409,0.0010216654045507312,0.0007386223296634853,0.00044659135164693,0.0011679553426802158,0.000702244695276022,0.0019073805306106806,-0.0008711835253052413,-0.0008815035689622164,-0.0002509688783902675,-0.001028244849294424,9.36302385525778e-05,0.0017347728135064244,-0.0007039023330435157,-0.0001872594002634287,0.0006664705579169095
dose16k_B_s1,00196.png,0.00031557545298710465,-0.00035738121368922293,-0.00028892821865156293,0.0012772693298757076,-0.0005895846989005804,0.001370675046928227,-0.000335905235260725,-0.00015573264681734145,-0.0010157987708225846,0.0005384396645240486,-0.0001118550353567116,-0.00010273049701936543,0.00025959688355214894,0.0009947550715878606,-0.0002902281703427434,-0.000349869136698544,-0.00025164714315906167,0.0013555679470300674,-0.0012595424195751548,-0.0008081860141828656,0.0014197549317032099,-0.0006455309921875596,-0.0010611311299726367,0.001516699674539268,0.0016234847716987133,-0.00037675126804970205,0.0009410881320945919,0.0011839931830763817,-0.0006834772066213191,-0.0004571180616039783,-0.00017149030463770032,0.00016324123134836555,0.00023386046814266592,-0.000708861683961004,0.0009058882133103907
dose16k_B_s1,00197.png,0.0003853047965094447,-0.00012355297803878784,-0.0003859481366816908,-0.0006447215564548969,0.0013392267283052206,0.0006422619917429984,0.00035200637648813426,0.0001616595109226182,0.00023085603606887162,0.001455286517739296,0.001081687631085515,-0.0013189144665375352,-0.001059800386428833,-0.00030692294239997864,0.0005766983958892524,-0.00010207889135926962,-0.000600359751842916,0.00042051426135003567,-0.0016693020006641746,0.0002908807073254138,-9.843122097663581e-05,0.00047379592433571815,-6.069091250537895e-05,9.618290278012864e-06,-5.990572026348673e-05,-0.0016380413435399532,-0.0014562190044671297,-0.0008518832619301975,0.0004174838832113892,-0.001057888730429113,-0.0010061830980703235,0.001259401673451066,0.0018101376481354237,-0.0006616527098231018,0.0005516986711882055
dose16k_B_s1,00206.png,-0.0017581862630322576,-0.0008453421760350466,-0.0017469064332544804,-8.306941163027659e-05,-0.001610461389645934,0.0003456808044575155,-0.0014548592735081911,0.0005538559635169804,-0.001108428230509162,0.0005152677185833454,-0.00025540715432725847,-0.0004734362009912729,-0.00041818711906671524,-0.001309342565946281,0.0006637347978539765,0.0003948146477341652,-0.001037590205669403,0.0003029785002581775,0.0006270941230468452,-0.00020261842291802168,0.0008423819090239704,0.0010729311034083366,-0.0004978317301720381,-3.621493306127377e-06,0.00022908604296389967,-0.0012659115018323064,-0.0016058470355346799,0.00021305808331817389,-0.0014493553899228573,-0.0006803387659601867,-0.0011088475584983826,0.0009417379624210298,-0.0003925247583538294,-0.0003559913602657616,0.0010204716818407178
dose16k_B_s1,00207.png,-0.0012748035369440913,-0.001339213689789176,0.0012041853042319417,-0.0008168421336449683,0.00047904966049827635,-0.0004908581031486392,-0.0012172313872724771,0.0006998256430961192,0.00021755349007435143,0.0011583334999158978,6.521457544295117e-05,-0.0004536988853942603,-0.0006832212093286216,-0.0003359065449330956,0.00024408852914348245,0.0012381883570924401,-0.0003619773779064417,0.0008720727637410164,1.3560970728576649e-05,-0.0006310240714810789,0.001869095372967422,-0.0007430612458847463,0.0007337359711527824,-0.00036164739867672324,0.0004020913620479405,0.0004654446092899889,-0.0005731913261115551,0.0012544331839308143,0.0005458468804135919,-0.0005882729310542345,0.0005746504757553339,0.0011796461185440421,-0.00084113166667521,0.00143752945587039,-0.0009601435740478337
dose16k_B_s1,00208.png,-0.001555788447149098,-0.00020226741617079824,0.00045318438787944615,-0.0008129230118356645,-0.0019209706224501133,0.00039646774530410767,-0.0006944510969333351,0.0008592737722210586,-0.0006394885713234544,0.0006016577826812863,-0.0015959994634613395,0.0006108197849243879,-0.00037757036625407636,-3.178875704179518e-05,-5.46026712981984e-05,0.0013990468578413129,0.001013610977679491,0.0001899806666187942,-0.0008767342660576105,-0.000389857217669487,-0.00043620416545309126,-0.00019356516713742167,-0.0001159049425041303,0.0008336129249073565,-0.001372416503727436,0.000512715196236968,-0.0011456884676590562,-0.0011729812249541283,-0.0005968637415207922,-0.0007169759483076632,4.900754720438272e-05,0.00031148886773735285,0.00044310957309789956,0.00038314651465043426,0.0002630510425660759
dose16k_B_s1,00209.png,0.00025121268117800355,0.0012220062781125307,-0.0005920268013142049,0.001378134242258966,0.0002921736740972847,2.5529237973387353e-05,0.0015742299146950245,0.0007117493078112602,-0.0003761473926715553,0.001000088988803327,-0.0004965770640410483,-0.000980285694822669,0.001201096922159195,0.0001895531895570457,-0.0011687551159411669,0.0018102823523804545,-0.0008446750580333173,0.0006229070713743567,0.0011083808494731784,-0.0013075903989374638,0.0003018750576302409,-0.001510753994807601,-0.00023254156985785812,-0.0008183647878468037,-0.0015271238517016172,0.0003675372863654047,-4.153263580519706e-05,0.0002691377594601363,0.001431628130376339,-0.0005413583130575716,-0.0009427153854630888,-0.0007857900345697999,-0.0006401579012162983,0.0003695597406476736,0.0007953994791023433
dose16k_B_s1,00210.png,-0.0005636473651975393,-3.6542634916258976e-05,0.0006817154353484511,-0.0009923020843416452,0.00015320901002269238,-0.00010366972855990753,0.0006965711945667863,-0.0005603773170150816,-0.0002277086314279586,-0.0008197083952836692,-0.0007286383188329637,-0.000919574755243957,-0.0011794306337833405,-0.001114167389459908,0.0007166679133661091,-0.00019501706992741674,0.0003393347142264247,0.0010626813163980842,7.813558477209881e-05,-0.0015275418991222978,0.0002151336520910263,-0.0015573390992358327,-7.755293336231261e-05,-0.0007995015475898981,-0.0006457189447246492,0.0005695963045582175,-0.0007020264747552574,0.0002587858180049807,-0.0012347889132797718,0.0007533159223385155,0.0011314073344692588,0.0006179632619023323,-5.850055822520517e-05,-0.0008313388098031282,-0.0014391414588317275
dose16k_B_s1,00211.png,-0.0005757247563451529,-0.0008287488599307835,-0.001138831372372806,-0.004282158333808184,-0.0009486969211138785,-0.0006762145785614848,-0.0003741914697457105,0.0017386110266670585,2.3091770344763063e-05,0.0010407031513750553,-0.0002837840875145048,0.0005998639389872551,-0.0005874983035027981,-0.0009055031696334481,0.0007038422045297921,-0.0007776842103339732,0.00047683651791885495,-0.000649983761832118,-0.0010132091119885445,-0.0010690406197682023,0.0002280821354361251,-0.0006427199114114046,-0.0013760403962805867,-0.0006049127550795674,0.00045849281013943255,-7.298985292436555e-05,-0.0024740109220147133,0.0006388151086866856,-0.0012031916994601488,0.0011109875049442053,-0.00036275654565542936,-0.00045319859054870903,-0.00020191549265291542,0.0011323766084387898,-0.00032045572879724205
dose16k_B_s1,00212.png,-7.875958544900641e-05,0.0004424092476256192,-0.0004012752033304423,0.0004247915931046009,-0.0034512970596551895,0.00012920038716401905,-0.0006297314539551735,0.0005204170593060553,0.0007842679624445736,0.0008267815574072301,-0.0016936174361035228,-0.0006372791831381619,-8.131234790198505e-05,-0.0006444202153943479,-0.0009000188438221812,0.0005657299188897014,-0.00013538541679736227,-0.0006264308467507362,-0.0009042748715728521,-0.001130683347582817,0.0005978310364298522,-0.0004138234944548458,-0.000614711781963706,-0.0008512384374625981,8.215365232899785e-05,-0.0011663155164569616,-0.0005810518050566316,0.0006196593167260289,0.00043283397099003196,0.00011612139496719465,-0.001218050136230886,-0.0003772289492189884,-0.0003010490909218788,0.0013496932806447148,0.00031801292789168656
dose16k_B_s1,00213.png,-0.0008657746948301792,7.955318324093241e-07,-0.0003581852652132511,0.00021889126219321042,0.0010809344239532948,-0.0003350891638547182,0.0008845090051181614,-0.0009220442152582109,0.0005358091439120471,-0.0017951375339180231,0.0006769787287339568,0.0007429697434417903,0.0006171960849314928,0.0014562789583578706,0.0002980111166834831,0.00029772764537483454,-8.431199967162684e-05,0.0002645685453899205,-0.0012621900532394648,-0.0009928200161084533,-0.0007650661282241344,-0.0012150320690125227,-0.0010534664615988731,2.4843693609000184e-05,-0.00026432774029672146,0.0011064588325098157,-0.00012827353202737868,-0.00034556305035948753,0.00041444553062319756,0.0006099152960814536,-0.0007440142799168825,-0.00010882723290706053,-0.0005941984127275646,-0.0006616066675633192,-0.0007859827601350844
dose16k_B_s1,00214.png,-0.00015788602468091995,0.0005766917602159083,-0.0006739302189089358,-0.0007139140507206321,-0.0028060218319296837,6.254807522054762e-05,-0.00114767428021878,0.00183636334259063,0.0018462925218045712,0.001358519308269024,1.1428410289227031e-05,0.000655095383990556,-0.0006060855812393129,0.0009848602348938584,0.0005716256564483047,0.001021241070702672,0.00011340361379552633,-0.0005080825067125261,-0.0009025175240822136,-0.0012409216724336147,0.0001654790248721838,-0.0012511650566011667,0.0004416797892190516,0.0010872735874727368,-4.939771315548569e-05,0.00011656388960545883,1.4301112059911247e-05,-0.001989662880077958,-0.00010688978363759816,-0.0013163283001631498,-0.00021600801846943796,-0.0005256808362901211,0.00042676020530052483,-0.00031325334566645324,-0.0001160729952971451
dose16k_B_s1,00215.png,-0.0006817199173383415,-4.943471139995381e-05,-0.0013876352459192276,0.0005815488402731717,-0.0002522632712498307,-0.0006166888633742929,-0.0006517019355669618,-0.0007906696991994977,-0.001275396323762834,-0.002003805246204138,0.0006239275098778307,-3.515770731610246e-05,-0.0005589408101513982,-0.0012831545900553465,0.0005155354156158864,0.0007703343289904296,0.001069199526682496,0.0005764334346167743,0.0001687232288531959,-0.002042290521785617,0.0005612163222394884,-0.0007175679784268141,0.0020312590058892965,-0.000767463119700551,0.0013704736484214664,0.0001371174876112491,-0.0008342105429619551,0.0005735060549341142,-0.0006139855831861496,0.0015057810815051198,-0.00035286889760755,-0.00043563026702031493,1.3856018995284103e-05,0.0009093808475881815,0.0005266519729048014
dose16k_B_s1,00216.png,-0.001072698854841292,-0.0011246303329244256,-5.186838825466111e-05,0.0005070741171948612,0.00035325350472703576,0.00037239797529764473,0.0013372930698096752,0.0007631367188878357,-0.0010740706929937005,0.0019513913430273533,-0.0005631630192510784,0.000247564836172387,0.0006575934821739793,-0.0010916193714365363,-0.000827659503556788,0.00021289580035954714,0.0008156611584126949,-0.00027835863875225186,-0.00017686064529698342,-0.0011874482734128833,-0.0005120516871102154,0.0005464548012241721,-0.0010832902044057846,-0.00035699171712622046,0.0005925712757743895,-0.0005928589380346239,0.00030987465288490057,-0.0007522538071498275,0.0003338459355290979,0.0009050097432918847,0.000591713993344456,0.0007932867156341672,0.0013437330489978194,-0.0007381330942735076,0.0015251825097948313
dose16k_B_s1,00217.png,0.0006999884499236941,0.001648118020966649,-0.0010695845121517777,0.002358878729864955,0.0010797338327392936,0.0017648349748924375,-0.0003756426158361137,-0.001301249722018838,0.0005995134124532342,-5.7256929721916094e-05,0.0010389052331447601,0.0005178670980967581,-0.0004423993232194334,8.225454803323373e-05,0.001416436629369855,0.0006468280917033553,0.0009817309910431504,0.0010629352182149887,0.0009915052214637399,9.098046575672925e-05,0.000566710252314806,-0.000567304901778698,0.0006107687368057668,0.0005586431361734867,5.97538601141423e-05,0.0002809740835800767,-0.001538579585030675,0.0002859524975065142,0.00021364995336625725,0.0003905192716047168,-0.00036447495222091675,-0.0003010636137332767,-0.001571267144754529,-4.660990271077026e-06,-0.0006121132173575461
dose16k_B_s1,00218.png,-0.0014007267309352756,-0.0023940354585647583,0.0006910658557899296,0.0019251627381891012,-0.0018357272492721677,-0.000999349053017795,-0.001192469266243279,0.0005561525467783213,-0.0005829649162478745,-9.460473665967584e-05,-0.00080148596316576,-0.0015102055622264743,-0.0007458486361429095,-0.00029514337074942887,0.0007071757572703063,0.0004531264421530068,0.000412046501878649,0.0030752206221222878,-6.941310130059719e-05,0.0004773368127644062,-0.0013426955556496978,0.00019057873578276485,0.0008827394340187311,-0.000599037273786962,-0.0005593665991909802,-7.884728984208778e-05,-0.0008033554186113179,2.8560594728332944e-05,-0.00026210572104901075,-0.001522989827208221,0.0013934304006397724,0.00010429035319248214,0.00046523212222382426,-0.0008129800553433597,-1.8528702639741823e-05
dose16k_B_s1,00219.png,0.0005124795716255903,0.00195422675460577,-0.0002167029888369143,-0.000717897666618228,-0.001486804336309433,-0.000395436305552721,-2.6896768758888356e-06,-0.0006252024322748184,0.0012037749402225018,-0.00040619593346491456,0.000712469918653369,2.7165529900230467e-05,-0.000962992140557617,-0.0017792588332667947,0.0003726237628143281,0.0002355490723857656,0.002528150798752904,-0.0005957885878160596,-0.00032299943268299103,0.0006501743337139487,0.0012174391886219382,-0.000644722196739167,0.00014058065426070243,-0.0004630825133062899,0.0024705154355615377,0.00015129237726796418,-0.00027167657390236855,0.0014690893003717065,0.0008847026620060205,-0.00021590347751043737,-0.0005461783148348331,-0.00018875134992413223,0.0017987830797210336,-0.0007384021882899106,0.0005218626465648413
dose16k_B_s1,00220.png,-0.000658701581414789,-0.0006133295246399939,-0.0007218624814413488,0.000419959775172174,0.0006493886467069387,0.00022367418569047004,-0.0005166993942111731,0.0006520256283693016,0.0002507118333596736,0.0008528519538231194,0.0008554427768103778,-0.0007903553196229041,0.0002625549677759409,0.0001094918479793705,-0.0008482988923788071,0.0010210750624537468,0.0017630322836339474,0.00014085782459005713,0.0009701416129246354,-0.0003490259114187211,0.0002798897912725806,0.00032058145734481514,7.094290049280971e-05,-0.0006346724694594741,0.00042986622429452837,-0.0009746127761900425,-0.00041224242886528373,0.0005399127257987857,0.000653587281703949,0.00029640449793078005,0.00016597151989117265,0.0005982168950140476,0.000610714836511761,0.002213414292782545,-0.00010514209134271368
dose16k_B_s1,00221.png,0.00038370094262063503,8.868859003996477e-05,9.976113506127149e-05,2.5132819700957043e-06,-0.003042975440621376,-0.0003570062108337879,0.0009319222299382091,0.0002153777750208974,-0.0005148137570358813,0.0012092875549569726,0.0005805921391583979,-0.0003438283456489444,-0.0001684816088527441,-0.00033043057192116976,0.00011402281234040856,-0.0009266170090995729,-0.0005228118970990181,0.00019159070507157594,-0.0008728720131330192,-0.0005817210185341537,-0.0009763314155861735,-0.0016630461905151606,-0.000528735457919538,0.0008212660904973745,-7.312244269996881e-05,-0.0007669165497645736,-0.0010220324620604515,0.00039957239641807973,-0.0010560296941548586,0.0016490896232426167,0.0017050550086423755,-0.0002051341871265322,0.0008756194147281349,-0.0017965392908081412,-0.0005067611928097904
dose16k_B_s1,00226.png,-9.854909148998559e-05,0.0013174855848774314,0.0011893697082996368,0.0017963239224627614,0.0012501347810029984,0.001302230404689908,-0.0005033325287513435,0.0013695182278752327,-0.0005330830463208258,0.00046749008470214903,0.0013149506412446499,-0.0014424858381971717,0.0005984591552987695,3.0080678698141128e-05,-0.0005029122694395483,-0.0007881573983468115,0.0003524384228512645,-7.440811168635264e-05,0.0006534679559990764,0.0014393783640116453,-0.00020684985793195665,0.00011146219912916422,0.0004877368628513068,-0.0019090988207608461,0.0006457055569626391,-0.0007635086658410728,-0.001161887077614665,0.000826103612780571,0.0016506875399500132,0.0010842587798833847,0.0002932751667685807,-9.465937910135835e-05,-5.925561345065944e-05,0.0006569534889422357,9.837478137342259e-05
dose16k_B_s1,00227.png,-0.00017206098709721118,-0.0003182791406288743,5.0352395192021504e-05,-0.0017684142803773284,-0.0011571726063266397,-0.000493091531097889,0.0013668270548805594,-0.0005259895115159452,-0.0011506042210385203,-0.0005906983278691769,0.0002217231667600572,-0.0019536709878593683,0.00010778465366456658,-0.0006340834661386907,-0.0002075020456686616,0.0007140984525904059,-0.0007217194070108235,0.0007558413781225681,-0.001630221726372838,0.00042905841837637126,0.0008860874222591519,-0.00014981608546804637,0.001009816420264542,-0.0001414148136973381,0.0016270303167402744,0.0007233680225908756,0.0002301650238223374,0.0016088278498500586,-0.00040844656177796423,0.0021395357325673103,0.00025024564820341766,0.0014514368958771229,0.0015237571205943823,0.0002449349849484861,0.0008540336275473237
dose16k_B_s1,00228.png,-0.00048514132504351437,0.00018395105144008994,0.001279584364965558,0.00011937900126213208,-0.0019397500436753035,-0.000650096102617681,0.0019779903814196587,0.00012605129450093955,0.0007712476653978229,0.0004857172316405922,0.0002974320377688855,-7.575574272777885e-05,-0.0005623191827908158,-0.0006049829535186291,-0.0004454886948224157,0.00011151766375405714,0.0007508451817557216,-0.0005706818774342537,0.000786435091868043,0.00051403435645625,-0.0014500351389870048,-0.0006440317956730723,-0.0004159506061114371,0.0008994190138764679,-0.0005957851535640657,-0.0006862058653496206,-0.001318540540523827,0.0019716406241059303,-0.0005419952794909477,0.000267731404164806,-0.0005752290599048138,-0.00046009302604943514,0.0007545670960098505,-0.0008201852906495333,-0.00013360148295760155
dose16k_B_s1,00229.png,0.0016921465285122395,0.0008523280848748982,0.0007472016732208431,0.0021531134843826294,0.0005287209060043097,-0.0004433783469721675,-0.00010298371489625424,0.0004819371097255498,-0.0005328371189534664,-0.0011153531959280372,-0.0008509908802807331,-0.0011491443729028106,0.0008203884353861213,-0.0005012783803977072,0.00024244056839961559,-0.0006987423403188586,-0.000533360056579113,-0.0015560691244900227,-0.0016086584655568004,-0.00010474096779944375,0.000572783057577908,-0.0017676716670393944,-0.0010864053620025516,0.0006385489250533283,0.0004360215098131448,0.000955399707891047,-0.000576252001337707,0.0012513016117736697,8.59726860653609e-05,-0.002108953893184662,0.0007360650924965739,-0.00022354470274876803,0.00020245167252141982,0.0008232409018091857,0.0003772499621845782
dose16k_B_s1,00222.png,0.0005468424642458558,0.0011911586625501513,-0.0002871954638976604,-0.00043698432273231447,-0.00014832057058811188,-0.0008870721212588251,-0.00015454011736437678,0.001400737906806171,-0.0005854047485627234,0.001327246311120689,-8.508545579388738e-05,0.0015701603842899203,0.0006725125131197274,0.0002623004256747663,-0.00045562576269730926,-0.00021267679403536022,-0.0006799059337936342,-0.00030872991192154586,-0.0007787480717524886,0.0001241272548213601,-0.0014853030443191528,5.3469528211280704e-05,0.000682528770994395,0.0008766134269535542,0.00040261787944473326,-0.00010000591282732785,0.0006669838912785053,-0.0014771316200494766,-9.804416913539171e-05,-0.0008677626610733569,-7.280071440618485e-05,-0.0007714428938925266,-3.650884536909871e-06,-0.0018115288112312555,-0.0010563653195276856
dose16k_B_s1,00223.png,0.0005910000763833523,-0.00023991664056666195,-0.0009245352703146636,0.001595688983798027,0.0019589215517044067,0.0005761398933827877,3.063220719923265e-05,-0.0005474193021655083,-0.0001061019574990496,0.00015724451804999262,-0.00029248790815472603,-0.00039414947968907654,0.00019372861424926668,-0.000554707192350179,0.0006860161665827036,-0.0004173712513875216,0.0015679129865020514,0.00040642108069732785,-0.0010586563730612397,0.00018589734099805355,0.00048812810564413667,0.000654356786981225,0.001299018389545381,0.0008740555495023727,0.00013389672676566988,-0.0004530683218035847,-0.0012783253332599998,0.003035817528143525,-0.0005260733305476606,9.714363841339946e-05,-0.0006398102268576622,-0.0011445224517956376,-0.0012246620608493686,0.000609968788921833,-0.0006025297334417701
dose16k_B_s1,00224.png,0.0009518533479422331,-0.00022966264805290848,0.0012946062488481402,0.0003887124184984714,0.001320052077062428,-0.00031221192330121994,-4.120556332054548e-05,-0.00028590738656930625,-0.0007080429350025952,0.00014579536218661815,0.0005518787074834108,0.0002012473123613745,-0.0020010448060929775,0.00018850034393835813,0.00035711482632905245,0.001195519114844501,-0.0006048656650818884,0.000592185475397855,0.00020413256424944848,0.0009481078013777733,6.390153430402279e-05,-8.137724944390357e-05,-0.0009825817542150617,0.00034643427352420986,-0.000485798082081601,0.0010856756707653403,0.0015175878070294857,-0.0019204820273444057,-0.0001285097241634503,0.00047180583351291716,0.0010553329484537244,0.0018746396526694298,0.0007148244185373187,0.0008895886712707579,-0.0007846029475331306
dose16k_B_s1,00225.png,0.0013634870992973447,0.001860215561464429,-0.0013901818310841918,0.0013192322803661227,0.0009534534183330834,0.0006088399095460773,-0.0005400340887717903,-7.016040763119236e-05,0.0006563820643350482,-0.00043094504508189857,0.0008333632140420377,0.0005293196882121265,-0.0001773723488440737,0.0009995326399803162,-0.00021071282390039414,-0.00023363980290014297,1.2542935110104736e-05,0.0008601084700785577,-0.001687339274212718,-0.001354151638224721,-0.0006544885691255331,-0.00038221149588935077,-9.483872418059036e-06,0.00046460426528938115,-0.0006605915841646492,-0.0007474595331586897,0.0005347569240257144,0.00037203700048848987,-5.3407631639856845e-05,-0.00034624215913936496,-0.00031748617766425014,-0.0011960322735831141,-1.9870849428116344e-05,-3.6398007068783045e-05,-0.0014840565854683518
dose16k_B_s1,00230.png,0.0012003473239019513,0.0003599921765271574,0.0003468934737611562,0.0004407389205880463,0.0014598201960325241,0.0010104419197887182,0.0010117437923327088,-0.0005019523086957633,0.0007350821979343891,-0.000973611488007009,-0.0003617849724832922,-0.0013322823215276003,4.527188139036298e-05,0.0008634051773697138,0.0005344824166968465,-0.0006434008828364313,0.0005301883793435991,-0.0004848254029639065,-0.0013346747728064656,-0.0014797579497098923,-0.00043863244354724884,-8.801815056358464e-06,0.0006240078946575522,0.0011115912348031998,0.001634114421904087,0.0004443356301635504,-0.00016610443708486855,0.00024386947916354984,0.0003730718744918704,3.0008595786057413e-06,-0.0005975259118713439,0.001681922352872789,8.176740084309131e-05,-7.335869304370135e-05,0.0002260699839098379
dose16k_B_s1,00231.png,-0.0006571054109372199,0.0008281159098260105,-0.00010803821351146325,0.00047723937314003706,-0.0005737962783314288,-0.0011648619547486305,0.001031607505865395,-0.0003733392513822764,0.0010926135582849383,-0.000834527425467968,0.0011322019854560494,0.0007238166872411966,-1.3852184565621428e-05,0.00019053381402045488,0.00040595329483039677,0.0008288268581964076,0.0002541273715905845,0.0017727724043652415,-0.0008791661239229143,-0.0019105881219729781,0.0013915409799665213,3.793541691266e-05,-0.0002649495436344296,-9.731909085530788e-05,0.000420331401983276,-0.0010186114814132452,-0.00036119006108492613,0.0028483641799539328,-0.0011277623707428575,-0.0018127901712432504,0.00020293904526624829,-0.0005384727264754474,0.0010583271505311131,-0.000928084016777575,-0.0006178072071634233
dose16k_B_s1,00232.png,0.00039023393765091896,0.0014805690152570605,0.0003354941145516932,-7.084061508066952e-05,0.00043141961214132607,0.0030114923138171434,-0.0011455743806436658,0.0008492735214531422,0.0005735377781093121,-0.0007237637182697654,-0.0004630364419426769,0.0007206405862234533,0.00031928549287840724,0.00023474932822864503,-0.0010942696826532483,0.0006294336635619402,0.0005974060040898621,0.0006480586598627269,0.00023931321629788727,0.0014116165693849325,-0.0003483235777821392,-0.000691875466145575,0.0007376460125669837,-0.00015067979984451085,0.0002623092441353947,0.0005182839231565595,-0.001598226372152567,-1.8214312149211764e-05,0.0008639055886305869,0.0006344493594951928,0.00046895339619368315,0.0006700948579236865,-3.655236287158914e-05,-0.0001892667351057753,-0.0008963959407992661
dose16k_B_s1,00233.png,-0.00022412004182115197,0.00038387958193197846,-0.0017970388289541006,0.0005755365709774196,-0.0002019128733081743,0.00010741304140537977,-0.0005860069068148732,0.00043146623647771776,2.5804996766964905e-05,-0.0018475557444617152,0.0008146906620822847,0.0006119243917055428,0.0005153185338713229,1.3663719983014744e-05,0.00010704173473641276,-0.0008163353195413947,0.0005123265436850488,-0.0013794804690405726,-0.0006150875706225634,0.0003408014017622918,0.001165621681138873,-0.0004003607027698308,0.00028967575053684413,0.00043986571836285293,-0.0005445297574624419,-0.0010989094153046608,-0.0016258262330666184,-0.0002837418869603425,-0.0005023417761549354,-2.0472940377658233e-05,-0.0008523472351953387,0.0008942010463215411,-1.34079718918656e-05,-0.0014405545080080628,0.0008790440624579787
dose16k_B_s1,00234.png,0.000287143251625821,-0.0005683633498847485,-0.00033119588624686003,-0.0001957295899046585,0.0014059650711715221,0.0008686158107593656,0.0005896719521842897,-0.00031995520112104714,-0.0012025575852021575,0.0007466078386642039,-0.000305805413518101,0.00025861445465125144,-0.0013082715449854732,0.0004202048003207892,-0.0004376590659376234,-0.0006049840594641864,0.0002890184987336397,0.00034757741377688944,0.0006064585177227855,0.0002293604047736153,-0.0009986995719373226,6.0421294620027766e-05,-0.001767992158420384,0.00030782909016124904,-0.0002728434046730399,-0.0001678455446381122,-0.00010143734834855422,-0.0006716166972182691,0.0005120658315718174,0.0008038425585255027,-0.001563189784064889,0.0011314620496705174,-0.00020069170568604022,0.0010991351446136832,-0.001306544174440205
dose16k_B_s1,00235.png,0.001962123205885291,0.0017298500752076507,-0.0003886873892042786,-0.0013206825824454427,0.0006244361866265535,-3.0970484658610076e-05,0.0015883485320955515,0.001321217743679881,-0.00045911138295195997,0.0008016759529709816,-0.002707264618948102,-2.7573052648222074e-05,0.0004152862529736012,0.00200399081222713,-0.0015344792045652866,4.089429785381071e-05,0.0017052346374839544,-0.0010864505311474204,0.0001505844556959346,-0.001127544790506363,-0.0019452922279015183,0.00022456228907685727,0.00020329112885519862,-0.0006698484066873789,-0.0005153827369213104,0.0013735020766034722,0.0006859558052383363,-0.0013821799075230956,0.0003254647017456591,-0.001514703850261867,0.0004910661955364048,-0.0009368330938741565,-0.00158821907825768,0.0019122633384540677,-0.00046317215310409665
dose16k_B_s1,00236.png,-0.00018273282330483198,-0.00031054255669005215,0.0004819308815058321,-0.0003007282211910933,-0.0003349094477016479,0.0007616623188368976,-0.0008262215997092426,0.00077738770050928,0.0007164442795328796,-0.0007828908856026828,0.0003579591284506023,0.0015605730004608631,-0.0016784931067377329,0.000343576684826985,-0.001252445625141263,-0.0015728487633168697,-0.000499986344948411,1.6616286302451044e-05,-0.0011712276609614491,0.0003841988800559193,0.0013301644939929247,-0.00040765106678009033,0.0005033726338297129,0.000291522970655933,0.001366606680676341,-0.0003721086250152439,0.000289144110865891,0.0012306671123951674,-0.0014566181926056743,-0.000509914243593812,0.0005379050271585584,0.0014848728897050023,5.622738535748795e-05,0.0012153557036072016,-0.0004795709974132478
dose16k_B_s1,00237.png,0.0025012213736772537,0.0031862922478467226,0.00041438770131208,-0.00020840043725911528,-1.665813942963723e-05,0.0008705380605533719,0.0005837074131704867,-0.00046663646935485303,0.0011298677418380976,0.00017018824291881174,0.0005460535176098347,-0.0006715612253174186,-0.00010784516052808613,0.0012143884086981416,1.0017623935709707e-05,-0.00032734169508330524,0.0005577824776992202,-0.0011629197979345918,-2.4253695301013067e-05,-0.0006013528909534216,0.00204992457292974,-0.0006358377868309617,-0.0011836194898933172,-0.0003264829283580184,-0.00021844990260433406,0.0008089756011031568,-7.943351374706253e-05,7.705141615588218e-05,-0.0005526725435629487,-0.0002570386859588325,0.0005532809882424772,-0.001368971075862646,-0.0007013988797552884,0.0006284852861426771,-0.0003788648755289614
dose16k_B_s1,00238.png,-0.0015572542324662209,-0.0004148838634137064,0.00039251495036296546,0.00011246807116549462,-0.0009628033731132746,0.0002914418000727892,0.0005825899424962699,-0.0005358524504117668,0.00021185033256188035,0.0003988049866165966,0.00011949887993978336,0.0007509746355935931,0.0008375148172490299,-1.8822628362613614e-06,0.0009639391792006791,-4.432557398104109e-05,-0.0011248317314311862,-0.00039923060103319585,0.00041654679807834327,0.0005158804124221206,0.0012064160546287894,1.580575917614624e-05,-1.7440280544178677e-06,0.00037447010981850326,-0.0006167665123939514,9.640925418352708e-05,-0.0020656571723520756,0.0007193504716269672,0.0009336695075035095,-0.0009711766033433378,-0.001586769474670291,0.0008600567234680057,-0.0001294434623559937,0.00026115134824067354,-0.0002013048651861027
dose16k_B_s1,00239.png,0.0014551691710948944,0.0022155370097607374,0.0005753202131018043,0.000881144602317363,-0.00011467884905869141,-0.0010684368899092078,0.0010512901935726404,0.000790808058809489,0.00166925264056772,-0.000426675338530913,0.0008905886788852513,-0.0008878413937054574,-0.0003029881336260587,0.0001123261172324419,-0.00015375066141132265,0.0010597722139209509,0.00047567044384777546,0.0016041917260736227,0.0015187721000984311,-8.861326932674274e-05,-0.0005742389475926757,-0.0006140367477200925,0.0015752892941236496,-0.0007810314418748021,-0.0003764636057894677,-0.0012111712712794542,-0.00040254139457829297,0.00038133966154418886,-0.00015264336252585053,-0.0003576641611289233,-0.0013445348013192415,0.0007711250218562782,0.00034012628020718694,-0.0013910806737840176,0.000595234043430537
dose16k_B_s1,00240.png,0.0011158050037920475,0.0010080486536026,0.001254579401575029,0.0016946514369919896,0.0004191214975435287,0.0005321376956999302,-6.860372377559543e-05,0.000708920240867883,-0.0013188292505219579,-0.0020327584352344275,-0.00030241443892009556,-0.00019151699962094426,0.0008264118223451078,-0.001481515122577548,-0.00019064132357016206,-0.0001326281053479761,0.0012420169077813625,0.000394803355447948,0.0009366821614094079,-0.0005293600843288004,-0.0003954645071644336,0.0008272828417830169,0.0006056185811758041,-0.00024775529163889587,-0.00046778289834037423,-0.000857649021781981,-0.0011301875347271562,-0.001652586623094976,0.0008220765157602727,0.0003645643882919103,0.0003672318416647613,3.848681808449328e-05,-0.00041699656867422163,0.000672551745083183,-0.0007673016516491771
dose16k_B_s1,00241.png,-0.0010349282529205084,-0.0006026050541549921,0.0005883346311748028,0.0002717873139772564,-0.00047516138874925673,-0.0004444000660441816,0.0009610248962417245,0.0008399325306527317,-0.0002306309761479497,0.002444850979372859,-0.0006503942422568798,0.0006505862111225724,0.0007537995115853846,0.00044140839600004256,0.0003239346551708877,-0.0011870726011693478,0.0001868065446615219,0.0006699502700939775,0.0022243105340749025,-0.0009286603308282793,-0.000446660618763417,-0.0013002898776903749,-0.00038798092282377183,0.0011261474573984742,0.0016904025105759501,0.001034430111758411,-0.0010291606886312366,2.7824047720059752e-05,0.0004254210798535496,0.000296598271233961,-0.0013650840846821666,-0.00038971795584075153,-0.0011550654890015721,0.0013770447112619877,0.00010777098214020953
dose16k_B_s1,00242.png,-0.001088651828467846,-0.0003347048768773675,-0.0010203387355431914,0.002178079215809703,-0.0011665597558021545,0.0010578152723610401,0.0010671960189938545,0.0014258500887081027,-4.8296988097717986e-05,0.00035818282049149275,-0.0016669027972966433,0.00032905547413975,-0.001266135717742145,0.0010602512629702687,0.00010776712588267401,-0.001596410060301423,0.0011808911804109812,0.0003436111437622458,0.0008949818438850343,-0.0012796309310942888,-0.0011236036662012339,0.0006298977532424033,-2.610292358440347e-05,-0.00021707538689952344,0.0008889488526619971,-0.0003485906054265797,0.0005424612900242209,-0.0020308971870690584,0.0013716162648051977,-0.001416867133229971,0.0003771746705751866,0.00012206788960611448,-0.00015306381101254374,5.5908127251314e-05,0.0009062471217475832
dose16k_B_s1,00243.png,-0.000679710996337235,-0.0001524559047538787,-0.0012240104842931032,0.0002299764018971473,0.0032348346430808306,-9.557295015838463e-06,5.731028795707971e-05,0.0001657846587477252,0.0014087625313550234,-0.0012305279960855842,-0.000802143185865134,0.0009195826714858413,0.0010824539931491017,-0.0013492656871676445,-0.00011358044866938144,0.00024241695064119995,-5.810720176668838e-05,-0.0009367867023684084,-0.00041759322630241513,0.0008131794165819883,-0.0008000225061550736,0.0009745541610755026,-0.0007703869487158954,-0.001792160444892943,0.000571564887650311,0.00041815912118181586,-0.0014018219662830234,0.0003210197319276631,0.0009234781027771533,0.0008181410958059132,-0.001238716416992247,0.0002387598651694134,-0.00041673885425552726,-0.0011087588500231504,0.0002164363395422697
dose16k_B_s1,00244.png,-9.45550636970438e-05,0.0004497600893955678,6.606801616726443e-05,-0.0037560630589723587,-0.00030906457686796784,0.0004283133603166789,0.0002483188291080296,0.0005097091780044138,0.0008642932516522706,-0.0004603331326507032,0.0004969315486960113,0.0002727961109485477,0.0008822660893201828,-0.0008574003004468977,0.00040372065268456936,-0.0008812652667984366,0.0002510883205104619,-0.0003618024638853967,-0.0003416392137296498,4.429966429597698e-05,0.0007443344802595675,0.0001246459869435057,-0.001647261087782681,-0.0006669413414783776,3.647574703791179e-05,-0.00026492710458114743,0.0002006409631576389,2.6342026103520766e-05,-0.0005275810253806412,0.0003153296129312366,-0.0008735439623706043,-0.00022002380865160376,-0.0011775048915296793,-0.0013553049648180604,0.0003533823764882982
dose16k_B_s1,00245.png,-0.001122969202697277,-0.0009811324998736382,-0.0004686720494646579,0.000451962259830907,-0.0010879446053877473,-0.0010881267953664064,0.0011156259570270777,0.00022759215789847076,0.000170197308761999,-0.0005929928738623857,6.268874130910262e-05,-0.00023857716587372124,-0.00043607837869785726,0.0003410775098018348,0.00027058899286203086,-0.0012209673877805471,3.889339859597385e-05,-0.001146566355600953,0.0007051872089505196,-0.0011223765322938561,-0.0003738794766832143,5.130933641339652e-05,0.00012766095460392535,-0.00038862062501721084,4.2404080886626616e-05,-0.0004921456566080451,0.0005674831918440759,-0.0008114874945022166,-0.0003307373553980142,-9.348527964903042e-05,0.0012530246749520302,-0.00017845739785116166,-0.00022436061408370733,0.0009197622421197593,0.000874672899954021
dose16k_A_s2,00000.png,-0.00013523900997824967,0.00017816176114138216,0.0006979012978263199,-0.0011831449810415506,0.001188841531984508,0.00019938586046919227,0.0018099049339070916,-0.001674448256380856,-0.0003081133763771504,0.0005060323746874928,-0.002149262698367238,0.0003270719025749713,-0.00015571786207146943,-0.0007257420220412314,0.0010486115934327245,-0.00019649510795716196,-0.0007068751729093492,0.0008887036237865686,-0.0010085159447044134,0.00012858488480560482,-0.0011814855970442295,0.0014804297825321555,0.0007491908618248999,4.513642124948092e-05,-0.0008625782793387771,0.0003778877144213766,0.0011503767454996705,-0.0002851240278687328,0.00021915891557000577,0.0006685544503852725,0.0008325465605594218,0.0008031598990783095,-0.0010561016388237476,0.0007521293591707945,0.0013862971682101488
dose16k_A_s2,00001.png,-0.0010148149449378252,-0.00015360300312750041,0.0018681674264371395,0.0005436415085569024,0.0001465614914195612,0.00038065743865445256,-0.0004688467597588897,-0.0002085192099912092,0.002224784577265382,-0.0005971786449663341,-0.00024127181677613407,-0.00047559861559420824,0.00014606185141019523,-0.0009655221947468817,0.00010816873691510409,-0.001410135766491294,0.00031620575464330614,-0.0012550136307254434,0.0007361735333688557,0.00037084546056576073,-0.0016682985005900264,0.0003457179991528392,8.463759149890393e-05,0.0007658581016585231,0.0020096434745937586,-9.977904846891761e-05,-0.00037970172706991434,0.0007545208209194243,-0.00034670898457989097,-0.0010333152022212744,8.427567809121683e-05,0.0013771426165476441,-0.0003408034972380847,0.0003149129042867571,0.0006772534106858075
dose16k_A_s2,00002.png,0.0007401648326776922,0.0012377409730106592,0.0002893535129260272,-0.0008726562955416739,0.0008016675128601491,-0.0009580716141499579,-0.0007151087047532201,0.0005723256035707891,0.0018794337520375848,0.00018386122246738523,0.0003692641039378941,-0.0012203077785670757,-0.0006766357109881938,-0.0005374689935706556,0.0005265162326395512,0.0010958225466310978,-0.00010312920494470745,-0.000592773430980742,0.00036749805440194905,-0.0009893722599372268,0.0003656310145743191,-0.000565367576200515,6.185778329381719e-05,0.001310971681959927,-0.0008212700486183167,-0.0018166507361456752,0.0008454086491838098,0.001060895505361259,-0.0011959552066400647,0.0013375726994127035,0.0003853492089547217,-0.000825658265966922,0.00023814436281099916,-2.1029965864727274e-05,0.0008997289696708322
dose16k_A_s2,00003.png,0.0007289902423508465,0.0015878239646553993,0.0013550634030252695,0.0014124985318630934,0.0016173501498997211,0.0006154067814350128,-9.51623405853752e-06,1.1741548178179073e-06,-0.0004988009459339082,-0.00020166620379313827,-0.0015784234274178743,-0.0005158577696420252,0.000702519086189568,-0.00015217825421132147,1.940611400641501e-05,7.958570495247841e-05,-0.00024235420278273523,-0.0014758419711142778,-0.0012737305369228125,-0.0005338599439710379,-0.0001882430078694597,-0.0003212368465028703,-0.0005387847777456045,-5.2745730499736965e-05,-0.0007679196423850954,-0.001084186602383852,-0.0010316572152078152,-0.0007544891559518874,-6.584683433175087e-06,-0.00017554310034029186,0.00041903016972355545,-0.0005741552449762821,0.0003295015194453299,-0.00022564490791410208,-0.0019728715997189283
dose16k_B_s1,00246.png,0.0003164133813697845,9.82177080004476e-05,-0.0006502675241790712,-0.002596010686829686,0.0015517044812440872,0.000454582303063944,0.0003110276011284441,-0.0009099954040721059,0.00020378326007630676,-0.0013544321991503239,-0.0005598832503892481,0.0007410772377625108,0.0002962345606647432,-0.0015840319683775306,-1.4273995248004212e-06,0.0012156713055446744,-0.0008744713850319386,-0.00016081592184491456,-0.0006572019774466753,-0.0007263039005920291,2.9651134809682844e-06,0.00011979397822869942,0.0015866673784330487,-0.00023610136122442782,0.00023471818713005632,-0.0003961502807214856,-0.0007547622662968934,0.0007639291579835117,0.0004504655080381781,-0.00023157394025474787,-0.0006290414021350443,-0.00026535289362072945,0.00033829809399321675,0.0002713533176574856,-0.0016346726333722472
dose16k_B_s1,00247.png,-0.0003988881653640419,0.0007744027534499764,0.000265229435171932,0.00014274255954660475,0.0012685219990089536,-7.35581197659485e-05,0.0009077927679754794,-2.937309182016179e-05,-0.0014465544372797012,-0.0011496630031615496,0.0006183271761983633,4.920229912386276e-05,-0.0005019460222683847,-0.00016299544950015843,0.0005181216401979327,0.00013252370990812778,-0.0006745305727235973,0.00035598163958638906,-0.0002289887488586828,-0.0009340542601421475,-0.00012698823411483318,0.0006692286115139723,0.000488310819491744,-0.0007051135180518031,0.0005398620269261301,0.0006110524409450591,0.0010165469720959663,-0.0012046877527609468,-0.00028712820494547486,0.0007377439760603011,-0.000447357859229669,0.0002702863421291113,0.0006543610361404717,0.00015784842253196985,6.54419491183944e-05
dose16k_B_s1,00248.png,-0.0003599835908971727,-0.000542201567441225,0.0001425916125299409,0.0008901496767066419,0.00016318720008712262,0.00026291393442079425,-0.0012014847015962005,0.000400510907638818,0.0016148590948432684,-0.0016637834487482905,0.0010427838424220681,0.0016008482780307531,-0.0003414528910070658,0.0008273330167867243,-0.0011769650736823678,-0.0009797167731449008,0.00112362508662045,-0.0007068971754051745,-0.0006717091891914606,-0.00013341879821382463,-0.00039680206100456417,0.0008486633887514472,-0.0003261592937633395,-0.0009607829852029681,-4.4166688894620165e-05,-0.00026109846658073366,-0.0005664777127094567,0.0006401493446901441,-0.0008700470207259059,-0.00027191854314878583,0.0008689244277775288,0.0007831547991372645,0.00077188661089167,0.0004071448347531259,-0.0012160794576629996
dose16k_B_s1,00249.png,-0.00035242654848843813,9.254486212739721e-05,0.0022177565842866898,-0.0019767340272665024,-0.003188004484400153,0.00024021031276788563,0.000928442575968802,-0.0003687598800752312,-0.00045120733557268977,0.0003063553594984114,-0.0014389330754056573,0.0007448593387380242,8.147893095156178e-05,-0.00023718200100120157,0.0006985874497331679,0.00012402502761688083,0.0002415704948361963,0.0016460197512060404,0.00024950256920419633,0.0006291543832048774,0.0012924630427733064,-0.00239839730784297,0.001021245727315545,-0.0004643975989893079,0.000632651848718524,9.344476711703464e-05,-0.0002486047160346061,0.0008748687105253339,-0.00032496664789505303,0.00035748176742345095,-0.00032812909921631217,0.0011108734179288149,0.0030994953121989965,-0.0006202730000950396,-0.0008541222778148949
dose16k_A_s2,00004.png,0.0003250953450333327,-0.00032864828244782984,-0.00034332482027821243,0.0009396235109306872,0.0013025248190388083,-0.0016119510401040316,-1.653774961596355e-05,-0.0012284338008612394,0.0005460286629386246,0.001386356307193637,-0.00039609314990229905,-0.0008072794298641384,-0.0007434302824549377,0.0014827834675088525,0.0006168672698549926,0.0012336280196905136,-0.00042120341095142066,0.0006071065436117351,0.00021699639910366386,-0.0008155026007443666,0.00022660207469016314,-0.0012144868960604072,0.0017713691340759397,0.0006103020277805626,-0.00015046255430206656,0.0009725825511850417,-0.0009478697902522981,0.00025346415350213647,0.0003331176994834095,-0.000726208440028131,0.0004458715266082436,-0.00026653168606571853,-0.0007328912033699453,0.0006441636942327023,-0.0008203440229408443
dose16k_A_s2,00005.png,0.000484130549011752,-0.0005033790366724133,-0.00025949947303161025,0.0040396638214588165,0.004126159008592367,-0.0005587833002209663,0.00036382110556587577,-2.6759274987853132e-05,-0.00011475595965748653,0.0003073598491027951,0.0005343640223145485,-0.00015975018322933465,-0.0008620182052254677,0.0014281182084232569,-0.0006584161310456693,-0.00021416206436697394,-0.000854890386108309,-8.206687198253348e-06,-0.00020762263739015907,-0.0005038751987740397,-0.00046308539458550513,9.567720553604886e-05,0.0013804775662720203,-0.0006272413884289563,-0.0011758957989513874,0.0015810435870662332,9.693809988675639e-05,0.00037190233706496656,-0.00140684365760535,0.0009548634407110512,0.0006330254836939275,-0.0006166467792354524,0.0004143663973081857,0.00023454456822946668,-0.0007064734236337245
dose16k_A_s2,00006.png,-0.00025905651273205876,0.0005332114524208009,0.001382581191137433,0.0009098914451897144,0.0013626301661133766,0.00014942399866413325,-0.0007599067175760865,-0.0005297802272252738,0.00022330059437081218,-0.0008202013559639454,-0.000581515661906451,-0.0009844463784247637,-0.0004618453385774046,-0.0003836459945887327,0.000548976066056639,-0.0005534904194064438,0.002449468243867159,0.0012903817696496844,0.0004845246148761362,0.00118823756929487,0.0007415633881464601,0.0008683999767526984,-0.0006780280382372439,0.0005382887902669609,0.000236845706240274,-0.0012790878536179662,0.00031041164766065776,-0.001252254587598145,0.0010170680470764637,7.985231059137732e-05,0.002460792660713196,-0.0009692186722531915,0.00027252655127085745,-0.0003450940130278468,-3.550753172021359e-05
dose16k_A_s2,00007.png,-0.002604855690151453,-0.002871531993150711,0.0008961785933934152,-0.0007626753067597747,0.0005775705794803798,0.00018305715639144182,-0.00044642333523370326,0.0007118174689821899,0.001503259176388383,-0.0005860391538590193,0.00015296383935492486,-0.0005726931267417967,5.977408363833092e-05,0.002078917110338807,-0.0005856783245690167,0.0002808398276101798,1.2149957001383882e-05,-0.0012308426667004824,0.0008812636369839311,-0.0009354946087114513,-0.0007922892109490931,-0.00011007481225533411,-0.0008207160863094032,6.433073576772586e-05,0.0014065045397728682,0.0009646071121096611,0.0003464269684627652,-0.0011205628979951143,0.00012837561371270567,0.00030861017876304686,-0.00027538888389244676,0.00037751797935925424,1.3171421414881479e-05,-5.2710605814354494e-05,-0.0018105295021086931
dose16k_A_s2,00008.png,-0.0009093469707295299,-0.00045847537694498897,0.0018381266854703426,-0.0003708610311150551,0.0011706006480380893,-0.0007000148762017488,-0.0006773898494429886,0.000707597064319998,-5.021813922212459e-05,-0.0006065588677302003,-0.0008655879064463079,0.0004441248020157218,0.00038618428516201675,-0.002294292440637946,0.0017791599966585636,-0.0004160316602792591,4.043875014758669e-05,-0.00019963485829066485,0.0005332502187229693,-0.00086573651060462,0.00039526657201349735,0.00014265149366110563,0.0013763357419520617,-0.0015320481033995748,-0.0015047158813104033,0.0002572353114373982,0.00013624159328173846,-0.0013357751304283738,-0.001728150760754943,-0.0005650980165228248,0.0016891034319996834,-0.0009137606248259544,0.00036425108555704355,0.0003803315048571676,-0.0010677165118977427
dose16k_A_s2,00009.png,-0.0009345782455056906,-0.00028201573877595365,-0.00019003546913154423,-0.0011745685478672385,0.001633905339986086,-0.0009496714337728918,-0.00017240663873963058,0.0006539757014252245,0.0005592663073912263,0.0003501354076433927,0.0006847712793387473,0.00021717352501582354,-0.0012649240670725703,-0.0023699067533016205,0.00041285628685727715,0.0006248069112189114,-0.0012311048340052366,0.0001560938253533095,-0.0007475512684322894,0.0009970029350370169,0.0029853745363652706,0.00028987726545892656,-0.0003116025181952864,-0.0014059814857318997,0.0010374825214967132,-0.0001628462050575763,6.886396295158193e-05,-0.00124877761118114,7.950588769745082e-05,-0.0002214430714957416,5.37011910637375e-05,0.0007613686029799283,-0.0009305597050115466,-0.000864117406308651,-9.142070211964892e-07
dose16k_A_s2,00010.png,0.001179027371108532,0.0011483095586299896,0.000746331992559135,0.0010399895254522562,-0.001067947712726891,-1.6457817764603533e-05,0.0006567098898813128,-9.930993110174313e-05,0.00022912370332051069,-0.0007939939387142658,0.000859295716509223,-0.0011497068917378783,-0.0011076806113123894,0.0008405653643421829,-9.407565812580287e-05,0.00045025363215245306,0.000576989259570837,-0.0006087617948651314,-0.0008433517650701106,-0.0011931464541703463,-0.00022260393598116934,0.0009266144479624927,0.0013284714659675956,0.0006633622688241303,-0.0009858931880444288,0.0007838669116608799,-0.0009303054539486766,-0.0005038395174778998,0.0010140154045075178,-0.0006263212999328971,-0.001930183731019497,-0.002168252831324935,9.362337004859e-05,-0.0017183668678626418,-0.0006433767848648131
dose16k_A_s2,00011.png,0.0005438399966806173,0.0016511523863300681,0.0002680528268683702,0.00135349843185395,-0.0011241488391533494,0.000845010275952518,0.00012892295490019023,0.00023717891599517316,-0.0007353298715315759,-0.0015352866612374783,0.0003633402520790696,-0.0012098115403205156,0.00022215815261006355,-0.0009234639583155513,-0.0020330676343292,0.00018644184456206858,0.0009682014933787286,-0.0013211059849709272,0.0003329091123305261,0.0002956997777801007,0.00019545182294677943,-0.0011275551514700055,-0.0012412081705406308,-0.000641537073533982,-0.00016601903189439327,-0.0007676215609535575,0.00039581628516316414,0.0005242858896963298,0.001997488085180521,-0.0010639377869665623,0.0009074583067558706,-7.620728865731508e-05,0.000601033796556294,0.00033221920602954924,8.487923878419679e-06
dose16k_A_s2,00012.png,-0.00014773878501728177,0.0002895723155234009,-0.0003759514365810901,0.0019452822161838412,0.0007381931063719094,0.0010968903079628944,0.00020480641978792846,0.00016799358127173036,-0.0016620615497231483,-0.0006541819893755019,-0.0008728636894375086,0.0008470344473607838,-9.811943164095283e-05,0.0010205284925177693,-0.0010587999131530523,0.0007941471412777901,0.0010796516435220838,-0.00031306635355576873,5.880681783310138e-06,-0.0002896067453548312,-0.0006276395288296044,-0.00039741271757520735,0.0010369019582867622,-0.0011934592621400952,-0.0010188206797465682,-0.00043138727778568864,0.0006452824454754591,-0.0011778968619182706,0.0009122584015130997,0.0008916230872273445,0.00027140468591824174,0.0011657794238999486,-0.0009769446915015578,0.0012922692112624645,0.0005626868805848062
dose16k_A_s2,00013.png,-0.0008147429907694459,-0.001139399129897356,-0.002173548797145486,0.0005711151752620935,0.0013207746669650078,-0.00026668215286917984,-0.0003320842224638909,-0.0003125108778476715,0.0017661899328231812,0.0009239631472155452,-0.00028815798577852547,0.0007609641761519015,0.000725961581338197,0.0016945345560088754,-0.0005818488425575197,-0.0010510735446587205,0.001315946108661592,-0.0006399874691851437,-0.0016205538995563984,0.0002777627087198198,0.0012015898246318102,-0.0009134453721344471,0.0009049999061971903,0.0010579780209809542,0.00016934455197770149,-8.0641228123568e-05,-2.4372842744924128e-05,0.001679006963968277,0.00014549291518051177,-0.0006609265110455453,-0.002553371712565422,-8.672864350955933e-05,-0.00010998286597896367,-0.000490048376377672,0.00021375599317252636
dose16k_A_s2,00014.png,-0.0009067374048754573,0.0009739378001540899,-4.820520553039387e-05,-0.0010368380462750793,-0.0019643940031528473,-0.0007012542919255793,-0.00012574002903420478,0.0009114922140724957,0.0013635907089337707,-0.0009368503815494478,0.0012279184302315116,-0.0005080987466499209,-0.00031238453811965883,-0.000285496877040714,-0.0005641074967570603,5.97354446654208e-05,0.0008706013904884458,-0.000877232407219708,0.0005899082752875984,0.0009183913934975863,-0.0006962555926293135,0.00018159160390496254,-0.0018632900901138783,0.002317503560334444,0.0010381377069279552,0.00019163328397553414,-0.0006288516451604664,-0.00048385289846919477,0.0015275119803845882,-0.00035616353852674365,-0.0013937351759523153,0.0006197400507517159,-0.0015043322928249836,0.00020747602684423327,0.0012680802028626204
dose16k_A_s2,00015.png,-0.0009301809477619827,0.0011453048791736364,-0.0006624943343922496,-0.0009921608725562692,-0.0006593858706764877,0.0005460206302814186,-0.0006052976241335273,0.0009627921390347183,-0.00030140584567561746,-0.0010176289360970259,-0.00037946508382447064,0.0009377128444612026,0.0005373159074224532,-0.0006078005535528064,-0.0004353301483206451,-0.0008275616564787924,-0.0005808933055959642,-0.0001444258523406461,-0.0006378687103278935,-6.402283906936646e-05,-0.00038787073572166264,0.0006285854033194482,-0.0010891359997913241,-0.0006513186963275075,0.0008029073942452669,7.733944948995486e-05,-0.000330977636622265,-4.6907123760320246e-05,-0.0007131948950700462,0.0006472627865150571,-0.0013108158018440008,-0.0005984649178571999,-0.0008593741804361343,0.0021024367306381464,-0.0004291481454856694
dose16k_A_s2,00016.png,0.000492938095703721,-0.0011961414711549878,-0.0012571911793202162,0.0011403209064155817,0.0002127542975358665,0.000848292198497802,-0.0006379158585332334,-0.0011118571273982525,-0.0007959731156006455,0.00023952379706315696,0.002280240412801504,0.000515407242346555,-0.0011628350475803018,-6.469504296546802e-05,-0.0008467473671771586,-0.001183292712084949,0.0007093766471371055,0.00027191953267902136,0.0012236395850777626,-0.0015262551605701447,-0.0007734535611234605,-0.00018845219165086746,0.0007356069982051849,0.0002828104479704052,7.306972838705406e-05,-0.0007254253141582012,-0.0014023984549567103,0.0009161228663288057,-0.0008446271531283855,0.000540312728844583,0.00032434362219646573,-0.0003194943128619343,-0.0013202751288190484,0.0011035490315407515,-0.0008089906768873334
dose16k_A_s2,00017.png,-0.0003511942923069,-0.002044574823230505,0.0018812333000823855,-0.00039934279629960656,-0.0015504342736676335,0.0003493246913421899,0.0008852190221659839,0.00018052797531709075,0.0017618172569200397,3.168452394675114e-06,-0.00027084859902970493,0.001571838860400021,0.00013962072262074798,-0.0021403857972472906,0.0023243760224431753,0.0002813864266499877,0.0004844360810238868,-0.000602275540586561,0.0005530662019737065,0.0011446583084762096,-0.0004541258094832301,-0.0018101822352036834,-0.00021820489200763404,-0.00023048414732329547,-0.00042280094930902123,-5.583956226473674e-05,0.00026600182172842324,-0.0006528578232973814,-0.0008800865616649389,0.00017730049148667604,0.0009816543897613883,-0.001092856633476913,-0.000421456090407446,0.0011661266908049583,0.0005210363306105137
dose16k_A_s2,00018.png,-0.0006449115462601185,0.00015920738223940134,-0.0003550988913048059,0.0006309477030299604,0.0002659893361851573,-0.00028828534414060414,-3.3423952118027955e-05,0.0001741257874527946,0.000113827692985069,-0.0012803168501704931,-0.0010839044116437435,0.0004337378195486963,0.0003723587724380195,0.0012588765239343047,0.0006718252552673221,0.00026823527878150344,6.125569780124351e-05,-0.0006230760482139885,0.0005494422512128949,-0.0005794434691779315,0.0001602375996299088,-0.0012274199398234487,0.0009861929574981332,-6.117014709161595e-05,-0.0002630262461025268,0.0007808328955434263,-0.0005961325368843973,0.0008421191014349461,-0.0010712925577536225,0.0011081011034548283,-0.0008475519134663045,0.000775373016949743,0.0004621948173735291,0.00017566658789291978,0.00020185990433674306
dose16k_A_s2,00019.png,0.0012066500494256616,0.0005458944942802191,0.00039818056393414736,-0.0009354570065625012,-0.004624067805707455,0.00045387953286990523,0.0002735626185312867,9.424812014913186e-05,-0.00036707520484924316,0.0015062104212120175,0.0014458392979577184,0.0005284477956593037,-0.00026891648303717375,-0.0011597411939874291,-0.0002530303900130093,-0.0013454739237204194,0.000376857933588326,5.297654934111051e-05,-0.0005675803404301405,-0.0010822026524692774,-0.0008655684068799019,-0.0009594487491995096,0.002099150326102972,-0.0013837415026500821,-2.545655115682166e-05,-0.00028576175100170076,-0.0004324580659158528,-0.0014581690775230527,0.000881456071510911,0.00034146313555538654,5.559205965255387e-05,-0.00019843630434479564,-0.0012503036996349692,-0.0007747794152237475,-0.0005291073466651142
dose16k_A_s2,00020.png,-0.00043396814726293087,0.0010055123129859567,-0.0008190447697415948,0.0013462462229654193,-0.00021169648971408606,0.0006040335865691304,0.00019261772104073316,0.0001533734321128577,0.0010074679739773273,-0.0012056613340973854,-0.0020837781485170126,-0.000737166206818074,-0.0015791525365784764,-0.0013485911767929792,0.0012702909298241138,0.0008412681054323912,-0.00021731146262027323,-0.0001921655348269269,-0.0003495787095744163,-0.0005343162920325994,-0.00040914193959906697,-7.838726014597341e-05,0.0013281549327075481,0.001655398984439671,-0.0002500370319467038,-0.0009285669657401741,0.0009809240000322461,-0.0002699467586353421,-0.0006008687196299434,-0.0015168595127761364,0.0008532561478205025,0.0006004112656228244,-0.000788169214501977,-0.0004587015719152987,-0.0016397446161136031
dose16k_A_s2,00021.png,0.0004988079890608788,-9.568123641656712e-05,-0.0006353385397233069,0.0012472964590415359,-0.0012704891851171851,0.0009019474382512271,0.000217630120459944,-0.001331356936134398,0.0009281547972932458,-0.0011242576874792576,-0.00026626771432347596,-0.0005381397786550224,-0.0004762923053931445,-7.405616634059697e-05,-0.0003352109924890101,-0.0006915669655427337,0.00042654923163354397,-0.0010733609087765217,-0.00041865414823405445,-0.001626531477086246,0.0008680783794261515,0.0005313908332027495,0.0002996053372044116,0.001123603549785912,-0.0005594523390755057,0.0001189381000585854,0.0005946673918515444,0.0005617663264274597,-0.0005613148678094149,0.00020514648349490017,0.0014665304915979505,-0.0007746418123133481,-0.0005239250604063272,0.0008751527057029307,0.0008077516104094684
dose16k_A_s2,00022.png,-0.0006435150862671435,3.7674250052077696e-05,-0.0007282388978637755,-0.0012904104078188539,-0.00014060194371268153,0.00031741743441671133,0.000236917010624893,0.00047081263619475067,0.00013913777365814894,0.000961089797783643,-0.000917730329092592,0.00037007895298302174,-0.0006215482717379928,0.0001598100789124146,0.000625160988420248,0.0007171144243329763,0.0006546840886585414,-0.0005449035670608282,-0.0002700818586163223,0.002155996160581708,4.960397563991137e-05,-0.00011595151590881869,0.0001483085216023028,0.00023456252529285848,0.0005498985992744565,0.0011064293794333935,-0.000607070978730917,-0.0005303065408952534,-0.0006004536990076303,0.000876140664331615,-6.873219535918906e-05,-0.00010279355046804994,0.00016508947010152042,0.0004945762339048088,0.0005416080821305513
dose16k_A_s2,00023.png,-0.0013082233490422368,-0.0028434251435101032,-0.0013429158134385943,-0.00048375860205851495,0.0013244610745459795,0.00027560663875192404,-0.0006396406679414213,-0.0005804726388305426,-0.0008458451484329998,0.0012510078959167004,-6.090903116273694e-05,-0.0003082473122049123,0.0001652796199778095,-0.001160937361419201,0.0006477979477494955,-0.0011597415432333946,0.000658093485981226,-0.000973087502643466,-0.00047084360267035663,-0.0003259122895542532,-1.1009034096787218e-05,0.0003579397452995181,0.0006687106797471642,-0.00012178366887383163,0.0008983374573290348,0.0007859274628572166,-0.0007277787080965936,-0.0009034648537635803,0.0005664970958605409,-0.0006526525248773396,0.000942555780056864,-0.0011813309974968433,-0.0003854807873722166,0.0001518025528639555,-0.00028249563183635473
dose16k_A_s2,00024.png,0.0003525331267155707,0.00024442432913929224,-0.00017882166139315814,0.0017876479541882873,-0.00035423971712589264,-0.00013720369315706193,0.0008454094058834016,0.0012121557956561446,0.0006855040555819869,-0.0005609851214103401,-0.0006023428286425769,8.241866453317925e-05,-0.0005249320529401302,-0.00012595967564266175,-0.0005493731005117297,0.0005280548939481378,-0.00024745840346440673,-0.0007004798389971256,-0.0013581481762230396,-0.0008005874115042388,-0.0019366969354450703,0.0004726213519461453,-0.000660332792904228,-0.001643517753109336,0.00044964905828237534,-0.0007619503303430974,0.0006581054185517132,0.0007174303755164146,-0.001292573637329042,-0.0007259593694470823,-0.0011039895471185446,0.00015252729644998908,-0.00023753794084768742,0.0009450010256841779,-0.00036228992394171655
dose16k_A_s2,00025.png,-0.00013315262913238257,-0.0003373311192262918,-0.0001007885075523518,0.002364777959883213,0.0007350805099122226,0.0008096436504274607,0.0008000947418622673,-0.0009603247162885964,0.0003121936460956931,-0.0007216987432911992,-0.0004523653769865632,0.0009531163959763944,0.0011295421281829476,-0.0013926499523222446,0.0002911564661189914,0.001246716477908194,-0.0014926554867997766,0.0008293634746223688,0.00043342611752450466,-0.00021606394147966057,3.62789904784222e-07,0.0007204519934020936,0.00021696501062251627,0.00027913576923310757,0.0023478069342672825,0.0008764699450694025,0.0006124409846961498,-2.813497485476546e-05,0.00036733257002197206,7.981348608154804e-05,-0.00010194756760029122,-0.00029195795650593936,-0.00042323212255723774,0.0028718148823827505,0.00023878476349636912
dose16k_A_s2,00026.png,-0.0004788903461303562,-0.00015892519149929285,-0.0006047725910320878,0.0007951939478516579,0.0008180438890121877,-0.0007368490914814174,-0.0003708532021846622,-0.0007118221838027239,0.00017697474686428905,0.00044850289123132825,9.50380399444839e-06,-0.0008257753797806799,-0.0009660099749453366,0.0004984470433555543,-0.0006602352950721979,-0.0007986784912645817,0.00019303966837469488,0.0005187137285247445,-0.0006849727360531688,0.0010015337029471993,-0.0002398710639681667,-0.0012102887267246842,0.00040307192830368876,0.0006531117833219469,0.00011601234291447327,0.0006367865717038512,-0.0003934226406272501,-0.0004092839953955263,-7.716524123679847e-05,-0.000880097912158817,0.0003622688527684659,0.00011613222886808217,0.00043468535295687616,0.0004063541709911078,0.0008910815231502056
dose16k_A_s2,00027.png,-0.00013105626567266881,-0.00016467647219542414,0.001216663746163249,0.002762672258540988,0.0014838469214737415,-0.0004297506238799542,0.0009194670710712671,-8.118656114675105e-05,-0.00033492143847979605,9.96516682789661e-05,0.00022094679297879338,-0.0016481585334986448,-0.0003184681700076908,-0.0006218892522156239,-0.0008601293666288257,-0.0007570710149593651,-0.000475568842375651,0.0007438957109116018,-0.0005559220444411039,0.0009839306585490704,-0.0011352284345775843,0.00015608748071826994,0.00045018811943009496,0.00015066163905430585,0.0009913856629282236,0.0008584949537180364,-0.0006041565211489797,0.0017400991637259722,0.0002641357423271984,0.0011700440663844347,0.00043519423343241215,0.0003853791859000921,0.0004101524536963552,0.001047340570949018,-1.784516280167736e-05
dose16k_A_s2,00028.png,0.0001356897846562788,-0.0010633817873895168,-0.0012926878407597542,-3.717648360179737e-05,0.0011373837478458881,-0.0004970837035216391,0.0004987620050087571,-0.0002737505710683763,-0.00047186267329379916,0.0007867442327551544,0.0014240688178688288,-0.0005716609302908182,-0.0006324693677015603,-0.0016713468357920647,1.365478146908572e-05,-0.0009707542485557497,-0.0007167127332650125,-0.0019637795630842447,-0.0007873112335801125,0.0011907522566616535,-0.000892955984454602,0.00032638019183650613,-0.0007157193031162024,-0.0007561006932519376,0.0002461609255988151,0.0026452012825757265,9.154282452072948e-05,0.0004675893287640065,0.0007715997053310275,-0.0016809493536129594,-0.00017483605188317597,-0.0008196973358280957,0.0009916386334225535,0.0008860949310474098,9.93697321973741e-05
dose16k_A_s2,00029.png,-0.0007304553873836994,-0.00039686544914729893,3.0585069907829165e-05,0.0012451278744265437,-0.0008932070340961218,0.0002929061301983893,0.0013758065178990364,9.985756332753226e-05,-0.00042993586976081133,-0.0010392271215096116,-0.0002914716606028378,5.889215572096873e-06,-6.710623438266339e-06,-0.00016724182933103293,-0.00203208951279521,1.20685035653878e-05,0.000336923316353932,-0.0009338332456536591,-0.0018814830109477043,-0.0009020595462061465,0.00043991353595629334,-1.3228888747107703e-05,-8.547479228582233e-05,-0.0008435769705101848,-1.8580600453788065e-06,0.001214168849401176,0.0005617631832137704,0.00014073189231567085,7.285733590833843e-05,0.00015801923291292042,-0.0008457288495264947,0.0013896113960072398,0.0009465862531214952,-2.5955127057386562e-05,0.001285152044147253
dose16k_A_s2,00030.png,2.393915110587841e-06,-0.00038686671177856624,0.0011712691048160195,0.0004949562717229128,-0.0027278964407742023,0.00011699963943101466,-0.0003008036583196372,-0.0006115822470746934,4.2707411921583116e-05,0.00048533649533055723,0.00019677348609548062,-1.3222371308074798e-05,-6.867988304293249e-06,0.00021839530381839722,0.0008504164288751781,0.0011171811493113637,0.00029658773564733565,0.0005242470069788396,-0.0007872243877500296,-0.0012292178580537438,0.0008642354514449835,-0.0008622122113592923,-0.00023382781364489347,-0.0009106777142733335,0.0002056648227153346,0.00011720431211870164,-0.001906836056150496,0.0007887876708991826,-0.0005157498526386917,-0.0007975070620886981,0.0017802916700020432,0.0011857955250889063,0.0009645655518397689,0.0013820640742778778,-0.0008510549669153988
dose16k_A_s2,00031.png,0.0012197138275951147,0.0013940820936113596,-0.0013023135252296925,0.0013543794630095363,2.348956695641391e-05,0.0010847036028280854,0.0010654983343556523,9.242055239155889e-05,0.0010721642756834626,0.0010367336217314005,0.0001708196650724858,-0.0005675625870935619,0.00040418014395982027,-0.0015869601629674435,-0.0013390581589192152,0.0005963889416307211,-0.0005677196313627064,-0.0009954515844583511,-0.0006574205472134054,0.0014857664937153459,-0.00037138242623768747,0.0008631945820525289,-0.00012654582678806037,0.0012860927963629365,-0.0004960596561431885,0.0008989886264316738,-0.0009245073306374252,0.0008487205486744642,-0.00013454718282446265,5.326449900167063e-05,0.0007516848272643983,0.001614067703485489,-0.000680027820635587,0.0010376432910561562,-0.0008738989708945155
dose16k_A_s2,00036.png,-0.0006748252781108022,0.0004185603465884924,-9.87072507996345e-06,-0.00024600850883871317,0.0026956205256283283,0.0007964124088175595,0.00041921142837964,-0.0008915147627703846,0.00014683535846415907,-0.0007358808070421219,-0.00028920723707415164,0.00017036704230122268,-0.0006719879456795752,-0.00032126845326274633,0.0004992918111383915,-0.0005512774805538356,-0.0005996300606057048,0.0010413203854113817,-0.0016315497923642397,0.0010852888226509094,0.0003549402754288167,-0.0004630307375919074,0.0009264191030524671,0.0008501465781591833,0.0003583497309591621,0.0006355325458571315,-0.0002615533594507724,-0.0005052026826888323,0.00012532407708931714,0.0015285878907889128,-0.00035583358840085566,0.0005510547198355198,0.0003768247552216053,-0.00013783530448563397,0.000439580122474581
dose16k_A_s2,00037.png,-0.0007533190073445439,-7.505565008614212e-05,-0.0022890993859618902,0.0004255006497260183,0.00038595861406065524,0.0011132046347483993,-0.00011063835700042546,0.0005712705897167325,0.0001792542461771518,-0.0012524104677140713,0.000500061025377363,-0.0010561224771663547,-0.00043947104131802917,-0.0010335540864616632,-0.00023995863739401102,-0.0016071440186351538,-0.0013024129439145327,0.0005342785152606666,-0.0009427837794646621,0.0015784208662807941,0.0004948354908265173,0.0006035193800926208,0.0010566439013928175,0.0010266649769619107,0.0017869980074465275,-1.2673655874095857e-05,0.0005970493657514453,7.923880912130699e-05,-0.0007123215473257005,-0.0006767549784854054,-0.00027405773289501667,0.000572590040974319,0.0010315602412447333,-0.0008055240614339709,4.0467286453349516e-05
dose16k_A_s2,00038.png,-0.0029653331730514765,-0.0027594442944973707,-0.001583243254572153,-0.0004161644901614636,0.0007139656227082014,0.0010674969526007771,-0.00036832221667282283,0.001262532314285636,0.00010836372530320659,0.0016311680665239692,0.0005362525698728859,-0.00039150286465883255,0.0005479753017425537,-0.00028712942730635405,5.6689619668759406e-05,0.000853298872243613,5.565492028836161e-05,-0.0004650474584195763,0.0012212597066536546,0.0005389650468714535,-0.0002003574772970751,-0.0011250681709498167,4.929870556225069e-05,-0.0005765737150795758,0.000534006510861218,0.0006188767729327083,-0.001986592775210738,-0.0005950365448370576,4.875163358519785e-05,0.0006731856847181916,0.0020336632151156664,0.0002517034881748259,0.00016285362653434277,0.0022030773106962442,-0.0006231661536730826
dose16k_A_s2,00039.png,-0.0005344515666365623,-0.0005180177977308631,0.0005199482548050582,0.0006786650628782809,0.0017114971997216344,4.6470060624415055e-05,-0.00011002887185895815,0.0001248051703441888,2.9724811611231416e-05,-9.41346661420539e-05,0.0020833690650761127,-0.0002999145654030144,-0.0007537812343798578,0.00012676959158852696,0.0005545815220102668,0.000894006050657481,-0.00021306972485035658,-0.00043333988287486136,-0.0004027181421406567,-0.0011055294889956713,-0.002619763370603323,-0.0006381893763318658,-0.0009700082009658217,0.0021747269202023745,0.000518475309945643,0.00029036414343863726,-0.0016638628439977765,-0.001212095026858151,-0.00029600763809867203,0.00025060054031200707,0.0002170897350879386,-0.0004228869511280209,2.7660333216772415e-05,-0.0012764596613124013,-0.0005510562332347035
dose16k_A_s2,00032.png,0.00030523756868205965,0.00017317011952400208,-0.00038065112312324345,0.001070439931936562,-0.0002681471814867109,0.001028772909194231,-0.0005213834228925407,-0.0009688180289231241,0.0005909799947403371,-0.0019307731417939067,5.66238522878848e-05,0.001688933465629816,-0.0019344104221090674,1.85526987479534e-05,-0.0010749950306490064,-0.0011417926289141178,-0.0006058019353076816,0.00021960740559734404,-0.0007233594660647213,-0.00015221151988953352,-0.00014113474753685296,-0.0010267967591062188,0.0011089685140177608,0.00013977717026136816,0.0016039243200793862,3.813515832007397e-06,-8.7863823864609e-05,0.0010144739644601941,-0.0015631751157343388,-1.2194803275633603e-05,0.0008180711884051561,0.000744056305848062,0.0002590459771454334,0.00023779767798259854,0.0006027926574461162
dose16k_A_s2,00033.png,-0.0001454987796023488,-0.0012348202290013433,-0.0005424022674560547,-0.0031232701148837805,-0.0013206333387643099,-0.0005396229098550975,-0.0009309241431765258,-0.0005317040486261249,-0.0007603047415614128,-7.844816718716174e-05,0.0001595936919329688,0.0011178500717505813,0.001003477955237031,-0.0004358201986178756,-0.0010340048465877771,0.0008867394062690437,0.0014364205999299884,-0.0010832682019099593,0.0011644172482192516,-0.0008023832342587411,-0.0004053610027767718,-0.0003795383090618998,-0.0002117994736181572,0.002168456092476845,-2.2145950424601324e-06,-0.001173859229311347,8.643245053008286e-08,0.001574563910253346,-0.000941649021115154,-0.0007042876095511019,-0.00032114755595102906,-0.00035689337528310716,-0.00042058801045641303,-0.0006133625865913928,-0.0004034026060253382
dose16k_A_s2,00034.png,0.00022017504670657218,0.0012785354629158974,-0.0003109904355369508,0.0010029778350144625,0.00038851972203701735,0.002165127545595169,-0.0001303640310652554,0.000458607537439093,-0.00025625439593568444,0.0006341492990031838,0.0015857759863138199,0.00013352704991120845,0.0005145190516486764,-0.0017292688135057688,-0.0015276583144441247,0.0001039487833622843,-2.0313589629950002e-05,-0.0011774427257478237,0.0009340246906504035,3.755776924663223e-05,0.0002407721331110224,-0.0012821201235055923,-0.0002765224489849061,0.0002904405992012471,0.00011182105663465336,-0.000560275511816144,0.0006673064199276268,0.00036186492070555687,-0.0005201201420277357,-0.0014899844536557794,0.0007149372831918299,-0.0003752433985937387,-0.0008767158724367619,0.0010234449291601777,0.0006029264186508954
dose16k_A_s2,00035.png,-0.00014744843065273017,0.0006453474634326994,-0.0007623958517797291,-0.00012758641969412565,0.001647807308472693,0.00012112435069866478,-0.0006722137914039195,-0.00019947128021158278,-0.0005000479868613183,0.00045223088818602264,-0.001145074493251741,-0.0005964539013803005,-0.0014510180335491896,0.0003577310999389738,0.0012861830182373524,-0.0003055927809327841,0.0008110618218779564,-0.00040449894731864333,-0.0017491511534899473,-0.00020958826644346118,-0.00020674346887972206,-0.0010451495181769133,-0.0009911291999742389,0.0005728590185754001,0.00236928416416049,0.00047280301805585623,-0.0009249166469089687,-0.0006026597693562508,-0.0015332018956542015,-0.0005891080945730209,0.0011441359529271722,0.00042808224679902196,0.0010901883943006396,0.00025029730750247836,-0.0007371738902293146
dose16k_A_s2,00040.png,0.0011246557114645839,0.0007699573179706931,0.0006226791883818805,0.0005442889523692429,0.0014183821622282267,0.00038639744161628187,-0.00013312649389263242,0.001177254132926464,-0.00028412751271389425,0.00022294493101071566,0.0015666643157601357,3.3933192753465846e-05,0.0007348937797360122,0.0009195621241815388,-1.695958781056106e-05,0.0011532738571986556,-0.0014992577489465475,0.0013457327149808407,-0.00060228758957237,0.0006871123914606869,-0.00039150629891082644,8.821453957352787e-05,-0.0005365634569898248,-0.0005612013046629727,0.0007308960775844753,0.000869232986588031,0.00015897606499493122,-0.0008530652266927063,0.0001879215269582346,0.0008691036491654813,0.00026948435697704554,-6.444005703087896e-05,0.0003754711651708931,-0.00024011361529119313,0.00043787434697151184
dose16k_A_s2,00041.png,-0.0008370712748728693,-8.775615469858167e-07,-0.000452518550446257,-0.00033826337312348187,0.001350185601040721,-0.0002679548051673919,-9.264360414817929e-05,0.0006609291885979474,-0.0022376375272870064,-0.0008681027684360743,-0.00033620401518419385,0.000649583584163338,-8.620484732091427e-05,-0.002006048569455743,0.0008737781317904592,0.0009335500071756542,0.0008086528396233916,-0.0002667805238161236,-0.0009389750193804502,-0.00038693120586685836,0.0003456781560089439,0.0008588443743065,-0.00010743241728050634,-0.0015218008775264025,-0.00014416383055504411,0.0008583887247368693,0.00011457132495706901,-0.00013757275883108377,0.0009315707720816135,-0.0008464306010864675,0.0011081688571721315,-0.0011481621768325567,0.00022347785125020891,-8.389537470065989e-06,9.016961848828942e-05
dose16k_A_s2,00042.png,-0.0012806531740352511,-0.0008572610095143318,-0.001695789978839457,0.001654864172451198,-0.0035919900983572006,0.0008513248176313937,9.046376362675801e-05,0.0009757700026966631,0.0005812594899907708,-1.6872398191480897e-05,-0.0005817797500640154,0.0005643034819513559,-0.0009789936011657119,-0.0010473878355696797,0.0009298215736635029,-0.00044722307939082384,-0.00035161993582732975,0.00046125633525662124,-0.0005014571361243725,0.00042937183752655983,-0.001156069221906364,-0.00011654692207230255,-0.0006933658733032644,0.002432595705613494,-0.0014757484896108508,0.0007555102347396314,0.0006382492138072848,-0.0018900026334449649,-0.00112444837577641,-0.0005353675223886967,0.00022456659644376487,-0.0005393797182478011,-9.062200842890888e-05,0.0001355906861135736,-0.0002015393110923469
dose16k_A_s2,00043.png,-0.0013405061326920986,-0.0010591456666588783,6.502299220301211e-05,0.00042614334961399436,0.00011292885756120086,-0.0006028164643794298,-0.00034911633701995015,-0.00036141497548669577,0.000703169556800276,0.0013808116782456636,0.0016690973425284028,0.00015265615365933627,-0.0011539541883394122,-0.00039047797326929867,0.0006755485665053129,-0.00037106237141415477,-0.00034715092624537647,0.0006616919999942183,0.0006502140313386917,-0.0003836892428807914,-0.00046356895472854376,-0.0020547404419630766,-0.0003724759444594383,-0.00024261513317469507,-0.0005751050193794072,9.206851245835423e-05,-0.0003933039552066475,0.0011726889060810208,0.0011499881511554122,0.0004159175150562078,-0.0001612487540114671,0.0005558931152336299,0.0006559361354447901,0.0008093486540019512,5.236686411080882e-05
dose16k_A_s2,00044.png,0.00014842940436210483,-0.0012692295713350177,-0.0007336581475101411,0.0026829044800251722,0.0007499868515878916,0.0012405921006575227,-0.0005241439212113619,0.0003050070663448423,0.00040012376848608255,-0.0007110052392818034,-0.0014484408311545849,0.00019567292474675924,-0.0015425782185047865,-0.0008724442450329661,0.0007549887523055077,-0.0011537367245182395,-1.3280017810757272e-05,-0.0007993230829015374,8.036304643610492e-05,-0.0010831351391971111,-8.265214273706079e-05,0.0005457518273033202,0.0011955088702961802,-0.000980008509941399,0.0010307200718671083,-0.00030995646375231445,-0.0011544052977114916,0.0013518180930987,-0.00022612931206822395,0.0017014057375490665,0.0016221667174249887,0.0006440127035602927,-0.00042850530007854104,0.000571390672121197,-8.944047294789925e-05
dose16k_A_s2,00045.png,0.0005796746117994189,0.0005383894313126802,-0.00030589738162234426,-0.0019845273345708847,-0.0008537682006135583,0.00011766201350837946,-0.00042391172610223293,-2.5772436856641434e-05,0.0005474372883327305,0.0005236466531641781,-0.0005673771956935525,-0.0005031154141761363,0.0005595447146333754,0.000304194021737203,-0.0017432007007300854,-0.002193325897678733,-0.0010545942932367325,0.0005774719757027924,0.0010216501541435719,0.0005674597341567278,0.0005423592519946396,-0.00013383870827965438,-0.00015393835201393813,0.0001597171212779358,0.000673134287353605,-0.001245145220309496,-0.0005292276036925614,-0.0010192416375502944,0.0005661409231834114,0.0011007004650309682,-0.00043216094491072,0.0006455811089836061,-0.000818971951957792,-0.0006895159604027867,-0.0011297923047095537
dose16k_A_s2,00046.png,-0.0018857012037187815,-0.0020498810335993767,0.0003109046956524253,-0.00019293597142677754,0.0015886214096099138,-0.00014387221017386764,0.0010350678348913789,0.0002937030512839556,0.00038349066744558513,-0.000552443612832576,0.000870336836669594,-0.0001233298535225913,0.0006613297155126929,0.0012498475844040513,-0.0007876912131905556,0.0013670956250280142,0.0005959771806374192,0.00036211885162629187,-2.7469812266645022e-05,-7.86669334047474e-05,0.00022435958089772612,-0.0011508655734360218,0.0008019815431907773,-0.0018846524180844426,-0.0005684459465555847,-5.612135646515526e-05,-0.0005973589140921831,0.0013397495495155454,8.98658181540668e-05,0.0023490493185818195,0.00045498859253712,-0.0019718294497579336,-0.0001432643475709483,0.000311847630655393,-0.0003230139263905585
dose16k_A_s2,00047.png,0.0009686733246780932,0.0013396932044997811,-3.383543298696168e-05,0.0007769663352519274,0.0007088170968927443,0.00041487099952064455,-0.0007681649876758456,0.0010043653892353177,1.5052488606670522e-06,-0.00018760134116746485,-0.0008637573919259012,-0.0006103987107053399,-0.002201336668804288,-0.0001497414050390944,0.00024091708473861217,-0.0018464456079527736,0.0021603505592793226,-7.298861601157114e-05,0.0018390337936580181,0.0008879686356522143,-0.0008045091526582837,0.001457415521144867,1.2141126717324369e-05,-0.00024133059196174145,0.0005299309850670397,0.0006172999856062233,0.0002342114457860589,0.00013650694745592773,0.0002481843112036586,0.00012982309272047132,-0.0001481221552239731,0.0003373118815943599,4.199444083496928e-05,0.0011157433036714792,0.0004821910406462848
dose16k_A_s2,00048.png,-0.0013863127678632736,-0.0006034101825207472,0.0015412361826747656,-0.001156299957074225,-0.00103236164432019,-0.0007711650687269866,0.00018332312174607068,0.001362927840091288,0.0004607320297509432,-9.616144961910322e-05,-0.00010364344052504748,0.0007358642178587615,-0.00039187230868265033,0.0009958879090845585,0.0004911760333925486,-0.0013345922343432903,-0.00011784103844547644,-0.0002690526016522199,-0.0012133101699873805,0.0005990645731799304,-0.0004490669525694102,-0.00020316433801781386,0.0004619287501554936,0.0005620474694296718,-0.0008152368827722967,-0.0007921885116957128,0.0009766306029632688,-0.00014983992150519043,0.0010201098630204797,-0.0013306569308042526,-4.1017097828444093e-05,-0.0003010001382790506,0.0006358932587318122,-0.00032815293525345623,-8.229009108617902e-05
dose16k_A_s2,00049.png,-0.0011662488104775548,-7.06244318280369e-05,0.000920355087146163,-0.00044376790174283087,-4.0228951547760516e-05,-0.0012661353684961796,0.0005571093643084168,-0.0002102204307448119,-0.0002872417098842561,-0.0010893127182498574,-0.0006780608091503382,0.001183049869723618,0.001875381451100111,-0.0010044313967227936,-4.308390634832904e-05,-0.0004304559843149036,3.5345310607226565e-05,0.00017825693066697568,0.00013803542242385447,-0.0004999100347049534,0.000165830526384525,0.00021065051259938627,0.0001345676719211042,0.000833155878353864,-7.99261179054156e-05,0.001762453350238502,-0.0016242596320807934,-5.019495074520819e-05,-0.0014537115348502994,4.153856571065262e-05,-0.0019013684941455722,0.00015668886771891266,0.00030207581585273147,-0.0004238268593326211,0.001354383071884513
dose16k_A_s2,00050.png,-0.0005347863771021366,0.0003276970819570124,0.000567193201277405,0.0004178211383987218,-0.0016251886263489723,0.0006804313743487,-0.0002040958497673273,0.00041812495328485966,0.0009764799615368247,-0.0002468529564794153,-0.00011981755960732698,-0.0005471396143548191,-0.0005615216796286404,0.0006695453193970025,-0.001357340021058917,0.0007939215865917504,-0.0002703208301682025,-0.0001705950708128512,-6.074826524127275e-05,0.0011063056299462914,-0.00013861838669981807,-0.000676552124787122,-0.0011010433081537485,-0.0005238265148364007,-0.00013392626715358347,0.0006899758009240031,-0.0008510395418852568,-5.095297092339024e-05,0.0001897320180432871,0.0023402816150337458,-0.0005666082724928856,0.0002675915020518005,-4.4261305447435006e-05,-0.00014768911933060735,-0.0003542519698385149
dose16k_A_s2,00051.png,-0.00010982840467477217,5.755104575655423e-05,0.00036578631261363626,0.0012460863217711449,0.0010763631435111165,-0.00034229952143505216,5.932236308581196e-05,-0.0015455441316589713,0.0005252317059785128,0.00024085848417598754,0.0009190976852551103,9.66681182035245e-05,-0.0004863159265369177,0.00011984948650933802,-0.0018798019737005234,-0.0005619942676275969,0.0007551905582658947,-0.0007765088230371475,0.0003375706437509507,0.00014578715490642935,5.0782877224264666e-05,0.001305412850342691,-6.620233762077987e-05,-0.0004962185048498213,0.00013894007133785635,0.0006102357874624431,0.0020933120977133512,0.00042120684520341456,0.0005173482932150364,0.0006420087302103639,-0.0004823957569897175,0.00030905360472388566,0.0004294718091841787,-0.0010206076549366117,-0.0013494231970980763
dose16k_A_s2,00052.png,-0.0002544557792134583,-0.0008453750633634627,-0.0001555763155920431,-0.0006381270941346884,0.00150267721619457,0.0002377853379584849,0.0017814221791923046,0.001557381241582334,-0.0025170245207846165,-0.0002209568629041314,-0.0005126469186507165,0.0013318670680746436,-0.0011543023865669966,-9.93718349491246e-05,0.0016747480258345604,-0.0005022857803851366,-0.0004141920362599194,-0.0007078500930219889,-0.0002648840600159019,-0.0011819819919764996,0.0012541948817670345,0.0014591951621696353,-0.0013178742956370115,-0.0014136332320049405,0.0023621302098035812,-0.0002450362080708146,0.000504345225635916,-0.00034373754169791937,-0.0014355789171531796,-0.00010412176925456151,0.00032904488034546375,-0.0005637052818201482,-5.341929863789119e-06,-0.0002421300596324727,-6.908565410412848e-06
dose16k_A_s2,00053.png,0.0009162132628262043,-0.0006062947795726359,0.0001591893524164334,-0.002724403515458107,0.00130651262588799,-0.00011253745469730347,-0.000546633789781481,-0.0011884495615959167,-0.0010460427729412913,-0.0009819704573601484,0.0020703817717731,0.00033959985012188554,0.0008222693577408791,-0.00042969456990249455,-0.0003461780434008688,0.00010296211257809773,-0.000461302901385352,-0.0012248702114447951,-0.00041099326335825026,-0.00010799132724059746,0.00016875073197297752,-0.0014063057024031878,-0.00041894690366461873,-9.748147931532003e-06,0.0005642541800625622,0.00024291597947012633,0.0001971858728211373,-0.0009093675762414932,0.0004465500533115119,0.0003373768995516002,0.0009287808206863701,-0.00014337446191348135,-0.00128161848988384,-0.00018680580251384526,-0.0008359903586097062
dose16k_A_s2,00054.png,-0.0003111754194833338,0.0001458024198655039,-0.00026280630845576525,-0.0002581629960332066,0.00031998445047065616,-0.0015091507229954004,0.0014020458329468966,0.001102836919017136,-0.00022605739650316536,-0.0015451950021088123,5.870013410458341e-05,0.0008170601795427501,-0.0020892745815217495,-0.0005150423967279494,-7.854132854845375e-05,-0.00039018469396978617,0.001078975386917591,0.0010324324248358607,0.0007038996554911137,-0.0013429892715066671,-0.0007782921893522143,-1.3208717064117081e-05,0.0008342806831933558,0.000770954939071089,8.131689537549391e-05,0.00027534799301065505,-0.00047883245861157775,-0.0010432525305077434,-0.0014244941994547844,-0.000761466275434941,7.682565046707168e-05,0.0002920856641139835,-0.0007663505966775119,1.0167528898819e-06,0.0009017692063935101
dose16k_A_s2,00055.png,-0.00023824851086828858,-0.0010354986879974604,-0.0008593768579885364,0.00048303010407835245,0.0005373287131078541,-0.00016536412294954062,0.0011357638286426663,-3.356437082402408e-05,-0.0009055699920281768,-0.0001726374903228134,0.0002179954608436674,0.0004148869775235653,0.00041500924271531403,-8.966417954070494e-05,0.00025680381804704666,-0.0014150900533422828,-8.641081512905657e-05,-5.332735236152075e-05,0.0001904579548863694,0.0003880878502968699,-0.0012407510075718164,0.000567240989767015,3.336312511237338e-05,-0.0003043684992007911,-6.499280425487086e-05,0.0005375621258281171,-0.0002759708440862596,-0.000131045380840078,-0.0007658154936507344,0.0011602998711168766,-0.0005178645951673388,0.0009363217977806926,0.0005942474235780537,-6.380943523254246e-05,-0.0018727650167420506
dose16k_A_s2,00056.png,-0.0008688004454597831,-0.0008791605359874666,0.0012666400289162993,-0.0008206699858419597,-0.0011207014322280884,-0.0005780573701485991,-0.0004912212025374174,0.0002646183129400015,-0.0015990894753485918,-0.00039604061748832464,-0.0004228568577673286,-0.0005571721703745425,0.0008330281125381589,0.0002690396795514971,0.00017297604063060135,0.0005333437002263963,-6.783840217394754e-05,0.0006506332429125905,-0.000950038549490273,-0.0023782860953360796,-0.001143682631663978,-1.1645162885542959e-05,-0.0026097337249666452,-0.001886214828118682,-0.0005824266117997468,0.0013447595993056893,-0.0010466864332556725,-6.461036537075415e-05,0.0006067597423680127,-0.0007699275738559663,0.0010615488281473517,0.0015776733634993434,-0.0005063919816166162,-0.0012350340839475393,-0.0003655003383755684
dose16k_A_s2,00057.png,3.334870780236088e-05,0.00033166148932650685,-0.00019925940432585776,0.001096038380637765,-0.0009344198042526841,0.0014488411834463477,0.00041027486440725625,-0.0009385405573993921,0.0018263095989823341,-0.0018576012225821614,0.0005240485770627856,-0.0007001850171945989,-8.354232704732567e-06,-0.0002567144692875445,0.0012101316824555397,8.47798291943036e-05,-0.0005129813798703253,0.0010711626382544637,9.262680396204814e-05,-0.0007821455947123468,0.0007616850198246539,-0.0003993590653408319,0.00046632843441329896,-0.0006288890144787729,-0.0003470342489890754,-0.0011025492567569017,0.0008915865328162909,-0.0002585577603895217,-0.0008437742362730205,0.0018448125338181853,0.0004384858184494078,-0.003258184064179659,0.0004697994445450604,-0.001187909976579249,-0.00036063833977095783
dose16k_A_s2,00058.png,-0.00051472382619977,-0.0013487994438037276,-0.000989129999652505,0.0011788399424403906,0.000579654355533421,-0.0008269022218883038,-0.0001556826027808711,0.0006989557878114283,8.2049795310013e-05,0.00041333900298923254,-0.00017958150419872254,0.00014089644537307322,0.0006165279191918671,0.00045241383486427367,-0.000855770253110677,-0.0023085991851985455,-0.000795534229837358,-0.0003817547985818237,6.56131815048866e-05,-0.0003010225191246718,-0.00015553167031612247,-0.0014869164442643523,-0.0003166399255860597,0.00010392618423793465,0.0010985337430611253,-0.0005802782252430916,-0.00036722159711644053,-5.5068503570510074e-06,-4.468477072805399e-06,-8.303460344905034e-05,-0.00022627341968473047,0.0009360345429740846,0.00014315229782368988,0.0005837981589138508,-0.0005880899261683226
dose16k_A_s2,00059.png,-0.00019246121519245207,-0.0005802136729471385,-0.00022710859775543213,0.0004441874916665256,-0.001515644253231585,-0.0024415820371359587,0.0012562162009999156,0.0010582901304587722,0.0006324330461211503,-0.0004878543841186911,0.0011076288064941764,-0.0008491486660204828,0.0004042622749693692,-0.0014043633127585053,-8.513253305864055e-06,0.0021562681067734957,-0.0009135011932812631,8.715217700228095e-05,0.00033401825930923223,0.00018651943537406623,0.0018409673357382417,-0.0022597601637244225,0.0006659174105152488,0.0009340542019344866,0.0007775535923428833,-0.00024497529375366867,-0.0009439719724468887,-0.002344986889511347,-0.0010564445983618498,0.0011838137870654464,-9.051209053723142e-05,-0.0016769832000136375,0.0003292037290520966,0.0008804148528724909,-0.001022620010189712
dose16k_A_s2,00060.png,1.2394167242746335e-05,8.384477405343205e-05,0.000980375800281763,-0.0017787766410037875,-0.0002571198274381459,0.0012679733335971832,0.0002325182722415775,-2.6785141017171554e-05,1.7638680219533853e-05,-0.00027713231975212693,-0.0012790628243237734,-5.180245352676138e-05,-0.0016644506249576807,0.0006519193993881345,-0.0006081730243749917,0.000564226065762341,0.0013741059228777885,0.0007951086154207587,-7.828202797099948e-05,-0.0006796001107431948,-0.00010651674529071897,-0.0008606901974417269,0.0008586266194470227,0.001143057132139802,-0.0008234304841607809,1.704866735963151e-05,-0.000938652316108346,0.00022128842829260975,0.0010192777263000607,0.0013449799735099077,-0.0016259050462394953,-0.0005529256304726005,0.0003244773542974144,0.0006921726744621992,0.00034962716745212674
dose16k_A_s2,00061.png,0.0007634998764842749,0.0003050559025723487,0.00040936158620752394,0.0019208848243579268,0.00021697230113204569,-0.0004600473621394485,3.201623621862382e-05,-0.00039025896694511175,-0.0009930044179782271,-0.0010927232215180993,0.00011351895955158398,-0.0005678609595634043,0.0003366034070495516,-0.001018650596961379,-0.0012180199846625328,-0.0005628313519991934,0.001015661284327507,1.1360200005583465e-05,-0.0005926269222982228,0.00015037012053653598,-0.0012435360113158822,0.0005622083554044366,-0.002174829365685582,-0.0009971794206649065,-0.00042095204116776586,-0.001439096755348146,0.0008200010051950812,-0.002291556214913726,-5.879857781110331e-06,0.0003800664853770286,-0.0009472491801716387,-0.002430175431072712,-0.001156603917479515,-0.00039773681783117354,0.0003498493751976639
dose16k_A_s2,00062.png,0.000716625654604286,0.0003832542570307851,-0.0007617877563461661,3.904659388354048e-05,0.001648694509640336,-0.0007557765347883105,-0.0009446260519325733,-0.0008072364726103842,-0.0007289333152584732,-0.0011541766580194235,-0.002325837267562747,-0.0004901672364212573,-0.0011982661671936512,-0.0009362400742247701,-0.0006952178082428873,0.0006381617276929319,-0.0014148689806461334,0.0014227645006030798,-0.0005399878136813641,-0.0003026809135917574,0.00042550486978143454,0.0017313105054199696,-0.0004227918398100883,-0.0005779762868769467,0.00012124385102652013,0.0006550566758960485,0.0013251875061541796,-0.0006034645484760404,7.33859560568817e-05,-0.0007506332476623356,0.0015425574965775013,0.0011113500222563744,0.0003395092790015042,0.0004179835959803313,-0.00018264625396113843
dose16k_A_s2,00063.png,0.0021715695038437843,0.0011691523250192404,0.0007303237798623741,0.0024666213430464268,0.001270239008590579,0.0007074104505591094,-0.00030136373243294656,-0.0013763352762907743,-0.0004657671379391104,-0.0015909599605947733,-0.0005712005076929927,0.0009164517978206277,-3.1480263714911416e-05,0.0007057770271785557,0.00017303317144978791,0.0007524467655457556,-0.0014822890516370535,0.0007565381238237023,0.00034537428291514516,0.0007221803534775972,-0.0006301229586824775,-0.000753565866034478,-0.00090123584959656,-0.000365182087989524,0.00045586039777845144,0.000758700945880264,0.0002801815280690789,-0.00041733329999260604,0.0017067891312763095,-0.0011766061652451754,-0.00019350498041603714,-0.0007824187632650137,0.00014317459135781974,-0.0005620371084660292,0.0016923199873417616
dose16k_A_s2,00064.png,-1.7775197193259373e-05,0.0005344965029507875,-0.0016014467692002654,0.00021363918494898826,-1.919617352541536e-05,-0.000674608803819865,-0.0014443888794630766,0.0010076515609398484,0.0019381126621738076,-0.00020651570230256766,9.724610572448e-05,0.0017851943848654628,0.0010711302747949958,-0.0004048761329613626,-0.0007060469361022115,0.0007609267486259341,0.0012278326321393251,0.0019245609873905778,0.000499624467920512,-0.000409202475566417,0.00109145138412714,0.000932925206143409,-9.709635196486488e-05,0.0021173993591219187,-0.000179624927113764,0.0005354918539524078,9.833361400524154e-05,0.0007276814430952072,-0.0005778413615189493,0.0003269824665039778,0.000973010784946382,0.00038725772174075246,0.0002815058396663517,0.0003825929306913167,-0.0009032418602146208
dose16k_A_s2,00065.png,0.00061816192464903,0.0008641938329674304,0.0005099735572002828,0.0009059798321686685,0.0009497986757196486,-0.0005801438819617033,-0.001154863042756915,0.0008610173827037215,4.5032698835711926e-05,-0.00022238687961362302,0.00011305943917250261,-0.00018172869749832898,-0.0003728112787939608,0.0007325889309868217,-0.0001109777731471695,0.0007552339811809361,0.001310777268372476,-0.0013676178641617298,0.0010843878844752908,0.0006131842965260148,-0.0015867108013480902,-0.00027756148483604193,-0.0010812858818098903,0.00017261103494092822,0.00012674932077061385,0.0003943508199881762,-9.825678716879338e-05,0.00180497404653579,-0.00019058900943491608,-0.0009058825089596212,0.0005310646374709904,-0.0001315649424213916,0.0011607889318838716,-0.0002514572406653315,0.0002657101140357554
dose16k_A_s2,00066.png,-0.001244960818439722,-0.002020017011091113,-0.00016193900955840945,-0.0005783020169474185,0.00037514191353693604,0.0005689368699677289,-5.4847267165314406e-05,0.0005782833322882652,0.0002572848170530051,-0.00012643392255995423,-7.853769784560427e-05,-0.0008486683364026248,0.00016087769472505897,-0.0005777590558864176,-0.0006957388250157237,4.56436064268928e-05,-0.00030000388505868614,0.0005573304370045662,5.1997765694977716e-05,0.0002886377624236047,-8.704622450750321e-05,0.0008158747805282474,0.0001686599716776982,-2.9485838240361772e-05,0.00023304251953959465,-6.532164115924388e-05,0.0007172708865255117,0.00020085624419152737,-0.0008162859012372792,8.640165469842032e-05,0.0005458847153931856,0.0006955820135772228,-0.0005030064494349062,0.0005254719872027636,-0.0009874363895505667
dose16k_A_s2,00067.png,-0.0004997848882339895,-0.0011316768359392881,0.0005810455186292529,0.0005561889847740531,0.0005046683363616467,-0.0016171656316146255,0.0001278461131732911,-0.0006337113445624709,-0.00012435371172614396,-0.0008964011212810874,-0.0020341614726930857,-0.0012095941929146647,0.0007980644586496055,-0.00012006572796963155,-0.00033785533742047846,0.0009728904697112739,-0.00042793486500158906,-0.0011517406674101949,-0.0010659118415787816,0.0012025252217426896,0.0012207188410684466,-0.0008800264331512153,-0.0008436061325483024,-0.0003742695553228259,-0.0011490188771858811,0.0016121547669172287,-0.0012289435835555196,-0.0022706440649926662,-0.0002493406063877046,0.00046390783973038197,0.001884525758214295,-0.0009796827798709273,1.3397396287473384e-05,0.002000299748033285,0.0017279795138165355
dose16k_A_s2,00068.png,-0.0014739733887836337,-0.0018908651545643806,-2.05492051463807e-05,0.0009257060592062771,-0.0016784145263954997,-0.0019346923800185323,0.0009150619152933359,-0.0005095959058962762,0.0004257957625668496,-0.00027768188738264143,-0.002670444082468748,-0.0006929135415703058,7.115829066606238e-05,-0.0009510527015663683,-0.0007280848221853375,0.0009550972026772797,5.5278655054280534e-05,-0.0011493456549942493,-0.0011716792359948158,0.0007805339992046356,-0.0003377057728357613,-0.0002520584093872458,0.0011259006569162011,0.0008897992665879428,-0.001390366000123322,-0.0003545515355654061,0.0009123272611759603,-0.0002766294637694955,-0.0008917046361602843,-0.0016169731970876455,-0.0006762341363355517,-0.00038059052894823253,-0.00013794616097584367,0.00038800621405243874,0.00016999832587316632
dose16k_A_s2,00069.png,0.0007529345457442105,0.0022212902549654245,-0.0008250084356404841,0.000684937636833638,-0.0016674483194947243,0.001557667157612741,0.0004945840337313712,0.00016029163089115173,0.0012106234207749367,-0.0002212262334069237,-0.001672623329795897,0.0010946758557111025,-0.0019257079111412168,0.0004800177412107587,0.0007381651666946709,-0.0005669874954037368,-0.00022082192299421877,0.001203741761855781,-0.0007049028645269573,0.00023218664864543825,0.0019388635409995914,0.0009143291390500963,0.0007930513238534331,0.0006930177332833409,-0.0003337866219226271,0.00010821507021319121,-0.0005747036775574088,-0.0014582703588530421,0.0003283928381279111,-0.0006819849368184805,-0.0006707176798954606,-9.982524352381006e-05,0.000862156564835459,7.411670230794698e-05,0.0015066585037857294
dose16k_A_s2,00070.png,0.0019881189800798893,0.0023906913120299578,7.951461884658784e-05,0.000365053623681888,0.000757024681661278,0.00022183112741913646,-0.000357784767402336,0.00044842835632152855,0.0005406377604231238,-0.00011756745516322553,-0.00041457280167378485,-0.0002291546988999471,-0.0002136754774255678,0.0005708896787837148,0.0008625243208371103,-0.0003116875304840505,-0.00011781045031966642,0.0002403289545327425,-0.0013060596538707614,0.0006043895264156163,0.002229937119409442,0.00032480875961482525,-0.0009829793125391006,0.00011634768452495337,0.00046678606304340065,2.2080623239162378e-05,-0.0011043153936043382,0.0018352598417550325,0.0003226260596420616,-0.00045117762056179345,-0.00073995505226776,0.00029275528504513204,0.0005380543880164623,0.0018280488438904285,0.00021084483887534589
dose16k_A_s2,00071.png,-0.0010076547041535378,-0.001519662095233798,-0.0005390291917137802,0.0006464759353548288,0.0017807026160880923,0.001111250719986856,-0.0008569133351556957,-0.0008630508091300726,-0.0008345430251210928,-0.00037492989213205874,-0.0002985993050970137,-6.492002285085618e-05,-0.0006039078580215573,-0.00039691018173471093,0.0008067088201642036,-0.000349666690453887,0.00036974920658394694,0.0011905048741027713,-0.00018088368233293295,-0.00024743913672864437,-0.0008074264042079449,-0.0004032707365695387,-0.002210414968430996,-0.0004886480164714158,0.0010535282781347632,0.0007961062947288156,0.00021716143237426877,0.0012273023603484035,0.0005261052283458412,0.0005418485379777849,0.0007210398907773197,-0.0001101065645343624,0.0001679750275798142,-0.00012796948431059718,0.00042270220001228154
dose16k_A_s2,00072.png,-0.0002769792918115854,0.0001538102369522676,0.000629615387879312,-0.00012434556265361607,0.0007467573159374297,0.0005902136326767504,-0.00010797650611493737,-0.00020036526257172227,0.0016097496263682842,-0.0014442239189520478,0.00020164619490969926,-0.00010256096720695496,-0.00018072061357088387,0.000624849577434361,0.0013002691557630897,0.001837160438299179,-0.0006846648175269365,-0.0005327052786014974,0.001265123370103538,0.0008293479913845658,-0.000766848330385983,0.001312760985456407,0.001269419793970883,-0.0001493472227593884,0.00039547437336295843,0.000216935426578857,-0.0007756584091112018,0.0016171836759895086,-0.00025659738457761705,-2.412167305010371e-05,0.0007999636582098901,-0.00012074234109604731,-6.154972652439028e-05,-2.5513953005429357e-05,0.0030036119278520346
dose16k_A_s2,00073.png,-0.0010850972030311823,-0.0018479782156646252,0.0002881638356484473,0.0006632054573856294,0.00383409159258008,-0.0009213112061843276,0.0018076730193570256,-0.0009248590213246644,0.0018332984764128923,0.0011263865744695067,0.0008702367194928229,-0.0013685810845345259,-0.0006583691574633121,-0.00019861520559061319,-0.0005797795602120459,0.00015495014667976648,-0.000267154595348984,0.000699052179697901,1.7028874935931526e-05,-0.0015579108148813248,-0.0015111673856154084,-0.0004310067160986364,-0.0016487396787852049,0.00014531823399011046,-0.0017405299004167318,0.000609139387961477,-0.0014118780381977558,0.0012549683451652527,0.000333699252223596,0.0005648266524076462,-0.0007049543783068657,0.00047394016291946173,-0.000393958791391924,-0.0012011161306872964,0.0007086065015755594
dose16k_A_s2,00074.png,-0.001387283788062632,-0.0010579326190054417,-9.417648107046261e-05,-0.001812361995689571,-5.924585639149882e-05,-0.001283989055082202,0.0003784022119361907,-0.0007768709911033511,-0.00015652950969524682,-0.0008568670600652695,-0.00030886262538842857,0.00046061613829806447,-0.0006681519444100559,-0.0003563752106856555,0.0005059086252003908,0.0007095409091562033,-0.0005481010884977877,0.0005820223013870418,0.0002693339774850756,0.0008402279345318675,-0.0009391554049216211,-0.00012945987691637129,-0.0007619279203936458,-6.273251347010955e-05,0.00035224531893618405,0.0006333940546028316,0.0005780284991487861,0.00022189154697116464,0.00017531066259834915,-0.0013077015755698085,-0.002147926716133952,-0.00014662918692920357,0.0003224315296392888,0.00011708462989190593,0.0013522133231163025
dose16k_A_s2,00075.png,-0.0001503314560977742,0.0001296043483307585,0.0005681953625753522,-0.0005773601587861776,-0.0003023073077201843,0.0004099792568013072,-0.000734992150682956,0.001380366855300963,-0.0005608898936770856,-0.00021245022071525455,-4.047581387567334e-05,0.0006860802532173693,9.153159044217318e-05,-0.001366042415611446,-0.0007647420861758292,0.0009560987236909568,-0.0010406082728877664,-0.00022254008217714727,0.0011258353479206562,0.00042636372381821275,0.0006689891451969743,-0.00043015056871809065,0.0022048514802008867,0.0007458656909875572,0.0005902932025492191,0.0011974809458479285,0.00037578429328277707,-0.0006473640678450465,0.00010608656157273799,-0.0009188581025227904,0.0004810528189409524,-0.0009519439772702754,-0.0004210510815028101,0.0006984744104556739,0.00015622541832271963
dose16k_A_s2,00080.png,-0.0009238607017323375,-0.0008504095021635294,9.038390271598473e-05,-0.0007730229408480227,0.0005617417627945542,3.462867243797518e-05,-0.00079158297739923,0.0018262595403939486,-0.0006375168450176716,-0.00026202519075013697,8.540344424545765e-05,-0.00019542714289855212,-0.0011415223125368357,0.0005828407010994852,-0.0006931631360203028,0.0018099865410476923,-0.00026494613848626614,-0.0006101588951423764,0.001306871767155826,-0.0002635542768985033,-0.001753869466483593,-0.00028409145306795835,-0.0004887528484687209,-0.00010602246038615704,0.0015775563661009073,-0.0005365291726775467,0.0012666609836742282,6.815642700530589e-05,-0.00040480916504748166,-0.00028075827867724,0.00031227347790263593,-0.0007767559727653861,0.0009011271176859736,-0.00019381828315090388,7.394635758828372e-05
dose16k_A_s2,00081.png,0.00037785578751936555,0.0008406210690736771,0.0001546165149193257,-0.001092843129299581,-0.001964619616046548,-0.0011940613621845841,-0.00013434025458991528,0.0001945135009009391,-0.00017472653416916728,-0.0010968862334266305,0.0027980899903923273,0.0014667087234556675,-0.0007235449156723917,-0.0006627985276281834,0.0008466746076010168,-0.0007856390438973904,0.0006312446785159409,-4.868900578003377e-05,-0.0006258002831600606,0.0009428498451597989,0.0006755004287697375,0.0009853317169472575,-0.0008485430735163391,0.0007610027096234262,-0.00010648945317370817,-0.0009319221135228872,0.0002894592471420765,0.0006278618238866329,0.00043223350076004863,0.000500653637573123,-0.0002705973165575415,0.00015316036297008395,-0.0001574930502101779,-0.000757872243411839,0.0001289115025429055
dose16k_A_s2,00082.png,0.0008146294858306646,-0.0008691833936609328,0.0003260282683186233,0.0035447862464934587,0.0005965046002529562,-0.0011416052002459764,0.001666887546889484,-0.0012043074239045382,0.0011250011157244444,-0.00017211666272487491,0.0007047258550301194,-1.4233155525289476e-06,0.0012726141139864922,0.0005861810059286654,0.0009882908780127764,-0.00132367096375674,0.0011135396780446172,-0.0003301756805740297,0.0013491555582731962,0.0005579579155892134,-0.0008683016058057547,-0.0007892116555012763,-0.0006297871586866677,-0.0011918414384126663,0.00019450605032034218,-0.0004239275585860014,-0.00022404473565984517,-0.0006820898852311075,-0.0009156486485153437,-0.0015131831169128418,-0.0009605789673514664,-0.0009526523062959313,0.00016931016580201685,-0.0003440622240304947,0.00021874025696888566
dose16k_A_s2,00083.png,0.0002775531611405313,0.0005838887300342321,0.001771825016476214,0.00019303752924315631,0.0009261819650419056,0.0005826209671795368,0.0006843752926215529,-0.000875936122611165,-0.0008270479738712311,-0.0015303825493901968,-0.0010564832482486963,0.001509492052718997,0.0017134598456323147,0.00011429197184043005,0.0009631835273467004,-0.00013850130198989064,0.0007128467550501227,-0.0005319363554008305,-0.00035494266194291413,0.0008294950239360332,0.000780233065597713,-0.0017136558890342712,9.099867020267993e-05,-0.000746284204069525,-0.0007600502576678991,0.0010933122830465436,0.0007692279177717865,0.0003083577612414956,-0.0010074616875499487,0.00044441764475777745,0.00033996059210039675,0.0004920032224617898,0.0005275793955661356,0.0005746382521465421,5.928754399064928e-05
dose16k_A_s2,00076.png,-9.3120637757238e-05,4.202292984700762e-06,-0.0014762767823413014,-0.0004396923177409917,-0.001675441861152649,-0.0001651996572036296,-0.0004802661424037069,0.00011656458809738979,-0.00019802304450422525,0.0001538589713163674,0.0008460999233648181,0.0006465615006163716,-0.0018897633999586105,-0.0014278391608968377,0.0003518250014167279,0.0010384042980149388,-0.00010738147102529183,-0.0004942560335621238,-0.0022779470309615135,0.0007156639476306736,0.0005075106164440513,0.0005162096349522471,0.0005237358855083585,0.0006666036788374186,0.0008409336442127824,0.0008991463109850883,-0.001380517496727407,-0.0006551761762239039,-0.0009934756672009826,0.0007705015013925731,0.000891126983333379,-0.0015122541226446629,-0.0006180272903293371,0.0006658182828687131,0.000868195784278214
dose16k_A_s2,00077.png,0.0005095573724247515,0.00041891983710229397,-0.001023501274175942,-0.0015490520745515823,-0.0010763173922896385,-0.0007507262052968144,0.00020208413479849696,-0.0005168536445125937,-0.0014256526483222842,-0.002238846616819501,-0.0004695806128438562,-0.0010511379223316908,-0.001620711525902152,0.0019976075273007154,-0.001163241919130087,0.0006997560267336667,0.0003121841582469642,0.0021697997581213713,-0.0008386971894651651,-0.0003963508643209934,2.711545903366641e-06,-0.0015115144196897745,-0.0016519500641152263,-0.0009914867114275694,0.0005440671811811626,5.2477487770374864e-05,-0.00034975510789081454,0.00060372578445822,-0.0005799351492896676,0.0007966812700033188,0.0008176754345186055,-0.0005044486606493592,-0.00018697658379096538,-0.00010718970588641241,-0.0009445039322599769
dose16k_A_s2,00078.png,2.5566637305018958e-06,-0.00023583111760672182,0.0001274685637326911,-0.0005377360503189266,0.0014546808088198304,-0.0010824560886248946,-0.0006299360538832843,0.0015049356734380126,-0.0003061410097870976,-7.145327253965661e-05,-0.0006082296022213995,0.001624935888685286,-0.0001335488195763901,-0.0019428200321272016,-0.000360204023309052,-0.0005392851890064776,0.0003420420689508319,-0.00041632718057371676,0.0012343248818069696,-0.0003921508905477822,-0.00016835627320688218,0.0009442117880098522,-2.7208066967432387e-05,-0.0008951619965955615,0.00048407065332867205,0.0005749873234890401,-0.0011800396023318172,0.001243714359588921,-0.0009562165942043066,0.00041425699600949883,0.0011434471234679222,-0.00031615456100553274,-0.0008756039896979928,0.0008770197746343911,8.753224392421544e-05
dose16k_A_s2,00079.png,-0.001040819683112204,-0.002017578110098839,-0.0004108813882339746,-0.0002684446517378092,-0.0012905373005196452,0.00010700595157686621,-3.523096893331967e-05,-0.00042149113141931593,0.001550754182972014,-0.0012083755573257804,4.039029226987623e-05,-0.0005916620721109211,0.0004688873887062073,-0.00021299257059581578,0.0009416243992745876,-0.001001980621367693,-0.0010130463633686304,-0.000981958582997322,0.0009133612038567662,-6.644076347583905e-05,-8.761869685258716e-05,-0.00024648188264109194,0.0004107393033336848,-8.138184057315812e-05,-0.0002730010019149631,0.0018498997669667006,0.0005750283598899841,9.851661889115348e-05,-0.001126535702496767,0.0014314167201519012,-0.00025206280406564474,0.0017090076580643654,0.0016083808150142431,-0.0011044763959944248,-0.000547728210221976
dose16k_A_s2,00084.png,3.88168882636819e-06,0.0007565241539850831,-0.0013922367943450809,0.0006611267453990877,0.0012668835697695613,0.0005327373510226607,0.001978016458451748,-0.0004501795338001102,1.346544195257593e-05,-2.8232939257577527e-06,-5.8214292948832735e-05,-0.0001919851201819256,-0.0007262311992235482,-0.000591049378272146,-0.0003829196793958545,0.0004805491480510682,0.00071285804733634,-0.0005136667750775814,-0.00033987758797593415,0.0012492536334320903,-0.001557450508698821,0.00012057540152454749,-0.0015228444244712591,0.00044789083767682314,0.000506495765876025,-5.302295903675258e-05,-0.0013955895556136966,0.00018941207963507622,0.0005869342712685466,0.00035843090154230595,0.00011836341582238674,0.00022056013403926045,-0.0005680351750925183,3.6478340916801244e-05,-0.00027428005705587566
dose16k_A_s2,00085.png,-0.00013136185589246452,0.0006120019825175405,-0.0011621391167864203,0.000975954404566437,-0.0002326695539522916,-0.0006673936732113361,0.00033545895712450147,-0.00046432120143435895,-0.0006960005266591907,-0.0004077152698300779,0.0026587240863591433,-0.0016991473967209458,-5.427509677247144e-05,0.0018592281267046928,0.0003712757024914026,-0.0013006210792809725,0.0005906929145567119,0.00089286855654791,-4.057554542669095e-05,-7.155453931773081e-05,0.0003661581431515515,-0.0011558342957869172,-0.0002360150101594627,2.7417874662205577e-05,-0.00036870670737698674,-0.0006092922412790358,-0.000343634543241933,0.0010437858290970325,-0.0016990602016448975,0.0016661693807691336,-0.0005292889545671642,-0.0009056078270077705,-0.0016574974870309234,-0.0009446475305594504,-0.0002036858641076833
dose16k_A_s2,00086.png,0.0002572758821770549,0.0011518483515828848,0.00016776242409832776,0.0010137214558199048,0.0020238859578967094,-6.22422230662778e-05,0.00018791397451423109,-0.0007454416481778026,0.0002773042069748044,-0.0012189263943582773,0.000750190403778106,-0.0011335473973304033,-0.0003698020300362259,-0.0008764289086684585,-0.0012585640652105212,0.0005075039807707071,0.001166315982118249,-0.0015239195199683309,-0.00060462043620646,0.0010065824026241899,-0.00047008731053210795,0.0005251556867733598,-0.00031035547726787627,0.0005972720682621002,-0.0008381173247471452,0.00024013867368921638,-0.0005515252705663443,0.0003690132580231875,0.0007846063235774636,0.00011369351705070585,-3.9068792830221355e-05,-0.00041384805808775127,4.4894837628817186e-05,-0.002129568485543132,-0.0012907913187518716
dose16k_A_s2,00087.png,-0.00034200181835331023,-0.00010867170203709975,0.0003894323599524796,-6.94531422595901e-07,0.0002982541627716273,0.0011728357058018446,0.0015058318385854363,0.0006178567418828607,0.0002695348812267184,-0.000750968640204519,0.0002362985396757722,0.0002096621028613299,0.0002127595798810944,-5.325134770828299e-05,-0.00023588970361743122,-2.6726886062533595e-05,0.0006097971345297992,-0.0002044320135610178,-0.0018609075341373682,-0.0001919867645483464,-0.0006016589468345046,0.000641085091046989,0.0001745979825500399,0.0008322495268657804,-0.00014411781739909202,-0.0011042412370443344,0.0008423996041528881,0.00047636620001867414,-0.0003453507670201361,0.0015446628676727414,0.0009002628503367305,-0.0001257979602087289,0.0005430479068309069,6.04034103162121e-05,9.64040282269707e-06
dose16k_A_s2,00092.png,-0.0005529937334358692,-0.000749917991925031,0.0002803193056024611,-0.002973956288769841,-0.002802120754495263,0.0003729785094037652,0.0008444806444458663,0.0005869856104254723,0.0008113428484648466,-0.00018069434736389667,-8.841358067002147e-05,8.716257980267983e-06,-0.0010068394476547837,0.000993378576822579,-0.0003107616212219,-0.00018715174519456923,0.00016861296899151057,-0.0010082784574478865,-0.0011864297557622194,0.0001518822682555765,0.00018768486916087568,-0.00016526922991033643,0.0005075613735243678,0.0003064208140131086,2.966285501315724e-05,-0.00020147707255091518,-0.0009559710160829127,0.00041368085658177733,-0.0007621287950314581,0.0015486825723201036,-0.0003235186741221696,-0.0012027726043015718,-0.0003567381645552814,0.0021262955851852894,-0.0010846314253285527
dose16k_A_s2,00093.png,0.0006964178755879402,0.00171850121114403,0.0001022395517793484,0.00038923328975215554,-0.0009576905868016183,-0.0005845813429914415,-0.000924248481169343,0.0004994181799702346,0.0010169479064643383,-0.0012679742649197578,0.0012868703342974186,2.6087438527611084e-05,-0.0003277825890108943,-0.0003328445309307426,-0.0017348967958241701,-0.0003049684746656567,0.00042268537799827754,0.000439355440903455,0.0018807650776579976,0.001277638366445899,-0.0015389971667900681,-0.00017194115207530558,0.0006689878064207733,0.003106683026999235,0.0015908783534541726,-0.00027102584135718644,-0.001911958446726203,0.00036883819848299026,-0.00010481112985871732,-0.00048475933726876974,-0.0008138591656461358,0.00013694222434423864,-0.0016514227027073503,0.002907793503254652,-1.5407209502882324e-05
dose16k_A_s2,00094.png,-0.0013477945467457175,-0.0008629492949694395,-0.0009753975900821388,0.0026104538701474667,-0.002703161211684346,0.0002452463377267122,0.0008726950036361814,0.0006959832389838994,0.0005875929491594434,-0.0008145879837684333,0.0006342910346575081,0.0003678848152048886,-0.0007041006465442479,-2.633443546073977e-05,0.0012984357308596373,8.84586333995685e-05,-0.0007596072973683476,-0.0016091299476101995,-0.0006207565893419087,-0.0003356868983246386,0.0017348641995340586,0.000585563771892339,0.00012958452862221748,-0.0009732676553539932,-0.00047644582809880376,-0.0007589355809614062,7.481948705390096e-05,-0.0013902438804507256,0.00016942650836426765,-0.00014119075785856694,-0.0007899547927081585,0.0005783109227195382,-0.00028783761081285775,-0.00047450201236642897,0.0010753506794571877
dose16k_A_s2,00095.png,-0.00036431694752536714,0.0006519104354083538,-6.946278881514445e-05,-2.4538445359212346e-05,0.0024481303989887238,-0.0008044998394325376,-0.0013917314354330301,-0.00041496046469546854,-0.00024748180294409394,0.00028125461540184915,0.0005937683745287359,0.0008806107216514647,0.0013343367027118802,0.0007931826985441148,0.0004808364319615066,0.00038848238182254136,-0.00010837824083864689,0.0010487178806215525,-0.0004845026705879718,0.0006258111679926515,0.0007521724328398705,0.0011007150169461966,-0.0006464136531576514,0.00012650607095565647,4.454234294826165e-05,-0.00036136782728135586,-0.00034571264404803514,0.00023692447575740516,0.001552618807181716,-0.0003278999647591263,0.0018090471858158708,-0.0005864438135176897,7.086497498676181e-05,-0.0003424152673687786,6.303998816292733e-05
dose16k_A_s2,00088.png,0.0008313989383168519,0.000934732670430094,0.0006532590487040579,-0.00022071941930335015,0.0019549280405044556,0.0009229075512848794,-4.3859643483301625e-05,0.0009846911998465657,-0.0007590681198053062,0.0001702345471130684,0.0007344610057771206,-0.0003006624465342611,0.0011665450874716043,0.0002867946168407798,-0.0016125106485560536,-0.00026017604977823794,-0.0005600478034466505,-0.0016857725568115711,-1.9819028238998726e-05,-0.00035212544025853276,-0.0007869055261835456,-0.0008737994357943535,0.0015338286757469177,-0.001006496138870716,0.000784238800406456,0.00017228699289262295,-6.567312811966985e-05,-0.0004297437844797969,0.00027971123927272856,-0.0004627289017662406,0.0009432607912458479,0.0012183093931525946,-0.0010265056043863297,-0.00024007633328437805,-0.0004831492842640728
dose16k_A_s2,00089.png,0.0007965475670062006,-4.578323569148779e-05,-0.00014169365749694407,-9.634860907681286e-05,0.0010489851702004671,0.00026852975133806467,-0.00171346974093467,0.00014768820255994797,0.0005837590433657169,-0.001741057843901217,-0.0009191090939566493,-0.0012162113562226295,-0.002121690660715103,0.0007717443513683975,0.0001806325017241761,-0.0012590965488925576,0.0007747078198008239,-0.002629264257848263,-0.0002434165362501517,-0.0008753504953347147,-0.0009318535448983312,0.00026012398302555084,0.0008001876994967461,-0.0009589882101863623,3.63297549483832e-05,0.0015042752493172884,2.4674161522852955e-06,-0.0006089252419769764,-0.0013761259615421295,-0.0004650641931220889,-0.0003287906583864242,-0.0001807618682505563,0.0003561641206033528,-0.0007675712113268673,4.357796206022613e-05
dose16k_A_s2,00090.png,-3.671073864097707e-05,-0.00013279459381010383,-0.000749975151848048,-0.000656134681776166,-0.001004513236694038,4.200346302241087e-05,-0.00034423195756971836,-0.0006423691520467401,0.0014080172404646873,-6.88557411194779e-05,0.0003601685166358948,-0.0012519712327048182,-0.000537621381226927,-0.0011330734705552459,0.001210574060678482,-0.0004740593140013516,-0.0008045234717428684,0.00036872606142424047,2.712992500164546e-05,5.49239557585679e-05,-0.0005585317267104983,-0.0003785102744586766,-0.0007094849133864045,-9.685237455414608e-05,-0.000753232860006392,-0.00029081173124723136,0.0016363038448616862,0.0004072482988703996,0.0006912589888088405,-0.001087303040549159,-0.0012603297363966703,-0.0007313159294426441,-0.00033850784529931843,-0.0006814771913923323,0.0008716278825886548
dose16k_A_s2,00091.png,-0.0005802185041829944,-0.0010126656852662563,0.00045027112355455756,0.0012319197412580252,4.174494097242132e-05,0.0005215335986576974,7.088384154485539e-05,0.0009550319518893957,-0.0004712789668701589,0.00032662501325830817,-0.0007570761954411864,0.0002299798943568021,-0.0002286384697072208,-5.539092671824619e-05,-0.0011019777739420533,0.0006069839000701904,-0.00021439313422888517,-0.0023279436863958836,0.0005615892005153,-0.0005716569721698761,0.0009003478917293251,-0.0008836399647407234,-0.00011143873416585848,-0.0006147462408989668,-0.0009172135032713413,0.00012692985183093697,-0.000897725229151547,0.0013445557560771704,-0.0012232701992616057,-0.00293471897020936,0.00076792121399194,-0.0004910065908916295,-0.0004838596796616912,-0.0011735499138012528,-0.00047224911395460367
dose16k_A_s2,00096.png,0.0003378282708581537,0.0009376576635986567,-0.0010504483943805099,0.001837299671024084,-5.8685996918939054e-05,0.00018701046064961702,0.00011333884322084486,0.0009090568637475371,0.0001277523406315595,-0.001373913954012096,-0.0007882264326326549,-0.00030570925446227193,-0.0005606740014627576,0.001067421748302877,0.001386831165291369,0.0003169141127727926,0.0012316774809733033,-0.00028077611932531,-0.00018607787205837667,-0.0013130864826962352,0.0010372286196798086,0.0009511806420050561,0.001236267969943583,-0.0010652829660102725,0.00023587098985444754,-0.0006286355201154947,-0.00011769787670345977,-0.00032982733682729304,-0.0012512599350884557,0.0006030413787811995,0.00032675405964255333,0.0008041753899306059,-0.001178627833724022,-0.00014116251259110868,0.0008871858008205891
dose16k_A_s2,00097.png,0.0009547254885546863,0.0017005476402118802,-0.00022861173783894628,0.0028471131809055805,0.00038945546839386225,-0.00014812393055763096,-0.00035241805016994476,-0.001516534248366952,-0.001067896606400609,-0.00026185810565948486,-0.0014744197251275182,-0.0001384720962960273,-0.0007709141937084496,-0.00029531182372011244,0.0005770853604190052,-0.001691449317149818,0.0005872490582987666,0.0013884149957448244,0.0018126865616068244,-0.00029588412144221365,-0.0013321074657142162,-0.0013041924685239792,-0.0003263897087890655,0.0010939050698652864,0.0004151793255005032,0.0010039848275482655,-8.85547706275247e-05,-0.002046671463176608,0.0013515348546206951,0.001434577046893537,-0.000876926351338625,0.0009373323991894722,0.0005998694687150419,-0.00016421386681031436,0.000383823731681332
dose16k_A_s2,00098.png,-0.00021331600146368146,0.0006367928581312299,-0.0008535923552699387,0.0006248009158298373,-0.00017181428847834468,-0.0001912597072077915,0.0012689621653407812,-0.0009049467043951154,-0.00016657028754707426,0.0011338124750182033,7.506131078116596e-05,-0.0003986738156527281,0.0004778435977641493,0.0011086987797170877,0.00041976821376010776,-0.0012600136687979102,0.0011111873900517821,-0.0005939657567068934,-0.00037426388007588685,0.0013426075456663966,-0.0009166977251879871,-0.00011883273691637442,-0.00024770217714831233,-0.0009368759929202497,-0.001366391428746283,-0.00021194991131778806,0.0005576307885348797,0.0007495777099393308,0.0016983246896415949,0.001032034633681178,-0.0011045142309740186,-0.0002504612202756107,-0.00024887965992093086,-7.999926310731098e-05,0.0003379685222171247
dose16k_A_s2,00099.png,-0.0002559638232924044,0.00031888086232356727,0.00020305854559410363,-0.001127009280025959,-0.00011883505067089573,-0.0008945153094828129,-0.0007309767534025013,-0.0015426416648551822,0.00037697466905228794,-3.254813782405108e-05,0.0008088795002549887,0.0010990605223923922,0.000867857423145324,-0.00011531152995303273,0.0003206418768968433,0.00042438803939148784,-0.00021044386085122824,-0.0016646553995087743,0.001059079892002046,0.00014998357801232487,0.00017838143685366958,0.0015384531579911709,0.00046644709073007107,0.0001768573565641418,-0.00048693452845327556,0.0001071489677997306,-0.00018254008318763226,-0.000602767220698297,4.7843801439739764e-05,8.243160846177489e-05,-0.00047542157699353993,0.0021712544839829206,0.0001772930845618248,-0.0013212587218731642,0.00028604603721760213
dose16k_A_s2,00100.png,-0.0007634592475369573,-0.0013291867217049003,0.0011949047911912203,0.002186533994972706,0.0008632706594653428,-0.002181440591812134,-0.00013631515321321785,-0.0006914784898981452,-0.0005825191619805992,0.000706904218532145,-7.377909059869125e-05,0.0013554299948737025,-0.00020203960593789816,-0.0014954610960558057,0.0006653086747974157,8.520657138433307e-05,-0.0004368735826574266,-0.0006218212656676769,-0.00011240615276619792,-0.00018867701874114573,-0.00017771836428437382,-0.0015304198022931814,0.0028084744699299335,0.0008156110998243093,-0.0010430647525936365,-0.0025581775698810816,-0.00032959470991045237,-0.0004511929291766137,0.0005256402655504644,-0.0006407804321497679,0.001050745602697134,3.543770071701147e-05,-0.001628698781132698,0.001628192258067429,-0.0006335432408377528
dose16k_A_s2,00101.png,-0.00048790895380079746,3.7078164041304262e-06,0.00020232121460139751,-0.000467343139462173,0.0032191367354243994,-0.0012744293780997396,0.00015660753706470132,-0.0006805039010941982,-0.0004741928423754871,-0.0006660125800408423,0.0011910583125427365,0.0008759680786170065,-0.0011450565652921796,-0.0014640850713476539,-0.002596986712887883,0.0010429031681269407,-0.0013190931640565395,0.000988686690106988,0.0018930668011307716,-0.0006453780806623399,0.0004239018599037081,-0.0002518348046578467,0.0005908722523599863,-0.00038311025127768517,0.0004634082433767617,0.0010128120193257928,0.0007069083512760699,-0.0004366477078292519,0.00020972260972484946,0.0011490805773064494,3.8525537092937157e-05,0.0017358323093503714,0.0005398719804361463,0.0014364225789904594,-0.0006821000715717673
dose16k_A_s2,00102.png,-0.000667830987367779,2.2697820895700715e-05,-0.0005025980062782764,-0.0009064367040991783,-0.0020995314698666334,0.0011001310776919127,0.0005523446016013622,0.0012045720359310508,-0.000921293452847749,0.00011131176142953336,-0.00015852956857997924,-0.00046982127241790295,-6.936310091987252e-05,0.0004143230617046356,0.001367700519040227,0.0004081589577253908,0.0010209366446360946,-0.0002852756006177515,0.0001702071022009477,-0.000360525882570073,-0.0015917379641905427,-0.0014023451367393136,-0.0010557457571849227,0.00020303858036641032,-0.0008031292236410081,5.6502773077227175e-05,-7.198649836936966e-05,-0.00042606660281307995,-0.0004053813754580915,0.00031739944824948907,0.0020515823271125555,0.00035313921398483217,7.737464329693466e-05,0.0016539401840418577,-0.0010307227494195104
dose16k_A_s2,00103.png,-0.000657875498291105,-0.0017367645632475615,-0.0006563125643879175,0.001896585337817669,0.0019972508307546377,0.0008821089868433774,-0.00013910816051065922,0.0006037524435669184,-0.00039058097172528505,-0.0002454878995195031,-0.0011090023908764124,0.000553143850993365,0.00021046258916612715,-0.0009352729539386928,-0.0007809731177985668,-0.00036310861469246447,0.00022392458049580455,3.548296808730811e-05,-0.0009740808163769543,0.0009376411908306181,4.15804170188494e-05,-0.0015667728148400784,-0.0008568486664444208,-0.0006943903863430023,-0.000586418027523905,0.0011956874513998628,-0.0017966082086786628,-0.0003540330217219889,-0.000935318530537188,0.0006681055529043078,0.000905178370885551,0.0022657800000160933,0.0014052201295271516,0.00018995410937350243,-0.00037963176146149635
dose16k_A_s2,00104.png,-0.000445849378593266,0.0019703006837517023,-0.0006266036652959883,-0.0003848790656775236,0.00026890001026913524,-0.0011316551826894283,-0.0007382258772850037,0.00031052675331011415,0.0009884072933346033,0.00034875757410191,-0.00017332042625639588,-0.001544875674881041,-0.0010487680556252599,0.0016933184815570712,0.001487446017563343,0.00034222088288515806,0.0007670307531952858,-0.0005256392760202289,-0.0014034523628652096,-0.0023795445449650288,-0.0002739194897003472,-0.0006125864456407726,0.0008897367515601218,0.0005633169785141945,-0.0005483276909217238,0.00047977667418308556,-0.0004406203515827656,-0.00039403472328558564,0.0005759266787208617,-6.874654354760423e-05,0.0007820320897735655,5.469010829983745e-06,-5.8583871577866375e-05,0.0015467943158000708,0.001582864671945572
dose16k_A_s2,00105.png,0.0008115259115584195,0.0008656854624859989,0.0010951810982078314,0.0018530628876760602,0.0025827575009316206,-0.0009546902729198337,0.0015808658208698034,-0.0012366905575618148,0.0008389378781430423,0.0007586933788843453,-4.7078123316168785e-05,0.00017635166295804083,-0.00042506030877120793,-5.876475916011259e-05,3.4843760658986866e-05,-0.0001983561523957178,0.001447185524739325,0.0011866400018334389,0.001307247905060649,-0.00014605514297727495,-0.0009453595848754048,0.0009256931371055543,-0.0006643992965109646,0.0007612196495756507,0.0012176487362012267,6.461834800575161e-06,0.000907912093680352,-0.0003082603507209569,0.00018028543854597956,0.0016765785403549671,-0.00025918896426446736,-0.0002246157528134063,6.636716716457158e-05,-0.000379345117835328,0.00012053470709361136
dose16k_A_s2,00106.png,-0.0002919304824899882,0.00013452557323034853,0.00030201245681382716,0.0014050141908228397,0.001329627470113337,0.0008909431053325534,0.0017199976136907935,0.00048548346967436373,0.0011121564311906695,-0.0007137080538086593,-0.0006417838740162551,0.0008653964032419026,-0.0003693498147185892,-0.0005325563251972198,0.0016950401477515697,-8.70141593622975e-06,0.0009302749531343579,-0.0014774345327168703,-0.000724964716937393,0.00036673087743110955,0.0011993293883278966,0.0006033616955392063,-0.0022068824619054794,0.0007156258216127753,0.0016202646074816585,-5.2937066357117146e-05,-0.000772732135374099,7.897991599747911e-05,-0.00022524877567775548,0.00098686502315104,-0.00014301823102869093,-0.000421855685999617,-0.0012113077100366354,-0.00089166039833799,-0.0008392789168283343
dose16k_A_s2,00107.png,-0.0006191328866407275,4.543391696643084e-05,-9.754808706929907e-05,-0.0008063556160777807,-0.0008521490381099284,-0.0010378615697845817,0.0004652727220673114,0.0009323291014879942,0.0001535214832983911,-1.7625625332584605e-05,0.000396120420191437,0.0009857118129730225,-0.000267683994024992,-0.000708182982634753,-0.002310836920514703,0.00013535235484596342,0.0008282384951598942,-0.0004928561975248158,-0.0012581604532897472,0.0005739685730077326,0.0015659312484785914,-0.0013779125874862075,-0.0002828461292665452,-0.00013715788372792304,0.0012630459386855364,-0.00015050142246764153,-0.0005614673136733472,0.0012250515865162015,-0.0010182474507018924,0.00022352168161887676,-0.0009119138121604919,0.0003077687870245427,-6.90676606609486e-05,0.0005070406477898359,-0.0008978904224932194
dose16k_A_s2,00108.png,-0.0002769932325463742,-0.0006157983443699777,-0.0008526795427314937,-0.00026147798052988946,0.0008627455099485815,-0.0009437372791580856,-4.170985266682692e-05,-0.0009617556352168322,-0.00014138959522824734,-0.0008587384945712984,0.0005195116391405463,-0.0005025968421250582,-0.0001599767419975251,-0.000481486989883706,-0.0009947889484465122,0.0016125596594065428,0.0007130137528292835,0.0003302736731711775,0.00025419043959118426,-0.00012231232540216297,-0.000541621120646596,0.0006302184774540365,0.00041249673813581467,-0.0009367839084006846,0.0005440411623567343,0.0003808095643762499,-0.0015235053142532706,0.00019276552484370768,0.0003572185232769698,-0.00044153121416457,-0.00206832611002028,-0.0008406876586377621,0.0005284564103931189,0.0004883005167357624,0.0009825461311265826
dose16k_A_s2,00109.png,-0.0012101910542696714,-0.001490526832640171,-0.0014433173928409815,0.002164787147194147,0.0025171053130179644,0.00031082541681826115,0.0007650491897948086,0.0002594817487988621,0.00016163176042027771,-0.0005869598244316876,-0.0006719256634823978,-0.0006128775421530008,0.0004192542692180723,0.00024329271400347352,0.0005367500125430524,0.00047239341074600816,0.0007302798330783844,-0.0001233492948813364,0.0007762669119983912,0.0005492863710969687,0.0003143911890219897,-0.0008302877540700138,-0.000692704867105931,0.0002730208507273346,0.0005374578759074211,0.0007901389035396278,0.0003857914125546813,0.001202925806865096,-0.0008039498352445662,0.00021612671844195575,0.0014821212971583009,-0.000746975070796907,9.203324589179829e-05,0.001307590981014073,0.0009575518197380006
dose16k_A_s2,00110.png,0.001238867174834013,0.0019070717971771955,0.00010213930363534018,0.0006513760890811682,0.0022709209006279707,-0.0005135289975441992,0.001077324734069407,0.002652388997375965,0.0009669132414273918,-0.0004201458068564534,0.001275966758839786,0.0006016305997036397,-0.0003381343849468976,0.001407864154316485,0.0009742714464664459,-0.0008391786250285804,0.0011700837640091777,-0.0005181198939681053,0.001027628662995994,-0.00024034221132751554,-0.000629806483630091,-0.0017598432023078203,0.0014505237340927124,-0.00030626304214820266,-0.0006684297113679349,-0.0016057983739301562,0.0006448245258070529,-0.00038540008245036006,-0.0006827429751865566,-5.661352406605147e-05,-0.0004555318446364254,-0.0021372982300817966,-0.0001615262299310416,0.0009620607597753406,0.0007099208887666464
dose16k_A_s2,00111.png,-0.0006114163552410901,-0.0015192660503089428,-0.00011507660383358598,-3.628150807344355e-05,-0.00014158952399156988,0.0006380199920386076,0.001771740848198533,0.0005121904541738331,0.0001904295349959284,-0.0006384783191606402,0.0006455321563407779,0.0011665684869512916,-0.0010943416273221374,-0.0007737210835330188,-0.0007264996529556811,0.00037714795325882733,-0.0007021178607828915,0.0010198281379416585,-0.0015490659279748797,0.0018442922737449408,-0.0006855767569504678,0.0011841491796076298,-0.00026045681443065405,-0.0005826132255606353,-0.0004699182172771543,0.00019118330965284258,0.00038528608274646103,-0.0008406538981944323,-0.0008268024539574981,0.0006501962780021131,0.0022590935695916414,-0.00033062597503885627,-0.0009042965248227119,0.000669269182253629,-0.0012992662377655506
dose16k_A_s2,00112.png,7.402457413263619e-05,-0.00042984363972209394,0.00018265779362991452,-0.0008300570189021528,-0.0008476162911392748,0.0006464517209678888,0.0001275263202842325,-0.001382055808790028,0.0011113958898931742,0.000768506433814764,-0.0011312402784824371,-0.000740250397939235,-0.0005770063144154847,0.0005770636489614844,0.0008852541213855147,-0.0010574430925771594,-0.000743724056519568,0.00014680583262816072,-0.0002071572234854102,-0.00035160270635969937,0.001021618372760713,-0.0007024617516435683,-0.0010264419252052903,-0.0001923069212352857,0.0017818608321249485,-0.0006676032207906246,-0.0004618697857949883,0.00034649562439881265,0.00017651697271503508,0.00021750808809883893,0.0006759996758773923,-8.827937563182786e-05,0.0006671585142612457,0.0009474064572714269,0.00035614444641396403
dose16k_A_s2,00113.png,0.0006453121895901859,0.00046866387128829956,0.0014556803507730365,-0.002046766225248575,0.0004874262085650116,0.0001406294177286327,-0.0003375473606865853,0.0004293479723855853,0.0006926459609530866,-0.0006980517064221203,-0.0008826956618577242,0.00043918637675233185,-0.0012532580876722932,0.000191203216672875,0.0001426272647222504,0.0008184221806004643,8.140875434037298e-05,-0.0003835785901173949,-0.0011446319986134768,-0.0002836464555002749,0.0003532501868903637,-0.0015573722776025534,0.0008520417031832039,0.00023315992439165711,-0.0007324142497964203,0.0010369149968028069,0.0003857195551972836,0.00010702393774408847,0.0009632341680116951,-0.00035911332815885544,-0.00022982682276051491,0.0008689477690495551,-0.0008391685551032424,0.0005864798440597951,-0.000437383190728724
dose16k_A_s2,00114.png,-0.0014290467370301485,-0.001137946848757565,-0.001039542374201119,-0.002028814982622862,0.0010345232440158725,-0.000423981313360855,7.595174247398973e-05,-0.0008166513871401548,-4.954735231876839e-06,-0.0007793346303515136,-0.00044628980685956776,2.3740472897770815e-05,0.0007250646594911814,-0.0008919044048525393,-0.0007963462849147618,0.0006859092391096056,-0.0009315059287473559,0.0008538225083611906,-0.0018750560702756047,0.0006218848866410553,0.000721166143193841,2.8445942007238045e-05,-0.0007045955862849951,-0.000497120781801641,-0.0004792918043676764,0.0014062615809962153,-0.0005727377720177174,-0.0013356495182961226,0.000871451513376087,-0.000604316359385848,-0.001084331190213561,0.0006285384297370911,-0.0005520908161997795,0.0006415235693566501,-0.00037327385507524014
dose16k_A_s2,00115.png,0.0003751285548787564,-7.566792191937566e-05,-1.5354609104178962e-06,0.001414179801940918,-1.6185045751626603e-05,0.0006869965582154691,-0.00020863726967945695,0.0009882065933197737,-0.000301633175695315,0.000748534977901727,0.0009762467816472054,0.0001332825777353719,-0.000986615545116365,0.0008131564827635884,-0.0003196973993908614,0.0008536644163541496,-0.00046667217975482345,-0.001024568802677095,0.001069762627594173,0.0009323851554654539,-0.0014120310079306364,-0.001260515651665628,0.0002816113119479269,0.0010120158549398184,-0.0008299007313326001,0.0010320354485884309,-0.0012445723405107856,-0.000524151255376637,0.0007585514686070383,-8.982954022940248e-05,0.00017962235142476857,-0.0005711123812943697,-0.0007400160538963974,-0.0014387108385562897,0.000355391064658761
dose16k_A_s2,00120.png,0.0015589527320116758,0.0016020414186641574,0.00047718751011416316,-0.0006536046275869012,-0.0007139540975913405,0.0002973148366436362,0.0009938591392710805,0.0006693140603601933,0.0013902910286560655,-0.00037564459489658475,-0.0008040755637921393,8.497562521370128e-05,-0.0017457985086366534,-0.0013090817956253886,-0.00043831387301906943,-0.0004217719251755625,0.0004569123266264796,-0.0006269873701967299,3.3486772736068815e-05,0.000707652885466814,0.0009024609462358057,0.0019360702717676759,0.0008735543233342469,-0.00021374475909397006,0.0010345295304432511,-0.0014038870576769114,-0.0003856283728964627,0.0005175420665182173,0.0004852653946727514,-0.0006253865431062877,0.001864938298240304,0.0007344690384343266,-4.7251534851966426e-05,-0.0007439605542458594,-0.0006220049690455198
dose16k_A_s2,00121.png,-0.00010659461986506358,0.0002461169788148254,0.00046353816287592053,0.00042752776062116027,0.0002892439952120185,-0.0004038057231809944,0.0004474050074350089,0.0004403496568556875,-5.8121400797972456e-05,0.0003242194652557373,0.002486413111910224,0.00034122500801458955,-0.0015952306566759944,4.092320887139067e-05,0.001659772009588778,-0.0009380515548400581,-0.0008175097755156457,0.0003341815317980945,-0.0005225572385825217,-0.001454139593988657,-0.0007631718763150275,4.781430106959306e-05,-0.0009539505699649453,-0.000704872771166265,0.0006264187395572662,0.0013195936335250735,-0.0006225669640116394,0.0003429217031225562,0.00017043398111127317,0.000313733791699633,0.0009505478665232658,-0.0005692366394214332,-8.106946916086599e-05,-0.0012452228693291545,-0.0005812881863676012
dose16k_A_s2,00122.png,-0.0004631746851373464,-0.00012353304191492498,0.00018192140851169825,-0.0011566103203222156,-0.0012157335877418518,0.0005184513865970075,-0.0013176865177229047,9.345185389975086e-05,-0.00017903716070577502,0.0013341119047254324,-0.0008144776220433414,0.0006881264271214604,0.00014097488019615412,-0.0009036153205670416,-0.0006459801224991679,-0.0005634232657030225,-0.0008780795615166426,8.281008194899186e-05,-0.0011537392856553197,0.0006440270808525383,0.0006152588757686317,-0.0006306538707576692,-0.0004977274802513421,0.000593057309743017,0.00023343207431025803,0.0007372588734142482,3.345632285345346e-05,-0.00021888251649215817,0.0019348696805536747,-0.0006453897804021835,0.0006006439216434956,0.0009554485441185534,-0.0013467068783938885,0.000502325186971575,-0.0007219480467028916
dose16k_A_s2,00123.png,-0.0007498503546230495,-0.00019762464216910303,7.121683438526816e-07,-0.00033023953437805176,-0.001641538692638278,-0.0001960509252967313,-0.0007465484668500721,-9.669352039054502e-06,0.0002086898311972618,0.001436601160094142,0.001077744527719915,0.0005991288344375789,-0.0005210559465922415,-0.0010586008429527283,-0.0010768665233626962,0.000744835939258337,0.0006811520433984697,0.0018721574451774359,-0.0018884723540395498,0.00018180841288994998,-0.0013736821711063385,-0.0014310203259810805,0.0010337191633880138,0.0005006821011193097,-0.0013726180186495185,-0.00011558377445908263,0.0010435472941026092,-0.00027841448900289834,-0.000951046880800277,0.00013085057435091585,-0.0006704714614897966,0.0007867413223721087,0.0013486914103850722,-0.0013390214880928397,-0.0017104841535910964
dose16k_A_s2,00116.png,-0.00031149291316978633,0.000726732425391674,-0.0014310837723314762,0.0003685843257699162,0.0006112910923548043,0.000978355761617422,-0.0005063693388365209,-0.0005975542590022087,-0.0006129486137069762,-0.0003620809584390372,0.0004989058943465352,-0.00029176505631767213,-0.0012303846888244152,-0.0018838122487068176,0.001009200932458043,-0.00036639749305322766,-0.0009150926489382982,0.001562584424391389,0.00042896115337498486,0.0007842317572794855,-0.0005769141716882586,-0.0008067869348451495,-0.0004194264183752239,-0.0010390380630269647,-0.0003358073881827295,0.00032858585473150015,-0.0008864279370754957,-0.0002018226368818432,-0.001174537930637598,-0.0005395128973759711,-0.0009074045228771865,-0.00011628340871538967,0.00029330619145184755,-0.0002575744001660496,0.0014090773183852434
dose16k_A_s2,00117.png,-7.356979767791927e-05,-0.00026461060042493045,-0.0017693780828267336,0.0012085223570466042,0.0019648647867143154,0.0009641035576350987,-0.0006106245564296842,-0.0001432345889043063,0.0007102296222001314,-0.0012315717758610845,-0.00014915353676769882,0.0004391057009343058,0.0007925651734694839,-0.0017783495131880045,2.1645282686222345e-05,5.736585080740042e-06,0.0008612199453637004,-0.0001514767500339076,-0.0003784713626373559,-0.0021665666718035936,0.0008043086854740977,-0.00017041359387803823,0.0015130849787965417,-0.0005878505762666464,-0.0013815420679748058,-0.0006323077832348645,-0.0011770639102905989,0.0004873534489888698,0.0007834444986656308,0.00018607272068038583,0.0014191557420417666,-0.00024045008467510343,0.00048649555537849665,1.732104465190787e-05,-0.0018848545150831342
dose16k_A_s2,00118.png,0.00017029223090503365,0.0015843654982745647,0.0002578347048256546,0.00032714579720050097,-0.0003538029850460589,-0.0006470117950811982,0.00040293377242051065,-0.00015096597780939192,0.0007581839454360306,0.0005964458105154335,-0.0002533221268095076,-0.0005603808676823974,-0.0007312871748581529,-0.0004933084128424525,0.0009198461775667965,-0.0007958309724926949,-0.00011372027802281082,-0.00047988787991926074,-0.00014412641758099198,-6.913152174092829e-05,0.000569990137591958,-0.0008509833132848144,0.0007189491298049688,0.00023389264242723584,-0.0005331350257620215,-0.0003444114699959755,-0.0013915657764300704,-0.0004950358998030424,0.0008304462535306811,-0.0004982206737622619,-0.000543627655133605,0.0010488779516890645,0.00044775177957490087,-0.0005093586514703929,-0.0019430776592344046
dose16k_A_s2,00119.png,0.0010423973435536027,0.0023615455720573664,-0.0005278045427985489,0.0020235010888427496,0.0018888755002990365,0.0004437798052094877,-0.0004162257246207446,-0.0010580410016700625,-3.533172275638208e-05,-0.00042579558794386685,0.00023090864124242216,0.0012105099158361554,0.0007900218479335308,-0.0006452115485444665,-0.0009690130827948451,0.00023684301413595676,0.0004006604431197047,0.000780093134380877,-0.00012319751840550452,0.0006056628189980984,-0.0010737610282376409,0.0004349888185970485,0.0003571002453099936,0.00028145729447714984,-0.0008132106740958989,7.946889672894031e-05,0.0005979488487355411,-0.0022611627355217934,-0.0015452407533302903,-9.733549086377025e-05,-0.0004713574599009007,-0.0009830145863816142,-4.7634261136408895e-05,0.0002242097252747044,0.0009530448587611318
dose16k_A_s2,00124.png,-2.4648101316415705e-05,-0.0007168535958044231,-0.00028510301490314305,-0.003722116118296981,-0.0034652985632419586,0.0006000996218062937,1.3574452168541029e-05,0.000781131733674556,0.0013001993065699935,0.000520171714015305,0.0006542343180626631,-0.0001344036281807348,-0.0005784989916719496,-0.0005253631970845163,-0.0008510933839716017,0.0002907239831984043,-0.0012861298164352775,0.0010291440412402153,0.002049605594947934,0.0002251878468086943,0.00019936334865633398,0.0011224434711039066,-0.00028062128694728017,0.0028331601060926914,-0.0002294627920491621,0.0008859332301653922,-0.0013274906668812037,-0.0011141395661979914,-0.0014880892122164369,0.0007489657145924866,-0.00015392347995657474,-0.0006025566253811121,-0.00022714266378898174,0.0005054704379290342,-0.00045681389747187495
dose16k_A_s2,00125.png,-0.0007604912971146405,-0.00011528322647791356,-0.0010224751895293593,-0.00048247078666463494,0.0007764482288621366,0.0018200093181803823,-9.9624739959836e-05,-0.00032523227855563164,0.00012930488446727395,0.001013199333101511,-0.00017253261466976255,-0.0012445623287931085,0.00020757985475938767,-0.0012679814826697111,-0.00041894460446201265,0.0008979502017609775,-0.0011307612294331193,5.16774452989921e-05,0.001619077054783702,-3.2483101676916704e-05,0.0006987944361753762,0.001357072964310646,-0.0012775944778695703,0.0003313710039947182,-0.0010443237842991948,-0.0012452759547159076,7.933432789286599e-05,0.0005288181710056961,0.0003158760955557227,0.0010917708277702332,0.001159073319286108,-0.002276170300319791,-0.0006379452534019947,-2.216787288489286e-05,0.00020921751274727285
dose16k_A_s2,00126.png,-7.068113336572424e-05,0.0002370773727307096,0.001305852667428553,0.0003186478861607611,-0.0016644910210743546,-0.0007591808680444956,-0.0003047422505915165,0.00025675876531749964,-0.0006938909064047039,-1.4229375665308908e-05,-0.0007570901070721447,0.0004747387720271945,-4.289779099053703e-05,0.0006826269091106951,-0.00039825408020988107,-0.0004478209593798965,0.0015454048989340663,-0.0014822481898590922,-0.0010301697766408324,0.0002310432173544541,0.0006502514588646591,0.00032393846777267754,0.0005539595731534064,-0.0014069582102820277,-0.0008181180455721915,0.000421721808379516,-0.00016023645002860576,-0.00022773383534513414,-0.00030506987241096795,0.0006731518660672009,4.9377606046618894e-05,-1.8446036847308278e-05,0.001281650154851377,-0.0012231295695528388,0.0008933764765970409
dose16k_A_s2,00127.png,-0.0012890814105048776,-0.0020774132572114468,0.00021130913228262216,0.002224209252744913,0.0005842933896929026,-0.000855472928378731,0.0006280842353589833,-0.0005674588610418141,0.0007352651446126401,-0.0015698781935498118,0.0005748366820625961,9.649237472331151e-05,-0.0008493719506077468,0.0005226978682912886,-0.0007902251090854406,-0.001455368590541184,0.001781832310371101,0.0016540740616619587,-0.0020054595079272985,0.0004622470587491989,0.0010165954008698463,-0.00025027073570527136,-0.001359041896648705,0.0013241824926808476,-0.00023271334066521376,-0.0007963919197209179,0.00012159583275206387,-6.34677053312771e-05,-0.0007814909913577139,0.00048129475908353925,0.0008852522587403655,-0.0018503876635804772,-0.0007368057267740369,0.0013137833448126912,-0.0010099346982315183
dose16k_A_s2,00128.png,0.001926042721606791,0.0009956827852874994,-0.0006852980004623532,0.001314740744419396,0.001447638962417841,-0.0005433664191514254,-5.9825917560374364e-05,-1.9988641724921763e-05,-0.00029173761140555143,-0.0007310020155273378,-0.00028591882437467575,-0.0010473212460055947,0.001148076495155692,-8.966097084339708e-05,0.000568378483876586,0.0021232531871646643,0.0004660900158341974,0.0008394520846195519,-0.0001337384746875614,0.0011744876392185688,0.0003123805799987167,0.0014928510645404458,-0.0008329633856192231,0.0005840145749971271,-9.051743290910963e-06,0.00031968054827302694,0.0010228747269138694,0.0013447480741888285,-0.0005629938095808029,0.002002561232075095,4.719095159089193e-05,-0.00016907024837564677,-0.0003710794262588024,-0.0008030577446334064,0.00045366541598923504
dose16k_A_s2,00129.png,8.720088953850791e-05,0.0011433627223595977,0.0010002973722293973,0.0009257898782379925,0.0008450397872366011,0.00024163776834029704,-0.0005951859056949615,0.0008506177691742778,0.0008787264232523739,0.000561447290237993,0.0010305417235940695,0.00010109324648510665,0.0012943167239427567,0.0003624529344961047,-0.0006258892244659364,0.00039424654096364975,-0.00043929318781010807,0.000575830927118659,-0.0005497911479324102,0.0003247330605518073,0.000441797892563045,-0.0006624279776588082,0.0009266394190490246,0.0008592914091423154,-0.00218551536090672,-0.0003754284407477826,-0.00042131610098294914,-0.00091352075105533,0.0015765991993248463,0.0006145411171019077,0.0003571668639779091,-0.00024859653785824776,-0.0012801454868167639,0.00031732433126308024,-0.000882136810105294
dose16k_A_s2,00130.png,-0.00041476942715235054,0.0006149077089503407,0.0013486735988408327,-0.002208433812484145,-0.0011728721437975764,-0.0005537201650440693,-0.0005743399960920215,-0.0004730095970444381,-0.0007615212816745043,3.49355505022686e-05,-0.000715988629963249,-0.0014019875088706613,-2.2081745555624366e-05,0.0002352803130634129,1.404710360475292e-06,-0.0006121824262663722,0.0006436883704736829,-0.0016003343043848872,-4.5774020691169426e-05,-0.001129203476011753,0.0008429241133853793,-0.0015918207354843616,0.000791839265730232,-0.00036089279456064105,-0.0004354960401542485,-0.0007315037655644119,-1.3449215657601599e-05,0.0018093434628099203,-0.0005626699421554804,-9.582549682818353e-05,0.0014449115842580795,0.0018582373159006238,-0.000849330157507211,0.0019801005255430937,0.00034608045825734735
dose16k_A_s2,00131.png,-0.0005759115447290242,0.0002694023714866489,-0.00035109263262711465,0.0008949831244535744,0.0007787374197505414,0.0017491379985585809,0.00031461185426451266,-0.00030647942912764847,-0.00015179981710389256,-0.0005653938860632479,0.0008349746349267662,0.0004989441949874163,-0.0004525438416749239,0.0009890329092741013,-0.0018153255805373192,0.000839118380099535,-0.0008563619339838624,-0.0005116945831105113,-0.0014119273982942104,-0.0010284793097525835,0.0008362182416021824,0.0003926098579540849,-0.0015144600765779614,-0.0009233435266651213,-0.00012854502710979432,-0.0004931187722831964,-0.00023879221407696605,0.0006029233336448669,0.001698411419056356,-0.00030717664049007,-0.0001994968333747238,0.0003194583987351507,-5.8128869568463415e-05,-0.0002532158687245101,0.001030981307849288
dose16k_A_s2,00132.png,-0.001176711288280785,0.00018329783051740378,-0.0008423240506090224,0.0014816533075645566,-0.0002004943962674588,-0.00046328952885232866,0.00011603685561567545,-0.0007208255119621754,0.000823277048766613,-0.0013635995564982295,-0.0009774380596354604,-0.0006999417091719806,-0.0012249307474121451,0.00015593208081554621,0.0005014974158257246,0.0010788154322654009,-0.0002880723914131522,-0.0007361462921835482,0.0011739807669073343,0.00038696208503097296,-0.0003260660159867257,0.0012425860622897744,-0.00020093884086236358,-0.0001439201587345451,0.00074250518810004,0.0007912296568974853,-0.0003294767520856112,-0.0008695918368175626,0.00018573911802377552,-0.0005680198664776981,0.0002352536394027993,-0.0003726304566953331,0.00022512456052936614,-0.0015634763985872269,-0.0004932558513246477
dose16k_A_s2,00133.png,0.001657842192798853,0.0020721934270113707,-5.6485274399165064e-05,-0.0015144792851060629,-0.00042016588849946856,0.0007964673568494618,-0.0004139134252909571,-0.0011913810158148408,0.0007332876557484269,-0.001102385693229735,-0.0011292853159829974,-0.0003647464036475867,0.0010173488408327103,-0.0003982057678513229,0.00045810744632035494,-0.0003067930229008198,-0.0005614958936348557,-0.0005942477146163583,-7.746096525806934e-05,0.002638355130329728,-0.0004094495961908251,-0.0013179532252252102,0.0013622818514704704,-0.0002477392554283142,-0.00036130231455899775,-0.0007860281621105969,-0.00011465500574558973,0.00016121892258524895,-0.0005732291610911489,-0.00022515837918035686,0.0004975671763531864,0.0005651284591294825,0.00011714303400367498,-0.0019036431331187487,0.001485163695178926
dose16k_A_s2,00134.png,-0.0005517362733371556,-0.0006173558649607003,0.0009825564920902252,-0.0007863912032917142,-0.0014536670641973615,-0.00015888310736045241,0.0008289989782497287,0.0016204811399802566,0.00025130496942438185,-0.00028244807617738843,0.000697132374625653,0.0022145251277834177,0.00044857774628326297,-0.0011414068285375834,0.00024535474949516356,-0.0005856049829162657,0.0003562751808203757,0.001299093710258603,7.885267405072227e-05,-0.0014621204463765025,0.001011506887152791,7.320117219933309e-06,0.0014444699045270681,-0.0008453332120552659,2.2022850316716358e-05,-0.0006242545205168426,0.0016015121946111321,4.253389852237888e-05,-0.0007201366825029254,-6.834507075836882e-05,0.0012677507475018501,-0.0012560533359646797,-4.182780685368925e-05,-0.0008350324933417141,0.0003184377565048635
dose16k_A_s2,00135.png,0.00030619665631093085,0.002490582875907421,0.0006259420188143849,-0.0009245385881513357,-0.0008173300884664059,0.0009224237292073667,0.0016828376101329923,0.00025707887834869325,0.0006377401296049356,0.0005469495081342757,-0.0001825091749196872,0.0011289571411907673,0.0007724608876742423,-0.00024385355936829,-0.0002922639832831919,0.00045483032590709627,-0.0004969260771758854,0.0011015048949047923,-8.477139635942876e-05,-0.00034204544499516487,0.000347965833498165,0.0005751572316512465,0.0015921329613775015,0.00019977502233814448,0.0014188146451488137,0.00043464728514663875,-0.0006336455116979778,0.0014999040868133307,0.00024006955209188163,9.17265861062333e-05,0.0011122752912342548,-0.00010220031981589273,0.002495231805369258,0.0007936044130474329,0.00016506238898728043
dose16k_A_s2,00136.png,-0.000420404045144096,-0.0019336603581905365,0.0003459965228103101,3.858801210299134e-05,0.0011180618312209845,-0.0002737311879172921,4.9888232751982287e-05,-6.203196244314313e-05,-0.0009300992824137211,-0.00183944683521986,0.0009029117645695806,0.001077391323633492,0.00014300290786195546,0.00031457538716495037,-0.001185538712888956,-0.00044964696280658245,-2.752629188762512e-05,-0.0009324396960437298,0.0008811067673377693,0.00019521400099620223,0.001079424051567912,-0.0007133237086236477,0.0006210810388438404,0.00016374950064346194,0.0009402378345839679,-0.000289029412670061,-0.00021241298236418515,0.0010262362193316221,-0.0018487939378246665,0.0009209199924953282,-0.0005219907616265118,0.00042600833694450557,0.0012208321131765842,0.0008200159063562751,0.0006001446163281798
dose16k_A_s2,00137.png,-0.0007019967888481915,-0.0013763868482783437,0.0007368975202552974,-0.003073090920224786,0.00035350685357116163,-8.010459714569151e-05,-0.0010485812090337276,0.0019047954119741917,0.00043260795064270496,-0.0010594940977171063,-0.0007464027148671448,-0.00024177426530513912,0.0005922504933550954,-0.0012664858950302005,0.0019082982325926423,0.0009623584919609129,-0.0006844549207016826,0.001551806810311973,0.0011041720863431692,0.0009306850261054933,-0.00020783724903594702,-0.00038154321373440325,0.0015756136272102594,0.0008312026620842516,0.0012084979098290205,-6.875435792608187e-05,0.0016194413183256984,-0.00010879983165068552,-0.0015733736800029874,0.0012260123621672392,-0.00010406607907498255,0.0012624457012861967,-0.00025273067876696587,-0.0022740005515515804,0.00027308822609484196
dose16k_A_s2,00138.png,0.00020144728478044271,0.0004171765176579356,-0.0016632915940135717,-0.002586842980235815,-0.00033658300526440144,-0.0009768124436959624,-0.00015054478717502207,-0.0009383180295117199,4.488438935368322e-05,0.00024109944934025407,-0.001100105233490467,0.0009570663678459823,-0.00029040826484560966,-0.0003491092356853187,-0.0008079667459242046,-0.0012122441548854113,-0.0010806549107655883,5.869279630132951e-05,-0.0010809769155457616,-0.0017548833275213838,0.00036062143044546247,-0.00047632624045945704,0.000850087555591017,-0.000614874588791281,0.00033920214627869427,0.0010041920468211174,-0.0015582727501168847,-0.0010170834138989449,0.0006467459606938064,0.0010317617561668158,-0.0016578836366534233,-0.001234313938766718,-0.000398617354221642,-0.000526919262483716,9.631280408939347e-05
dose16k_A_s2,00139.png,0.001001507742330432,0.0014265200588852167,-0.0003083743795286864,-0.0006547709926962852,0.0019496764289215207,-0.0002776502806227654,-0.00020572262292262167,7.550172449555248e-05,0.0008259592577815056,-0.0003902119642589241,0.0017307351808995008,-0.0018209697445854545,0.00036192216794006526,-0.0010251192143186927,0.0008515049121342599,0.0011333965230733156,0.0003759789397008717,0.0006571045378223062,5.7456883951090276e-05,0.00031991765717975795,-0.00019700867414940149,-0.0005808837595395744,0.0018140060128644109,-0.0006939457962289453,0.001907154219225049,0.0004884326481260359,0.00011938656825805083,-0.0009069282095879316,-4.094496944162529e-06,0.001494147232733667,0.0005661481991410255,-0.0007409644895233214,-0.0001515860203653574,-0.001525432919152081,-0.00023358032922260463
dose16k_A_s2,00144.png,0.0005284564686007798,-0.0007328733336180449,0.0013343342579901218,0.0004770907398778945,-0.0019837517756968737,0.001840121578425169,0.001418689382262528,-0.00019219366367906332,0.002090929774567485,0.0003843158483505249,0.0004368436348158866,-0.0006722743273712695,-0.0002477803500369191,0.0012608267134055495,0.001077807741239667,0.00016977233462966979,-0.0009374343208037317,-0.0012141700135543942,0.00012435539974831045,0.0007157601066865027,-0.0009116383735090494,0.0009516050340607762,-0.0017969987820833921,0.0001921804214362055,0.002801132621243596,0.00011936476221308112,-0.00045272684656083584,-0.0007141813402995467,-0.0011878198711201549,-0.002797344233840704,0.0015943067846819758,-0.0010620116954669356,-0.0014456185745075345,0.0008079904364421964,0.0008766790269874036
dose16k_A_s2,00145.png,7.080059731379151e-05,0.001107734045945108,-2.7457994292490184e-05,0.0001137959334300831,-0.001438233070075512,0.0018929986981675029,-0.00041871622670441866,0.0015553489793092012,-0.0006615644670091569,-0.0006333657074719667,0.0013402611948549747,0.0010473374277353287,0.0007576220668852329,-0.0005514355143532157,0.0002954711962956935,0.0012373961508274078,-0.00046254563494585454,0.00204733619466424,0.0016161476960405707,-6.232190207811072e-05,-0.0008130690548568964,-0.0007589553715661168,0.0003041266172658652,0.0017279618186876178,0.0017241950845345855,0.0002623680338729173,-0.0002171766827814281,0.002098132623359561,-0.0001886843965621665,-0.00047335372073575854,4.848335811402649e-05,-0.0006428853375837207,-0.0019529672572389245,-0.0007471618591807783,-0.0005131153156980872
dose16k_A_s2,00146.png,0.00011587639892240986,-0.0006891950033605099,6.066777859814465e-05,-1.2495498594944365e-05,-0.0009911111555993557,-0.0013243758585304022,0.0004775090201292187,-0.0006390382768586278,0.0008239762391895056,0.0010891210986301303,0.002285598311573267,0.00010137601930182427,0.00044485548278316855,-0.000256803585216403,-1.9325720131746493e-05,0.0007895581657066941,-0.00035215640673413873,-0.0003705586714204401,0.0004503281961660832,0.00014142482541501522,-0.0006380676641128957,0.0005743562942370772,0.00018685797112993896,-8.222117321565747e-05,-0.00018700082728173584,-0.00024154844868462533,-0.0011445648269727826,-0.0002165622281609103,-0.00023321861226577312,-0.0011810704600065947,-2.2771444491809234e-05,0.00041030277498066425,-0.0008563325391151011,2.8235830541234463e-05,-0.0015193154104053974
dose16k_A_s2,00147.png,-1.154100573330652e-05,0.0005176406120881438,0.0003338773094583303,0.00044792843982577324,-0.002699836390092969,-0.0003083793562836945,0.00039869503234513104,0.0004529588622972369,-0.0006782488198950887,-0.0004821601032745093,-0.00033980709849856794,0.0004867147945333272,0.0004128201398998499,-0.00036173101398162544,-0.001365023315884173,0.0005963172880001366,0.00012980931205675006,-0.0010825254721567035,0.00021567604562733322,-0.0005565180326811969,-0.001650115824304521,0.0011951630003750324,-0.0012351456098258495,0.0004929769784212112,-0.0007010793779045343,0.0012700791703537107,-0.0011515254154801369,-0.0005367293488234282,0.00024735546321608126,-5.794818207505159e-05,0.0005031390464864671,-9.113718260778114e-05,-0.0010415108408778906,-0.00041028583655133843,0.0003539707395248115
dose16k_A_s2,00140.png,0.0012315326603129506,0.0008324170485138893,-0.0004218430258333683,0.0013825076166540384,-0.0005705926450900733,-0.001175850979052484,-0.0011600846191868186,0.0013490073615685105,0.00018337505753152072,0.002029514405876398,0.0008257650188170373,0.0004900122294202447,0.0015347577864304185,0.0009099254384636879,0.0006229443824850023,0.0008495365036651492,-0.002117333235219121,-0.0002581559820100665,-0.0006709351437166333,0.0006149572436697781,6.595521699637175e-05,0.0007140230154618621,0.0004764273762702942,0.001310547348111868,-0.00047801778418943286,0.0005463914712890983,-0.0001292706438107416,0.0006452018860727549,0.0012270156294107437,-0.00025988934794440866,0.001247101346962154,-0.0004010135598946363,-0.0017252678517252207,0.0014746026135981083,-0.0003671421145554632
dose16k_A_s2,00141.png,0.0007955883629620075,0.0017080255784094334,-0.0004879517655353993,0.001988430041819811,0.0013926575193181634,-0.0011731355916708708,-0.0005359899369068444,-5.9056714235339314e-05,0.0007118874927982688,-0.0007065543904900551,-0.0004806299111805856,-0.0010106866247951984,-0.0021381613332778215,0.00027116487035527825,-0.00208268198184669,-0.0008725991356186569,0.0010242630960419774,-0.001520213088952005,0.0006970614776946604,0.001089491881430149,0.0004926726105622947,0.0009297384531237185,-0.0003344452998135239,0.0020878780633211136,-0.0011092127533629537,-0.0008627714705653489,-0.0013606541324406862,-3.356911474838853e-05,0.0011994908563792706,-0.00038998943637125194,0.0004073830205015838,0.0012144154170528054,-0.00129480951000005,0.0010156750213354826,-0.0002700696641113609
dose16k_A_s2,00142.png,-0.000924245803616941,-0.0021354625932872295,-9.191816934617236e-05,-0.00041358626913279295,-0.0005580967990681529,-0.00042619946179911494,0.0006863579037599266,0.000611430499702692,0.001066288212314248,0.00018937763525173068,-0.0005268955137580633,-0.0003558295138645917,0.00048027088632807136,-0.0007551268208771944,-0.0007661571144126356,-0.0008196306880563498,0.0008036406943574548,0.0013962326338514686,-0.00013621182006318122,0.0014152693329378963,-0.00032221770379692316,0.00010965803812723607,-0.0011155391111969948,-0.00029606479802168906,0.000820391287561506,0.0013773997779935598,0.000980382552370429,2.116497853421606e-05,0.0008369798306375742,-0.001261803088709712,-0.0005842096288688481,-0.00016450499242637306,-7.789846131345257e-05,0.0008153364760801196,0.000247584015596658
dose16k_A_s2,00143.png,-0.0005131402285769582,-0.0013593854382634163,0.00018849913612939417,0.0008935407968237996,-0.002150770975276828,-0.0011334994342178106,0.00015961649478413165,0.0020571243949234486,-1.3495081475412007e-05,-0.0008540402050130069,-0.00036890144110657275,-0.00040929694660007954,-0.0012767193838953972,0.0002604259643703699,-0.0018603195203468204,0.0003024207544513047,-0.0004757661954499781,-0.00090851477580145,-0.0011865660781040788,-0.0008743015350773931,0.0003202707157470286,-0.0013743855524808168,0.0009990079561248422,0.00032620676211081445,-0.0006398819386959076,0.0017287360969930887,0.0006684499676339328,-0.0008774231537245214,-0.0007484499947167933,0.0008291917620226741,-0.001811120891943574,-0.002266600960865617,-0.00017580600979272276,0.0001917303161462769,0.0006550065008923411
dose16k_A_s2,00148.png,0.00043645163532346487,6.973424751777202e-05,0.00024517596466466784,-0.0016895170556381345,0.0004148029547650367,-2.6161274945479818e-05,-0.0005509807961061597,-3.9961785660125315e-05,0.0003808210894931108,-0.0006883454625494778,0.0018493493553251028,0.00048729078844189644,0.0013357684947550297,-0.00133339106105268,0.000746597652323544,0.0004258246044628322,0.0011828127317130566,-0.0010709333000704646,-0.00039263945654965937,-0.0007763907196931541,0.000640369369648397,-5.002898979000747e-05,-0.0006293844780884683,-0.0001653708895901218,-0.0009248469141311944,-0.00027392071206122637,0.0007216351805254817,-0.0017435643821954727,-0.00021860752895008773,-0.0005527871544472873,0.0007615151116624475,-0.0013152165338397026,-3.5390694392845035e-05,-0.0005130318459123373,0.0005141149158589542
dose16k_A_s2,00149.png,-0.00026105399592779577,-0.0007379297167062759,-0.00024462660076096654,-2.7987540306639858e-05,-0.0003443651949055493,0.0010099145583808422,0.0003011165536008775,-0.0002826230484060943,6.52206945233047e-05,0.00045727440738119185,-0.00035174022195860744,0.0006181314820423722,0.0006375131197273731,-0.00037790604983456433,5.0046684918925166e-05,-0.00014013046165928245,-0.0007173695485107601,0.0006426401087082922,0.000341053499141708,-0.00015833020734135062,-9.615151611797046e-06,-0.00018158629245590419,0.00012953957775607705,0.0004764694604091346,0.0006331258337013423,0.0003547494416125119,-0.0002827113203238696,-0.0008650829549878836,0.00042524581658653915,0.0001453133882023394,-0.0001234455849044025,-0.0010489164851605892,0.001062378752976656,-0.00017098734679166228,-6.794676301069558e-05
dose16k_A_s2,00150.png,-0.0003813604125753045,-8.633238030597568e-05,0.0006256974302232265,0.001604863558895886,0.002160819014534354,-0.0001691901561571285,-0.0013791187666356564,0.0008941685082390904,0.000807490199804306,6.485459743998945e-05,0.00151189009193331,0.0005576941766776145,0.0007065735990181565,0.0020611979998648167,0.0014867763966321945,0.00117543525993824,0.0005933176726102829,0.0013397419825196266,-0.00022782525047659874,-0.00021421369456220418,0.0013325444888323545,-0.0002216305729234591,-0.001155629986897111,0.0015161579940468073,-0.00031098222825676203,0.001983756897971034,0.0002601653104647994,-0.001145550631918013,-0.0012923934264108539,0.0009634526213631034,-0.0005396477063186467,-0.00047906869440339506,0.0021414977964013815,5.2219202189007774e-05,-0.000520011642947793
dose16k_A_s2,00151.png,-0.002597215585410595,-0.0027287034317851067,-0.001012980006635189,0.0004765880003105849,0.0005289542605169117,-0.001312175067141652,-0.0012400082778185606,0.001702427165582776,-6.546873191837221e-05,0.0009006734471768141,0.0004867522802669555,0.000773514446336776,-0.000875839323271066,0.001655775704421103,0.00012371037155389786,4.8349702410632744e-05,-0.00092727952869609,-0.0007223700522445142,-0.000815263600088656,0.0012507799547165632,-0.0008098409743979573,-0.00021976116113364697,-0.0013411949621513486,-0.0002943302388302982,0.0010154537158086896,0.00026753227575682104,-0.0015586121007800102,0.00033323821844533086,0.0012718300567939878,-0.0008514901855960488,-0.00032845375244505703,-0.0009292191825807095,0.0012242478551343083,-0.0001971025631064549,-0.0009110483806580305
dose16k_A_s2,00152.png,-0.0006482622702606022,-0.0009779278188943863,-0.001173152937553823,-0.0018756012432277203,-0.0024787052534520626,-0.0012355714570730925,0.0002529042540118098,0.0009120635222643614,-0.00039347351412288845,-0.0009109333041124046,6.064606714062393e-05,-0.0012041161535307765,0.0007313827518373728,0.0008991817012429237,-0.00022623041877523065,-0.0002998938725795597,-0.0003621515934355557,-0.0008184224716387689,-0.000556288578081876,-0.0007912548026069999,-0.0008751582936383784,7.082904630806297e-06,-0.0011242657201364636,0.00036157359136268497,0.0008349048439413309,0.0016652877675369382,-4.48693499492947e-05,-0.00029340956825762987,0.0020867926068603992,-0.001484682783484459,-0.0009498708532191813,1.4293997082859278e-05,-0.0014211534289643168,-0.0005366672412492335,0.00025890718097798526
dose16k_A_s2,00153.png,-0.00029522794648073614,7.7387951023411e-05,-0.0015615039737895131,-0.0002503925934433937,0.001484507112763822,-0.0010920081986114383,-0.000636971672065556,0.0003388549666851759,-0.00042977146222256124,-0.0009334897622466087,-0.00047659542178735137,0.0007834699936211109,-0.0019215343054383993,-0.0006566367810592055,6.822156865382567e-05,-0.0004023732035420835,-1.0390003808424808e-06,0.0015372330090031028,-0.0005113169900141656,-0.00032742481562308967,-0.00024389250029344112,-0.0004353294207248837,0.00016317309928126633,-0.0009452432277612388,-0.0004466402460820973,0.0011461091926321387,0.0004518476780503988,2.340099854336586e-05,0.0002464361023157835,0.001082954346202314,0.0005811055307276547,0.00025314674712717533,-0.0004001834604423493,0.0004129662993364036,0.0003406268951948732
dose16k_A_s2,00154.png,-0.0004287495685275644,-0.0016439264873042703,0.0021036581601947546,-0.0005547067266888916,0.0004921187646687031,-0.0007544977124780416,-1.3600678357761353e-05,-0.00017267030489165336,0.0011241954052820802,2.0869181753369048e-05,-0.00031041752663441,-0.00047742834431119263,0.001720458036288619,-0.0008708133827894926,0.0004560196539387107,-0.0006839974084869027,-0.000344848696840927,-8.935596270021051e-05,0.00040316369268111885,-0.0003567015228327364,0.0009027885971590877,-0.0001228980254381895,1.7217736967722885e-05,-0.0008444877457804978,-0.00031448909430764616,0.0003470777010079473,-0.0011095140362158418,-0.00029953219927847385,0.00012764500570483506,-0.0002519815170671791,-0.0011196203995496035,0.00048071518540382385,0.0018514965195208788,-0.00018835927767213434,0.0011664170306175947
dose16k_A_s2,00155.png,-0.0003378388355486095,0.0008176761330105364,-0.0018636912573128939,-0.0005151149234734476,-0.0001865106460172683,-2.5891642508213408e-05,-2.7909491109312512e-05,-0.0011567248729988933,-0.0002549668133724481,-0.0003239821526221931,0.0026512627955526114,0.00016751808288972825,0.0001467579131713137,0.0008171024965122342,0.001132905948907137,-0.0013148783473297954,-0.0001663060684222728,0.0018754875054582953,-0.0024597058072686195,-0.001620340859517455,6.869732169434428e-05,-0.0006814006483182311,0.0004607868322636932,-2.8052827474311925e-05,-0.0003423269954510033,-0.000773622770793736,-0.0011465027928352356,0.0010946313850581646,-0.0012484370963647962,-0.0008344380767084658,-0.0003471940290182829,7.390546670649201e-05,0.0016308757476508617,0.00014058516535442322,-0.0017891160678118467
dose16k_A_s2,00156.png,-0.0002483208372723311,0.000140757008921355,0.0007139992085285485,0.0007286921609193087,0.0002527018659748137,0.0014381423825398088,-0.00120191287714988,0.001242283033207059,0.00153766677249223,-0.0027150462847203016,-0.0004118848009966314,0.0012194137088954449,0.0008847713470458984,-0.00028739991830661893,-0.0017546459566801786,0.0004039110499434173,-0.001116097904741764,1.7601129002287053e-05,0.0013487394899129868,-0.0016737268306314945,-0.0012270392617210746,0.0010974111501127481,0.0021731937304139137,0.00015662162331864238,-0.00024599983589723706,0.0004234707448631525,0.002124201040714979,-0.0016895766602829099,0.00019764230819419026,-0.0016649938188493252,-0.0003286232822574675,-0.000514589308295399,6.731203029630706e-05,-0.0003229731519240886,0.0023480416275560856
dose16k_A_s2,00157.png,-0.0005461269756779075,-0.0019183992408216,0.0002687064406927675,-0.0013643348356708884,0.0004277308180462569,0.0002421761309960857,8.5492676589638e-05,0.0006299660890363157,-0.0012818401446565986,2.947894245153293e-05,0.0003977370506618172,0.0005294437287375331,-0.00010587069118628278,0.0004750956140924245,-0.00048118442646227777,0.0015643327496945858,-6.038826904841699e-05,-0.0010912177385762334,-0.00017146494064945728,0.0012739587109535933,0.00022223975975066423,0.0001881315984064713,-0.0010131326271221042,0.00019081609207205474,-0.0008682674961164594,0.000280690350336954,-0.0002330855350010097,-0.00015409328625537455,-0.0008364084642380476,0.0004145558341406286,-0.0006189174600876868,-0.0008650319068692625,-0.0008538304246030748,0.000445418554591015,0.00029732409166172147
dose16k_A_s2,00158.png,0.0009929431835189462,0.00035923023824580014,-0.0006856683176010847,0.0015713656321167946,0.0015961051685735583,0.0013249712064862251,0.0005831841845065355,0.0006056790589354932,0.0015627299435436726,-0.0011277416488155723,0.001038920134305954,0.00010362735338276252,-0.0004187564190942794,-0.0006141361081972718,0.0003098038723692298,-0.0001528125285403803,0.0006091169198043644,-0.0004206057055853307,-0.00023422579397447407,-0.0005849564331583679,-0.0004262910515535623,0.00028302264399826527,0.001890961779281497,0.001319756032899022,0.0006234298343770206,0.0013810109812766314,0.0015962477773427963,0.0008154204115271568,-0.000689634820446372,-0.0006255685584619641,-0.0005499441758729517,0.0013537362683564425,-0.0001231010683113709,-0.00032962916884571314,-0.00025089894188567996
dose16k_A_s2,00159.png,-0.0026395879685878754,-0.0020173690281808376,0.0009343954734504223,-0.0015660763019695878,-0.0013220049440860748,5.3269570344127715e-05,-0.0005216684658080339,0.001775788376107812,-0.0012260868679732084,0.001068331766873598,-8.600466389907524e-05,-0.0007605505525134504,-0.0010526987025514245,-0.0003382638096809387,-0.001246224856004119,0.0008421607781201601,0.001040916657075286,-0.0006271526799537241,-0.0009523227345198393,-0.0003231136070098728,0.00021706765983253717,0.0007275614188984036,0.0008129869820550084,-0.0001626517332624644,0.0011493224883452058,0.000713114335667342,-6.665632827207446e-05,-8.772765431785956e-05,-0.0008487005834467709,-0.0002062235289486125,0.0007869776454754174,0.0006588548421859741,0.002073116134852171,0.001647996949031949,0.0005444878479465842
dose16k_A_s2,00160.png,0.0006430466310121119,0.0009744930430315435,0.00030760938534513116,0.0021869961638003588,0.00015042239101603627,0.0007408646633848548,-0.00042502855649217963,0.0001828904787544161,-4.491537038120441e-05,0.0003977147862315178,-0.0006266320706345141,-0.00024479234707541764,-3.439918873482384e-05,-3.3409243769710883e-05,0.00017855640908237547,0.0004769846855197102,0.00046218387433327734,7.554847252322361e-05,-0.00040325309964828193,-0.0002528863842599094,0.00043874987750314176,0.00029470756999216974,-0.0003647672710940242,0.00035973338526673615,0.00040344666922464967,-7.028408435871825e-05,0.0014734045835211873,-0.0005856680800206959,0.0002582385786809027,0.0008635024423711002,0.0008498723618686199,-0.0016494146548211575,-0.0001369969977531582,-0.0011084973812103271,0.00019676050578709692
dose16k_A_s2,00161.png,0.0010888236574828625,0.0014933280181139708,-0.0001061201692209579,-0.0002232817787444219,0.0001910283463075757,0.0007397912559099495,0.0006848450866527855,0.00023615210375282913,-0.000384556595236063,-0.0003723851405084133,0.0004067255649715662,0.00030150494421832263,0.0003691066522151232,0.0002547291514929384,0.0012642561923712492,0.0008096995879895985,0.0002531822246965021,-5.8002264267997816e-05,-0.00037404728936962783,-0.00020800331549253315,-0.000870055053383112,-0.0010156633798033,0.0017700502648949623,-0.00017695441783871502,-0.0008346679387614131,0.00031313515501096845,0.0005475486977957189,0.00036774450563825667,-0.00117042928468436,-0.00023056488134898245,-0.00040532820275984704,7.788579387124628e-05,0.00041977103683166206,0.0003872817615047097,-2.5691942937555723e-05
dose16k_A_s2,00162.png,-0.00019006835645996034,0.0017121561104431748,0.0004832188133150339,-0.00010722658771555871,-0.0007296288968063891,0.00023459174553863704,0.0005405351985245943,0.0008628073264844716,0.0007274276576936245,0.00024512913660146296,0.0007271415670402348,-0.00029446950065903366,0.0002519687404856086,-0.00025313126388937235,0.00015871210780460387,-0.000550183467566967,0.0006880601868033409,0.00034195560147054493,-0.00015808528405614197,0.00028757649124599993,0.0013456734595820308,-0.00102906278334558,0.000826025556307286,-0.0005890784086659551,-0.00045844935812056065,0.0006732299225404859,-0.0014379640342667699,-0.0009110605460591614,-0.0012685671681538224,0.000300421379506588,0.00018320213712286204,-0.0011742442147806287,0.0007868285174481571,-0.0008319283952005208,-4.076573168276809e-05
dose16k_A_s2,00163.png,0.0009942254982888699,0.001141698332503438,9.307740401709452e-05,-0.0006600591004826128,0.00013834104174748063,0.0011148899793624878,-0.0009344943100586534,0.0007905819802545011,0.00029347543022595346,-0.0007886590319685638,0.00011387513222871348,7.116088818293065e-05,0.0015390462940558791,0.00016364859766326845,0.00031498997122980654,0.00015845155576243997,-0.0010467590764164925,-0.0007353490218520164,-0.001104822033084929,-0.0010051968274638057,0.0017842018278315663,-0.0008220558520406485,0.00033765131956897676,-0.0002870253811124712,-0.000501301372423768,-0.0006560817710123956,-0.001805471838451922,-0.0009194873855449259,-0.0011387644335627556,-0.0002666377113200724,-0.0002842646499630064,-0.0005873640184290707,0.00037231072201393545,0.0009863941231742501,0.0005969814956188202
dose16k_A_s2,00164.png,-0.0011257557198405266,0.0005256618605926633,0.0012304459232836962,8.879942470230162e-05,-0.0013380186865106225,-0.001207635854370892,-0.0004356572462711483,-0.0015802619745954871,0.001499847392551601,-0.0005236536962911487,0.0023184693418443203,-0.00047151357284747064,0.0008041475666686893,0.0008966142777353525,0.0002261170739075169,-0.0002489768958184868,-0.00016418287123087794,0.0004431344277691096,-0.000564082118216902,-2.231143844255712e-05,0.00037088568205945194,-0.0008980426355265081,0.0008644501795060933,0.000257337698712945,-0.0006039593135938048,0.0012738326331600547,-0.0003841682046186179,-0.0013944668462499976,-0.000694745103828609,0.0012116919970139861,-6.24582389718853e-05,-0.0007014967268332839,-0.0002523210132494569,-0.001521441270597279,0.002428005915135145
dose16k_A_s2,00165.png,0.0014001813251525164,0.0011626409832388163,0.00015863297448959202,-0.00030762318056076765,0.00016651202167849988,0.0007004902581684291,-0.00020791181304957718,0.0018833482172340155,0.0015211374266073108,-0.00041148101445287466,-0.0001869685365818441,-0.0023729882668703794,0.0003968314849771559,-0.0008160358993336558,-0.0009627888211980462,0.00021168129751458764,-0.00024186042719520628,-0.00021417668904177845,-0.00011114461813122034,-0.0004796017019543797,-0.0008376032928936183,0.0007697346736676991,-0.00047873862786218524,0.0012534913839772344,0.0007430703844875097,-0.0007137882639653981,0.0008746746461838484,6.018179192324169e-06,-0.0007655832450836897,-0.0008481861441396177,0.0016557188937440515,0.0007561881211586297,-0.0014041515532881021,0.0001593525958014652,-0.00043188381823711097
dose16k_A_s2,00166.png,-0.0006455586990341544,0.00012706521374639124,-0.0009268350549973547,-4.537175482255407e-05,-0.0011503095738589764,0.0001435726007912308,4.6304729039547965e-05,-0.0013749189674854279,0.001138443942181766,0.0008685425855219364,0.0009756062645465136,-0.0002864865818992257,-0.002117370255291462,0.0003400794230401516,-0.0006380787235684693,-9.31074537220411e-05,0.0016205966239795089,0.0006079920567572117,0.0019168462604284286,-0.0006334381178021431,-5.148378841113299e-05,0.00035323036718182266,3.7114891711098608e-06,-0.0006734085618518293,0.0005867359577678144,0.0016657084925100207,0.0007058806950226426,0.0009160627378150821,-0.00012167242675786838,-4.188919047010131e-05,-0.0010100315557792783,-0.000489989819470793,0.00107295042835176,-0.0010180969256907701,-0.0005700088222511113
dose16k_A_s2,00167.png,-0.00013373162073548883,0.0009800988482311368,0.0008063761633820832,0.001579171628691256,-0.0002369507128605619,-0.0012564166681841016,0.00036797934444621205,0.0011732553830370307,-0.00021801027469336987,5.757995313615538e-05,0.00030520884320139885,-0.0003190223651472479,-0.0003381145070306957,-0.00039856074727140367,-0.0011166817275807261,0.0001660591078689322,0.0006195303867571056,-0.0005809079739265144,-0.0004347322683315724,-0.000470715865958482,-0.0009838242549449205,-0.0006811092607676983,0.0005377316265366971,-0.002385001163929701,-0.0002477657690178603,0.0008193860412575305,-0.00037799443816766143,0.001972542842850089,0.0005095248925499618,9.209795825881884e-05,0.0014092362252995372,-0.0024964401964098215,-0.0001617912930669263,0.00023156794486567378,-0.0012251872103661299
dose16k_A_s2,00168.png,-0.0008189680520445108,-0.00030558824073523283,-0.00020639754075091332,0.0016727373003959656,0.00138637435156852,-0.000699878204613924,-9.253760072169825e-05,-0.0005967129254713655,0.0003465035988483578,-0.00030033805523999035,0.0001585236459504813,0.00044546963181346655,-0.0016350139630958438,-0.0005691976402886212,-0.0005991203361190856,-0.00030960264848545194,-3.254656621720642e-05,-0.0010433205170556903,0.0011462285183370113,-0.0010250404011458158,-0.0007589361630380154,0.00042493187356740236,-0.0014355905586853623,0.0012499972945079207,-0.0002697186137083918,0.00044963875552639365,-0.000621222541667521,-0.0003659788053482771,-0.0009583887294866145,0.0002405995619483292,-0.0001792809198377654,-0.0001562010293127969,0.000844371214043349,-0.00039208101225085557,-0.0005152366939000785
dose16k_A_s2,00169.png,-0.0002537217806093395,-0.0008700873586349189,-0.0007408888777717948,-0.0005623557954095304,0.0008670230745337903,0.0005725164664909244,-0.0005725046503357589,-0.0007698142435401678,-7.661128620384261e-05,-0.00018849538173526525,-0.00020179459534119815,0.0008290903060697019,0.0011977733811363578,0.0003655445761978626,-0.0022647990845143795,0.000473254534881562,0.0004310340736992657,-0.00026899337535724044,-0.0013211920158937573,-3.9016056689433753e-05,0.0012475242838263512,0.0009313413756899536,0.0015260725049301982,-0.0005255911382846534,-0.0005906567093916237,-0.0003649157006293535,-0.0011754636652767658,-0.0010888628894463181,0.00015211253776215017,0.000831832701805979,0.0005553251248784363,-0.0009744458366185427,0.0012328514130786061,-6.78347860230133e-05,0.0005045874859206378
dose16k_A_s2,00170.png,-0.00024447537725791335,-0.0009653157321736217,0.0007694740197621286,-2.605466215754859e-05,-0.0008622949244454503,3.560942423064262e-05,0.0006207857513800263,0.0004699666751548648,-0.00021737394854426384,0.0004293665988370776,-0.00012581035844050348,-0.0012084003537893295,-0.0010299254208803177,-0.0007595035131089389,-0.001297024660743773,-8.069597242865711e-05,-5.2186027460265905e-05,-0.0017321500927209854,0.0004449457337614149,0.0004907531547360122,-0.00025152231683023274,-0.002255187137052417,-0.0014637322165071964,0.0007707822369411588,-0.0009715459891594946,0.000283503788523376,0.00025112490402534604,7.643801836820785e-06,-0.000750831444747746,-0.00019805350166279823,-0.0002076343516819179,-0.00019613979384303093,0.00013152611791156232,-0.0006133181741461158,-0.00039821237442083657
dose16k_A_s2,00171.png,0.001160946674644947,0.0015042389277368784,0.000998158473521471,0.001895603840239346,-0.0006442448939196765,-0.00022112482110969722,0.0003218265774194151,0.0006142924539744854,-0.0005420802044682205,-0.001570568303577602,0.00024824804859235883,0.00037875547423027456,0.0019035994773730636,-0.0005782209918834269,-0.00015461268776562065,-0.0003117202140856534,-0.00015475167310796678,-0.0006542152841575444,0.00034835946280509233,0.0011863132240250707,0.0018026550533249974,-0.0009030089131556451,-0.000417030300013721,0.0012977288570255041,0.00037728247116319835,-0.00013623815902974457,-0.00038424963713623583,0.003971881698817015,-0.001997232437133789,-0.0006743783014826477,-0.00010218373790849,0.0002614100812934339,0.00012048013741150498,0.00032130914041772485,-2.0574332666001283e-05
dose16k_A_s2,00172.png,-0.0006516631692647934,-0.0006547672674059868,-0.00015465905016753823,0.0013064027298241854,-0.0015891918446868658,-0.0015096168499439955,0.0012438111007213593,1.820114084694069e-05,-0.00046725955326110125,-0.0001360608293907717,0.0003909582446794957,-0.0024900417774915695,0.0002311635616933927,-0.0005754220765084028,0.0003005880571436137,-0.0009929232764989138,0.001572796143591404,-0.0012581738410517573,0.0008265070500783622,0.0008211595704779029,-0.0011794301681220531,0.0002008965821005404,-0.0005799993523396552,0.0002983584417961538,0.0010077784536406398,0.0005768899573013186,0.0003259486111346632,-7.699993875576183e-05,-0.0003978083550464362,-0.00019067389075644314,-0.001764600514434278,-0.0008930296171456575,-0.0003793436335399747,0.0016536039765924215,-8.883677219273522e-05
dose16k_A_s2,00173.png,-0.0002429501328151673,-0.0004792232939507812,0.000237370899412781,-0.0009034406975843012,-0.0010002419585362077,-0.0010714770760387182,0.0016918553737923503,0.0002539636043366045,0.0006048632203601301,0.0010242980206385255,0.001038862974382937,-0.0011890208115801215,-0.0007493215962313116,0.0002520680136512965,0.0010582588147372007,-0.0005936672678217292,0.000780101923737675,0.00010698744154069573,0.0010119163198396564,0.0005333587760105729,0.0010344868060201406,-0.0005665222415700555,8.402535604545847e-05,0.0011181370355188847,-0.0007274221861734986,-0.00042941569699905813,-0.002165821846574545,-0.0016644855495542288,-0.0019005329813808203,-0.0012604215880855918,-0.0003019040450453758,0.0006100769387558103,0.0005308933323249221,0.0005388971185311675,0.0010290660429745913
dose16k_A_s2,00174.png,-0.0003910344676114619,-0.00024671139544807374,0.0004215410735923797,0.002642852021381259,0.00374265993013978,-0.0010364059126004577,8.018019434530288e-05,-0.0002480779367033392,-0.00017977731477003545,0.00031610895530320704,0.0004935429897159338,-0.00035888078855350614,-0.0005281919147819281,0.0010242374846711755,0.00014830517466180027,0.0016351083759218454,6.507183570647612e-05,0.00012487094500102103,0.000259068445302546,-7.643210119567811e-05,-0.0007602224359288812,4.9334448704030365e-05,0.00029151258058845997,-6.673864845652133e-05,-0.00014259589079301804,0.0006200302159413695,-0.000453795597422868,-0.0009946493664756417,-0.0005957297398708761,-0.0001199840335175395,-0.0002306926908204332,-0.001025149249471724,-0.0007280092686414719,0.0016968001145869493,0.0006568516255356371
dose16k_A_s2,00175.png,0.0005128959310241044,-0.0011614956893026829,0.0013040397316217422,0.0012203928781673312,0.002233742270618677,0.0017954879440367222,0.0003059038135688752,-0.0011904551647603512,-0.001624752883799374,-0.0009624752565287054,-0.001325286808423698,4.082245141034946e-05,0.000549757038243115,-9.320607205154374e-06,0.0004752903478220105,-0.00035536551149562,0.0013935212045907974,0.00025232406915165484,0.000590987503528595,-0.0008499167743138969,0.0014733277494087815,-0.0020289032254368067,-4.7345041821245104e-05,-0.00013315569958649576,-0.001128133968450129,-0.0017055514035746455,2.9880236979806796e-05,-0.001482077524997294,-0.0007173825870268047,-0.0003386391035746783,0.0002785601536743343,-0.0018513991963118315,0.00038860805216245353,0.0019508093828335404,-0.0002058867976302281
dose16k_A_s2,00176.png,-0.0005004613194614649,-0.00014366641698870808,0.0005481525440700352,0.00038789998507127166,-0.0024575369898229837,0.0003427702758926898,-0.0016272399807348847,0.00046830697101540864,0.0006408783374354243,-0.0007398189627565444,0.00034127169055864215,-0.0008146644686348736,-0.001433983095921576,0.0007039064075797796,-0.0002542881993576884,0.00011090076441178098,-0.0005971563514322042,-0.00042483260040171444,0.0007059391355141997,0.0013336921110749245,0.000440471398178488,-0.0005747040850110352,0.0004973860923200846,-0.0011557902907952666,0.0008170699584297836,-0.0007174669881351292,-0.000403327721869573,9.314399358117953e-05,0.0015912125818431377,0.00027161097386851907,-0.0005943626747466624,0.00022431123943533748,0.0007725429604761302,0.001199684338644147,0.00026007596170529723
dose16k_A_s2,00177.png,-0.00015848077600821853,-0.0006162741919979453,-0.0008748237160034478,-0.0012109073577448726,-0.0027335439808666706,-0.0001646899472689256,0.0008250720566138625,-0.0009943348122760653,-0.0005590675282292068,-0.00041398603934794664,0.0010667572496458888,0.0014978742692619562,-0.0009530783863738179,0.00041175930527970195,-0.0004991915193386376,0.0006775455549359322,0.0001061507427948527,0.00044122248073108494,0.0010112724266946316,-0.0005320177297107875,0.00030472170328721404,-3.9946338802110404e-05,0.0003249786386732012,0.0003130629484076053,9.900136501528323e-05,9.981319635699037e-06,-0.0016309268539771438,0.0005229142843745649,-0.0007128233555704355,-0.0005915756337344646,0.0015242830850183964,-0.0001846166851464659,0.0005655352142639458,0.000488859717734158,-0.0009730213205330074
dose16k_A_s2,00178.png,-0.00017622059385757893,-0.000736720219720155,0.0008597103878855705,0.0017191701335832477,0.0008876697975210845,-0.001953599974513054,-0.0016414336860179901,9.987729754357133e-06,-0.00021782252588309348,-0.0003255956689827144,0.0006285985000431538,0.00023229503131005913,0.0010245752055197954,0.0010527132544666529,-0.0003586755774449557,0.0008607350755482912,0.001947237877175212,-0.00023929298913571984,-0.0008609736687503755,5.683931158273481e-05,0.0010514311725273728,-0.0012983942870050669,-0.00043723295675590634,0.00046066928189247847,0.00043954202556051314,0.0004946067347191274,-0.0007566318963654339,-0.0015511808451265097,-8.351899305125698e-05,7.437167369062081e-05,0.002191175241023302,-0.00022625124256592244,0.0011777915060520172,0.0003486200876068324,-0.00023012596648186445
dose16k_A_s2,00179.png,0.0011836832854896784,0.0010940447682514787,-0.0009588444954715669,0.002039196202531457,-0.001731133903376758,0.00014909669698681682,0.0013599583180621266,0.0018882938893511891,0.0012369483010843396,-0.0007143100956454873,-0.00042350986041128635,-0.00036547024501487613,0.0005810228758491576,-0.000917036843020469,0.00021206711244303733,-0.0008590528159402311,-0.00027744926046580076,-0.00014181497681420296,0.0006460376316681504,-0.0012427743058651686,-0.0011070603504776955,0.00021497203852050006,0.0004525042895693332,0.00045137485722079873,0.0005862306570634246,-9.487961506238207e-05,-0.0006857182015664876,0.0011320303892716765,-0.0007071667350828648,0.001362791401334107,-0.0008138120756484568,0.00025740428827703,0.00020344102813396603,-0.0005836553173139691,0.00023627544578630477
dose16k_A_s2,00180.png,0.0010067133698612452,0.0005267295055091381,-0.0010731325019150972,0.000288547424133867,-0.0009360931580886245,0.0010255798697471619,0.0011612692615017295,0.001408055191859603,0.000306041503790766,0.0004587476432789117,-7.108372665243223e-05,0.0005762475193478167,-0.00041565659921616316,0.0005342828226275742,-0.00020068958110641688,-0.0007365290657617152,0.0005583935417234898,-0.0010897411266341805,-9.888410568237305e-05,-0.0012095799902454019,-0.00016984799003694206,-0.00017093542555812746,-0.0006477173883467913,0.0006246927077881992,0.00034789525670930743,-1.723937202768866e-05,-0.0010104506509378552,-0.0011167522752657533,-0.0002630798553582281,0.000645357882604003,0.000754744338337332,0.0003109042008873075,-0.00019474996952340007,-0.00012591303675435483,0.00026518385857343674
dose16k_A_s2,00181.png,0.0006802093121223152,-0.00035512042813934386,0.0003842928563244641,0.0008414703188464046,-0.0020151210483163595,-0.0005275718285702169,0.00035385662340559065,-0.0012240459909662604,-0.0017631221562623978,0.0003841958532575518,-3.9141108572948724e-05,-0.0006696344935335219,0.0001510126458015293,-0.00018347111472394317,0.0015045568579807878,-0.0005939683178439736,-0.0007606532308273017,3.4962937206728384e-05,-0.0030555904377251863,0.00029791847919113934,0.0007494406891055405,0.00014013277541380376,-0.0002155745169147849,0.0007322035962715745,-0.00044942411477677524,0.00017925389693118632,-0.0016007618978619576,0.0010477177565917373,-0.00011594237730605528,-0.0009254319593310356,0.00035608417238108814,-0.00024592873523943126,-0.0014581733848899603,-0.00014747728710062802,-0.00025834087864495814
dose16k_A_s2,00182.png,-0.0007489409763365984,0.00030570023227483034,0.0008475228678435087,-0.000727495935279876,-0.0015000683488324285,-0.00016202333790715784,0.00037013867404311895,-1.9320150386192836e-06,-0.00011947516759391874,-0.0006291687022894621,0.0006676513585262001,0.0005431956378743052,-0.0006763910641893744,0.0013056020252406597,-0.00012179942132206634,0.0011016731150448322,-0.00018540180462878197,-0.00016021638293750584,-0.00040788366459310055,1.3718975424126256e-05,1.0990881492034532e-05,0.0004733052628580481,-0.0019967544358223677,-0.0006326192524284124,-0.0006239377544261515,-0.0006591227138414979,-0.00047499602078460157,0.0005676202126778662,-0.0010510939173400402,-0.00010482213110662997,0.00033502079895697534,-0.0017550819320604205,0.0006965883658267558,0.00022752879885956645,0.0004036573227494955
dose16k_A_s2,00183.png,0.00040837147389538586,0.000265178648987785,-0.0005737468600273132,0.001369577250443399,0.00020738865714520216,-0.0004127113788854331,0.0006190898129716516,-0.00042832602048292756,-0.0007227348396554589,0.0021412528585642576,-0.00030509178759530187,0.00023891979071777314,0.0005971976206637919,-0.000763255578931421,0.000356818811269477,-0.00015385859296657145,8.482940756948665e-05,-0.00010677989484975114,-0.0012445193715393543,-0.0018631124403327703,0.0009651790605857968,2.3416898329742253e-05,0.000694342190399766,0.000609621056355536,0.00039043158176355064,0.0007964097312651575,-0.0019791782833635807,0.0008997951517812908,0.0007789562223479152,0.0018413859652355313,-0.0018096825806424022,0.0006998063181526959,0.0013133292086422443,0.00018635652668308467,-0.0005962637369520962
dose16k_A_s2,00184.png,0.0011560182319954038,-2.859428150259191e-06,-0.0004271360521670431,0.0006537849549204111,0.0012176682939752936,-0.0004676127282436937,-0.0006058977451175451,-0.00017054163618013263,0.0008026013965718448,6.654412572970614e-05,0.0018691737204790115,-0.00026366632664576173,-0.00015480331785511225,0.00023361874627880752,-0.0006097099976614118,0.0009878731798380613,-0.0005438750376924872,0.00033543966128490865,-0.0017371076392009854,0.0005197906866669655,0.0008538393885828555,-0.0002582365123089403,8.307904499815777e-05,-0.00020379891793709248,-0.0009303056867793202,0.0003214015159755945,0.00026294373674318194,0.0001394713472109288,0.0007986333221197128,0.0007129278383217752,-0.0004961687372997403,0.00046716895303688943,-0.0004322943859733641,0.0006657412159256637,-0.0018953712424263358
dose16k_A_s2,00185.png,0.00020377233158797026,0.0008695026044733822,-0.0006706199492327869,0.00043465543421916664,0.0008725205552764237,1.663349030422978e-05,0.0005141879082657397,-0.00031466622021980584,0.0004550343146547675,-0.0008365200483240187,0.00011750026897061616,0.0007518098573200405,-0.0016126087866723537,0.002468194579705596,0.00024353034677915275,-0.0006699724472127855,-0.00041438679909333587,0.0006809700280427933,0.0011159825371578336,-0.0003260208177380264,0.00021534154075197875,-0.0003863439487759024,-0.0008951633935794234,-0.000476455403259024,0.0010966862319037318,9.41681137192063e-05,-0.00023991073248907924,-0.0006210568826645613,-0.0013107908889651299,-0.0007284159655682743,0.0008339223568327725,-0.0009285666164942086,-0.0009299666271544993,0.0010549385333433747,-0.0010927109979093075
dose16k_A_s2,00186.png,-3.069877493544482e-05,6.628554547205567e-05,0.0007443082868121564,-0.0016581263625994325,0.0010654947254806757,0.00017699369345791638,-0.00012202173820696771,0.00026245880872011185,7.287497282959521e-05,-0.0005721916095353663,0.0007539587095379829,-0.0003802195133175701,-0.001416929648257792,-0.0011643286561593413,-0.0012546180514618754,0.00039365998236462474,0.001304015051573515,0.0007529287249781191,-0.000756753608584404,0.00035115881473757327,0.00046876774285919964,-0.0007705049938522279,0.000434795452747494,0.00010998525249306113,0.0014799737837165594,0.0008343481458723545,-3.097903390880674e-05,0.0010222716955468059,-0.0014833089662715793,-0.0010288726771250367,-0.0005391092272475362,-0.0014415353070944548,0.0010881359921768308,-0.00010555431799730286,-0.0002133106900146231
dose16k_A_s2,00187.png,-0.00026371097192168236,0.0007528344867751002,-0.0002862261317204684,0.0017902175895869732,0.0003976314328610897,0.0008129294728860259,0.0005635715206153691,0.0006151771522127092,-0.00019596099446061999,-0.001772350282408297,0.0008371834992431104,-0.00041876494651660323,-0.0004562541435007006,-0.0002002136898227036,-0.0006600587512366474,0.000620105245616287,0.0014351774007081985,0.0006597914034500718,-0.00030116032576188445,5.10628342453856e-05,-0.000691794790327549,4.449839616427198e-05,0.0010494673624634743,0.00011991814244538546,-0.001003215671516955,6.7243876401335e-05,-0.0024785769637674093,-0.001103255432099104,-0.0002962083090096712,0.00015105775673873723,0.00019749341299757361,-0.0005883327685296535,0.000489354133605957,-0.0008379535283893347,-0.0005261675687506795
dose16k_A_s2,00188.png,-0.0012414577649906278,-0.0017055525677278638,-0.0008811390143819153,0.002678308868780732,0.0002911377523560077,2.369648245803546e-05,0.0001578605006216094,-0.0012559916358441114,0.0017507640877738595,9.302485523221549e-06,-0.0003272083413321525,0.00031461953767575324,-0.0007250569178722799,-0.0007072907756082714,-0.0002868911251425743,-0.0005206923233345151,0.0004663759027607739,-0.0006842162110842764,-0.00023777199385222048,0.0006634338642470539,-0.00043027696665376425,-0.0003945638600271195,-0.00027814795612357557,0.0013747005723416805,0.00045991214574314654,0.0007417156011797488,0.0016866500955075026,0.0006689680158160627,-0.0010844109347090125,-0.0009203253430314362,-6.34890966466628e-06,0.000717075658030808,0.0004552707832772285,0.0012855770764872432,-0.00040422286838293076
dose16k_A_s2,00189.png,0.00018754148914013058,-0.00035946175921708345,-0.0018637347966432571,0.00043516093865036964,0.0003857126284856349,0.00023596183746121824,0.0009126946679316461,-0.001092198072001338,0.00034269739990122616,-0.0006499059381894767,0.0018642120994627476,0.00027308601420372725,-0.000781967188231647,0.00012456081458367407,-0.0008409774163737893,1.445419457013486e-05,0.00012781321129295975,-0.00015098195581231266,-0.00077156099723652,-0.0007129540317691863,0.0005200480227358639,-0.00045852226321585476,0.00021162511256989092,-0.0016837951261550188,0.0005760267958976328,-0.0020555260125547647,-0.00036021898267790675,-0.000777148175984621,-0.00026506275753490627,-0.0008718398748897016,0.0005356557085178792,-0.0003969857352785766,-0.0009853318333625793,0.002073516370728612,0.0009933918481692672
dose16k_A_s2,00190.png,0.00019386530038900673,0.0004758843861054629,0.00011625258775893599,0.0013470426201820374,-0.0007200583349913359,0.00018873966473620385,0.0007218219107016921,0.0006800686242058873,0.00032260880107060075,8.194925612770021e-05,0.0004449208208825439,0.0004527349956333637,0.0008108053007163107,-0.0003038264694623649,0.00010486678365850821,-0.0009601794881746173,-0.0012376110535115004,0.001360605121590197,0.0029266206547617912,0.0002234586572740227,-0.0005608858773484826,-0.0001444369409000501,0.0004966511623933911,-0.000982182682491839,-0.0007812024559825659,0.00048544927267357707,-0.001968745607882738,0.0006094278069213033,-0.0004716458497568965,0.00013858603779226542,0.001157937804237008,0.0008628508658148348,-0.00036663643550127745,0.0013496436877176166,-0.00046398458653129637
dose16k_A_s2,00191.png,0.001144202658906579,0.0018660684581845999,-0.00016698394028935581,0.0004064665699843317,0.00045195932034403086,0.00019383715698495507,0.0008495095535181463,-0.0002755741006694734,0.0016616121865808964,-0.0005691684200428426,-0.0005507584428414702,0.0012599346227943897,0.00042726827086880803,-2.298382605658844e-05,-0.0018465537577867508,0.00037229552981443703,0.0008917019586078823,0.0018442545551806688,0.0012638232437893748,0.0010361728491261601,0.0002624577609822154,-0.0012641689972952008,-0.0006285198614932597,8.63863606355153e-05,-0.0011895688949152827,0.0008733123540878296,0.00025413575349375606,-0.0010586233111098409,-0.0007350689265877008,-0.0012881496222689748,0.001365278149023652,0.0003339696559123695,-0.00019613601034507155,0.0016282779397442937,-0.0009116661385633051
dose16k_A_s2,00192.png,-0.0009414232918061316,-0.0014072722988203168,0.0012287679128348827,7.439756154781207e-05,-6.9888101279502735e-06,-0.0011241937754675746,-0.0009313806076534092,0.00041726839845068753,0.0004294137470424175,0.00039963613380678,-0.0005757356993854046,-0.0013590012677013874,0.0009093288681469858,0.0005426020361483097,0.0011461497051641345,-0.00022188029834069312,0.0008858473156578839,0.0005600617150776088,-0.00035197072429582477,0.0009540356695652008,0.0011425052070990205,0.0004123910912312567,-0.0006132577545940876,-0.00037344449083320796,-0.0004955330514349043,0.0014326743548735976,-0.0006068793591111898,-0.000697541341651231,0.0001872811553766951,-0.0003642145893536508,0.0017845146358013153,-0.0013651676708832383,0.0005058422102592885,0.0007075645844452083,-0.00015864067245274782
dose16k_A_s2,00193.png,0.00011319205077597871,-0.0005339867202565074,0.0007703842711634934,-0.0007803972694091499,-0.00022205682762432843,-7.718489359831437e-05,0.00082103640306741,0.0004141382814850658,0.0007363762706518173,-0.0009229728020727634,0.0008504664874635637,-0.0007378659793175757,-0.0004432359419297427,-0.001274170121178031,-0.0007623747223988175,-0.00039773830212652683,0.00012265314580872655,2.4243237930932082e-05,0.00018964377522934228,0.0012718371581286192,0.0013793198158964515,0.000563115521799773,0.00021747530263382941,0.0010649500181898475,-0.00041598876123316586,0.00024165809736587107,-0.0005832566530443728,0.0007528153364546597,-0.00032225550967268646,0.0005084216245450079,0.000751481915358454,0.0006791660562157631,0.00014475428906735033,0.0014163280138745904,0.0005751170683652163
dose16k_A_s2,00194.png,-0.0007282456499524415,-0.00013171877071727067,0.0017971425550058484,4.494507811614312e-05,0.0013973608147352934,-0.0009167752577923238,-0.0004705272149294615,-0.0003594418230932206,-0.0005233502015471458,0.0005573300295509398,-0.0007919505587778986,-0.00048533594235777855,0.00038438400952145457,0.0004338334547355771,-0.0014327537501230836,-0.001004301244392991,0.0009345957078039646,-0.0005577848642133176,-0.0007289740606211126,-0.0006938297301530838,-0.00016042322386056185,-0.0003609599662013352,0.0011588491033762693,0.0004910199204459786,7.835947326384485e-05,0.0006970565882511437,-0.0007831978728063405,-6.947757356101647e-05,-0.0014414492761716247,0.0001059313872247003,0.0006929547525942326,0.0006760489195585251,-0.0005157449631951749,0.001447424408979714,8.62823217175901e-05
dose16k_A_s2,00195.png,7.367111538769677e-05,-0.0003664662654045969,-0.00040225288830697536,0.0007455396116711199,0.0016044104704633355,0.00021662047947756946,-0.0015020689461380243,9.698440408101305e-05,0.0007494751480408013,0.0010958147468045354,-0.00027289046556688845,-0.0007458635955117643,-0.0005025950958952308,-0.0029306074138730764,0.0019316994585096836,-0.0008756735478527844,0.0009516333229839802,-0.0017334588337689638,-0.0003258848446421325,0.00104594137519598,0.0014712531119585037,7.627210288774222e-05,0.0007697577821090817,0.0008498008828610182,-0.0003433089586906135,0.0016297687543556094,-0.0004897937178611755,-0.00015243244706653059,-0.0010520905489102006,-0.0015027030603960156,0.0006545977084897459,0.00029645420727320015,0.00023068588052410632,-0.0009751120232976973,0.0023945264983922243
dose16k_A_s2,00200.png,0.0015635734889656305,0.0008430792368017137,0.0004170879255980253,-0.0001763484615366906,-0.0005804348620586097,0.0005309430998750031,0.0016722340369597077,-0.0002838929940480739,-0.001382895396091044,-0.001307266647927463,0.00032169301994144917,-9.578494791639969e-05,9.10634935280541e-06,0.00031881427275948226,0.0005892773624509573,0.001411479664966464,0.0007466592942364514,-4.787096258951351e-05,-0.001337283058091998,-0.00029750625253655016,0.0008261041366495192,0.0012619828339666128,9.168878023047e-05,-0.0009131015976890922,-0.0011022924445569515,0.00019814155530184507,0.00019107491243630648,-0.00041810781112872064,0.0006041607703082263,0.0010163286933675408,0.0010796722490340471,5.540638812817633e-05,0.00019164242257829756,0.00042833597399294376,0.0007738482672721148
dose16k_A_s2,00201.png,-0.00011880189413204789,0.0009265624103136361,0.00039806909626349807,-0.0026906949933618307,-0.0019267731113359332,0.0006786903250031173,-0.0019746683537960052,0.0006493727560155094,-0.000776600674726069,0.0006951942341402173,-0.0003558224707376212,0.0007214959478005767,-0.0007947219419293106,-0.0011196653358638287,-0.00030148003133945167,5.1804028771584854e-05,-0.0008643971523270011,0.0011415844783186913,-0.0026213882956653833,0.000902478932403028,0.0009839406702667475,-3.045093035325408e-05,0.0007780945161357522,-0.00036733763408847153,0.0012139029568061233,0.0011757437605410814,0.00021488698257599026,-4.9797770770965144e-05,-1.732051714498084e-05,8.783805242273957e-06,-0.00038888384005986154,-0.00083386548794806,-0.00010043121437774971,-9.15922864805907e-05,0.00014882904361002147
dose16k_A_s2,00202.png,-0.0006357833044603467,-0.00042573889368213713,-0.0023543545976281166,-0.00120966462418437,0.0011350709246471524,-0.00026405713288113475,0.0003016948467120528,-0.0014854191103950143,-0.0006539003225043416,-0.0017431393498554826,0.00041084762779064476,0.0008380640065297484,-7.91139027569443e-05,-0.0001419748878106475,-0.0005071572959423065,-0.0017876909114420414,3.172803553752601e-05,-0.00028447224758565426,-0.0007891841232776642,-0.0005536583485081792,-0.0013834302080795169,-0.0007754765101708472,0.000995703972876072,0.0015052567468956113,0.0005920626572333276,-3.188360278727487e-05,-0.0005006136489100754,-0.0014989330666139722,-0.0005452411714941263,0.0012655211612582207,-0.0004092518938705325,0.00016436226724181324,-0.0007387830992229283,0.0009416553657501936,0.00022745667956769466
dose16k_A_s2,00203.png,-0.0013365044724196196,-0.0013721168506890535,0.0008890030439943075,-0.001942802919074893,0.0006594537990167737,0.0003552151611074805,-0.0008520049159415066,-0.0006699325749650598,-0.00032680833828635514,0.002030715113505721,-0.0006405370659194887,-0.0007077537011355162,0.00013457443856168538,-0.0008412800380028784,-0.0007283202721737325,-2.2184054614626803e-05,-0.0007628303719684482,-0.0005054612993262708,0.0015131111722439528,-0.0021673899609595537,-0.00021532132814172655,-0.000551705714315176,0.0013493746519088745,0.001912362058646977,-0.0006284956471063197,0.001912459614686668,0.0001680669083725661,0.0010860684560611844,-0.0006466290215030313,0.0013840316096320748,-0.0005976587417535484,0.0005563927697949111,-0.00017574813682585955,-0.0006449664360843599,0.0014317302266135812
dose16k_A_s2,00196.png,0.0011493818601593375,-0.00012295669876039028,-0.0010403005871921778,-0.00020830864377785474,-0.001929453108459711,0.001434889156371355,-0.00042067328467965126,0.0019211848266422749,-0.0013850937830284238,0.0016201746184378862,-0.000979559845291078,-5.6251177738886327e-05,-0.0008631261298432946,0.0008837091154418886,-9.93497233139351e-05,-0.0008677879231981933,-0.0011569299967959523,-0.0011186907067894936,-0.00035198568366467953,-0.0002994358947034925,0.00030261249048635364,0.0008148703491315246,0.0002523968287277967,0.0007390519022010267,0.0006303302361629903,0.0005408510915003717,-0.0001270538050448522,0.0008129201014526188,-0.0009060261072590947,0.0007832430419512093,0.0001285897014895454,-0.00032284282497130334,0.0002913228527177125,0.0003317285154480487,0.0015031377552077174
dose16k_A_s2,00197.png,0.0010515329195186496,0.0007435285951942205,0.00010777360876090825,2.903147560573416e-06,-0.0001755597477313131,0.0006915644044056535,0.00045227320515550673,0.0006590191042050719,0.0010223410790786147,0.00026787177193909883,0.0003231311566196382,0.0005182520835660398,-0.0011688475497066975,0.0007630074396729469,-0.00013519222557079047,-0.00023952522315084934,-0.0004220720147714019,-2.075315023830626e-05,-0.0015646566171199083,0.0002809694269672036,-0.0002006760478252545,0.0005535795353353024,0.00037230204907245934,0.00016071347636170685,-0.0005099588888697326,-0.0006706956773996353,-0.001333235646598041,-0.0005441605462692678,0.001082128961570561,-0.0009336916846223176,-0.0008879990200512111,0.0006407249020412564,0.001497661229223013,-0.00017491805192548782,0.0009012339287437499
dose16k_A_s2,00198.png,-0.00011996083048870787,-0.002128985710442066,0.0015349156456068158,-0.00011485470167826861,-0.0009067642968147993,-0.001545103034004569,0.0020428886637091637,-0.001195599907077849,0.0002289614058099687,0.0001074881074600853,0.0005184683250263333,0.0002445733407512307,0.0006048117647878826,0.0026605220045894384,-0.0004135651688557118,0.0012273817555978894,0.0007301777368411422,0.0015353300841525197,0.0016280263662338257,-0.00020316355221439153,-0.0007154548075050116,-0.0008203843026421964,-0.0008884594426490366,-0.0015272138407453895,-0.00040948562673293054,4.265114330337383e-05,7.96582389739342e-05,0.0003229950089007616,-0.0011994903907179832,0.0005223126499913633,-0.00021424969600047916,-0.00033092944067902863,-0.001024615834467113,-0.0007634852081537247,-0.001382968737743795
dose16k_A_s2,00199.png,6.566656793438597e-06,-0.0008505602600052953,0.00046044529881328344,0.0010949820280075073,0.00045957588008604944,4.8669567149772774e-06,0.0001304025063291192,0.0004724750469904393,-0.0011600523721426725,-0.0001718755956972018,0.00033032658393494785,0.0010795686393976212,-0.0005917386151850224,-0.0010795451235026121,0.0009332011686637998,-0.0006009031785652041,0.00037920998875051737,-0.0019269153708592057,0.0004213550710119307,-0.00017489437595941126,-7.022181671345606e-05,3.160530832246877e-05,0.0013328810455277562,0.0003893514513038099,0.002195975976064801,-0.0006894848775118589,0.0005007756408303976,-0.0002004891721298918,-0.00010836680303327739,-0.0001342808100162074,-0.0013824512716382742,-0.001185791683383286,-0.0009391532512381673,0.0003259089426137507,-0.0009641799842938781
dose16k_A_s2,00204.png,-0.0004917171318084002,-0.00032572384225204587,0.0009573604329489172,0.000613079231698066,0.0005737530300393701,-0.0008832787862047553,-0.0005125111201778054,0.00029332409030757844,0.0005820389487780631,-0.0005964980227872729,0.0007986469427123666,0.00023932961630634964,-6.446098996093497e-05,-0.0003184668894391507,0.00021801574621349573,-0.0002901284897234291,0.001063119270838797,-0.0009172933641821146,-0.0009406092576682568,0.0003135102742817253,-0.0025438338052481413,-0.0010017090244218707,-0.00017827324336394668,-0.0009967414662241936,0.0006529617239721119,0.0017680965829640627,0.0016271114582195878,0.00040224799886345863,-0.0005974320229142904,0.0003528447123244405,0.0001878926414065063,-0.0010097522754222155,0.0004590006428770721,-0.0005570366629399359,0.0004359004960861057
dose16k_A_s2,00205.png,0.0014312712009996176,0.0005607525235973299,-0.000564396264962852,-0.0013122716918587685,-0.0025497497990727425,0.0004845435614697635,6.244946416700259e-05,0.00021566948271356523,0.0007623489946126938,0.000984362792223692,0.0004317938582971692,-0.0013429968385025859,-0.0002134090755134821,7.791582174832001e-05,-6.34024545433931e-05,-0.00020299387688282877,0.0005831109010614455,-8.053899364313111e-05,-0.00036481188726611435,-0.00039263252983801067,0.0018023537704721093,-4.91360406158492e-05,0.000525555748026818,0.0009279045043513179,0.0011736456071957946,-0.00098726199939847,-0.0009086238569580019,-0.00022661042748950422,0.000334264273988083,0.00019484323274809867,0.0012093886034563184,-1.4888011719449423e-05,7.97622196841985e-05,0.00023236307606566697,0.0011037075892090797
dose16k_A_s2,00206.png,-0.001097083673812449,-0.00015206413809210062,-0.0007685137097723782,0.0010015155421569943,-0.00016998531646095216,0.0010814850684255362,-0.0018373157363384962,0.00014842905511613935,-0.0023758530151098967,-0.0005765209789387882,-0.0006516664871014655,0.0005813726456835866,-0.00028939268668182194,-0.0004011592536699027,0.000941067177336663,0.001566814724355936,0.0002558514825068414,0.0006914607365615666,0.0013613324845209718,-0.00012088900257367641,-0.00045660987962037325,0.0002128458145307377,-0.0007113037281669676,-0.00021536728309001774,-0.0006577760213986039,-0.0018807590240612626,0.0006103080813772976,-6.217725604074076e-05,0.00021290601580403745,-0.0004842734197154641,-0.0009513248805887997,0.0004894318990409374,0.001591525156982243,-0.0012390180490911007,-0.000782956019975245
dose16k_A_s2,00207.png,6.070004383218475e-05,-0.001150148338638246,-0.0011147849727422,-0.0025017596781253815,-0.0008822712115943432,-0.0001822049671318382,-0.0003341612173244357,0.000486254837596789,0.0011022074613720179,0.0021810210309922695,-0.0009610843262635171,-0.00020767038222402334,-0.00014255501446314156,-0.0001738533901516348,0.0006792557542212307,-0.00039121235022321343,-0.0001654795923968777,-0.0004122144018765539,0.0003611066786106676,-0.00010718495468609035,2.3658538339077495e-05,4.554748556984123e-06,0.00100328354164958,0.0004598849918693304,-0.0002896890218835324,-0.0001941004884429276,-0.00032246988848783076,0.0012027889024466276,-0.0006148995598778129,-0.0008025320712476969,0.001484146574512124,-5.607876300928183e-05,-0.0011947802267968655,0.001031998312100768,5.077660171082243e-05
dose16k_A_s2,00208.png,0.0003563359205145389,-0.0006383731961250305,0.0008909462485462427,-0.0022484390065073967,-0.0023388487752527,-0.0008697464363649487,4.712916415883228e-05,0.00024675537133589387,-0.00025193687179125845,-0.00013115534966345876,-1.2314299965510145e-05,0.00022954362793825567,0.0012466919142752886,0.0003039260336663574,0.00042424426646903157,-0.0002912126947194338,0.0016292877262458205,0.0005770293064415455,0.00042911426862701774,0.00020136326202191412,-0.0012507615610957146,-0.0008489750325679779,4.2038955143652856e-05,-0.0009656635229475796,-0.0015185597585514188,0.000540493696462363,-0.0004141269309911877,-0.0007540654041804373,-0.002440042793750763,-0.0005936524830758572,0.0009252580348402262,0.0014955343212932348,-0.0007449007825925946,-0.00045122677693143487,0.0012421110877767205
dose16k_A_s2,00209.png,0.0009159044129773974,0.0006608945550397038,-0.0006167548708617687,-0.0011873780749738216,-0.00178784248419106,0.00013490664423443377,-0.00015551307296846062,0.0003148163959849626,0.00043426622869446874,-0.0008753175497986376,-6.763254350516945e-05,-0.0008927520248107612,0.000537221843842417,0.0017062220722436905,4.018347681267187e-05,0.0013756033731624484,-0.0003585291269700974,0.001742652733810246,0.0005693969433195889,-0.00013430534454528242,0.0006573120481334627,-0.0003304719284642488,-0.00012707065616268665,-0.0005336790927685797,-0.0003911106032319367,-0.001324756653048098,-0.0008268456440418959,-0.00030749174766242504,0.0009736339561641216,-0.00017022677639033645,-0.0011382728116586804,0.00014995536184869707,0.00021186047524679452,0.00014033689512871206,0.0008505937876179814
dose16k_A_s2,00210.png,-7.515640027122572e-05,0.0010436015436425805,0.00021722812380176038,-2.851960016414523e-05,-0.0010200431570410728,0.0012816740199923515,0.0010637689847499132,0.0003265941049903631,0.0008890539174899459,-0.0009508813382126391,-0.000952111673541367,-0.000390081200748682,-0.0010152258910238743,-7.793901022523642e-05,0.00012291637540329248,0.0009494780097156763,0.0017181829316541553,0.0023466579150408506,-0.00031426476198248565,-0.0014181735459715128,0.00020236856653355062,0.0007254201918840408,0.00027463160222396255,-0.0009535475983284414,-0.0006296336650848389,0.0007229860639199615,0.0005056742229498923,5.003166734240949e-06,-0.0011000784579664469,0.00017289513198193163,0.0014175530523061752,0.000843192043248564,4.8602119932183996e-05,-0.0011070602340623736,-0.0013767556520178914
dose16k_A_s2,00211.png,-0.00026161898858845234,0.00041908855200745165,0.00030597622389905155,-0.0013413593405857682,0.00016929247067309916,0.0006428612396121025,-0.0004187804297544062,0.0011930963955819607,0.00023880416119936854,-0.000485390133690089,0.00020304525969550014,0.0008456950890831649,-0.0018283973913639784,0.0005728136165998876,-0.0015027486952021718,-1.0566390301391948e-05,-0.00014126472524367273,0.000314402743242681,-1.4322575225378387e-05,-0.0003142351342830807,-0.0006017800769768655,0.0009181841742247343,0.0013034180738031864,0.0001143683330155909,0.0005740592023357749,-0.00023763977515045553,-0.000900160288438201,0.0016123903915286064,-0.0009473803802393377,0.002122368197888136,-0.00032732466934248805,-0.0010028525721281767,0.0009538425365462899,9.573981515131891e-05,0.0006960578612051904
dose16k_A_s2,00212.png,0.00022872960835229605,0.0010042880894616246,-0.00031183549435809255,-0.002804041840136051,-0.007736066821962595,0.0007527281995862722,0.0004476210742723197,-0.000979883479885757,0.0007413191488012671,0.0011634889524430037,-8.181192970369011e-05,0.000862095330376178,-0.0008620875887572765,0.0003809234476648271,-0.0003774190554395318,0.0012605797965079546,0.0008457086514681578,0.0005059788236394525,-0.001373850740492344,-0.0004090385336894542,0.0005384593969210982,0.0010821063769981265,-6.882935122121125e-05,0.0006609148113057017,-0.0008094457443803549,-8.583399176131934e-05,-0.0006103123887442052,0.000500604510307312,0.00015519150474574417,-0.0010157024953514338,-0.00032784236827865243,0.00010661155101843178,-0.0008939265389926732,0.0007367256912402809,0.0016210392350330949
dose16k_A_s2,00213.png,9.670916188042611e-05,0.00016487541142851114,-0.00013835224672220647,-0.00014843481767456979,-6.858162669232115e-05,-0.001372245023958385,-0.0001499032659921795,0.0007966369739733636,0.0007638446986675262,-0.0024725862313061953,-0.0005785607500001788,0.0006753692869096994,0.0006061390158720315,0.0003555221774149686,0.0007134025800041854,0.0001260752760572359,0.00010652613855199888,0.001048889011144638,-0.0004399587633088231,0.0004600909014698118,-0.0004026224196422845,-0.0006797348614782095,-0.0010876216692849994,-0.0003413594968151301,-0.001261818571947515,-0.00013462387141771615,0.0008491211337968707,-0.0010616465006023645,-0.00022150544100441039,0.00047417162568308413,-0.0009370958432555199,-0.00031931939884088933,-0.0009073104010894895,-0.00036156573332846165,-0.00033525016624480486
dose16k_A_s2,00214.png,0.0015455476241186261,0.0021461667492985725,-0.00022836851712781936,0.0006191875436343253,-0.0005104391020722687,5.363625314203091e-05,-0.000564366637263447,-0.0011912842746824026,-1.029675331665203e-05,0.0005066138110123575,-0.0003422055160626769,0.0006411319482140243,0.001671464298851788,-0.0008164987666532397,-0.00042246468365192413,0.0015041341539472342,-0.00015910257934592664,-0.0007412949926219881,-0.0007996583008207381,-3.0214519938454032e-05,-6.54302493785508e-05,-0.000680283410474658,0.0007765430491417646,-0.0013505128445103765,0.00045411242172122,9.864463936537504e-05,-0.0001329638180322945,-0.0007592952460981905,-0.001797141507267952,-0.0012561761541292071,0.00047030148562043905,-0.0008184880134649575,-0.00036895996890962124,-0.0001137881918111816,7.36909278202802e-05
dose16k_A_s2,00215.png,0.00011379588977433741,0.0008326504030264914,-0.002621827647089958,-0.0005744480295106769,-0.0004237279645167291,-0.00048015054198913276,0.0003054156550206244,-0.0016266886377707124,-0.0015029466012492776,-0.0016524771926924586,-0.0009338688687421381,-0.0004007317766081542,-0.0002774579916149378,-0.0015205398667603731,0.00015065414481796324,-5.4223870392888784e-05,0.0005119314300827682,-4.9893162213265896e-05,-0.00018635354354046285,-0.00041227685869671404,-0.0009708668221719563,0.001159967971034348,0.0004804678028449416,-0.0006310681346803904,0.001209383481182158,-0.0010395972058176994,-0.000251479767030105,-0.0002600920561235398,0.0001137684375862591,0.0012231689179316163,-0.00032805572845973074,-0.0007865866064094007,-0.00033042009454220533,0.000212940460187383,0.00027645137743093073
dose16k_A_s2,00216.png,-0.00034865757334046066,-0.0009260493097826838,-0.0006711918395012617,0.0013583933468908072,0.0010189919266849756,-0.00011776212340919301,0.0002016124635701999,-0.0002671443216968328,-0.0019408402731642127,0.0002687841188162565,-9.774264617590234e-05,-0.00021507646306417882,0.0015433903317898512,-0.0011799342464655638,-0.0008684080094099045,-0.0007318115676753223,0.0009930726373568177,-0.00015722874377388507,-0.0010926724644377828,-0.0012620554771274328,0.0009039324359036982,0.00032096196082420647,-0.00026942742988467216,-0.0005611113738268614,0.00035290501546114683,0.0002982273872476071,0.0008514107903465629,-0.0003991944540757686,-0.0007091196021065116,0.0004897203180007637,-0.0007503931992687285,0.000438641756772995,0.0012972430558875203,-0.001198474084958434,0.00019442297343630344
dose16k_A_s2,00217.png,8.537052053725347e-05,0.0008265019860118628,-0.00021273405582178384,-0.0003937757865060121,0.0009232622687704861,0.0015684404643252492,-7.929920684546232e-05,-0.0008328561089001596,0.00039057398680597544,0.00027558786678127944,0.0009092984837479889,0.00025328865740448236,0.000640596728771925,0.002615557750687003,0.00041882231016643345,0.00031425943598151207,0.0008240350871346891,0.0007202076958492398,-0.0006990241818130016,-0.0010555553017184138,0.0002638296573422849,-0.0004217781824991107,0.0007943965028971434,-0.00011991998326266184,0.0008001565583981574,0.000283119676169008,-0.0018898640992119908,-0.0006437294650822878,-0.0007695992244407535,4.0387480112258345e-05,-0.0007933738525025547,3.988543085142737e-06,-0.0015314699849113822,-0.00044580476242117584,-0.0008665721397846937
dose16k_A_s2,00218.png,0.0005074395448900759,-1.8432539945933968e-05,-0.00012539359158836305,0.0008172407397069037,-0.0014607800403609872,-0.00035120543907396495,-0.0015508013311773539,0.001753743039444089,0.0004759810399264097,0.0008879167144186795,-0.0004767669888678938,-0.0017931360052898526,0.0016007577069103718,0.0005633934051729739,0.00033923640148714185,0.0008316573221236467,-0.0007038561743684113,0.002033664146438241,0.0005073263309895992,0.002499224152415991,-0.0006466907798312604,5.012962719774805e-05,0.0008704835781827569,0.0002456931979395449,-0.000846733630169183,-0.0005162720917724073,-0.0006046907510608435,-0.0010244508739560843,-0.0008940469706431031,-0.0013029695255681872,0.0024634951259940863,0.00016160871018655598,-0.0008355931495316327,0.00037760328268632293,0.0005367338308133185
dose16k_A_s2,00219.png,-0.0008604053291492164,-0.00013160519301891327,-0.0009680192451924086,0.0008608254720456898,-0.0011778720654547215,-0.0010473420843482018,-0.0006947122165001929,7.732272933935747e-05,0.0012977415462955832,0.0004338395956438035,0.00034237117506563663,0.00022107959375716746,-0.00037795037496834993,-0.0005102435825392604,0.0004840651818085462,-0.00032804178772494197,0.00017642945749685168,-0.0005287934327498078,0.0010853816056624055,0.0011577008990570903,-0.0006359439576044679,-5.368078564060852e-05,0.00014097306120675057,-0.0005019949749112129,-0.0006375431548804045,0.0007963330717757344,-0.0001638024259591475,0.0005077339592389762,0.000300844490993768,7.7051532571204e-05,-0.0007917514885775745,-0.0006646299734711647,0.0007541003287769854,0.0012947125360369682,-4.414452632772736e-05
dose16k_A_s2,00220.png,0.00042428975575603545,0.0013244171859696507,-0.0005712085403501987,-2.7870678422914352e-06,0.0005360694485716522,0.0003944412455894053,0.0006581031484529376,0.00039401373942382634,0.0005697774467989802,7.237378304125741e-05,0.0016712048090994358,-0.0007068042177706957,0.0009723578696139157,-5.678828892996535e-05,-0.0010682981228455901,0.00018214683223050088,0.0009154313593171537,-5.157244231668301e-06,0.00020389298151712865,-0.0004951839218847454,0.0005595441907644272,0.0006394607480615377,-0.0012236887123435736,-0.0014037024229764938,-0.00015623743820469826,-0.00013331622176337987,-0.00018777154036797583,-0.00015437681577168405,-0.00022173333854880184,-0.00043460942106321454,6.086942812544294e-05,0.00047807517694309354,-0.00015552515105810016,0.00040282978443428874,-0.0001470807910664007
dose16k_A_s2,00221.png,0.0012380593689158559,0.0011494109639897943,0.001932274317368865,0.00029579788679257035,-0.0006176397437229753,0.0005014772177673876,9.873527596937492e-05,-0.0010798347648233175,-0.0010955346515402198,0.0008860451634973288,-0.0012269311118870974,-0.0009553403360769153,-0.0006135177100077271,-0.00040369265479967,-9.054873953573406e-05,-0.0011702603660523891,-0.0004110506270080805,0.0006268354482017457,-0.00035065668635070324,-0.00034128627157770097,0.0014188468921929598,-0.00016728107584640384,-0.0011094079818576574,0.0028317091055214405,0.0018457844853401184,-0.0010179091477766633,-0.0015119699528440833,0.0005290700355544686,-0.0012172424467280507,0.0021440170239657164,-0.0006151016568765044,-0.0009594193543307483,-0.0009175070445053279,-4.329565490479581e-05,-0.00022232862829696387
dose16k_A_s2,00222.png,0.0009350857581011951,0.0009184739901684225,0.0005918145179748535,0.001207981607876718,-0.0018029019702225924,-0.00016824713384266943,-0.001658318331465125,0.0005208649090491235,-0.0006969115929678082,0.000978150055743754,0.0008789379498921335,0.0013781861634925008,0.00016423279885202646,0.00045375176705420017,-0.0007582615944556892,-0.00019359769066795707,0.0005338325281627476,-0.00026732447440735996,0.00023185776080936193,0.0017721897456794977,-0.00021411570196505636,9.857282566372305e-05,-0.0003746789589058608,0.0008729757973924279,-0.0006987863453105092,0.0009116688161157072,-0.0002874860947486013,-0.0013167827855795622,-0.0013404301134869456,-0.0006557141314260662,0.0007550906157121062,0.00038042714004404843,0.0014435292687267065,-0.001217151409946382,-0.0015410652849823236
dose16k_A_s2,00223.png,0.0014929994940757751,0.0016752484953030944,-0.0009665904799476266,0.00030008560861460865,0.0014172563096508384,-0.00052176060853526,0.001419112435542047,-0.0019120704382658005,-4.881836139247753e-05,0.0005619988078251481,-0.0008327453979291022,-0.0009394960361532867,0.00041032570879906416,-0.0011674477718770504,-0.0015022417064756155,-0.0010578286601230502,0.00025128957349807024,-0.001245760708115995,-0.00016560663061682135,-0.0013868564274162054,0.0009635148453526199,0.0008213110268115997,0.0008983573643490672,0.0005350830033421516,-0.0004946425906382501,7.829700916772708e-05,-0.001810413203202188,0.0003083760675508529,-0.0006187065155245364,-0.0008074160432443023,-0.0006306958384811878,-0.0018312720349058509,-0.0003813081420958042,0.0011471710167825222,-0.0010353148682042956
dose16k_A_s2,00228.png,-0.0007709549972787499,-0.0008250358514487743,0.0003759894461836666,0.002195212058722973,-0.001509727444499731,-2.561080691521056e-05,0.0009500068845227361,0.0009420987335033715,-0.0004978989600203931,-0.00042341885273344815,0.00045007068547420204,-0.0006995851290412247,-0.0009129269164986908,-9.714779298519716e-05,-0.00030574988340958953,0.0002073983778245747,0.0004563840921036899,-0.0018031246727332473,0.0008606814662925899,0.00042108289198949933,-0.002079007914289832,-0.0009615375311113894,0.0009114624699577689,0.0006719354423694313,-0.00019672636699397117,7.034129521343857e-05,0.0009902541060000658,0.0024553826078772545,-0.0019223180133849382,0.0003138297179248184,-0.0005181083106435835,0.00037153399898670614,-0.00010245350131299347,0.00018239609198644757,0.00019492123101372272
dose16k_A_s2,00229.png,0.001378277549520135,0.001399045460857451,0.001350734499283135,0.0005009862943552434,-0.000919308396987617,0.0005953480722382665,0.0011307261884212494,0.0006596287712454796,0.0006803668802604079,-0.00040856580017134547,0.00027689890703186393,-0.0004418828757479787,6.009950448060408e-05,0.0007558557554148138,-0.00068188103614375,-0.0002537284744903445,-0.0008835167391225696,-0.0006498306756839156,-0.0005554239032790065,8.131592039717361e-05,-3.2084575650515035e-05,-0.0006586220697499812,-0.002019301289692521,0.001019991235807538,0.0005256439908407629,-0.0002829468285199255,0.00047374714631587267,0.0008515733643434942,0.0015219844644889235,-0.0005923404823988676,0.0020680325105786324,0.000672101799864322,-0.0008130448404699564,-0.000280070147709921,-0.0001758961152518168
dose16k_A_s2,00230.png,0.0004334994300734252,0.00026052005705423653,0.0006105067441239953,0.0006229894352145493,0.0022899748291820288,0.0014285894576460123,0.0003789653710555285,-0.0006114926654845476,0.00010288404155289754,0.0004705133615061641,0.0004283921734895557,-0.0023026419803500175,-0.0008930735057219863,-0.00036461182753555477,0.0011603434104472399,-0.001125992159359157,-0.0005227395449765027,0.00012693741882685572,-0.0005974695668555796,-0.0006553737330250442,-0.0002177451242459938,0.0011521585984155536,0.0005307703977450728,0.0013705036835744977,0.0008325906237587333,-0.0006305132992565632,8.733459253562614e-05,0.00013525545364245772,-5.153606252861209e-05,-1.886761856439989e-05,-0.00042976875556632876,0.0011816464830189943,0.0002654849668033421,2.9161326892790385e-05,-0.0003730164316948503
dose16k_A_s2,00231.png,-6.163507350720465e-05,0.0004682978324126452,-0.0013550649164244533,0.001740276231430471,-0.0010120562510564923,0.0003172921424265951,-0.0006244139513000846,-0.0005311650456860662,0.0006951815448701382,-0.002233040751889348,-0.0006710285670123994,0.001073957304470241,0.00019103581144008785,0.0006228984566405416,0.0012395121157169342,0.002344973385334015,0.0015872518997639418,0.0019187943544238806,0.00035262887831777334,0.00033123689354397357,0.0011920914985239506,-0.00020277131989132613,0.0004835054569412023,0.0003506236826069653,0.001376337488181889,0.00030897717806510627,-0.0012846514582633972,0.0019472164567559958,2.595805563032627e-05,-0.0018789374735206366,0.0012746943393722177,-0.0003212674637325108,0.00011929912579944357,-0.0009456672123633325,-0.0005788971320725977
dose16k_A_s2,00224.png,-0.0002704329672269523,-0.0005330412532202899,-0.00045332941226661205,0.0007796282297931612,0.0005841438542120159,0.0007750061922706664,-0.0004250051570124924,-0.0005606713821180165,0.0010368239600211382,0.0005538662662729621,-0.0003714381600730121,-0.00022185890702530742,-0.0004740505828522146,0.0008487707818858325,-0.00029512756736949086,0.0008579127606935799,-0.000435031222878024,-0.0008125533349812031,-0.0008840591763146222,0.001138256280682981,-0.0006159601034596562,-0.0003633650776464492,0.00018784798157867044,0.0004081081715412438,0.0006087870569899678,0.0003486614441499114,0.001426771399565041,-0.0010888425167649984,0.0005020595854148269,7.701012509642169e-05,0.0021798708476126194,0.0011274992721155286,-0.0009730685269460082,0.000592663127463311,-0.00045753465383313596
dose16k_A_s2,00225.png,0.0007774743135087192,0.0009137404267676175,-0.0008295447914861143,0.0018688940908759832,7.711989019298926e-05,-0.00038771386607550085,-0.00026473478646948934,0.00019134899775963277,0.000374795839888975,-0.00015842358698137105,0.0003396844258531928,-0.0002476822701282799,0.0004400725301820785,0.00034616500488482416,-0.0006209559505805373,-2.728156505327206e-05,0.000528682314325124,0.0010517387418076396,-0.001306641730479896,-0.001321455929428339,1.0785611266328488e-05,-0.00016067597607616335,0.0001629695761948824,0.0005394081235863268,-0.0007525599212385714,0.00026428766432218254,-0.0006655565812252462,0.0008692350820638239,-0.00020795564341824502,-0.00045744155067950487,-0.0012122548650950193,-0.0016789251239970326,0.0003447215131018311,9.32864350033924e-05,-0.00179230235517025
dose16k_A_s2,00226.png,-0.0012459269491955638,-0.0008093948708847165,-0.0009560300386510789,0.0004774266271851957,-0.001841677469201386,0.0017916191136464477,0.0009893793612718582,0.0002756526228040457,-0.0003511279937811196,-0.00028510717675089836,0.0005044881254434586,-0.001377182430587709,0.0016297471011057496,0.0007764113834127784,-0.00013617833610624075,0.0008876601350493729,7.346158326981822e-06,0.0013415977591648698,-0.00020701528410427272,0.001817570417188108,0.0006374757504090667,0.0005695264553651214,0.0013415132416412234,-0.0010383141925558448,-0.00022433738922700286,-0.0006312841433100402,0.0007894867449067533,-0.0009034057729877532,0.0007005481165833771,0.000927578192204237,-0.0011849829461425543,0.0015113473637029529,0.0017128530889749527,0.0005530421040020883,-0.0001271169021492824
dose16k_A_s2,00227.png,-0.00036771572194993496,-0.00032896053744480014,-0.000637953111436218,0.0011904276907444,0.0006592227728106081,-3.762128471862525e-05,0.00011239801824558526,-0.0016885076183825731,-0.0010518586495891213,0.0003599798947107047,0.001308535342104733,-0.0007157340296544135,0.0017515064682811499,7.976541382959113e-05,-0.00046722256229259074,-2.3158823751145974e-05,0.00028305992600508034,0.0005388173158280551,-0.000410480541177094,0.0007015900919213891,0.002459178911522031,-0.0008281130576506257,-0.0004065397079102695,0.00051259552128613,0.00012538493319880217,0.0018944808980450034,-0.00011472499318188056,0.0017569400370121002,-0.00020784737716894597,0.00039264661609195173,0.0006235828041099012,0.0009947600774466991,0.0008652039687149227,0.0003781534032896161,0.000824294809717685
dose16k_A_s2,00236.png,0.00022790506773162633,-7.460194319719449e-05,-0.0003935124259442091,0.0015765803400427103,0.0001491778384661302,0.0006949319504201412,-0.0010164155391976237,0.001787993824109435,0.000793341314420104,0.001051175408065319,-0.00019786266784649342,0.000840009015519172,-0.0018712166929617524,0.0012174934381619096,-0.0006988260429352522,-5.427892756415531e-05,-0.000788033998105675,-0.002019020728766918,-0.0008822668460197747,0.001496176584623754,0.001199360121972859,-0.00014353040023706853,0.0007766843191348016,-0.0003928630903828889,-0.0008242412586696446,0.0008443177794106305,-0.0006967828376218677,0.0013746810145676136,-0.0009106684010475874,-0.0023299509193748236,0.0001537869538879022,0.001958218403160572,-0.00022013556736055762,0.0008169206557795405,-0.001260260702110827
dose16k_A_s2,00237.png,0.0018084892071783543,0.0020056150387972593,-0.00026298369630239904,-0.000793556566350162,-0.0010732043301686645,0.0008896127692423761,0.00037184666143730283,-0.00024459813721477985,0.0014360074419528246,-0.0008670263923704624,0.00025072009884752333,0.00011139867274323478,-0.0005450420430861413,-0.0009926918428391218,-0.000808563781902194,0.0002335316239623353,3.614532033680007e-05,9.075986781681422e-06,0.0009206549730151892,-0.000278609775705263,0.0007572880131192505,-0.0018275275360792875,-0.0016029474791139364,0.0008058308158069849,2.891860276577063e-05,0.0007796862628310919,0.00032058294164016843,0.0002048424503300339,-0.000865131733007729,-0.000934839597903192,0.00010057464533019811,-0.0006975611904636025,0.00041090251761488616,-0.0009193494915962219,-0.0019317526603117585
dose16k_A_s2,00238.png,0.0006287636933848262,0.00021776238281745464,0.00024348337319679558,-0.0016069512348622084,-1.1968980288656894e-05,0.0007052900618873537,0.0008880471577867866,-0.00018386384181212634,0.00036680532502941787,0.0006283114198595285,-0.0007083364762365818,0.0006881568697281182,0.0015962034231051803,-0.0005184700130484998,5.517381941899657e-05,-0.0009743957780301571,-0.00011944829748244956,-0.00032192058279179037,-0.0008427617140114307,-0.00038087120628915727,0.0005899537936784327,0.0007451769197359681,0.00017453751934226602,-0.00012960437743458897,-0.00020776900055352598,-0.0008388818823732436,-0.0016708862967789173,0.0008308649994432926,-0.00040208178688772023,-0.0004710240464191884,-0.001740936771966517,0.000693571928422898,-0.0015295589109882712,0.0013323252787813544,0.0007999967783689499
dose16k_A_s2,00239.png,0.0011224932968616486,0.0012694771867245436,0.00028571271104738116,0.0005801366060040891,-0.0013879782054573298,-0.00022688925673719496,0.0013841503532603383,0.0008344374946318567,0.0020705759525299072,-0.0013066489482298493,0.0023334012366831303,-0.0005729836993850768,5.221608262218069e-06,-0.0009509844821877778,0.00022659244132228196,0.00094787054695189,0.0010249988408759236,0.0007334619294852018,0.000624941720161587,-0.0008538775728084147,-0.00014579399430658668,0.00012049880024278536,-0.00043948052916675806,0.00044906442053616047,1.503497696830891e-05,-0.0012190472334623337,0.000655203009955585,0.0002462330739945173,-0.0006939442828297615,-4.558644286589697e-05,-0.002350644441321492,0.0005519422120414674,-0.0004304136091377586,-0.0017529092729091644,0.0003540107572916895
dose16k_A_s2,00232.png,0.0007207414600998163,0.0013628468150272965,0.00046936990111134946,0.002068775240331888,0.00032766821095719934,0.0020961978007107973,-0.0007474328740499914,0.0012636127648875117,-0.0014331699348986149,-0.00017587649927008897,0.0002659414312802255,-0.0004575211787596345,4.073617674293928e-05,0.0013939726632088423,-0.0007691332139074802,0.0004971925518475473,0.001140376552939415,0.0010854244465008378,-0.0004596104263328016,0.0012378239771351218,0.00033935217652469873,0.0004397630982566625,0.0004399404861032963,-0.0004115906485822052,-0.0007042715442366898,-0.0002470696927048266,-0.001125626964494586,0.0007841591141186655,-0.0009859655983746052,0.0005271210102364421,-0.00030101349693723023,0.0002458780072629452,-0.0005793884629383683,-0.0008118911064229906,-0.0003090890822932124
dose16k_A_s2,00233.png,-5.56301383767277e-05,0.0005883745034225285,0.0007299883291125298,0.000499105779454112,-0.0019498056499287486,-0.0006494312547147274,-0.000834047794342041,8.624699148640502e-06,-3.281196768512018e-05,0.00011861254461109638,-0.0006682710372842848,0.0008598375716246665,0.001779352081939578,-0.000442803866462782,-0.0006601022905670106,0.00037498449091799557,0.0007346451748162508,-0.00012706361303571612,0.0007825047359801829,0.0009014424867928028,0.0008990087080746889,0.0002744016528595239,0.0002264581562485546,-0.00012306676944717765,-0.0007127924473024905,0.0010405111825093627,-0.001193797099404037,-0.0008057647501118481,1.7057667719200253e-05,-9.72839625319466e-05,-0.0005450834287330508,-0.00019859662279486656,-0.0010401433100923896,-0.0017573422519490123,0.0014708953676745296
dose16k_A_s2,00234.png,0.0011760530760511756,0.001262716599740088,-0.00012103957851650193,0.0013061477802693844,0.0013628683518618345,0.0008226673235185444,-0.00018885235476773232,0.001012834021821618,0.0003154235309921205,0.0009045116603374481,-0.00034643893013708293,-0.0002193710970459506,-0.0002333257725695148,0.00023313671408686787,-0.0013864514185115695,-3.219489008188248e-05,0.000656783115118742,-3.0924541079002665e-06,0.0011528577888384461,0.0010981837986037135,-4.867587995249778e-05,0.001047454192303121,-0.0032930297311395407,0.0003826110914815217,-0.0011400593211874366,-0.0003197955375071615,-0.0005004404811188579,-0.00025556329637765884,-0.0006007065530866385,-0.0007774785626679659,-0.00016948637494351715,0.0008167906780727208,-0.0007366156787611544,0.0018552434630692005,0.001444328110665083
dose16k_A_s2,00235.png,0.00031379747088067234,0.001465772744268179,0.0014563995646312833,0.0024820563849061728,0.0006809913902543485,-0.0014427739661186934,0.0015937897842377424,0.001257047988474369,-0.00026340948534198105,0.0012249943101778626,-0.0002678196469787508,0.0014785308158025146,-0.0012055890401825309,0.0017983050784096122,-0.00024089889484457672,-0.0010079130297526717,0.0005316394381225109,-0.00048481940757483244,0.0009135202853940427,-0.0004201111732982099,0.00024106736236717552,-0.0007426390657201409,0.0004054028249811381,-0.002116267802193761,0.0006774744833819568,-0.0010189873864874244,-0.00021259524510242045,-0.0011749694822356105,-0.0012450747890397906,-0.0015957840951159596,0.0014712450793012977,-0.000763189687859267,-0.0008954709046520293,-0.00014659699809271842,-0.00018541324243415147
dose16k_A_s2,00240.png,0.00011886513675563037,-0.0007576715433970094,0.00017172041407320648,7.617451046826318e-05,-8.973922376753762e-05,0.0005068624741397798,0.0012600915506482124,0.0003176939790137112,0.0001215508600580506,-0.000793294922914356,-0.0005314605077728629,0.0014478260418400168,-9.022748417919502e-05,-0.0011316684540361166,0.0005368842976167798,0.0010033708531409502,0.0010670816991478205,0.0004664769512601197,0.0010898691834881902,-0.0018157928716391325,-0.0004132126341573894,-2.3426024199579842e-05,0.0012296091299504042,-0.0006168877589516342,-0.0014915307983756065,-5.02272741869092e-05,-0.0009979972383007407,-0.00037631625309586525,-0.00023425574181601405,0.001203096122480929,-0.0009552041301503778,-0.00025062012718990445,3.82420803362038e-05,0.0002662561892066151,0.000612598261795938
dose16k_A_s2,00241.png,0.00036524099414236844,0.0005314861773513258,0.00021998332522343844,-0.002800680696964264,-0.0033939292188733816,6.81732053635642e-05,0.0008168680942617357,0.0014974662335589528,-0.0008987133041955531,0.001244076294824481,0.0005110832862555981,0.0009606617386452854,0.001656305161304772,-0.0007855342119000852,0.0010955410543829203,-0.0007373314001597464,0.0002084133302560076,0.001539513934403658,-5.185121699469164e-05,-0.001646190183237195,-0.001177190919406712,-0.0007260142010636628,-0.0016933102160692215,0.0006401125574484468,0.0015271606389433146,0.00045007397420704365,-0.0005772176082246006,0.0005446943105198443,0.0011688830563798547,-0.0006788197788409889,-0.0019115572795271873,0.0006354912766255438,-0.002111149951815605,-0.00017761666094884276,-0.00031413373653776944
dose16k_A_s2,00242.png,-0.0008645516354590654,-9.102364128921181e-05,-0.0019300105050206184,-0.0007397578447125852,-0.0011580998543649912,0.0007809944800101221,0.0014980724081397057,-0.00019357768178451806,0.0006124930805526674,-0.0001158188097178936,-0.0020895693451166153,0.0006253106985241175,-0.0009341036202386022,0.0011651420500129461,-0.0006122494814917445,0.0005057395319454372,-0.0008761667413637042,-0.0003106286167167127,-0.0004174906061962247,-0.0009804607834666967,-0.0004847153613809496,0.0007505168323405087,-0.0008375832694582641,-0.0010785605991259217,9.382470307173207e-05,-0.00018580151663627476,-0.0004577173094730824,0.0002563859161455184,-0.0002646962529979646,-0.0012631970457732677,0.000821496534626931,0.0006002133013680577,0.0004197430389467627,-0.0002415703347651288,0.001237698714248836
dose16k_A_s2,00243.png,-0.0005272116977721453,0.0001190211478387937,-0.0017811094876378775,-0.000490811828058213,0.001203274237923324,0.00025580424699001014,-0.0008096408564597368,0.000653542170766741,0.0009113017586059868,-0.001405174843966961,-0.00019512916333042085,-0.0006904035690240562,0.0016523964004591107,-0.0007734454120509326,-0.00025057714083231986,-0.0011425026459619403,0.00010348496289225295,-0.00044317651190795004,-0.0006913983379490674,0.0008124920423142612,0.0006682882085442543,-0.0003254767507314682,-0.00013820602907799184,0.0005638235597871244,-0.00022379570873454213,1.3740660733674304e-06,-0.00028772628866136074,-0.0010923270601779222,0.0017450586892664433,0.0008692874689586461,0.0002647512301336974,0.0005661501199938357,-0.0013854320859536529,0.0007404451025649905,-0.0006560449837706983
dose16k_A_s2,00244.png,0.0005960891139693558,0.0007149146404117346,-0.001282522571273148,-0.0033175961580127478,-9.342696284875274e-05,0.0005868664011359215,0.00015142316988203675,-0.0005898531526327133,0.0003535792347975075,0.00014888941950630397,-0.00032037077471613884,-0.0006246849661692977,0.0011959485709667206,-0.0014522438868880272,-0.0014611452352255583,-0.0012715401826426387,0.0010254386579617858,-0.0003350162587594241,1.2899909961561207e-05,0.00047732231905683875,-0.0011514705838635564,-6.86011990183033e-05,0.00011564544547582045,-0.0002606215712148696,-0.00012760789832100272,0.00026866403641179204,-0.0005274850409477949,0.00018324168922845274,-5.53462996322196e-05,0.0006837559049017727,-7.719207496847957e-05,0.000596118567045778,-0.0018609132384881377,-0.001521904836408794,0.000620331964455545
dose16k_A_s2,00245.png,-0.00030683496152050793,0.0003143136273138225,-0.0011320180492475629,-0.0016134555917233229,-0.0008155280374921858,-0.0010177514050155878,0.0007839805330149829,0.00012460557627491653,0.0017654879484325647,-0.0013586782151833177,0.0005277046584524214,0.0010999091900885105,0.0002421634562779218,0.0006425013998523355,0.00024908906198106706,-0.0009774622740224004,0.0005868737935088575,-0.0016153203323483467,-0.00036776403430849314,-0.0010021291673183441,0.00010608788579702377,0.001002434641122818,0.0010866101365536451,-0.001131908386014402,8.008928125491366e-05,-0.000727773061953485,-0.0014073640340939164,0.0007404126226902008,0.0005361578660085797,0.00021799457317683846,-3.0161227186908945e-05,-0.0004035659076180309,-0.0004895318415947258,0.0007991521270014346,0.0010986302513629198
dose16k_A_s2,00246.png,0.0014548932667821646,-0.0007933796150609851,-4.880653432337567e-05,0.00033624962088651955,0.0008886943687684834,0.00032365520019084215,0.000199307847651653,-0.0006252180901356041,-0.00024665362434461713,-0.00168440374545753,-0.0013114108005538583,0.00016093831800390035,-0.00023886500275693834,-0.0009733137558214366,-0.00036174189881421626,0.0019785503391176462,-0.0008267760858871043,0.0001924571261042729,-0.0002559926069807261,-0.0010426309891045094,-0.0004478328919503838,0.00042943679727613926,0.0019212542101740837,-4.31082553404849e-05,-0.00042241564369760454,0.0012272143503651023,-0.0005217571742832661,0.0004940006183460355,0.0006801434210501611,-0.0015579669270664454,0.00048491006600670516,-0.000492877617944032,-0.0006942752515897155,0.0002156483824364841,0.00144370982889086
dose16k_A_s2,00247.png,0.00023756611335556954,0.0008029916207306087,-0.0012261166702955961,-0.0005463944398798048,0.0017058252124115825,0.0005560272838920355,0.000450643477961421,-0.0001873447181424126,1.143196755037934e-06,0.00011325519881211221,-0.0005964862066321075,-0.0007778196595609188,0.000374105351511389,-0.0003504796768538654,0.0004859101609326899,-0.000424847356043756,0.0008475553477182984,0.0011003527324646711,-0.00025493072462268174,-0.0005347072728909552,-0.0005577176343649626,-0.00047658130642957985,0.0007136110216379166,-0.0004486462858039886,7.06784485373646e-05,-0.0010188875021412969,0.0006506496574729681,0.000954751274548471,-0.0001341167080681771,-0.0006285288836807013,-0.000569505209568888,0.0012020866852253675,-0.00012272964522708207,0.000326560897519812,-0.0011318527394905686
dose16k_A_s2,00248.png,0.0006924888002686203,-0.000782742805313319,-0.00019394415721762925,0.0007217751699499786,-0.0005718870088458061,0.0009811748750507832,-0.0008138644625432789,0.0023540123365819454,0.0015327295986935496,-0.0013612309703603387,0.0009595750016160309,0.0007212749333120883,-0.00026395259192213416,0.00036144789191894233,-0.0008446456049568951,0.0010769719956442714,-0.0003045256598852575,0.00019766933110076934,-0.0015781620750203729,-0.00034029336529783905,0.00015046875341795385,0.0005093005020171404,0.0002730257692746818,-0.0002840450033545494,0.0015180287882685661,-0.0010011051781475544,0.0005333094159141183,-0.0011442257091403008,-0.0010251159546896815,-0.0006370018236339092,0.00015621767670381814,0.0006969223031774163,0.0010310766519978642,-0.00024287878477480263,0.0003263895632699132
dose16k_A_s2,00249.png,-0.0004202336713206023,-0.0004049018898513168,0.0018287263810634613,-0.0011107586324214935,0.0007168188458308578,4.321848609833978e-05,0.0005950942286290228,0.000870679912623018,-0.0003731530741788447,-0.0009193125879392028,-0.00030913951923139393,0.0012013359228149056,0.0005663915071636438,8.006950520211831e-05,0.00033102105953730643,-0.0004023645306006074,-8.976436220109463e-05,0.00048497188254259527,0.000505720847286284,0.00015714280016254634,0.00040063486085273325,-0.0020713782869279385,0.00025598995853215456,-0.0005416081403382123,0.0012196976458653808,0.0005198679282329977,-0.001361571135930717,0.000959897821303457,-0.0007314221002161503,2.5951430870918557e-05,0.00031533316359855235,0.001735404715873301,0.001450680778361857,-8.84958280948922e-05,0.0006523723131977022
dose16k_B_s2,00000.png,-0.0005819671787321568,-0.00033676117891445756,0.000629196991212666,-0.001111605204641819,0.0012030340731143951,0.0016449557151645422,-0.00025100988568738103,-0.0006052624084986746,0.0007933508604764938,0.00028832751559093595,-0.00035564854624681175,0.0007843662751838565,0.00048259145114570856,-0.001167563023045659,0.0003020450531039387,0.00034778087865561247,-0.0005688638193532825,0.0008589611970819533,0.00011133195948787034,0.0004098294011782855,-0.00045380668598227203,-0.0011427787831053138,0.0005207125213928521,-1.1822532542282715e-05,-0.00038170150946825743,-0.0004368782392702997,0.0014753952855244279,-0.0013609773013740778,-0.0008652221295051277,-0.00048675641301088035,-0.001315336674451828,0.0001452018041163683,-0.0011039761593565345,0.00014343395014293492,0.0007279572892002761
dose16k_B_s2,00001.png,-0.0012121385661885142,-0.0012903048191219568,5.127293479745276e-05,0.000742032309062779,0.0012562902411445975,-0.00047361385077238083,-0.0006137862801551819,0.0004425814258866012,0.000693050678819418,0.0003584130899980664,0.0007953525637276471,0.0011243042536079884,-0.00019102486839983612,-0.001275594811886549,-0.0005147577612660825,0.0010101883672177792,0.001092945341952145,-3.5095017665298656e-05,-0.00030400193645618856,0.00031298023532144725,-0.0018674340099096298,0.0002552105870563537,-0.0010931941214948893,0.0011896217474713922,-0.0004826317308470607,-0.0020754258148372173,-7.323700265260413e-05,0.0003066421195399016,0.00012194384180475026,-0.0009373643551953137,0.00033587790676392615,0.0021333436015993357,9.203192348650191e-06,0.000578406557906419,0.00015944110054988414
dose16k_B_s2,00002.png,-0.0010118967620655894,-0.0013577224453911185,-0.0011823053937405348,0.0014176969416439533,0.0009557579178363085,0.0005625649355351925,-0.0002561005239840597,0.0006902540335431695,0.0005500999977812171,9.324743587058038e-05,0.0006345516885630786,-0.0003932733670808375,-0.0009284619591198862,0.0006334111094474792,0.000556943763513118,-0.0005606889608316123,-0.0011515788501128554,0.0004937774501740932,-0.0008403736283071339,0.0016468868125230074,-0.00012621638597920537,0.001095644780434668,0.0004166550934314728,0.000290230120299384,-0.0009686420089565217,-0.0011414657346904278,0.0005285926745273173,-0.0015801407862454653,0.00017541917623020709,-7.417710730805993e-05,-0.0003712921170517802,-0.0015142052434384823,-0.0005527441971935332,0.0012010936625301838,-0.00017911092436406761
dose16k_B_s2,00003.png,-2.0978990505682305e-05,0.00048669445095583797,0.000447145604994148,0.0006104700732976198,0.0007909148698672652,0.002046938519924879,0.0006415362004190683,-0.0009071761160157621,-0.0009242500527761877,0.0004891512799076736,0.0008225964265875518,-0.0009620971395634115,0.0005590783548541367,0.0013498362386599183,-0.000858937855809927,0.0012665572576224804,-1.3599915291706566e-05,-0.0022017620503902435,-0.0007472800207324326,0.0002426573191769421,-0.00035973693593405187,0.0005871165194548666,-0.00016785328625701368,-0.00031041333568282425,-0.002783282194286585,-0.0003803853178396821,-0.0003222100785933435,-0.0014922342961654067,-0.0011812479933723807,-1.5898967831162736e-05,0.00022325877216644585,-0.000593018950894475,0.000498591922223568,0.0002993464295286685,-0.0026723844930529594
dose16k_B_s2,00004.png,-0.00012847718608099967,-0.0011896385112777352,-0.0010326619958505034,-1.7884864291772828e-06,0.0012420447310432792,0.0005678153247572482,-0.00028598474455066025,-0.00125067587941885,-0.0007924787350930274,0.00020620357827283442,-0.0001464656088501215,-0.0006987121305428445,0.0007590262102894485,0.0003822278813458979,1.4488930901279673e-05,0.0010983701795339584,-3.3248088584514335e-05,0.001215441501699388,1.00194665719755e-05,0.00048758063348941505,0.00013912352733314037,-0.0013654051581397653,0.0012026220792904496,0.0016235902439802885,-0.0017284242203459144,-0.00044551267637871206,0.0005580350989475846,0.0022761623840779066,0.00022232394258026034,-0.000898510857950896,0.0003784403088502586,0.0003754941571969539,-0.0003013693494722247,0.001493649324402213,-0.0007212430355139077
dose16k_B_s2,00005.png,-0.000599403923843056,-0.0026698987931013107,-0.00039170857053250074,0.00020097533706575632,0.0015858141705393791,-0.0006558566819876432,0.0004091693554073572,0.0009532273979857564,-0.0009149063844233751,0.0003028364444617182,-0.00028080682386644185,-2.4023016521823592e-05,-0.0004747687198687345,0.0008236204157583416,-0.0006999516626819968,-7.949039718369022e-05,0.00042656599543988705,0.0005606701597571373,0.0011534838704392314,0.00019875538419000804,-0.00019829964730888605,0.0003341438714414835,0.0005226465291343629,-0.0009019814897328615,-0.0017390587599948049,0.0014181670267134905,0.00029217591509222984,-7.022215868346393e-05,-0.001939607784152031,-0.0013556863414123654,0.0003081611648667604,0.0002562440640758723,7.697031833231449e-06,-0.00015514077676925808,-0.0006341791013255715
dose16k_B_s2,00010.png,0.0014318027533590794,0.0006686095730401576,-0.00042822325485758483,-0.00038132970803417265,0.00045292454888112843,0.0007130308076739311,-0.0005616476992145181,-0.0013560528168454766,-0.0005642013857141137,-0.00038822085480205715,0.00021910504437983036,0.0004135986673645675,0.0006307720323093235,-0.00031557606416754425,-0.0009703366085886955,0.000207708784728311,-0.00022298848489299417,0.0008899455424398184,-8.5964216850698e-05,-0.0004556062922347337,-0.00020482135005295277,8.348366100108251e-05,-0.0006957827717997134,-0.0016394557897001505,0.0011544210137799382,-0.000300480576697737,-0.0007287017069756985,-7.347304745053407e-06,0.0005327865947037935,-0.0012014296371489763,-0.0005359631031751633,-0.0016610844759270549,0.001200694590806961,-0.0010465012164786458,0.0009382072021253407
dose16k_B_s2,00011.png,0.0012241697404533625,0.0024941074661910534,0.0006051419768482447,-0.0003818901313934475,-0.0006119543104432523,0.0018559731543064117,-0.0009527836227789521,0.0002724836813285947,-0.0007250226335600019,-0.0009232830489054322,-0.0006110153044573963,-0.00035889935679733753,0.0009966602083295584,-0.0005631233216263354,7.675217784708366e-05,0.0009448149939998984,0.0009823531145229936,-0.0002307802060386166,-0.0004538526409305632,0.0005224567139521241,0.00045394423068501055,0.0012749334564432502,-0.000870747200679034,-0.0010290633654221892,-0.0009229268762283027,-0.001260561402887106,-0.00019086897373199463,-0.0006076897261664271,-0.0012792119523510337,0.00020565740123856813,-0.0005246762884780765,0.001197885605506599,-0.0001865590165834874,-0.0003665635595098138,-0.0010875253938138485
dose16k_B_s2,00012.png,-0.00038530692108906806,-0.0006625277455896139,0.0013941669603809714,-0.0007618642994202673,-0.0009648632258176804,0.0021647887770086527,-0.0004223478026688099,0.001087666372768581,-0.0017873612232506275,-6.509818194899708e-05,-0.0005298466421663761,0.00036442928831093013,-0.00010189872409682721,0.0009730793535709381,-0.0007833584677428007,0.000681416888255626,-0.0009801510022953153,0.00048153309035114944,-0.00018610469123814255,0.0004799769667442888,0.00013997899077367038,0.0004997536307200789,0.0011474043130874634,5.1317452744115144e-05,-0.0014669939409941435,-0.000726147263776511,1.9595112462411635e-05,-8.122892177198082e-05,0.000988616026006639,0.0003016054688487202,-0.00041465938556939363,0.0010013725841417909,-0.0006344502908177674,0.0005774247110821307,-0.0009357259259559214
dose16k_B_s2,00013.png,0.0005470464238896966,0.0005263554048724473,-0.0013889215188100934,0.00046517234295606613,-0.0002531233476474881,-0.0006545834476128221,0.0006127957603894174,0.0020762658677995205,0.00036664458457380533,0.0010239839321002364,0.0008941213018260896,0.00043535526492632926,0.0014360580826178193,0.0003260208177380264,-0.0022862544283270836,-0.0002876461949199438,-0.00039987260242924094,-0.0008496969239786267,-0.00035357149317860603,0.0012937746942043304,0.000469347694888711,-0.00015027813788037747,-0.0003968171076849103,-0.0002492631319910288,-4.275330502423458e-05,0.00045358604984357953,0.00038295387639664114,-0.00019402278121560812,0.00045706116361543536,0.00023169480846263468,-0.0018482176819816232,0.0002622483007144183,0.00014865964476484805,-0.00018614641157910228,-0.0003118280728813261
dose16k_B_s2,00006.png,-0.0009286747081205249,0.0003006221086252481,0.0013538082130253315,-0.000389517517760396,0.0008483625133521855,0.00026659094146452844,-0.0018083895556628704,0.0004587050061672926,0.0009553121635690331,0.000645079358946532,0.0004294921818654984,-0.0009570482652634382,0.0005103162839077413,-0.0009796463418751955,-0.0005189534858800471,0.0011355213355273008,-0.0003642649680841714,0.00018010326311923563,-0.0010138751240447164,-0.0007268147892318666,-0.0002421568351564929,-0.0012133474228903651,-0.000135806345497258,-0.0009192978614009917,7.127725257305428e-05,-0.00090578239178285,0.0004115978954359889,0.0012044967152178288,-0.0003231055452488363,0.0006255566840991378,0.002134663285687566,0.00026066674035973847,0.00021983688930049539,6.81125748087652e-05,0.00028669676976278424
dose16k_B_s2,00007.png,0.0006109433597885072,0.0002506659657228738,0.0005745571106672287,-3.420735811232589e-05,-0.0004420708282850683,-0.00012120077735744417,0.00028308163746260107,-0.0005844033439643681,0.00022570397413801402,0.0008371052681468427,-0.000557575433049351,0.0011884497944265604,-0.0007274681120179594,0.0012975186109542847,-0.0008716689189895988,-0.0011863852851092815,-0.0005041983677074313,0.0007504966342821717,0.0010422179475426674,-0.0006919067236594856,0.00040890724631026387,0.0011325255036354065,-0.0009476584382355213,0.000738441594876349,-0.0008835974731482565,0.00042177902651019394,0.0006423045415431261,-0.0021544175688177347,0.002262104768306017,-0.0002974176313728094,-0.0016072581056505442,-0.001752781681716442,0.0004891029675491154,-0.0008560164133086801,-0.000885996560100466
dose16k_B_s2,00008.png,0.00017847235722001642,0.0005045951111242175,0.0008040433749556541,-0.00015801847621332854,0.00023238388530444354,0.0002798814093694091,0.00023426224652212113,-0.0001343844924122095,0.0007288435008376837,-0.0011494512436911464,-3.630698847700842e-05,0.0005683588096871972,0.002295062877237797,-0.0001960962836164981,1.0122764251718763e-05,0.00012599767069332302,0.0014244411140680313,-0.0008526465389877558,0.0004249477351550013,-0.0006247705314308405,0.0002802443050313741,-2.237679836980533e-05,0.00136817735619843,-0.00029003771487623453,-0.0007056467002257705,0.0008104447624646127,0.0012563084019348025,0.0008865054696798325,-0.0011483087437227368,-0.001044788514263928,0.00046619653585366905,-0.00020376275642775,-0.0010231126798316836,-1.8172304407926276e-05,0.00030684517696499825
dose16k_B_s2,00009.png,0.00022687375894747674,-0.0009507855284027755,0.0007713900995440781,0.0012840722920373082,-0.0010860185138881207,0.0001501366641605273,0.00051687634550035,0.00036844093119725585,0.0009800875559449196,-0.0014842074597254395,0.0009282903047278523,0.0013283612206578255,0.00040991840069182217,-0.000618225138168782,0.0008743837242946029,0.0010638443054631352,0.0016097609186545014,0.000930621987208724,-0.0005678245797753334,0.000761596136726439,0.00093359051970765,-4.98674635309726e-05,0.0004212810308672488,-0.00012460073048714548,0.0006253729807212949,0.0005109783378429711,-0.000479058624478057,-0.0004123746184632182,0.0005322757642716169,0.0006273944745771587,-0.0003729720483534038,0.0010350772645324469,0.00037694282946176827,-0.0008761466015130281,0.000417817645939067
dose16k_B_s2,00014.png,-0.0015005446039140224,-5.9361067542340606e-05,-0.0006736593204550445,-0.0013490332057699561,-0.0004674249212257564,0.0006246222765184939,0.0013058650074526668,-0.001306130550801754,0.0003487455251161009,-0.000499631161801517,0.0008408392895944417,-0.0002313659933861345,1.4562363048753468e-06,-0.00022829155204817653,0.001174670411273837,0.00010525959805818275,0.0009079610463231802,-0.0007674781954847276,0.00046336144441738725,0.0009055205737240613,0.0015199168119579554,0.00011465117859188467,-0.001497825374826789,0.0013280962593853474,0.0005377914640121162,0.00021268373529892415,-0.0008319251355715096,0.0004171190958004445,0.001053852611221373,-0.0009139076573774219,-0.0007281358703039587,-0.00032845919486135244,-0.0011411880841478705,0.0011952122440561652,0.0006560125621035695
dose16k_B_s2,00015.png,-0.00025221670512109995,0.0003741249965969473,0.00038551524630747736,-0.0008579344721511006,-0.0008223644108511508,0.0011924821883440018,0.00033478575642220676,0.0011400413932278752,0.0013826204231008887,0.0016865646466612816,0.0004856565792579204,0.0011925349244847894,0.0005060743424110115,-0.0006770545733161271,0.0003871541703119874,-0.00036314281169325113,-4.660057311411947e-05,0.0007147187716327608,2.0326548110460863e-05,0.00038573823985643685,0.0005504593718796968,0.00040784256998449564,0.000830529781524092,0.00030037047690711915,0.0011710901744663715,4.138386793783866e-05,-0.0005046091391704977,-0.0020042958203703165,-8.455300121568143e-05,0.0005318702314980328,0.0014798992779105902,0.0010030627017840743,0.00024084000324364752,0.0005618772120214999,-0.0005131993093527853
dose16k_B_s2,00016.png,0.00031998218037188053,0.00024522177409380674,-0.001819299184717238,0.0017761412309482694,0.002088166307657957,-1.0936841135844588e-05,0.0008043224806897342,-0.0004029354313388467,-0.0007616989314556122,0.0002813330211210996,0.0012287074932828546,-0.00024083213065750897,-0.000426853250246495,-0.0010606917785480618,0.0009146641241386533,-0.00018479583377484232,0.0013072567526251078,0.000723659701179713,-0.00029584785806946456,-0.000521572248544544,-2.493556894478388e-05,-0.00033489608904346824,0.0023529480677098036,0.0017313577700406313,0.00027394393691793084,-0.0005496444064192474,0.0007138131186366081,-2.5497699880361324e-06,-0.0014933004276826978,5.145255636307411e-05,-0.000670519657433033,0.0021481309086084366,0.0005035551730543375,0.0008361544460058212,0.00047585685388185084
dose16k_B_s2,00017.png,-0.0012497920542955399,0.00013205522554926574,-9.612907160772011e-05,-0.0004131225578021258,0.001212551025673747,0.0013130507431924343,0.0009221404907293618,0.00042561921873129904,0.001251029665581882,0.0016570498701184988,-0.001930041122250259,0.0016043675132095814,0.0003101508191321045,-0.00012270439765416086,-0.0008029753807932138,-0.001952272723428905,1.3256641977932304e-05,-0.0005042879492975771,-0.000992576009593904,0.0008470556349493563,-0.0010677161626517773,0.0016657576197758317,-8.44157111714594e-05,-0.0002690182882361114,0.00048190687084570527,0.0003963658818975091,-0.0012158617610111833,-0.0007936418987810612,-0.00010044292139355093,-0.0005206133937463164,-0.00047856144374236465,-2.3574248189106584e-05,-7.706022734055296e-05,-0.00019799123401753604,-0.0002389765140833333
dose16k_B_s2,00018.png,0.0007548626163043082,0.0010322157759219408,-0.000551212637219578,-0.0006991593982093036,9.447740012547001e-05,-0.00029508693842217326,0.0004603307752404362,0.00035334701533429325,0.0001381960610160604,-0.00153217907063663,-0.001016868744045496,-4.111423095309874e-06,-5.5949250963749364e-05,0.0018064426258206367,0.0012507546925917268,-0.00041066587436944246,-0.0004317981074564159,-0.0004519097274169326,0.000156542839249596,-0.00034475867869332433,0.0001071378865162842,-0.00020570267224684358,0.000932313094381243,-0.00018040035502053797,0.00023594917729496956,0.0014173219678923488,-0.0008394516771659255,-0.00029978249222040176,-0.0017719307215884328,0.0008204965852200985,-0.001131995813921094,0.0002645283821038902,-0.0003334524226374924,0.0002463760320097208,-0.0008839350193738937
dose16k_B_s2,00019.png,0.00011115415691165254,0.00032377755269408226,-0.0011899163946509361,0.0003901223244611174,-0.0003058545698877424,0.0006294887280091643,-0.00015811852063052356,-0.0022410124074667692,0.0006362283602356911,0.0019601117819547653,0.0006755709764547646,-0.00033070333302021027,-0.0011117351241409779,0.0008736599120311439,-0.0010045861126855016,-0.00025943206856027246,0.00024532648967579007,9.719278750708327e-05,0.0003284573904238641,0.0006264232797548175,-0.0003755762299988419,-0.0006533813429996371,0.00031022707116790116,-0.0006878309650346637,-0.000533301557879895,-0.0006966153741814196,-0.0003339180548209697,-0.000570694450289011,-0.0008094921940937638,0.000717037299182266,0.0007212504860945046,0.0002914396463893354,-6.100290920585394e-05,0.0015243629459291697,0.0003683734394144267
dose16k_B_s2,00020.png,-4.935724791721441e-05,0.0004438239266164601,-0.001944990362972021,0.0017044994747266173,9.283593681175262e-05,-0.0012007680488750339,0.0007389149977825582,0.0003415631945244968,-0.0005413934704847634,-0.0002705596270971,-0.0005032923072576523,-0.001692462246865034,-1.743484790495131e-05,-0.0017289362149313092,0.0017404252430424094,0.0004304609901737422,-0.00026112180785275996,-0.0020453650504350662,-0.0013328022323548794,-0.000720069045200944,-0.0007137639331631362,0.0006712568574585021,-0.0011587870540097356,-0.0017232887912541628,0.001417341991327703,0.00032436943729408085,-0.0013475732412189245,-0.00045847936416976154,-0.0007848049281165004,-0.000585488392971456,-0.0023647695779800415,-0.0003517252625897527,0.0012865009484812617,-0.0009344459394924343,-4.479078597796615e-06
dose16k_B_s2,00021.png,0.0004943122039549053,-0.001199622405692935,-0.0008150141802616417,0.0014525107108056545,0.0008841854287311435,0.001113152946345508,-0.000497885630466044,-0.0008860125672072172,0.0007083216914907098,-0.0007796977879479527,-1.1139050911879167e-05,0.0002851835743058473,7.504949462600052e-05,-0.00017593860684428364,-3.894105975632556e-05,0.0003946632205042988,0.0008742061909288168,0.000364069506758824,0.0005766212707385421,-0.00016336834232788533,0.0010361471213400364,0.0011291980044916272,0.001187572837807238,0.0006286448915489018,0.0008448247099295259,0.0011450180318206549,0.00018595016445033252,-5.305544982547872e-05,-0.0006597580504603684,-0.00017743495118338615,0.0013407542137429118,-0.00019376467389520258,4.5648430386791006e-05,0.0006902075256220996,-0.00016915104060899466
dose16k_B_s2,00022.png,-0.0008305753581225872,-0.00013167331053409725,-0.0010735405376181006,-0.0004541172820609063,-0.000355966214556247,-0.00020845496328547597,-0.0006539871683344245,0.0012668406125158072,-0.0007081940420903265,-0.00043026998173445463,-0.0007997563225217164,0.00042853388004004955,-0.0004070613067597151,0.0014277588343247771,0.0008940499974414706,2.9441491278703324e-05,0.0009405727032572031,-0.000893003074452281,-0.001954691018909216,0.00039510714123025537,0.00019619408703874797,0.000731457956135273,0.00028757259133271873,0.0014451469760388136,0.001183247659355402,0.0005575943505391479,-0.001701547298580408,0.00045941598364152014,-0.0010564159601926804,-0.0002542831061873585,-0.0006119654863141477,0.00043678522342815995,-0.0005979096167720854,-0.0001137306826421991,0.00017236775602214038
dose16k_B_s2,00023.png,-0.0004169636813458055,-0.0007444442017003894,-0.0020028932485729456,0.002230711979791522,0.001761596417054534,-0.00014104536967352033,6.559506437042728e-05,-0.00027952188975177705,-0.0011571847135201097,0.001740846550092101,0.00035457624471746385,-0.0002982880105264485,0.00011890393943758681,-0.00028756423853337765,-0.00011336660827510059,-0.0007704407908022404,-0.0007345860940404236,-0.001229744520969689,0.0002840623783413321,-0.0005794625030830503,0.00032086842111311853,0.00014206311607267708,0.0014372884761542082,-0.0009111620020121336,0.00041295774281024933,-0.00010290498175891116,0.0003345161385368556,0.00041633297223597765,0.0005905815633013844,-0.00035607817699201405,9.362043783767149e-05,-2.363811290706508e-06,-0.00030198870808817446,0.0013514123857021332,-0.0005803282838314772
dose16k_B_s2,00024.png,-0.0011872830800712109,7.116678898455575e-05,-0.0013500724453479052,0.0007257123361341655,-0.0011480688117444515,-2.6476393031771295e-05,0.0009925490012392402,0.0007987115532159805,0.0005488605238497257,-0.0007805308559909463,-0.0005749919218942523,-0.001196857076138258,-0.0007626873557455838,0.0008963032742030919,-0.00039663814823143184,0.0011687183286994696,0.0004965065163560212,0.0006528423982672393,-7.937214832054451e-05,-0.0006516332505270839,-0.0015674314927309752,0.0003846326726488769,-0.0005372276064008474,-0.0012898165732622147,-0.0002396935597062111,-0.0014264347264543176,0.0005389636498875916,0.0008733495487831533,-0.0006876650732010603,-0.00030981673626229167,-0.0009811288909986615,0.0005025645950809121,0.0001875560119515285,0.0009617882315069437,-0.00027625076472759247
dose16k_B_s2,00025.png,3.5864733945345506e-05,0.000498573703225702,0.0018153308192268014,2.7673435397446156e-05,2.0395378669491038e-05,0.0001219338591909036,0.0010379146551713347,0.00021735645714215934,0.00031187996501103044,-0.0006447934429161251,-0.0018462210427969694,0.0004237378016114235,0.00022048708342481405,-0.0003356316010467708,0.00046600011410191655,0.0008701829938217998,-0.0012261910596862435,0.0006559541216120124,-8.036800136324018e-05,-0.00034959972254000604,0.0010882789501920342,0.0008775439346209168,0.0006332113407552242,-0.0003375208762008697,0.0010300051653757691,0.0017256959108635783,0.0005568866617977619,-0.002251588273793459,-0.0009649904095567763,-0.0018349335296079516,-0.0002933237119577825,0.00040768171311356127,0.0002428017178317532,0.0024947940837591887,-0.0006052069365978241
dose16k_B_s2,00026.png,-0.0010917813051491976,-0.0011247873771935701,-2.182023126806598e-05,9.228090493706986e-05,-0.0007507949485443532,0.00013017984747420996,-0.0010510002030059695,-0.0008299159817397594,0.0012269195867702365,-0.0009224364184774458,0.0009510028758086264,0.00036281708162277937,-0.0019269948825240135,-3.532076516421512e-05,-0.0004164266283623874,0.0009010177454911172,-5.8524517953628674e-05,-0.000526514311786741,0.0011020463425666094,0.001441776636056602,-0.0014822264201939106,-0.0013131344458088279,0.0006655447650700808,0.00019860836619045585,-0.0002887973969336599,-0.0006848208140581846,0.00030321325175464153,-0.0004308678035158664,0.0011848767753690481,-7.823868509149179e-05,-0.00010554688924457878,0.00019304276793263853,-0.0010935873724520206,0.0016968905692920089,0.0006235057371668518
dose16k_B_s2,00027.png,0.000130251792143099,-0.00032130489125847816,0.0015893317759037018,0.0010221232660114765,0.0016919689951464534,0.0012105550849810243,0.0006826215540058911,-0.0011061266995966434,0.001010694308206439,-0.0003485010820440948,-9.720279922476038e-05,-0.002164035802707076,-0.0017401082441210747,-0.0005150429205968976,-0.0017105859005823731,-0.0019595471676439047,-0.00035571513581089675,0.0009382325224578381,-0.000369655666872859,-0.000156996728037484,0.0007226043380796909,-0.00031170129659585655,0.0014002433745190501,0.00010187883890466765,0.00010837284935405478,-7.26975267753005e-05,-0.00038549405871890485,0.0011594091774895787,2.3655362383578904e-05,0.0011075319489464164,-0.0018215778982266784,-0.0004947251291014254,-0.00016895929002203047,0.0009542554034851491,0.0004802578187081963
dose16k_B_s2,00028.png,-0.0005039018578827381,-0.002394125796854496,-0.0017352137947455049,0.0018981987377628684,0.001404604990966618,-7.81675407779403e-05,0.0001765233464539051,-0.0013876337325200438,0.00018852291395887733,-0.000903165724594146,0.00012168634566478431,7.171837205532938e-05,-0.0008934597135521472,-0.0012333919294178486,-0.0002182896132580936,0.00017539063992444426,3.886375270667486e-05,-0.0005734234000556171,-0.00017394215683452785,0.0003388726618140936,-0.00023670197697356343,-0.0007389832171611488,-0.0004199091927148402,-0.0006949981325305998,0.001921466551721096,0.0019803449977189302,0.0005128781776875257,0.0004138941294513643,0.0009246642584912479,-0.0012197346659377217,0.0017966709565371275,-0.0019919397309422493,0.0003281606186646968,0.00019827259529847652,-0.0004595971549861133
dose16k_B_s2,00029.png,0.0009818365797400475,-0.0012533069821074605,0.00039935248787514865,0.0003887368366122246,-1.4326485143101308e-05,0.0015156532172113657,3.362218922120519e-05,0.0008293321006931365,-0.0007933804881758988,-0.0010452809510752559,-8.539350528735667e-05,0.00044961957610212266,0.0004512349551077932,-0.00016861798940226436,-0.001187950256280601,3.211127477698028e-05,0.0011817511403933167,-0.0028288625180721283,-0.0005136102554388344,-0.0003764881694223732,-0.00012414457160048187,0.00022884499048814178,0.0007848620298318565,6.50582296657376e-05,0.00034452855470590293,0.001735238591209054,0.0001676082465564832,-0.00014696139260195196,-0.000934477080591023,5.891262844670564e-05,-0.0006689048605039716,-0.0012554976856335998,0.00024900594144128263,0.0012804035795852542,0.0005312232533469796
dose16k_B_s2,00034.png,0.0015191884012892842,0.0008419970981776714,-0.0012567269150167704,0.0016756419790908694,0.001839571399614215,0.0018675802275538445,0.0003520309110172093,0.00021603083587251604,-0.0003893416142091155,-0.0005381502560339868,0.00011462511611171067,-0.0003074101987294853,0.000630142807494849,-0.0009112737607210875,-0.001258163363672793,0.0006329597090370953,-0.0004991095047444105,-0.0012897789711132646,0.0006238209316506982,0.0009254163014702499,-0.0008219085866585374,0.000316539837513119,0.00046291935723274946,-0.0009631334687583148,0.00130638072732836,0.0010400698520243168,-0.0005155933904461563,0.0013248624745756388,-0.0013393991393968463,-0.0013411513064056635,0.0008328111143782735,-0.0005840128287672997,0.0005606732447631657,2.1334662960725836e-06,-0.0006993310526013374
dose16k_B_s2,00035.png,-2.0388655684655532e-05,0.0009574152645654976,-0.0001322727621300146,-0.0011479954700917006,0.0011677085421979427,0.0009006827604025602,0.0001395468134433031,0.0001498322671977803,-0.00028982458752579987,0.0015765702119097114,0.0002343956584809348,-0.0003496198623906821,-0.002010813681408763,0.0009252919699065387,0.001766818924807012,0.0004556288185995072,0.0011653046822175384,-0.0016570332227274776,-0.0010790269589051604,-0.000787273223977536,0.0001393237034790218,-0.00019157680799253285,-0.0004325354238972068,0.0002313294680789113,0.0007735464605502784,0.00043187153642065823,9.607955871615559e-05,-5.756357859354466e-05,7.97808388597332e-05,-0.0012880333233624697,0.0011083093704655766,0.0004901569918729365,0.002276092767715454,-0.00059636210789904,-0.000586944108363241
dose16k_B_s2,00036.png,-0.0005606280756182969,0.0006729285814799368,0.0003881540324073285,-0.00027948510251007974,-0.00017104536527767777,-0.0002826759882736951,-0.00016598228830844164,0.0005870282766409218,-0.0010468718828633428,-0.0004256732063367963,-0.00016110071737784892,-0.0009928582003340125,0.00041422268259339035,0.000576936115976423,-0.0006073502590879798,-0.000614630407653749,6.088971713325009e-05,-0.00114367192145437,-0.0008843784453347325,0.0018517511198297143,5.640544986817986e-05,-0.000902425148524344,0.0020108597818762064,-1.0484896847628988e-05,-0.0008456878713332117,0.0014387361006811261,-0.001364739378914237,-0.0005599463474936783,0.0005201547755859792,0.0009885659674182534,-0.0009537106961943209,0.0016541404183954,0.0007295010145753622,-0.0009863263694569468,0.0002489002945367247
dose16k_B_s2,00037.png,-0.0012140431208536029,-0.002548833377659321,-0.0012481514131650329,0.0010473363799974322,0.00079118408029899,0.0012400161940604448,-0.0002085905580315739,0.002194842789322138,0.002199463779106736,-0.0011010178131982684,0.00033901637652888894,-0.0007337579154409468,0.0003216772456653416,-0.000599173188675195,-0.0010839252499863505,-0.00047411280684173107,-0.0017908696318045259,0.0002702986530493945,-0.0005288794636726379,0.0004818197921849787,0.0020714420825242996,-0.0004117836069781333,0.0004718611016869545,-0.0005544883897528052,-0.00016016514564398676,0.0008364836685359478,9.104615310207009e-05,0.0008767045219428837,-0.00013421446783468127,-0.00030260896892286837,0.00037514613359235227,-0.00027538457652553916,0.0016936060274019837,0.001029180595651269,-0.001390483696013689
dose16k_B_s2,00030.png,-0.0012745452113449574,-0.0015790237812325358,0.0014316884335130453,0.0009038299322128296,-0.0014673342229798436,1.3947743354947306e-05,-0.000592234602663666,-0.00023156459792517126,-0.0018379339016973972,0.0007044758531264961,-0.0004915650351904333,-0.00011497131345095113,-0.0009410442435182631,-0.00200491095893085,0.00015271724259946495,0.0016373596154153347,0.0010800313903018832,-0.0006574835861101747,-0.001765943132340908,-0.00034189000143669546,0.0008385196560993791,-6.916296115377918e-05,0.0002697328745853156,0.00046379308332689106,-9.163270442513749e-05,0.000653991533908993,-0.001634215353988111,-0.0009585802326910198,-0.0006294800550676882,-0.0012772793415933847,0.001464013010263443,6.0250920796534047e-05,0.0012862887233495712,-0.00035319579183124006,-0.0008991947397589684
dose16k_B_s2,00031.png,-0.000246006587985903,-8.598464773967862e-06,-0.0010889172554016113,0.0006399622070603073,0.0009960999013856053,0.0009047032799571753,0.0017292802222073078,0.0011507970048114657,0.0013419854221865535,-3.072040999541059e-05,0.0004897150793112814,0.0006665182299911976,-0.0006611209828406572,0.00018182184430770576,-0.0009337832452729344,0.00033048336626961827,0.0006647284026257694,0.0001537096977699548,-0.00048041887930594385,0.0004645773733500391,-0.00031866334029473364,-0.00024043467419687659,0.0006709021399728954,-0.0009075501002371311,-0.0006841273279860616,0.0020648185163736343,-0.0005442981491796672,-8.010424062376842e-05,0.000932868686504662,-0.00016303123265970498,0.0005754081648774445,0.0010757410200312734,-0.0018389304168522358,8.706969674676657e-05,-7.18942828825675e-05
dose16k_B_s2,00032.png,0.0012943129986524582,0.0007008611573837698,0.00040128917316906154,0.00017386663239449263,-0.0005830538575537503,0.0013929364504292607,0.00039815183845348656,-0.0011149095371365547,-0.0008967992616817355,-0.0008152918890118599,0.000662050093524158,0.0007480559288524091,-0.00041432716534473,-0.0007110388833098114,-0.0010463594226166606,-0.003205454908311367,0.00045460418914444745,-0.00011280751641606912,-0.00044738571159541607,-0.0001940488873515278,0.0006331390468403697,0.0002817084896378219,-5.019312447984703e-05,0.0007157686050049961,0.0014291917905211449,0.0006742159021086991,2.4170334654627368e-05,0.00019895190780516714,-0.000851298391353339,-0.0020371321588754654,0.0009179352782666683,-0.0002373048773733899,0.0006176343304105103,-0.0010713591473177075,0.0007496030302718282
dose16k_B_s2,00033.png,-0.0005645439960062504,-0.0018617452587932348,0.0011792931472882628,0.0016551908338442445,0.0014007682912051678,-0.0009608982363715768,-0.0005498928367160261,-0.00044097169302403927,0.0011588764609768987,-0.00025889649987220764,3.556044975994155e-05,-6.475311238318682e-05,-8.634372352389619e-05,0.0014998377300798893,-0.000763613439630717,0.00021964224288240075,0.0019199542002752423,-0.0017671940149739385,0.0025494000874459743,-0.001220918376930058,-0.00029807534883730114,-0.000725523685105145,4.1975872591137886e-05,0.0014093733625486493,0.0003010844229720533,-0.0010745478793978691,-0.000460208480944857,-0.00013828360533807427,-0.0011388857383280993,-0.001023635151796043,-0.001053279615007341,-0.0004729394568130374,3.685156480059959e-05,0.0005053660133853555,-0.0006958202575333416
dose16k_B_s2,00038.png,-0.001348684774711728,-0.0022487787064164877,-5.843839608132839e-05,0.000762362324167043,0.0012773266062140465,0.0006568899261765182,-0.0005150798242539167,0.0009984779171645641,0.0004886150709353387,0.0007571038440801203,-0.0013404546771198511,-0.0008813514723442495,-6.961684266570956e-05,0.0003920472809113562,-0.0007483005756512284,-0.0011042074766010046,0.0010469019180163741,-0.0009192145080305636,-0.0001971362071344629,0.0016294491942971945,-7.133410690585151e-05,-0.001602637697942555,0.00029399050981737673,-0.0008139764540828764,0.0007307288469746709,0.0002190762897953391,-0.0011194631224498153,-0.0007621686672791839,0.00038428048719651997,-0.0008702948107384145,0.0010771288070827723,0.00028943311190232635,0.0007735101971775293,0.00014770301640965044,-0.0015742148971185088
dose16k_B_s2,00039.png,0.0013813743134960532,0.0018376321531832218,0.0002623814216349274,-4.825872019864619e-05,-0.00029143906431272626,0.0009756241925060749,-6.271636812016368e-05,0.00023194160894490778,-0.00015610340051352978,-0.0007956030895002186,0.0016843302873894572,0.0017012099269777536,-0.00045917442184872925,8.726352825760841e-05,-0.001535980380140245,-0.0006005214527249336,-0.0008252895204350352,-0.0012544107157737017,0.0014850872103124857,-0.0007853441638872027,0.00023763271747156978,-0.0003637783520389348,-0.000487440061988309,0.00010170718451263383,0.0022043809294700623,-0.000162697077030316,-0.0011863309191539884,-0.001156992162577808,-0.0005450201570056379,-0.0007162850233726203,0.0015551153337582946,-0.00026551407063379884,0.001131572062149644,0.0005552060320042074,9.047018102137372e-05
dose16k_B_s2,00040.png,0.00023673244868405163,0.0008872244507074356,8.606063784100115e-05,-0.0014504865976050496,-0.00025404136977158487,0.0004385918437037617,-0.0006226328550837934,0.00028010993264615536,-0.0011620632139965892,-0.00020532873168122023,0.00015924499894026667,0.0008403228712268174,0.001265290891751647,-0.00020989948825445026,0.001640706555917859,0.002116898074746132,-0.0011242118198424578,0.0004892894648946822,-0.0005480144172906876,0.00033269848790951073,0.0009060875163413584,0.000542260124348104,-0.0013209052849560976,-0.0005348275881260633,-0.0008270058897323906,0.0023283769842237234,-0.0010305163450539112,-0.000766310840845108,-0.00022982657537795603,0.0008624207694083452,0.0004488303675316274,0.0005453155026771128,0.000538141408469528,-0.0012623106595128775,9.441959264222533e-05
dose16k_B_s2,00041.png,-3.5455414035823196e-05,0.00039648578967899084,-0.00044396999874152243,-0.0007799122831784189,0.0023967099841684103,-0.0002809836296364665,-5.4351250582840294e-05,5.7351346185896546e-05,0.00041830804548226297,-0.002735965186730027,0.0016463444335386157,0.00015643016376998276,0.0007862167549319565,-0.0005313448491506279,0.0012178776087239385,0.00216737762093544,-0.00021511652448680252,-0.00027410133043304086,-0.0012808121973648667,-0.000743473821785301,-0.0002443694684188813,-2.3796214009053074e-05,-0.002187413163483143,-0.0014319887850433588,0.001131680910475552,-0.0009405958699062467,0.0017745477380231023,-0.0013164577540010214,-0.0010717367986217141,-0.0004343972832430154,-0.0001280806609429419,-0.001031505991704762,-0.000811230216640979,-0.0003054423432331532,0.0008457305957563221
dose16k_B_s2,00042.png,-0.0013209801400080323,-0.001807440654374659,-0.001200796221382916,-0.0010417430894449353,-0.00031957149622030556,0.00120695645455271,0.0005793764139525592,0.001227890606969595,-0.0004944355459883809,-0.001317263930104673,0.0005454887868836522,0.00012424102169461548,-9.40773097681813e-05,-0.0007902763318270445,-0.0004795469285454601,-0.00032474336330778897,-0.0006354927318170667,0.0004888956318609416,-1.3400662282947451e-05,0.0009690092992968857,0.0002616112760733813,-3.3865657314890996e-05,-0.0005518566467799246,-5.693355342373252e-05,0.001080695423297584,-0.0012560300529003143,-0.0006621069042012095,-0.001151423784904182,0.0006296327337622643,-0.0021603077184408903,0.0006350690382532775,-0.0009494668338447809,7.683368312427774e-05,-0.0005564821767620742,-0.0012500053271651268
dose16k_B_s2,00043.png,-0.000829838216304779,-1.9400956716708606e-06,5.583815072895959e-05,0.0009068659273907542,-0.0005414297920651734,-0.002623075619339943,-0.0015770625323057175,-5.224303458817303e-05,0.0005314273876138031,-0.0017301837215200067,-0.000330672221025452,-2.140957622032147e-05,-0.001136914943344891,0.000577409053221345,0.000581821077503264,0.000582212524022907,0.001395883271470666,2.071796370728407e-05,0.00041439550113864243,-0.0006669036229141057,-0.0001647324243094772,-0.0016744087915867567,0.0017981932032853365,0.0017207803903147578,-0.0006643651868216693,-0.0006349809700623155,0.00010108028800459579,0.0015829543117433786,0.0004614241188392043,0.001224325387738645,-0.00028741382993757725,-0.0002538268454372883,-0.0006546864751726389,-0.0005830070585943758,6.262394163059071e-05
dose16k_B_s2,00044.png,-0.001672145095653832,-0.0007239865371957421,1.9859609892591834e-05,0.000955400348175317,-0.0003986094379797578,0.0018980794120579958,-0.00038162872078828514,-0.0012503722682595253,0.0013164562406018376,-0.00035703019239008427,-0.0005106327007524669,0.0005238876910880208,0.0006414657109417021,0.000913892115931958,-0.0009886168409138918,0.0009158701286651194,0.0012171439593657851,-0.0014089925680309534,-0.0007116108317859471,0.0008841529488563538,-0.0007567055290564895,-0.0004912576987408102,3.785268927458674e-05,-0.0011255857534706593,0.00023814778251107782,-0.0009336721850559115,-0.001151922158896923,-0.00018133326375391334,-0.002591487718746066,0.0005428483127616346,-1.1681660907925107e-05,-8.305020310217515e-05,-0.0008328896365128458,0.0007596829091198742,-0.0010181453544646502
dose16k_B_s2,00045.png,0.0005022022523917258,0.0011383311357349157,0.0007008956745266914,8.652440010337159e-05,0.00019885053916368634,-1.7753802239894867e-05,0.00025947834365069866,0.0003159130283165723,0.0005605984479188919,-0.0001289353967877105,-0.0003445317270234227,-0.00022929467377252877,-0.0010566447163000703,-0.0006932875839993358,-0.0010695470264181495,-0.0009839563863351941,-0.000873758748639375,0.00019085078383795917,0.0007246483000926673,0.0004093759343959391,-0.002292249584570527,0.0003293826011940837,-0.0011740452609956264,-0.0009568535024300218,0.00071001797914505,-0.0003532163973432034,-0.0008726129308342934,-0.0006013928796164691,0.002021708292886615,0.00023025833070278168,0.00011518545943545178,-0.00022564863320440054,-0.0017955395160242915,-0.00029669608920812607,-0.0011184667237102985
dose16k_B_s2,00046.png,-0.0011642175959423184,-0.0011390544241294265,0.0007242343272082508,0.00014005218690726906,0.0009270746377296746,-0.0011692711850628257,0.0016901714261621237,0.00042278700857423246,0.0011167345801368356,0.00027959528961218894,0.0002972497895825654,-0.00031983587541617453,-0.0003474207187537104,-2.0085437427042052e-05,-0.0002235519204987213,0.001921371091157198,0.0002996569382958114,0.0008353976299986243,1.0355768608860672e-05,-0.0005927801830694079,0.0002732762659434229,0.001217284006997943,4.216519300825894e-05,-0.0006993330898694694,0.0010417993180453777,-0.0010686105815693736,-0.0008512164931744337,0.0017479240195825696,-0.0009769413154572248,-9.584992221789435e-05,-0.0004930414725095034,-0.0012670973083004355,0.0006591251585632563,0.0011487231822684407,-0.0014149867929518223
dose16k_B_s2,00047.png,0.0012825025478377938,0.0006394719239324331,-7.120530790416524e-05,0.00036365893902257085,-0.0006892922101542354,9.316500654676929e-05,0.0011290226830169559,0.00021893494704272598,-0.0005887257866561413,-0.0009277696372009814,-0.0008293146966025233,0.000916284741833806,-0.0010956325568258762,0.0003999887267127633,0.0002270981640322134,-0.0016193342162296176,0.0006955780554562807,-0.0005608891951851547,0.0028190764132887125,0.0005644961493089795,-0.0012135347351431847,-0.0003499067388474941,0.0006523667252622545,0.0005630828673020005,0.0001262039295397699,2.492284147592727e-05,0.0017185643082484603,7.29376042727381e-05,0.00011719506437657401,0.0006193044246174395,-0.0009276081691496074,-0.00011634622205747291,-0.00025347803602926433,0.0018157587619498372,-7.586029823869467e-05
dose16k_B_s2,00048.png,4.914975761494134e-06,-0.00042863006819970906,0.0008402614039368927,-3.851631117868237e-05,-0.0003753611526917666,-0.0004143094993196428,-0.0012507598148658872,-0.0007177093648351729,0.0012773824855685234,0.0009470403310842812,0.0013292963849380612,-0.00021641403145622462,-0.0008755586459301412,-0.0002528441254980862,0.0008638988947495818,-0.000899385311640799,-0.0010053617879748344,-0.000759508169721812,-0.0008207120699808002,0.0008724945364519954,-0.0007171392207965255,-0.0001225394371431321,-0.0016029091784730554,0.0012067497009411454,-0.0003717253275681287,0.0005918358801864088,-0.00033851712942123413,-0.0015432710060849786,0.00019578795763663948,-0.00038851669523864985,-0.00019887530652340502,-0.0005862764664925635,-0.0002364784013479948,0.0004337633145041764,2.5708201064844616e-05
dose16k_B_s2,00049.png,-0.00014459493104368448,6.907790520926937e-05,0.0005768421106040478,0.003157027531415224,0.002090390305966139,-0.0002605045447126031,2.2970925783738494e-05,0.0003643993695732206,-0.0001352120452793315,-0.0014020444359630346,-0.00032352746347896755,0.0007845936343073845,0.0012472893577069044,0.000605743087362498,0.00018280281801708043,-2.0685938579845242e-05,-0.00012864579912275076,0.00017195154214277864,0.0010135590564459562,-0.00033598116715438664,-5.146622697793646e-06,-0.001949748140759766,0.00018651959544513375,0.000674862414598465,-0.0004654061340261251,0.00138308375608176,0.0003540768229868263,0.0006028510979376733,-0.0005760368658229709,-0.00041137286461889744,-0.0007925084210000932,0.0011155144311487675,-0.0008964115404523909,0.00133543333504349,-0.0015213624574244022
dose16k_B_s2,00050.png,-0.0005143542075529695,-0.0011720687616616488,6.954392301850021e-05,0.0005936535308137536,-0.0007043826626613736,0.00026676300331018865,0.0008761670324020088,0.0005707671516574919,0.00036226242082193494,-0.0008856222848407924,-4.040775456815027e-05,-0.000301527907140553,5.750517448177561e-05,0.0011812784941866994,-0.0019913113210350275,0.0015611170092597604,-8.013553451746702e-05,9.79387914412655e-06,-7.80773552833125e-05,0.0009247923735529184,-0.00022308201005216688,-0.0007838530582375824,-0.0012965211644768715,-0.0005035764770582318,-0.000617804063949734,0.0013251055497676134,-0.0001420726766809821,0.0009902309393510222,-0.0009568837704136968,0.0009508792427368462,-0.0009195133461616933,0.00011628541687969118,-0.00021986266074236482,-0.0005171002121642232,-0.000875714875292033
dose16k_B_s2,00051.png,-8.523449650965631e-05,-8.11813079053536e-05,0.0007689077756367624,-0.00046552083222195506,-0.001616608235053718,0.0006808042526245117,0.0004569689044728875,-0.00016047146345954388,0.00024563432089053094,-0.00012368522584438324,-0.00032210489735007286,-0.00143534317612648,-0.0014914816711097956,0.0005972401122562587,-0.0012449005153030157,-0.00065268250182271,0.0007718849228695035,-0.0008800814975984395,-0.00024631115957163274,0.0008099615224637091,0.0006805362063460052,0.0009360162075608969,0.00010499683412490413,0.000780300993937999,0.0003886986814904958,-0.0011961060808971524,0.0018432317301630974,-0.00041381223127245903,0.0007286019972525537,0.0006042027962394059,0.0003291952598374337,-0.0012063304893672466,0.00013192380720283836,-0.0012917944695800543,-0.00010457817552378401
dose16k_B_s2,00052.png,0.0002329264098079875,9.779659012565389e-05,-0.0009435036918148398,-0.0009145912481471896,-0.000538389605935663,0.00022323467419482768,0.0013460174668580294,0.0013502024812623858,-0.0023497322108596563,0.0012399465776979923,0.0006896120612509549,0.001673112390562892,-0.0008334569283761084,0.0006554070860147476,0.0015465535689145327,3.951121470890939e-05,-0.0008959702681750059,0.0002731090353336185,-0.00048484932631254196,-0.0016133346362039447,-0.0001588457089383155,0.0019926861859858036,-0.0015724519034847617,9.448875061934814e-05,0.0018009271007031202,-5.1373568567214534e-05,-0.00029171438654884696,5.403069008025341e-05,-0.0018320586532354355,0.00021722099336329848,-0.0008119707927107811,-0.0005059356917627156,-0.0007432781276293099,-0.0013250517658889294,-8.803730452200398e-05
dose16k_B_s2,00053.png,-0.0013532736338675022,-0.0021564546041190624,-0.0032652979716658592,0.0013345462502911687,0.0008539392147213221,0.0015800894470885396,-0.0007540606893599033,-0.00021656182070728391,-0.0007501402869820595,0.001504802261479199,-0.0024973207619041204,-0.0009044716134667397,0.0010368151124566793,-6.526417564600706e-05,-0.0003693689068313688,-0.00013066617248114198,0.00015987377264536917,-0.00035343883791938424,-0.0015653464943170547,0.0004628725291695446,-0.0007843034691177309,-0.0009574383730068803,0.0018998963059857488,-0.0012964692432433367,0.0005383837851695716,-5.959879490546882e-05,0.0011670998064801097,0.00017645324987825006,0.0014650021912530065,-0.0020365382079035044,0.0007195047801360488,-0.00016294876695610583,-5.347746628103778e-05,7.10605745553039e-05,-0.0008097704267129302
dose16k_B_s2,00058.png,-0.00029199779964983463,-0.0007815606659278274,0.0004767276404891163,-0.0014452941250056028,0.0003237067721784115,-0.001083627576008439,-0.0006686925189569592,0.0010372820543125272,-0.00022073012951295823,-0.0005405765841715038,-0.001090604462660849,0.0001147213697549887,-0.0007105948170647025,-0.00037091001286171377,-0.0003300046664662659,-0.00015120614261832088,0.0005459589301608503,0.0005504244472831488,0.0004939395003020763,-0.0007414460415020585,0.0003554127470124513,-0.0003019212163053453,-0.0010502052027732134,0.0013690225314348936,-2.282020250277128e-05,-0.0007579262019135058,-0.0006962252082303166,0.0013394387206062675,-0.0002428898005746305,0.00016230657638516277,0.0004574601480271667,0.0002748653350863606,0.0014529520412907004,0.0002457972150295973,-0.0006569819524884224
dose16k_B_s2,00059.png,0.0009582571219652891,0.0013228828320279717,-0.000833292375318706,-0.0017705656355246902,-0.00014049012679606676,-0.0010614772327244282,0.0008872516918927431,0.0001507317938376218,0.0009237853228114545,0.0007953810854814947,0.001849654596298933,-0.0007509299321100116,0.0007373669068329036,-0.0013577210484072566,-0.0008711296250112355,0.0025210250169038773,-0.0001259833516087383,0.0008938533719629049,-0.00036642642226070166,-0.0001668822078499943,0.0008633401012048125,-0.00020930716709699482,0.0006005086470395327,-1.0982767889800016e-05,0.0004755419213324785,-0.0009676029440015554,-0.001733583863824606,-0.0012472706148400903,-0.001172865740954876,0.0020713687408715487,-0.0004858312022406608,-0.0013935653259977698,8.552113285986707e-05,-0.00033992479438893497,-0.0009798144455999136
dose16k_B_s2,00060.png,0.0009798133978620172,0.0010511336149647832,-0.00021045388712082058,-0.0022124112583696842,-0.0001553665497340262,0.001153996679931879,0.00024965827469713986,0.0012476980919018388,0.0016417091246694326,0.0003573573485482484,-0.0006843642913736403,-0.000753655331209302,-0.0014071040786802769,0.0017326736124232411,-0.00031645994749851525,-0.0005742832436226308,0.0017551945056766272,0.0014071243349462748,0.0008572794613428414,-0.0011488843010738492,-0.00019552482990548015,0.0006735880742780864,-0.0006738299271091819,0.0014621684094890952,-0.00027043800218962133,0.0006180143100209534,-5.841729489475256e-06,0.0002133560337824747,0.0013992682797834277,-0.00011572981020435691,-0.00010716357792261988,-0.0017969792243093252,0.0003415769897401333,0.0011708167148754,0.0005067526362836361
dose16k_B_s2,00061.png,0.0010096271289512515,-0.0006485263002105057,0.00020002889505121857,0.0015446424949914217,0.0008886568248271942,-0.0008702817722223699,0.00016947615949902683,-0.0010860746260732412,-0.0004900447675026953,0.0014292969135567546,0.0015166249359026551,-0.001213391893543303,0.0002629689988680184,-0.002303194021806121,-0.00026925766724161804,-0.0004213244537822902,0.00147480727173388,-0.00014860874216537923,0.0003393640217836946,-0.001237952965311706,-0.00065663643181324,2.324863635294605e-05,-0.0015977449947968125,-1.518767294328427e-05,6.665162072749808e-05,-0.00035224921884946525,-0.0005341644282452762,-0.0006755539798177779,-0.00033412882476113737,0.0009952904656529427,0.00019911084382329136,-0.0001778085861587897,0.0010468759573996067,0.0002365757682127878,0.0003816264506895095
dose16k_B_s2,00062.png,0.0010128527646884322,0.0005728555261157453,-0.00037807979970239103,0.001115041202865541,0.0019959888886660337,-0.0019041546620428562,-0.0005409351433627307,0.00033453814103268087,0.0005859456141479313,-0.0006841405411250889,-0.0012603142531588674,-0.0004557408101391047,-0.0008083107532002032,-0.0013504228554666042,-0.0017152685904875398,0.0006199126364663243,-0.0006782920099794865,0.0006552559207193553,-0.0010193345369771123,-0.0002859034575521946,-0.0005684701609425247,0.0009021197911351919,-0.00042665525688789785,-8.866763892001472e-06,0.0008039958192966878,0.0011104722507297993,0.00022746884496882558,0.0006546205258928239,-0.000895205419510603,-0.0011546046007424593,0.00039983485476113856,0.0017476892098784447,0.0014622368616983294,-0.00012181866622995585,0.00022002955665811896
dose16k_B_s2,00063.png,-0.000926029053516686,-0.0006979143945500255,0.0003218356578145176,0.0010565349366515875,0.00046081608161330223,0.0005378442583605647,7.858561002649367e-05,-0.0016478656325489283,-0.0005733274156227708,-0.0003534293791744858,5.010325912735425e-05,0.0007349830702878535,-0.000592046941164881,-0.00014408059359993786,0.00020798321929760277,0.00022712929057888687,0.0007255224627442658,0.00046457923599518836,-0.0010813347762450576,1.2233524103066884e-05,-0.001137410057708621,-0.0006815042579546571,-0.0007599411765113473,0.00027944744215346873,0.0003131302073597908,0.0006596294697374105,-0.0002669317473191768,8.960404375102371e-05,0.00042605141061358154,-0.0008499363902956247,-0.0005750079290010035,0.002225147560238838,0.00020763443899340928,-0.00034742147545330226,0.00013914686860516667
dose16k_B_s2,00064.png,6.336529622785747e-05,-0.0008472887566313148,-0.000333217263687402,-0.00042883120477199554,0.0011798575287684798,0.0002478907408658415,-0.0006355533841997385,-0.0010257655521854758,0.0010672335047274828,0.0005009809392504394,0.0011488383170217276,-0.000762696610763669,0.0009863319573923945,-0.0006625107489526272,-0.0014534029178321362,0.0013508282136172056,0.000143182318424806,0.0005640406161546707,0.000495461281388998,-0.0006489958032034338,0.00035227116313762963,-0.0005272130947560072,0.0005415447521954775,0.0006728224689140916,-0.00033336537308059633,0.001570119638927281,-0.001495820819400251,-0.0014524331782013178,0.00021856449893675745,-7.55182554712519e-05,0.00031159177888184786,0.0011830811854451895,-0.001002639764919877,0.0022273105569183826,-0.0004315237747505307
dose16k_B_s2,00065.png,-0.0002933134383056313,0.0018448400078341365,-8.456884097540751e-05,0.0015657838666811585,0.003535366151481867,0.0002017748192884028,-0.0025327259209007025,0.0002779138449113816,-0.00030253001023083925,-0.0007159546948969364,0.0014921427937224507,-0.0009524683118797839,0.0009316244395449758,-0.0010326968040317297,-0.0001604442368261516,-0.0017521083354949951,0.0013817332219332457,-0.001722157234326005,0.001811187481507659,0.001806809101253748,0.000754247885197401,0.00030671851709485054,0.0010873243445530534,0.0014595723478123546,0.0005862365942448378,0.0006739734672009945,0.0012881179573014379,0.0008998471312224865,-0.0003754950885195285,-0.0006021828157827258,2.882082662836183e-05,-0.0005389241850934923,0.0006163037032820284,-0.0011411277810111642,-0.00025215643108822405
dose16k_B_s2,00054.png,0.0007744345930404961,0.0008190841763280332,-0.0002256201987620443,-0.000750840175896883,0.0010808686492964625,-0.001277731847949326,0.001214344403706491,0.00038060633232817054,-0.0011196871055290103,0.0010466696694493294,-0.0005662624025717378,-0.0006390914204530418,-0.0018907460616901517,-0.0019187178695574403,-0.0020765967201441526,-0.00039923845906741917,-0.0002016042999457568,0.00023251003585755825,0.0024723056703805923,-0.0008066536393016577,-0.0007089576683938503,0.0007937554619275033,6.005897375871427e-06,0.0010325023904442787,-0.00022309133782982826,-0.0012445822358131409,-0.001361520728096366,-0.0011241380125284195,-0.00010668927279766649,-0.0004894491867162287,-0.00024112615210469812,0.00012117432925151661,5.023616540711373e-05,0.0015539503656327724,0.00021502244635485113
dose16k_B_s2,00055.png,0.0004203176067676395,0.0013343502068892121,-7.298604759853333e-05,0.0006620418862439692,0.0006416883552446961,-0.0016649969620630145,-0.0017798608168959618,-0.0007278053089976311,-0.0008180237491615117,0.002612633164972067,0.0009332938934676349,4.4721302401740104e-05,-0.0004283153102733195,0.0002943197905551642,0.000373504008166492,-0.0008039742242544889,0.0013250292977318168,-0.0006295568309724331,-0.0008268120000138879,0.0004611882905010134,-0.00023322438937611878,-0.0017413317691534758,-0.0009068380459211767,-0.001491369097493589,0.0004101313534192741,0.00026206791517324746,-6.895549449836835e-05,2.444205165375024e-05,-0.00026822148356586695,0.0021295081824064255,-0.000447470840299502,-0.0009143134811893106,-0.00020243476319592446,-0.0002437868097331375,3.369924161233939e-05
dose16k_B_s2,00056.png,-0.0010069626150652766,0.0004859997716266662,0.0007587823201902211,-0.00018715269106905907,-0.0014121108688414097,0.0003373716026544571,0.000263374560745433,-0.00020406267140060663,-0.0013844235800206661,-0.0012116155121475458,-0.0005314245936460793,0.0008561162394471467,-0.0011948223691433668,-0.0002679219178389758,-0.0002749636769294739,0.0008872551843523979,0.001722508342936635,0.0006051543750800192,-0.0011545991292223334,-0.001089201308786869,0.00015038836863823235,-0.0003048664366360754,-0.0016631610924378037,-0.0014115257654339075,0.00034564401721581817,-0.001323607051745057,-0.002096689771860838,-0.0001780716556822881,0.00019663976854644716,0.0009023295133374631,0.0012288941070437431,0.00013713235966861248,0.00014866430137772113,-0.0003952778351958841,-0.0002400961529929191
dose16k_B_s2,00057.png,0.0018913291860371828,0.0014745150692760944,-0.0007381117320619524,-0.0004253724473528564,0.0004333044053055346,0.0006785235018469393,0.0010526173282414675,-0.0014239271404221654,0.0010996751952916384,-0.00024295088951475918,0.0017570258351042867,-5.0044436648022383e-05,0.0004398534365464002,0.0003107920347247273,0.0007430033292621374,-4.001009074272588e-05,-0.000245958159212023,0.00046622383524663746,-0.00040897104190662503,-0.00010998719517374411,0.00062574353069067,0.0006563487695530057,-0.0006777603994123638,-0.0019145086407661438,0.0005197944701649249,-0.0015145015204325318,-0.0005252833943814039,-0.00012344270362518728,0.0002557065454311669,0.0007741880835965276,0.00034813472302630544,-0.0016823161859065294,-0.000382253376301378,-7.670220657018945e-05,-0.00012152364797657356
dose16k_B_s2,00066.png,0.0007546863635070622,0.00014190988440532237,-0.002909482456743717,-0.0012189095141366124,-0.0013767197960987687,-0.0013538533821702003,-0.00039653043495491147,5.523219806491397e-05,0.0023636610712856054,-0.0012424879241734743,0.000468635669676587,-0.0001621249393792823,-0.00038780845352448523,-0.0005740287015214562,-0.0006565353251062334,0.0003804457082878798,0.0001624271972104907,0.00016614182095509022,-0.0004221537965349853,-0.0008980485145002604,-3.657592969830148e-05,0.0009839852573350072,-2.162924829463009e-06,0.0005910334875807166,-0.00017406081315129995,0.0009828300680965185,-0.00016193435294553638,0.001106387935578823,0.0008944772998802364,-0.0003593813453335315,0.0010053914738819003,0.0006286920397542417,-0.0006656702025793493,0.0005889390013180673,-0.001299549243412912
dose16k_B_s2,00067.png,-0.00033652514684945345,-0.0005368056590668857,-0.0010073453886434436,0.001676726620644331,0.0007703368319198489,-0.001115800580009818,-0.0007503658416680992,-0.0005735457525588572,-0.0006378870457410812,0.000528964854311198,0.0009665921097621322,-5.8619811170501634e-05,-0.00014753610594198108,0.0003414693637751043,-0.001233851769939065,-0.0009615130256861448,0.00014002624084241688,-0.0005689116078428924,-0.0010402579791843891,-0.0001823129568947479,0.0003202052612323314,7.90361373219639e-05,0.0006406744942069054,-0.0009187304531224072,-0.0009895574767142534,9.489375952398404e-05,-0.0011706919176504016,-0.000698708463460207,9.804038563743234e-05,-0.0002167608035961166,-0.0005081002018414438,0.0006042515742592514,0.00010616850340738893,0.00030752105521969497,0.0011460857931524515
dose16k_B_s2,00068.png,-0.0001554577174829319,-0.0011725150980055332,-0.0005833752802573144,0.0013981901574879885,-0.0008676849538460374,-0.0006763192359358072,-0.0003972594568040222,-0.0013206229778006673,-0.001655175699852407,-0.00047792954137548804,-0.0003467965580057353,0.0005342741496860981,-0.0005678351153619587,0.0005553055671043694,-0.0007001243648119271,0.00045061958371661603,-0.00028555060271173716,0.0005296900635585189,-0.0010946054244413972,0.00086061074398458,0.0003174956364091486,-0.00016972872253973037,0.001019033370539546,-0.0003191474825143814,-0.0008400715887546539,0.0006743005942553282,-0.00030762251117266715,-0.0013398119481280446,5.875704573554685e-06,-0.0007459011976607144,-0.0003598632465582341,2.9248524242575513e-06,0.0015708365244790912,8.27243784442544e-05,0.0009075822890736163
dose16k_B_s2,00069.png,0.0007462072535417974,0.0005470645264722407,0.001137275481596589,0.0005115178064443171,-0.002305041765794158,0.001466955291107297,0.0018706126138567924,-0.001788605353794992,0.0006811741623096168,2.0432573364814743e-05,-0.0009887460619211197,0.0003924600896425545,0.0004663314903154969,0.0015134391142055392,-0.001432263059541583,-4.4424235966289416e-05,0.0002866416471078992,0.0006430703797377646,-0.0003787702589761466,-0.0011868420988321304,0.0001840603945311159,0.0020133345387876034,-0.0009481392917223275,-0.00017153448425233364,-0.0002775998436845839,0.001511723967269063,0.0005110973725095391,0.0003700711822602898,0.0006048627546988428,-0.0009405353339388967,-0.0015223338268697262,-0.001813387032598257,0.0008653152617625892,-8.581751899328083e-05,0.0014694826677441597
dose16k_B_s2,00070.png,0.0009274629410356283,0.001040840521454811,-0.0008789198473095894,0.0003920061280950904,-0.0016239109681919217,-0.0006448220228776336,-0.0007055960013531148,-0.0005378433270379901,0.000922598410397768,0.00131272675935179,-0.0006451216177083552,-0.0013397119473665953,0.000819438835605979,-0.0009419089183211327,0.00028548698173835874,-7.836701843189076e-05,0.0010088999988511205,-0.00030796410283073783,-0.0008062055567279458,3.779385224333964e-05,-0.00022786854242440313,-5.322253855410963e-05,-0.000584639492444694,0.0005663527990691364,0.00016782755847088993,-0.0006951168179512024,0.0007705956231802702,0.001238672761246562,0.0005491238553076982,0.00031189265428110957,-0.0015416600508615375,0.00027840520488098264,-6.551395199494436e-05,0.0018075549742206931,0.00024715354084037244
dose16k_B_s2,00071.png,-0.000515550549607724,-0.0011675250716507435,-0.0013298621634021401,0.0003752520715352148,0.0019410646054893732,0.00021053312229923904,-0.0009750353638082743,0.0008374688914045691,-0.0002598315186332911,-0.00046846375335007906,0.00012420356506481767,0.00028719735564664006,-0.00022886827355250716,-0.00033113863901235163,0.000450359279057011,-0.000274382415227592,0.00012060960580129176,0.001032239175401628,-0.000662502832710743,-0.0022220010869205,-0.0013465583324432373,-0.0010443928185850382,-0.001055159023962915,-0.0001759539300110191,0.002028954215347767,-0.0003337243397254497,-0.0003136579762212932,0.00042690979898907244,0.0009343490819446743,0.0004945716937072575,-0.0004926802939735353,-0.0011038107331842184,0.0003834531526081264,-0.0006336989463306963,0.00012498877185862511
dose16k_B_s2,00072.png,-6.57621058053337e-05,0.00031566672259941697,-0.00012833316577598453,-0.0014421951491385698,-0.0007772808894515038,-0.0003484923217911273,0.00037730959593318403,0.0003908529761247337,0.0008008326403796673,-0.0013795689446851611,0.0005313905421644449,-0.0008884412236511707,-0.0003869253268931061,-0.0005531497881747782,0.0007286706822924316,0.0008821214432828128,-0.0012013311497867107,-0.0007299488061107695,0.0009898226708173752,-0.00031567414407618344,1.9647546650958247e-05,0.0006428787601180375,-0.00023705164494458586,0.00011339648335706443,0.00028729013865813613,-0.00114121672231704,-0.0014048861339688301,0.0013208091259002686,-0.00042842060793191195,0.00029827270191162825,0.0012141837505623698,0.0003852695517707616,8.163322490872815e-05,-0.0001390733232256025,0.0023846635594964027
dose16k_B_s2,00073.png,-0.0005178279825486243,-4.0317969251191244e-05,0.0015538857551291585,-0.00043002262827940285,0.0021166682709008455,-0.0008401403902098536,0.0023177184630185366,-0.00034193709143437445,0.0009052426321431994,-0.00011619691940722987,0.0013209170429036021,-0.0008340657805092633,-0.0018326890422031283,-0.0009186516399495304,0.0008011542959138751,0.0007465884555131197,0.0012450959766283631,-0.00014262078911997378,-9.158298053080216e-05,-0.001091523328796029,-0.00042662001214921474,4.4593747588805854e-05,-0.001453479751944542,0.00016977400809992105,-0.0004369555681478232,0.0007157183135859668,-0.0014155874960124493,0.00016079672786872834,0.0020554594229906797,-0.001202010316774249,-0.00010597312211757526,0.0003222877567168325,-0.0007842481136322021,-0.0022257405798882246,8.245241770055145e-05
dose16k_B_s2,00074.png,-0.00012998685997445136,0.000486664503114298,-0.0009106622310355306,-0.0009778514504432678,0.00103309890255332,-0.00176835129968822,-0.0016985026886686683,-0.0015039487043395638,0.0014895863132551312,0.00043881015153601766,0.0008570544887334108,0.001171205542050302,-0.00021619790641125292,-0.0014801074285060167,-0.0003525354841258377,0.0006441319710575044,-0.0017735958099365234,-0.0012768430169671774,0.0012744036503136158,-0.00028629376902244985,-3.834188191831345e-06,-0.000654745614156127,-0.0019010882824659348,-0.002444735262542963,-0.0003649482678156346,-0.0012775619979947805,0.00010495843889657408,-0.0013765523908659816,0.0007809668313711882,-0.0008997429977171123,-0.00024819321697577834,-0.0008311954443342984,0.0006602732464671135,-0.0016067811520770192,0.0008521570125594735
dose16k_B_s2,00075.png,0.0005746902315877378,0.001090144389308989,0.0013128826394677162,-3.3931730285985395e-05,0.00010249961633235216,-0.0004725988837890327,-0.0007570128072984517,0.0012849810300394893,-0.0018832521745935082,0.002135341288521886,0.0005369096179492772,0.0011022432008758187,0.0016646917210891843,-0.001249699154868722,-0.0014071647310629487,-0.0006792164640501142,0.00021322868997231126,-0.001145978458225727,0.001961920177564025,-0.0005339417257346213,0.0009452882804907858,2.7152371330885217e-05,0.00019724632147699594,0.0009168559336103499,0.0011613487731665373,-7.272992661455646e-05,-0.0006281976238824427,-0.0021727802231907845,-0.0013810009695589542,-8.572576916776597e-06,-0.0009251318988390267,2.7251121537119616e-06,-0.001272585242986679,0.00046247555292211473,-0.001452857512049377
dose16k_B_s2,00076.png,0.0008125725435093045,-0.00021606916561722755,-0.0020292846020311117,0.0005069142789579928,0.00012049976066919044,-0.0006747279549017549,-0.0006965764914639294,-3.3566517231520265e-05,-0.0012126608053222299,-0.000576247286517173,0.0013586444547399879,0.0005928230821155012,-0.001927945064380765,-0.0016683681169524789,0.0010107576381415129,0.001789783127605915,-6.942537584109232e-05,-9.407503966940567e-05,-0.00234563322737813,-0.00025486352387815714,0.0008345364476554096,-0.000275245780358091,0.0007399904425255954,0.00027222861535847187,0.0010251838248223066,0.00014029411249794066,-0.00025755251408554614,0.0003797924146056175,0.0003966174554079771,0.0020510656759142876,-0.0013204941060394049,-0.0007175533683039248,0.0010577356442809105,0.00026381484349258244,0.00039172027027234435
dose16k_B_s2,00077.png,3.073173502343707e-05,0.0002887639566324651,-0.0008875378407537937,-0.0020126700401306152,-0.0009124425705522299,-0.001014831941574812,0.0008841210510581732,0.00042603511246852577,-0.0012175320880487561,-0.001966696698218584,-6.666159606538713e-05,-3.359960101079196e-05,-0.0011307111708447337,0.001630946877412498,-0.0004982209648005664,0.00037850363878533244,0.0001056313412846066,0.0013370350934565067,-0.0008565387106500566,-0.00022475511650554836,0.0011384559329599142,-0.0002628976362757385,-0.0007975498447194695,-0.0008011485915631056,0.00014837089111097157,0.0010153205366805196,0.0004649510665331036,-0.0007084652897901833,0.0006154549773782492,0.00014664801710750908,0.00047015154268592596,0.0007616545772179961,0.00028579231002368033,0.00023415341274812818,7.773451943648979e-05
dose16k_B_s2,00078.png,-0.0008293272112496197,0.00039101895526982844,-0.0007528087589889765,0.001107085612602532,0.0014068442396819592,-0.0010713605443015695,0.0013206757139414549,0.0007303018937818706,0.0002894907956942916,0.0003485882480163127,1.7902722902363166e-05,0.0002320559142390266,-0.0006720209494233131,6.11813084105961e-05,0.0003905185731127858,-0.0012773508206009865,-0.0005753819714300334,-0.00018521377933211625,0.0016704968875274062,-0.0005496874218806624,0.002026728820055723,0.0011434631887823343,-0.00019497450557537377,7.568947330582887e-05,0.0002404744445811957,0.001254933886229992,0.00032649264903739095,0.0009320852695964277,0.0003723247500602156,-0.0004100849328096956,0.0015847948379814625,0.0011835440527647734,-0.0011985715245828032,0.00044819447793997824,0.00043433147948235273
dose16k_B_s2,00079.png,-0.000497173226904124,-0.0005347108235582709,0.0008432118338532746,0.0016319267451763153,-0.001160524319857359,-0.001523136510513723,5.3137588110985234e-05,-0.0007829061360098422,0.0007768148207105696,-0.00102885568048805,-0.0002100647980114445,0.003036797046661377,-0.000822001660708338,-0.00010057439794763923,0.0010078061604872346,-0.001709189498797059,-0.0015229341806843877,-0.0009865685133263469,-0.0013555461773648858,0.0006298915250226855,0.0004708395863417536,0.0011459948727861047,0.0005376095650717616,0.0001532242604298517,-0.00036132283275946975,0.001494550029747188,0.0006678604404442012,-0.0007094438769854605,-0.0014424819964915514,-1.4394981917575933e-06,0.001160099753178656,0.001240202458575368,0.0004865695664193481,-9.201839566230774e-05,-0.0012274375185370445
dose16k_B_s2,00080.png,-0.0009467369527556002,-0.00145426404196769,-0.0010105357505381107,-0.0006305353599600494,0.001082893810234964,0.002685283310711384,-0.0011763322399929166,-0.0003527427325025201,0.0016110361320897937,-0.00011921740951947868,0.0008205173653550446,0.0004652052011806518,-0.0020464013796299696,-0.0005802459199912846,-0.0018490329384803772,0.0003989054821431637,-0.00039854319766163826,-0.0003125861694570631,-0.00027371838223189116,0.00043363336590118706,0.0007502701482735574,-0.00016845994105096906,-0.0004775614361278713,0.0006954595446586609,0.0009982461342588067,-0.00018331239698454738,0.00015926934429444373,0.00021793808264192194,0.0009348969324491918,0.0003219498321413994,-0.000976152834482491,0.0008476301445625722,-0.0007583464030176401,-0.00014109694166108966,0.0010805942583829165
dose16k_B_s2,00081.png,0.0019361120648682117,0.0014614718966186047,4.387180524645373e-05,-0.0008412819006480277,0.0006618168554268777,0.0003036823763977736,0.0007157586514949799,0.0006576072773896158,-0.0006856026011519134,-0.0005656576831825078,0.0011874925112351775,0.0007111839950084686,-0.0007437090971507132,0.001258357660844922,0.0018927003256976604,0.0007076655747368932,-0.00016080631758086383,-0.00010766467312350869,0.00038377830060198903,0.000388902029953897,6.253767787711695e-05,0.0004135894123464823,0.0003745711292140186,0.0013802560279145837,0.0006035545375198126,0.0012375451624393463,0.0005353152519091964,0.002869115909561515,0.0011072267079725862,0.00020509019668679684,-0.00039024630677886307,0.0008027969161048532,0.00024115647829603404,0.0013157258508726954,0.0010850505204871297
dose16k_B_s2,00090.png,-1.6714422599761747e-05,0.0009674048633314669,4.787465513800271e-05,0.00047747360076755285,-0.0004955086624249816,0.00012009115016553551,0.0009820937411859632,-7.874747825553641e-05,0.0007470992859452963,0.0013946716208010912,-0.0013785224873572588,-0.0010171635076403618,0.00016527662228327245,-0.0015157595044001937,0.001104989554733038,0.0010111532174050808,-0.001488782581873238,-5.751206481363624e-05,0.0002451418258715421,0.0025309487245976925,0.00014238717267289758,0.0007832752889953554,-0.0006162204663269222,0.00034847483038902283,-1.041986615746282e-05,-0.0006600029300898314,0.0005230240058153868,-3.753226701519452e-05,0.001561325159855187,5.935239823884331e-05,-0.0003703739494085312,-0.000195175816770643,-0.000742147967685014,-0.00043239566730335355,0.00021219132759142667
dose16k_B_s2,00091.png,0.00036899035330861807,0.00016771996160969138,-0.00011478037777123973,-0.0013449336402118206,-0.0006330054602585733,0.0008932765922509134,-0.001069835852831602,-0.0010062122019007802,-0.0014462147373706102,0.0016789812361821532,-0.0002182686293963343,0.000419956399127841,-0.00041065734694711864,0.00037449662340804935,-0.0010116114281117916,4.423588677582302e-07,-0.0015253066085278988,-0.0006525489152409136,-0.000667163694743067,-0.0006778847309760749,0.0005386053817346692,-0.0008575295796617866,0.0005584030295722187,-0.0003353236534167081,0.0005313300061970949,0.0009760543471202254,0.0004487357509788126,-0.0002811257727444172,0.00120736809913069,-0.0018366222502663732,0.00013700466661248356,0.0006377657409757376,-0.0011581918224692345,0.001355551416054368,0.0003313585475552827
dose16k_B_s2,00092.png,-3.5643286537379026e-05,-0.0006960535538382828,0.0015608061803504825,-0.002431518631055951,-0.00205253972671926,0.00013305571337696165,0.0007012838032096624,0.001005261787213385,0.001593728899024427,-0.00026798711041919887,-0.00018882616132032126,-0.00013808162475470454,-0.0010149484733119607,0.00022541455109603703,6.177587056299672e-05,-0.0006848499178886414,0.0010058543412014842,0.0016321121947839856,-9.099635644815862e-05,0.00032222119625657797,-3.139736509183422e-05,-0.000289140414679423,-0.0003220732614863664,0.00022407577489502728,0.0012516439892351627,-0.0012903823517262936,-0.000691610446665436,-0.00037850416265428066,-0.00020799656340386719,0.0006310289027169347,-0.00037444656481966376,-0.0006879359134472907,-0.00022846514184493572,0.0013204641873016953,-0.0014653534162789583
dose16k_B_s2,00093.png,0.0006238945061340928,0.0013649240136146545,0.0002875286736525595,-0.00031120565836317837,0.0015939672011882067,-0.00010112875315826386,-0.0005428484291769564,-0.0006835308740846813,1.8155293219024315e-05,-0.0008398480713367462,0.0003874915128108114,0.000496227468829602,0.00025512263528071344,-0.0007051960565149784,-0.0011567163746804,-0.0014131973730400205,-0.0004660113190766424,-0.0001393250422552228,8.059275569394231e-05,0.0005947749014012516,-0.0012585190124809742,0.00029873792664147913,-7.6000974331691395e-06,0.0013414326822385192,0.0016014253487810493,9.953566041076556e-05,3.295063288533129e-05,0.00016587902791798115,-0.0005626393831335008,-0.00035260035656392574,-0.0013295880053192377,0.0006226169061847031,-0.00021154845308046788,0.0007322583696804941,0.0008928763563744724
dose16k_B_s2,00086.png,0.00035194717929698527,0.0006328137242235243,0.0007417721790261567,-0.001764947664923966,-0.0005606591003015637,0.00046890907105989754,0.0007994116749614477,-0.0008368593989871442,0.0009397926041856408,-0.0013097991468384862,0.0021744603291153908,-0.0006621613865718246,0.0018251776928082108,1.6321377188432962e-05,0.0009073449182324111,0.0011788435513153672,-0.00036321431980468333,-0.001091797836124897,0.00014799517521169037,0.0012448306661099195,-0.0010320122819393873,0.0022026461083441973,0.0002570843498688191,0.00019093068840447813,0.00013778491120319813,0.000607915862929076,0.0008625006885267794,0.0010941895889118314,-0.0003825262829195708,0.00030320152291096747,-0.0002702536294236779,0.00010862193448701873,0.0008264010539278388,-0.0008932868367992342,-0.00031610712176188827
dose16k_B_s2,00087.png,0.0005922726704739034,0.0002606913913041353,0.0005777934566140175,-0.0005561400321312249,0.0010099743958562613,0.0007757066050544381,0.0011856290511786938,0.00017728608509059995,0.00028567141271196306,-2.8771008146577515e-05,-0.000687473569996655,-0.0007943488890305161,-0.00048707579844631255,-0.0008912045741453767,0.000666422420181334,-0.0008203015313483775,0.0002934692311100662,-0.0007256493554450572,-0.0020332729909569025,-0.0013819196028634906,-0.00029614492086693645,0.0009549654205329716,-0.0003952625847887248,-0.00014991709031164646,-0.0002304098743479699,-0.0010023032082244754,0.0007900872733443975,0.0011120805284008384,5.185197005630471e-05,0.000563895097002387,0.0002429142186883837,-0.0003795966040343046,-8.06352254585363e-05,-0.00024785526329651475,-0.00032546650618314743
dose16k_B_s2,00088.png,1.8687469491851516e-05,-0.0002816477499436587,-0.00038705006591044366,0.0015085653867572546,0.003000635886564851,-0.000812925340142101,0.00047891848953440785,0.00030102726304903626,0.0014050829922780395,0.0010319167049601674,0.0008881388930603862,-0.0012366395676508546,0.0014247949002310634,-0.0003359731344971806,-0.002895968034863472,0.0012498506112024188,-0.0007256926037371159,0.0008186342311091721,-0.000991359120234847,-0.0011766301468014717,-0.0013778270222246647,-0.002739925868809223,0.001669263350777328,0.001217080163769424,-0.0019071839051321149,0.00016656859952490777,6.457477866206318e-05,0.0016611680621281266,0.0014060529647395015,0.0007492810836993158,0.0015775697538629174,0.0001895992027129978,-0.001653029234148562,-0.0018610784318298101,-6.0621026932494715e-05
dose16k_B_s2,00089.png,-0.0007236892124637961,0.0005144203314557672,-0.0007142880349420011,-0.00019834704289678484,0.0011033018818125129,-0.0011517502134665847,-0.0018840867560356855,0.0010422244668006897,-0.00013959348143544048,4.806620563613251e-05,0.00044604227878153324,-0.0017271736869588494,-0.0001867427199613303,-0.00019871161202900112,-1.0319397915736772e-05,-0.0010263788281008601,5.3125353588256985e-05,-0.0023630736395716667,-0.0004035053716506809,0.00024016425595618784,-0.0017021879320964217,0.0007306664483621716,0.0007958057103678584,-0.0011139409616589546,-0.0005136202671565115,0.0014266223879531026,0.0007318989373743534,0.0008305940427817404,0.00016468242392875254,-0.001000469084829092,-5.963188232271932e-05,0.00047609637840650976,0.0004875010054092854,0.0004990693414583802,8.254181011579931e-05
dose16k_B_s2,00082.png,0.0004091581504326314,-0.0006466927006840706,0.0005892687477171421,-0.0005677856388501823,0.00010886109521379694,-0.0009973433334380388,4.027666000183672e-05,-0.0007527672569267452,-0.0004814989515580237,-0.0012353697093203664,0.0002138716372428462,0.0008871324826031923,0.0002407368301646784,-0.0005956728127785027,0.00034710639738477767,0.0006707714055664837,0.0010624718852341175,-0.0003327518643345684,0.0018437632825225592,-1.5689201973145828e-05,-5.9024191614298616e-06,0.0006181897479109466,-5.4434396588476375e-05,-0.0013671447522938251,0.0008352729491889477,0.00012191647692816332,-0.0004714704991783947,-0.0011327071115374565,0.0007146012503653765,5.1248189265606925e-05,-0.00030515866819769144,0.00024172302801162004,-0.0010053208097815514,0.00021642481442540884,-0.0011414949549362063
dose16k_B_s2,00083.png,8.316658932017162e-05,0.0007016862509772182,-6.981206388445571e-05,-0.001124667003750801,-0.00035640812711790204,0.0008094733930192888,-0.0005950647755526006,-0.0008093455107882619,-0.00019431111286394298,-0.0001667038886807859,-0.0011247064685449004,0.0007203498389571905,0.0004091819282621145,-0.0007548805442638695,-0.0009742410038597882,0.0003444483445491642,4.8117373808054253e-05,-5.8594479924067855e-05,-0.0005363537347875535,0.0007070254068821669,0.0009790960466489196,-0.0008276563021354377,0.000417727860622108,-0.0007930653518997133,-0.000225813128054142,0.0014778862241655588,0.00034375785617157817,0.0014756870223209262,-0.0011208854848518968,0.0005128305638208985,0.0004705298924818635,0.0002477268863003701,0.0008978669065982103,-0.0004980035009793937,-1.6093796148197725e-05
dose16k_B_s2,00084.png,-0.00020184362074360251,0.001098845386877656,0.0006391584174707532,-0.0013724843738600612,0.0022856525611132383,0.000427225255407393,0.0019201964605599642,-0.00021565018687397242,-0.0011705169454216957,-0.0007752279634587467,0.0006660932558588684,0.0005588706117123365,0.0007352362736128271,-0.0002086181630147621,-0.00023911971948109567,-1.1480572538857814e-05,0.0011529213516041636,0.0011974968947470188,-0.0015729119768366218,0.0015960882883518934,-0.00023927874281071126,-0.0003425908216740936,0.000479359325254336,-9.084196062758565e-05,-0.0011005421401932836,0.001631160150282085,0.00017482417752034962,-0.00029786620871163905,0.0005463507841341197,-0.0009799669496715069,0.00012357893865555525,-0.00025603114045225084,0.0007259448757395148,0.0010168717708438635,0.0008300805930048227
dose16k_B_s2,00085.png,9.9258053523954e-05,-0.00014375479076988995,-0.0013760433066636324,-0.0010538434144109488,-0.00016269063053186983,-0.00022272519709076732,-0.0007622485281899571,0.0006019182619638741,0.000257636362221092,0.00043780438136309385,0.0005847324500791728,-0.0008478392846882343,-0.00044529742444865406,0.000537222484126687,0.000630414520855993,-0.0013563467655330896,-0.0005652030231431127,0.0003865679318550974,-0.00010874659346882254,0.0024102984461933374,0.001595091656781733,0.0005752279539592564,-0.00013747162302024662,0.0009333020425401628,-0.0003182361542712897,-0.0003012312517967075,-0.0010739713907241821,5.360996146919206e-05,-0.0003841966390609741,-0.0012553740525618196,-0.0007011877605691552,0.0010506917024031281,-9.18779187486507e-05,0.000376531679648906,-0.00015590147813782096
dose16k_B_s2,00094.png,-0.0003323152777738869,-0.0012858727714046836,-0.00023317198792938143,0.00013652100460603833,-5.4614753025816754e-05,-0.0009853726951405406,0.0008606707560829818,0.0007368697552010417,0.000377982942154631,0.000277301442110911,-0.0008249130914919078,-0.0006950587849132717,-0.0005113758961670101,-0.0005022126715630293,0.0014995792880654335,0.0008655586279928684,0.00018211762653663754,-0.0015326557913795114,0.0002918798418249935,0.001020957250148058,0.0008677384466864169,0.0006934500415809453,0.0011574722593650222,4.416736192069948e-05,-0.000336384866386652,0.0001222316495841369,-0.000834106293041259,-0.0024038192350417376,-0.0004796212015207857,6.086932262405753e-05,0.001032735570333898,0.0009844052838161588,0.0004441333294380456,0.0013636037474498153,-0.0018689013086259365
dose16k_B_s2,00095.png,-0.00037555478047579527,-0.0008211929816752672,0.0001761557359714061,-0.00035345644573681056,4.930723298457451e-05,-0.002075215568765998,-0.0010768701322376728,-0.00013211028999648988,-0.0003825257590506226,0.0009994016727432609,0.0012489926302805543,-0.0005486452719196677,0.0012958983425050974,0.0009033579262904823,-0.00045533970114775,0.0003052571846637875,-0.0004034634621348232,-9.478854190092534e-05,-0.00011701005860231817,0.0007070396095514297,-0.0012726709246635437,0.00013231286720838398,0.00025619016378186643,0.00044974975753575563,0.000639758538454771,-0.0014182188315317035,-0.0005815646145492792,0.0006064124754630029,0.0006014496320858598,0.0005862893303856254,0.0007264695013873279,0.00020062112889718264,0.0009686650009825826,0.0007902961224317551,-0.0008521105628460646
dose16k_B_s2,00096.png,-0.0006739858072251081,0.00015625411469954997,0.0013026053784415126,4.86193057440687e-05,0.0006742927362211049,-0.00013761629816144705,-4.707544940174557e-05,0.0008165969629772007,0.0015016492689028382,0.0006663826643489301,-0.0020046732388436794,-0.00035310533712618053,1.4137996004137676e-05,0.0008271109545603395,-0.001378220971673727,0.00013220727851148695,0.0001623693242436275,0.00018365484720561653,-0.0011529050534591079,0.0003266684652771801,0.00016731982759665698,0.00016464246436953545,0.0003621867799665779,-0.0011127644684165716,8.139056444633752e-05,0.0005610520020127296,0.0004209676699247211,0.0012390498304739594,0.00044585735304281116,0.0009832188952714205,0.00020014290930703282,0.0009166928357444704,-0.0013685420854017138,0.000333149335347116,0.000374418479623273
dose16k_B_s2,00097.png,-0.0002645016647875309,0.00021474796812981367,-7.696061220485717e-05,0.002199877053499222,0.0008018639055080712,-0.0006092555122449994,0.0008611185476183891,0.00013676716480404139,-2.443839912302792e-05,0.0009763581911101937,-0.0003243457176722586,0.002042531268671155,0.0012110091047361493,0.0003214554162696004,0.0009617784526199102,-4.218316462356597e-05,0.001356405788101256,-0.0004159951931796968,0.0002741254575084895,0.0012439066777005792,-0.0013865468790754676,-0.0007675175438635051,0.00038671272341161966,0.0012407241156324744,0.0011406595585867763,0.0011900183744728565,0.0011046254076063633,-0.0015717222122475505,0.001062787720002234,0.000986298662610352,-0.00041245020111091435,-0.0016653630882501602,0.0015298357466235757,-0.0002707600360736251,-0.0011198722058907151
dose16k_B_s2,00098.png,0.0007770531228743494,0.00108343455940485,-0.0008982554427348077,-0.0018183649517595768,-0.0017843228997662663,-0.001118615735322237,0.0023300140164792538,-0.0025658810045570135,0.0011404965771362185,0.0010439398465678096,-0.0010172475595027208,-0.000487088953377679,-0.00011361641372786835,0.002043923595920205,-7.784207809891086e-06,0.0007116402266547084,0.00025726371677592397,0.0002849138982128352,-0.00014159659622237086,0.0023296300787478685,-0.002554281149059534,0.00022313844237942249,-0.0009845064487308264,-0.00037501228507608175,-0.0008247475489042699,-0.00078490941086784,1.9078218826962257e-07,0.0001693373778834939,0.000893410702701658,0.00036342223756946623,-0.001024313154630363,3.0993389373179525e-05,0.0005212926189415157,-0.001106205047108233,0.00045373430475592613
dose16k_B_s2,00099.png,0.0009036753908731043,-4.0908253140514717e-05,0.0009117964655160904,0.0018779238453134894,-0.0012359904358163476,-0.0006935566780157387,-0.0026207321789115667,-0.0006150510162115097,0.0011518155224621296,-9.130989201366901e-05,0.0005380926304496825,0.0015538871521130204,-0.00029294847627170384,0.0004005629743915051,-0.0009554243297316134,-0.0010440030600875616,0.0001529090222902596,-0.000809267396107316,0.001321381307207048,2.514468906156253e-05,0.001031959312967956,0.001377434586174786,0.0007285307510755956,0.0006352751515805721,-0.00026863714447245,7.99239132902585e-05,0.0003168766852468252,-0.0019360431469976902,-0.0007234446820802987,7.171318429755047e-05,-0.001529877888970077,0.00025184694095514715,0.0004354502016212791,0.0014010005397722125,0.0011565589811652899
dose16k_B_s2,00100.png,-0.0011373054003342986,-0.0016679383115842938,-0.0012435191310942173,0.000959733675699681,0.002270349534228444,-0.0017875817138701677,-0.0001971893070731312,-0.0012080492451786995,0.0002657802833709866,0.0006718847434967756,-0.00015295542834792286,0.0007645902805961668,0.0008183312020264566,-0.0007579086814075708,4.013127545476891e-05,0.0013279602862894535,-0.001574035850353539,-0.000544605718459934,-0.0007059600320644677,8.462109690299258e-06,0.0005599614232778549,-0.0014038649387657642,0.0026711984537541866,-0.001378145650960505,-0.0009064509067684412,-0.0006855311803519726,0.0005016867653466761,0.0003290827153250575,8.6651009041816e-05,0.0007280142745003104,-0.0014681898755952716,-6.217452028067783e-05,-0.00024816603399813175,0.0013175355270504951,-0.0021579889580607414
dose16k_B_s2,00101.png,0.0010216550435870886,0.0020123515278100967,0.00025018976884894073,-0.00039555595139972866,0.003940492868423462,-0.0004083892854396254,0.0022080561611801386,-0.0012952206889167428,8.670289389556274e-05,-0.00023434901959262788,0.0008988260524347425,-0.0003299166273791343,-0.00017209284123964608,-0.0003654274914879352,-0.0009897623676806688,0.001038860180415213,0.0014765046071261168,0.00228815502487123,0.0007987438002601266,0.00010206120350630954,0.0004562834510579705,0.0007038401090539992,-0.0006628258852288127,-0.00040146138053387403,-0.0003235099429730326,0.0007071841391734779,0.00018259127682540566,0.00043936859583482146,-0.00028342087171040475,-0.0006165917729958892,-0.001365609816275537,0.00037568414700217545,0.001219579135067761,0.0018301180098205805,0.001430267235264182
dose16k_B_s2,00106.png,-0.0008920366526581347,-0.0014674104750156403,0.0006977742305025458,-0.0014236242277547717,0.0020969631150364876,0.0012296326458454132,0.0007119682850316167,-0.0003924044722225517,0.001138573046773672,-0.0014417823404073715,-0.0004282212757971138,0.001118595595471561,-0.0002559722342994064,0.00012800416152458638,0.0007951962179504335,-0.0003239541547372937,0.0019039297476410866,-6.516463326988742e-05,-0.0006577676394954324,-0.0005841149832122028,0.0011122593423351645,0.0017007370479404926,-0.0007149343146011233,-0.0002676911244634539,0.0015897516859695315,-0.0003767788875848055,-0.00013913829752709717,0.00020005556871183217,-0.0010998317738994956,-0.0010106361005455256,-0.0009161012130789459,-0.00030820746906101704,-0.0011486741714179516,-0.000687331601511687,-6.148780084913597e-05
dose16k_B_s2,00107.png,-0.00013550517905969173,0.0006467995699495077,-0.0010257988469675183,-2.6929368686978705e-05,0.0010515926405787468,6.73467802698724e-05,-0.001490712515078485,0.00033861049450933933,-0.00015473610255867243,-8.960518607636914e-05,0.00028875767020508647,0.0003789653710555285,-0.000843432848341763,-2.314138100700802e-06,0.0001065954493242316,-0.0005899336538277566,8.825433178571984e-05,-0.00039232292328961194,-0.00019606614660006016,-0.00030222279019653797,0.0008256150758825243,7.440072658937424e-05,0.0004470245912671089,-0.0005385949043557048,0.0009294641204178333,0.000728763930965215,0.00019048908143304288,0.0011569602647796273,0.0003815390809904784,-0.000632761453744024,6.381402499755495e-07,0.0006224406533874571,-0.00024400050460826606,0.0005535819800570607,-0.0009182550711557269
dose16k_B_s2,00108.png,-0.0010350100928917527,-3.526180444168858e-05,-0.00044460801291279495,-2.2011768123775255e-06,-0.00018156628357246518,-0.0009750453173182905,8.051715121837333e-05,-0.0006122567574493587,-0.00014355502207763493,-0.0003637799236457795,0.00010524699609959498,0.0005875072674825788,0.0006183754303492606,-0.0011132706422358751,-0.0006068298243917525,-8.688343950780109e-05,-0.000994569854810834,0.0006824004231020808,-0.0003062774194404483,1.6171748939086683e-05,0.0004323914763517678,0.0002823731629177928,0.0003033880202565342,-0.0006156000890769064,0.0008982064900919795,0.000614362710621208,-0.0018660133937373757,-0.0008663811604492366,0.0017564153531566262,-0.0016158840153366327,-0.0020199953578412533,-0.0014149784110486507,0.00031535333255305886,0.0004776068381033838,-0.0003535344440024346
dose16k_B_s2,00109.png,-0.0008246577926911414,-0.0011744718067348003,0.0005509174661710858,-0.000335466320393607,0.0013875969452783465,0.00015813027857802808,-0.0005324984667822719,0.0004926734836772084,0.00010114864562638104,0.00011008816363755614,-0.0009162935893982649,0.000347258523106575,-0.001610252191312611,0.001077106804586947,0.0009813950164243579,0.001131998491473496,0.0006322154658846557,-0.0005111157661303878,0.0005160624859854579,0.00024899866548366845,-0.00044896570034325123,-0.0008424936677329242,0.00011775107122957706,0.00040566010284237564,0.00024972757091745734,-0.00015838794934097677,-0.0005611207452602684,0.0004464839294087142,0.00012297349167056382,7.314361573662609e-05,0.000168992904946208,-0.0005748518742620945,-0.0004459004267118871,0.00033482920844107866,0.00019570827134884894
dose16k_B_s2,00102.png,0.0001528341235825792,0.0016692489152774215,-0.0005892027984373271,-5.672431507264264e-05,-0.0012795309303328395,0.0006092000985518098,-0.00046472999383695424,0.001689512049779296,-0.000627735978923738,-1.703390989860054e-05,-0.0008524433942511678,0.000635179691016674,0.00131619640160352,0.0005156449042260647,-0.00010369624214945361,0.000328111374983564,0.001859610783867538,-0.0005621812888421118,0.00059586635325104,0.0009117831941694021,-0.0016760891303420067,-0.0007797886501066387,-0.000983163365162909,0.0015957929426804185,0.0008668414084240794,-0.000710608612280339,0.0005696033476851881,0.0004448625841178,0.00026730549870990217,0.0011290431721135974,0.0014254682464525104,-0.0005228887312114239,-0.0009618352632969618,-0.0005678905290551484,-0.0005805018008686602
dose16k_B_s2,00103.png,-0.0012984160566702485,-0.0007280005374923348,-0.0005559981800615788,-8.209067891584709e-05,-0.0006983450730331242,-0.0016676413360983133,0.0012299884110689163,5.012657857150771e-05,0.0003846498148050159,-0.000681286386679858,-0.0014446768909692764,0.0008683872292749584,0.0019906728994101286,-0.0005008922889828682,-0.0023742755874991417,-0.00026403594529256225,0.0011377254268154502,0.0006950621027499437,-0.0010795044945552945,0.0007653817301616073,-8.351050928467885e-05,0.0012560156174004078,-0.0006758173112757504,-0.0003319227835163474,-0.00034845000482164323,-0.0002549842756707221,-0.0017192983068525791,0.0001995153579628095,-0.0017239180160686374,-0.0005093798972666264,0.0010009539546445012,0.0006530340760946274,0.0009924060432240367,0.00023713950940873474,-0.00048186167259700596
dose16k_B_s2,00104.png,-0.0011984232114627957,-0.0002029166353167966,-3.124105933238752e-05,0.0012016862165182829,0.00018667573749553412,-0.0007729498902335763,0.0012041861191391945,1.662938120716717e-05,0.0008987210458144546,-0.0002660874743014574,0.0011917150113731623,3.716704304679297e-05,0.0006851633661426604,0.0010309000499546528,0.0015906848711892962,0.00032241945154964924,3.1202314403344644e-06,-0.000962967926170677,-0.0012626873794943094,-0.0018602132331579924,0.0003686093259602785,0.0018135295249521732,0.0005148521158844233,0.0013716507237404585,-0.001037544570863247,0.0016864599892869592,-0.0007045466336421669,-0.0012213921872898936,0.0015657830517739058,0.00025298038963228464,-5.426694406196475e-05,-0.0005556961987167597,-0.00047992661711759865,0.002855624072253704,0.000310455565340817
dose16k_B_s2,00105.png,0.0017745263176038861,0.0020589553751051426,0.0006357643287628889,-0.00035534650669433177,4.857145540881902e-06,0.0011347292456775904,0.0011972151696681976,-0.0016926723765209317,0.0004130731103941798,-0.00031259781098924577,0.0004134746559429914,-0.00043423663009889424,0.00015586362860631198,-7.74757209001109e-05,0.0003501597384456545,0.0004572179459501058,0.001671770354732871,0.0007605482242070138,-0.0011350892018526793,-0.0003461253654677421,-0.00010660241969162598,0.001516742049716413,-0.0005841722595505416,0.0008968766778707504,-0.0006179543561302125,0.0004429882683325559,-0.000603428459726274,2.0033556211274117e-05,-0.0014059465611353517,9.83957670541713e-06,0.000355704891262576,-0.00031926712836138904,-0.0007147225551307201,-0.00017227079661097378,-0.0006297554355114698
dose16k_B_s2,00110.png,-0.0009029146749526262,0.0002844485570676625,-0.001035085879266262,0.0002927474561147392,0.0009760527173057199,-0.0011096723610535264,0.0014535163063555956,0.0010607779258862138,0.0013447387609630823,-0.001395542174577713,0.0024407757446169853,1.137705930887023e-05,-0.0014337159227579832,-7.587397703900933e-05,0.0015689858701080084,2.3573951693833806e-05,-0.0013046787353232503,-0.0001625645236345008,-0.0007090183207765222,0.0006679635844193399,-0.0003501256287563592,7.581233512610197e-05,0.002191091189160943,-9.578104072716087e-05,-0.0003072037361562252,-0.0010317814303562045,0.00027995638083666563,-0.0018000704003497958,-0.0005190730444155633,-0.0011032682377845049,0.0008661928586661816,-0.00018126657232642174,-0.0009947969811037183,0.0009644237579777837,0.000904214393813163
dose16k_B_s2,00111.png,-0.0010055919410660863,-0.002524647396057844,-0.0002811260928865522,0.0014049869496375322,-0.0017468994483351707,0.0009176646126434207,-0.0012048775097355247,0.0002584123285487294,-0.0010145370615646243,-0.0012704064138233662,-0.00027004079311154783,0.00013465623487718403,0.0007275286479853094,-0.00098433590028435,0.00034448286169208586,-0.0013491749996319413,-0.0017521517584100366,-3.986290539614856e-05,-0.00047071403241716325,0.0007210011244751513,-0.0013245154405012727,0.0017781791975721717,0.0009684984106570482,-0.0010390434181317687,0.0006356502417474985,-0.00018764880951493979,0.0005440518725663424,-0.0005971354548819363,7.316466508200392e-05,0.0008894763886928558,0.0014316024025902152,-0.00014322360220830888,0.0009444227907806635,-0.00035284223849885166,-0.0016369803342968225
dose16k_B_s2,00112.png,0.0008690284448675811,0.0008131822105497122,0.00019334959506522864,0.0005874256021343172,-0.0010944351088255644,0.0005049470346421003,-0.0015996070578694344,-0.0011604595929384232,0.0004107785935048014,0.0014830529689788818,2.3454700567526743e-05,-0.00040162267396226525,0.0004067369445692748,0.0013568287249654531,0.0007049855776131153,-0.0009378030663356185,-0.0013076307950541377,0.0003882740857079625,-0.0005486855516210198,-6.362678686855361e-05,7.486436516046524e-05,-0.00020671849779319018,0.0012989616952836514,0.00037996858009137213,0.0008133134106174111,-7.892329449532554e-05,-0.0010865161893889308,0.002269912278279662,0.0004947971319779754,-0.0001549773442093283,2.64484378931229e-06,-0.00029233755776658654,0.0025968686677515507,0.0013153150212019682,-0.00022924362565390766
dose16k_B_s2,00113.png,0.0006975602591410279,0.00039554460090585053,0.0001838113385019824,0.0002627592475619167,-0.0004505904798861593,0.000825617928057909,-0.0007285663159564137,1.626662015041802e-05,0.00043071823893114924,-0.00023638352286070585,0.0006502790492959321,0.0003984778595622629,0.0005414067418314517,-0.0005622828030027449,-0.0004852914426010102,-0.00040434434777125716,-0.0020008471328765154,0.0007685600430704653,-0.00022191452444531024,-0.00013314637180883437,-0.0006497157155536115,-0.0005344536039046943,0.001122844871133566,0.0007949759601615369,-0.0002574869431555271,0.0004868995165452361,-0.00033175694989040494,0.0005695568397641182,0.0008196642156690359,0.0007388475351035595,-8.009239536477253e-05,0.00020734134886879474,-0.0018619458423927426,0.0005833095638081431,-0.0003884962934534997
dose16k_B_s2,00114.png,-0.0007833117269910872,-0.0009306910214945674,0.00016443377535324544,-0.00033099905704148114,0.001493894960731268,-0.0006272853934206069,-0.0012394117657095194,-0.0010671663330867887,-0.000742540811188519,-0.00010119497164851055,0.0011859899386763573,-0.0005762738874182105,0.0008119218400679529,-0.001979147084057331,8.096794044831768e-05,0.0007220139377750456,-0.00143557193223387,0.0019100519130006433,-0.0004568879958242178,-0.0009320790995843709,-2.919109829235822e-05,-0.00045169799705035985,0.0006461857701651752,-0.0013759848661720753,-0.0004345799097791314,0.0007223979919217527,-0.0015956079587340355,7.521216321038082e-05,0.0012242784723639488,0.0005033978959545493,-5.764797606389038e-05,-0.0004932151059620082,-0.0014187678461894393,-0.0014453257899731398,0.00010651575576048344
dose16k_B_s2,00115.png,-0.00014744933287147433,0.000561728491447866,0.0008312283898703754,0.00022926146630197763,0.0003848460619337857,-0.0018369725439697504,0.0007648594910278916,-0.000470516097266227,0.000710582360625267,0.0019738003611564636,0.000663810467813164,0.0009721905225887895,-0.001383018447086215,0.0009763417183421552,7.071212894516066e-05,0.00019271555356681347,0.00035438526538200676,0.0004830027464777231,0.00031998325721360743,0.00018613602151162922,4.071875082445331e-05,-0.0011198378633707762,-0.0003646568220574409,-0.001651878235861659,0.0014004937838762999,0.00038429771666415036,0.0005580285214819014,-0.0016871900297701359,-0.0014321476919576526,0.0008700810139998794,-0.0012360370019450784,-0.0007138348300941288,-0.00033127880305983126,0.0008126549073494971,0.0007974558393470943
dose16k_B_s2,00116.png,-0.00029901217203587294,0.0022920689079910517,-0.0004662505234591663,-0.0016110828146338463,0.0013586069690063596,-0.000999326934106648,-0.0009111003600992262,0.0006132653215900064,-0.00044628133764490485,0.000496695633046329,0.00016272373613901436,0.0005845208652317524,-0.0010016836458817124,-0.000790953345131129,0.0004610162868630141,-0.0002134196984115988,0.00025680000544525683,0.0003981020417995751,0.0006660205544903874,0.001299300929531455,0.0006770315230824053,0.0010579057270660996,2.3775563022354618e-05,-0.000640262383967638,-0.0007917548646219075,0.00033436392550356686,0.00023711919493507594,-8.389479626202956e-05,-0.0006242929957807064,0.00030091803637333214,-0.001934412750415504,-0.00017835234757512808,-0.0009672876913100481,0.000298841594485566,0.0012180956546217203
dose16k_B_s2,00117.png,-0.0011996292741969228,0.0006839631823822856,-0.0009634082671254873,0.0009720306261442602,0.0007853294373489916,0.001603384269401431,0.0012127734953537583,0.00049539003521204,-0.0009311733883805573,-0.0009753686608746648,-0.0003166231035720557,-0.0005317625473253429,0.0009461702429689467,-0.0003931093669962138,0.00015774834901094437,-0.0006901955348439515,0.00012200781930005178,0.0005649356753565371,0.0005407346179708838,-0.001185114379040897,-0.0010014754952862859,-8.342667570104823e-06,0.0007016155868768692,-0.0003733223711606115,0.0005669881356880069,9.667647100286558e-05,0.0013032846618443727,-0.0010986096458509564,0.000927694549318403,-0.0003171772987116128,0.0018572504632174969,-0.0011318845208734274,0.00024150460376404226,7.782302418490872e-05,-0.00023909869196359068
dose16k_B_s2,00118.png,0.0009154102299362421,0.0013091247528791428,-0.001078391564078629,0.0010409816168248653,-2.7524678444024175e-05,-0.0007471292046830058,0.0002261677145725116,-0.000464303360786289,0.0020806677639484406,-6.7041678448731545e-06,0.0011180199217051268,0.00026560877449810505,-0.0005697539309039712,-0.0018833898939192295,0.0007122101378627121,0.0008663632324896753,-0.00035870858118869364,-0.0006545156938955188,-0.001831953413784504,0.00043164726230315864,-1.437117771274643e-05,-0.0018296819180250168,-0.0002694835711736232,0.0006251552258618176,-6.985876098042354e-05,-0.0013838062295690179,-0.0015148237580433488,-0.00046738976379856467,9.540773316984996e-05,-0.0014800041681155562,-0.0009147198870778084,0.001713068806566298,-0.00047844936489127576,0.00027462057187221944,-0.002470055129379034
dose16k_B_s2,00119.png,0.0014554240042343736,0.00176908727735281,-0.00010690125782275572,-0.0029493842739611864,-0.002936423057690263,0.0006442703888751566,-8.102467836579308e-05,-0.001954637933522463,0.001736052450723946,2.6236417397740297e-05,0.001003939425572753,0.0016346944030374289,0.0007647070451639593,-0.0004923914675600827,1.160863848781446e-05,0.0006090094684623182,-0.0009469157084822655,0.0008976749959401786,-0.00010672588541638106,-8.772555884206668e-05,-0.00027983984909951687,0.0006017269915901124,-0.0011612108210101724,-0.0002954549272544682,0.00038020964711904526,0.0004214858927298337,-8.244092896347865e-05,-0.00019295535457786173,-0.0006780271069146693,-0.00025474943686276674,-4.521945083979517e-05,0.00026308538508601487,-0.00045199072337709367,0.0010684658773243427,0.0003529315290506929
dose16k_B_s2,00120.png,0.00025921239284798503,7.65008880989626e-05,-0.0008008211734704673,0.0013521823566406965,0.0016752160154283047,-0.0011962223798036575,-0.0001702005829429254,8.852639439282939e-05,0.0016715653473511338,-0.0003577281313482672,0.0004946751869283617,0.0005844593979418278,0.0005430229939520359,0.0016774206887930632,-0.0011622741585597396,-0.0003329317842144519,0.001563751371577382,-0.001450860989280045,-0.0012509162770584226,-0.00018596659356262535,-0.00026585874729789793,0.0009480590815655887,-1.857461938925553e-05,0.0008180112345144153,2.38216725847451e-05,-0.003098691115155816,-0.0003139098407700658,-0.0006363553693518043,8.085579611361027e-05,0.000551935750991106,0.0007212791824713349,-0.0009807032765820622,-0.00011216982966288924,-0.0017727874219417572,0.0008871190366335213
dose16k_B_s2,00121.png,-0.00012944938498549163,-0.0007297429256141186,-0.0005138255655765533,0.0014722730265930295,0.0013884869404137135,0.0012136941077187657,0.000567202630918473,-0.0003890776715707034,0.0003782297717407346,0.000647729029878974,0.0009711585007607937,0.0004990076995454729,-0.00152688252273947,-0.001242162543348968,0.0018389459000900388,-0.00028794308309443295,-0.00042296035098843277,0.0013892060378566384,0.0007223374559544027,0.0004924985114485025,-0.000892932468559593,0.00030352085013873875,0.0009592057322151959,0.0008025367860682309,0.00017041960381902754,-0.00022112047008704394,-0.0008655962883494794,0.001043225871399045,0.0007208531023934484,-0.0011030376190319657,0.0002122482401318848,-0.001702419831417501,0.0003260411322116852,-0.0006694627227261662,-0.00020905726705677807
dose16k_B_s2,00122.png,-0.0005989557830616832,-0.0004601854016073048,0.0009193415753543377,0.0004046207759529352,-0.002490500919520855,-0.001962711801752448,0.0014980700798332691,-0.0019340072758495808,0.0007722264854237437,-0.0005989316268824041,-0.0011086361482739449,0.001586235361173749,3.428753916523419e-05,0.00015029223868623376,-0.00018367405573371798,-0.0002452269254717976,-0.0005998764536343515,0.00019755828543566167,-0.0021817306987941265,0.00025587232084944844,0.0009613579022698104,-0.0006693224422633648,-0.0003244238905608654,0.0010348885552957654,-1.9605038687586784e-05,-3.1015944841783494e-05,0.0009190224227495492,0.0001412954879924655,0.0023812090512365103,-0.00044401278137229383,0.0016512995352968574,0.0007825016509741545,-0.0010355178965255618,-0.0005995943211019039,-0.00011455795902293175
dose16k_B_s2,00123.png,0.00010718766861828044,0.0004538895154837519,8.679019083501771e-05,5.026762300985865e-05,-0.00013689676416106522,-0.0012694408651441336,-1.0988866051775403e-05,0.00025091113639064133,0.0007993795443326235,0.001302364282310009,0.0001835953298723325,0.0011613838141784072,-7.6160590651852544e-06,-0.0006470885127782822,-0.0009260346996597946,0.0002230593527201563,-0.0002711406850721687,0.0011768395779654384,-0.0005938602844253182,0.0004027579561807215,-0.0032843921799212694,-0.0020334681030362844,0.0006821709685027599,-0.00048377271741628647,-0.0009991251863539219,0.0004881327331531793,-0.0010395109420642257,0.00016492696886416525,-2.358348501729779e-05,0.00019378623983357102,-0.0005595202674157917,0.0009494227124378085,-0.00046124414075165987,-0.0016788275679573417,-5.730803241021931e-05
dose16k_B_s2,00124.png,-0.0008358922204934061,-0.00013202455011196434,-0.0014016948407515883,0.0017271365504711866,0.004824938718229532,-0.0012431947980076075,-0.0008205685298889875,-5.356563633540645e-05,0.0008099894039332867,0.00026198779232800007,0.00022968380653765053,0.000403182435547933,3.566259692888707e-05,-0.00029046667623333633,-0.0010553582105785608,0.00020317685266491026,-0.0003307194565422833,-0.00013506249524652958,0.0004867051320616156,-0.0006904052570462227,0.0008900961256586015,0.001232525915838778,-0.0008547751349397004,0.0015837065875530243,5.060966941528022e-05,0.0015538745792582631,-0.0007825758075341582,-0.0013611041940748692,-0.001068234327249229,0.000928965222556144,-0.0002345465327380225,-0.0010234125657007098,-0.00036972874659113586,0.0005074950749985874,-0.00047870652633719146
dose16k_B_s2,00125.png,-3.831880530924536e-05,0.0017008524155244231,-0.0008199622971005738,0.0005657795118167996,0.0009469112264923751,0.0015393629437312484,-0.0012582809431478381,4.0410683141089976e-05,0.000755970599129796,0.0005279656033962965,-0.0006791073246859014,0.000521932088304311,0.0009140225010924041,-0.0005609023501165211,-0.0006744807469658554,5.665571370627731e-05,-0.0002941593702416867,0.0009881791193038225,0.0006462748860940337,-0.00022287425235845149,0.00018637056928128004,-2.980075078085065e-05,-0.000413070956710726,-0.0002935210650321096,0.00033520054421387613,-0.0006769982283003628,8.70970034156926e-05,-0.00021988163643982261,-0.0006599482148885727,-0.00024410172773059458,-0.00010807580110849813,-0.0009950384264811873,0.0002144056634278968,0.0010248188627883792,0.00012527247599791735
dose16k_B_s2,00126.png,0.0014647927600890398,-0.00042474165093153715,0.000815722974948585,-0.0004677346150856465,-0.0003048188518732786,-0.0015969214728102088,0.0011985729215666652,-0.0007710401550866663,-0.0017930824542418122,0.00020823563681915402,0.00011379353236407042,0.0012337674852460623,0.0007725257892161608,0.0007673398358747363,-0.0014187077758833766,-5.7497178204357624e-05,-0.00020006565318908542,-0.00034569387207739055,-0.0003685944539029151,-0.00021831381309311837,-0.00027086446061730385,-0.0014055906794965267,0.0006024360773153603,0.00022870606335345656,0.0009686481207609177,0.0004668795154429972,-0.0009126765071414411,-0.00021313823526725173,0.0015917137498036027,-0.0008643154287710786,-2.9518075734813465e-06,-0.0008511646883562207,3.080176611547358e-05,0.00041417154716327786,0.00152967416215688
dose16k_B_s2,00127.png,0.00019694452930707484,-0.0017114263027906418,-0.0005676696309819818,0.0019438767340034246,5.763107037637383e-05,0.0009816683596000075,-4.437406096258201e-05,0.0008373767486773431,-0.001706108683720231,-0.0012280602240934968,0.001100826309993863,0.00022532347065862268,-0.0009583138162270188,-0.00014377065235748887,-0.000493265746627003,-0.0015339686069637537,-6.127198867034167e-05,0.0013174262130632997,-0.0014043597038835287,-4.0893726691138e-05,0.0008285505464300513,-0.00011317439202684909,0.0006655438337475061,-0.0001949683210114017,-0.000520687666721642,-0.0011837456841021776,0.0011700036702677608,0.00038994199712760746,0.00018871904467232525,-0.0002269476535730064,0.001138936378993094,-0.0012862049043178558,-0.0034242249093949795,0.0005118162953294814,0.0004211260238662362
dose16k_B_s2,00128.png,0.000568784074857831,0.00036935548996552825,0.0005225249915383756,-0.0001434111181879416,-0.0006471247761510313,-0.0014565539313480258,0.0008781969081610441,-0.00012775836512446404,0.0007758111460134387,-0.0004838942550122738,-0.00020698220760095865,-0.00044321699533611536,0.001250986009836197,-0.0003955579304601997,-0.0004974398179911077,0.0006581497727893293,7.449713302776217e-05,-0.0006130849360488355,0.0016652796184644103,0.001860877382569015,0.0005557623226195574,0.00024875058443285525,-0.0003531106631271541,0.00087576056830585,-0.001034190529026091,0.00029651325894519687,-0.0003069611848331988,0.0002814105246216059,-0.0020117773674428463,0.0007992867031134665,-0.0007393878186121583,-0.00010678492253646255,-0.000644718122202903,-0.00037916499422863126,0.0009038569405674934
dose16k_B_s2,00129.png,-0.0008707286324352026,0.0007516209152527153,0.0009252501768060029,0.0014765554806217551,0.0008641649619676173,-0.0017127995379269123,0.00015090037777554244,-0.0010065692476928234,0.0003657994093373418,0.00028754802769981325,-0.000483913638163358,0.0003338159585837275,0.0010579517111182213,-0.00013437456800602376,0.0009325917926616967,-0.0012531395768746734,-0.0004099802754353732,-0.0005704177310690284,0.0004886272363364697,-0.001403495785780251,-0.000270231714239344,-0.0003902172902598977,0.0009308478329330683,-0.0005295111332088709,0.00166007736697793,0.001587335136719048,-0.0004018564650323242,0.0001869186235126108,0.00025764896417967975,0.0007304459577426314,-0.0007510723662562668,0.0004344067128840834,-0.0010154065676033497,-1.4762349564989563e-06,-0.00043118599569424987
dose16k_B_s2,00130.png,-0.0009093563421629369,-0.0005623698816634715,0.000827203446533531,0.00031973555451259017,0.001270804088562727,0.00012128341768402606,-0.0010364576010033488,-0.0002028096787398681,-0.0010270088678225875,-0.00011932338384212926,0.0003665482217911631,0.0006982149207033217,0.0009522420004941523,-0.00020845563267357647,-8.412561874138191e-05,-6.75969640724361e-05,0.0001203312276629731,-0.0008315187878906727,-0.0012803307035937905,-0.0009161441121250391,0.0006670315633527935,0.0006722229882143438,6.337611557682976e-05,-0.0012863684678450227,-0.0005871571484021842,0.0007836705190129578,0.00011195777187822387,0.001152950106188655,0.0005200909217819571,0.00028102457872591913,0.0005159139982424676,0.0006162861827760935,-0.0003188336850143969,0.0015983956400305033,-0.00017474991909693927
dose16k_B_s2,00131.png,0.0007872887654229999,0.0012452007504180074,-0.0005498711834661663,0.0015747493598610163,0.0019087272230535746,0.0005109928315505385,-0.00186707335524261,-0.00011386028927518055,-1.2072579011146445e-05,-0.00128798873629421,0.0006746700964868069,-0.00015964003978297114,-0.0011221520835533738,-0.0020001579541713,-0.002719952492043376,0.0002363303501624614,-0.000714280060492456,0.0002024503337452188,-0.0009249075665138662,-0.0001467697147745639,-0.00016050893464125693,-0.001059107598848641,-0.000481289200251922,-0.0006685624830424786,-0.0010015027364715934,0.0005476453807204962,-0.0006851587095297873,0.00047763576731085777,0.0017150241183117032,-0.000298149767331779,0.0009356982191093266,0.0001578781520947814,0.00022319614072330296,-3.79295670427382e-05,0.0009035542025230825
dose16k_B_s2,00132.png,-0.0016458429163321853,-0.0014742997009307146,-0.00021228422701824456,-0.0002710225817281753,-0.00031090082484297454,-0.00018850188644137233,0.0002750185667537153,-0.001986155519261956,-0.0010107032721862197,-0.0014920510584488511,-0.0011174008250236511,-0.0008142917067743838,-0.0004049717972520739,0.00036261300556361675,0.0011500029359012842,0.000754145672544837,0.00031892373226583004,-0.0006072986871004105,0.00039472131174989045,-7.057065522531047e-05,0.0002350751601625234,1.1699703463818878e-05,-0.001339778653346002,0.000906195433344692,0.0001686482282821089,0.0011047093430534005,-0.0006715317722409964,-0.000566946342587471,-0.0005142734153196216,-3.933671450795373e-06,5.686395161319524e-05,-0.00019045898807235062,-0.0010880233021453023,-0.00040852505480870605,-0.0012826687889173627
dose16k_B_s2,00133.png,-0.00041079119546338916,0.0005226532812230289,-0.0023219184949994087,0.000625173153821379,0.0007843897910788655,0.00023405894171446562,0.0005674012936651707,2.6800216801348142e-05,0.00046513613779097795,-0.00025062254280783236,-0.0012005683965981007,-0.0007131626480259001,-0.0005448460578918457,0.0005002834368497133,-0.0006624018424190581,0.0016113397432491183,0.00017289468087255955,-2.708887950575445e-05,0.0006592976278625429,0.0010522139491513371,-3.8320376916090026e-05,-0.0006684797699563205,-0.00032417397596873343,-0.001316243433393538,-0.0003516240103635937,0.0018956155981868505,-0.0007044952944852412,0.0005215921555645764,0.0017680554883554578,0.0002762206713669002,0.00032619183184579015,-0.0004765906778629869,0.00014280976029112935,0.0008653693366795778,0.0018688191194087267
dose16k_B_s2,00134.png,-0.0002915248624049127,-0.0008435091585852206,0.0008045614813454449,0.0013548608403652906,0.0005471265176311135,-0.0007163569680415094,0.000198918700334616,0.000846398645080626,0.0007488515693694353,-0.0004847522359341383,0.00029172448557801545,0.001245166640728712,0.000349220703355968,0.00011919173266505823,-0.0010719508863985538,-0.001190204988233745,0.00028478342574089766,0.0010339817963540554,0.0009060858283191919,-0.001776166376657784,0.0018104671034961939,-0.0003977336746174842,0.00037269145832397044,-0.00035297026624903083,0.0005469309980981052,-0.0013591126771643758,0.00037430081283673644,9.794709330890328e-05,-0.0013692098436877131,-0.0005369125865399837,0.00036073746741749346,-0.0012978846207261086,-0.00010961834050249308,0.0006531612016260624,0.0008557075634598732
dose16k_B_s2,00135.png,0.00023155570670496672,0.0009013661183416843,-0.0009019988938234746,4.547818025457673e-05,-0.00015771514154039323,0.0002537405234761536,0.0003058327129110694,0.0009864135645329952,0.0001660469570197165,-0.0004099918878637254,0.000288337905658409,-0.0005073242937214673,0.0008753308211453259,-0.001984977861866355,-0.0008742938516661525,0.0007309834472835064,0.0006398549885489047,0.001178259844891727,-0.0015821349807083607,-0.00044238808914087713,-0.0007506940746679902,0.0005101818824186921,0.0019416180439293385,0.0010453490540385246,0.00014123276923783123,-6.376331293722615e-05,0.00013542422675527632,-0.0002519820409361273,0.0005529753398150206,0.000248166878009215,-0.00015317488578148186,-0.0006969475653022528,0.002715867478400469,0.0022570532746613026,-0.00020490297174546868
dose16k_B_s2,00136.png,-0.0010514279128983617,-0.0010288865305483341,-0.001181268715299666,-0.0002146978658856824,-0.0006928893853910267,0.0007052638102322817,8.238274858740624e-06,-0.0008103115251287818,0.0007612627232447267,-0.0012706252746284008,0.0009099789313040674,0.0011169972131028771,-4.554728729999624e-05,-8.057250670390204e-05,-0.0009996335720643401,-0.0001235360832652077,6.322835542960092e-05,-0.0009098485461436212,-0.00042194873094558716,-0.0004687832552008331,0.0009458872955292463,-0.0014030011370778084,-0.00013838014274369925,-0.0003603746590670198,0.00039400102104991674,0.00024088648206088692,0.0006532555562444031,0.0015724336262792349,-0.0024652795400470495,0.0008871175232343376,-0.0013031448470428586,-8.167095802491531e-05,0.0012157808523625135,0.00018030733917839825,0.000588896160479635
dose16k_B_s2,00137.png,0.00018893428205046803,0.0001238092954736203,0.00030739919748157263,-0.001977229490876198,-0.00010601399117149413,-0.00015960060409270227,0.00015487112978007644,0.003176721278578043,0.0013294528471305966,-0.0012998832389712334,-0.0010442145867273211,5.2800733101321384e-05,6.770840263925493e-05,-0.00154532166197896,0.00019873364362865686,-0.0004789545200765133,0.0003422377922106534,0.00077194778714329,0.0011772922007367015,0.0007817893056198955,0.0008613075478933752,-0.0003761797270271927,0.00036844200803898275,-0.0006986360531300306,0.002668611705303192,-0.0011442482937127352,0.00011791325232479721,-0.00133207265753299,-0.0007187112933024764,0.00042677874444052577,0.0006248619174584746,0.0005396117339842021,0.0006225380348041654,-0.001677788677625358,-0.0003910101659130305
dose16k_B_s2,00138.png,0.0014814701862633228,0.0007263544830493629,-0.000689350941684097,-0.002322067739441991,-0.00021672810544259846,-0.0001756927667884156,0.0005405247793532908,-0.00195045187138021,-0.0004695307288784534,0.0010727997869253159,0.0005911320331506431,0.0005438895896077156,9.077733921003528e-06,-0.00232262397184968,-0.0013820384629070759,-0.0020481294486671686,-0.0006144509534351528,-0.0008572625811211765,-0.00014214962720870972,-0.00012453400995582342,0.0003922533942386508,-0.0008041971013881266,0.0005399727378971875,6.648292765021324e-05,0.00013114901958033442,0.0010150360176339746,-0.0007073693559505045,-0.0018631340935826302,0.0006889464566484094,5.4503070714417845e-05,-0.0018811202608048916,-0.00016575494373682886,-0.00097352743614465,0.0009763610432855785,0.0007030659471638501
dose16k_B_s2,00139.png,5.541221617022529e-05,0.0016120210057124496,0.0004096388875041157,-0.001240313402377069,-1.3697460417461116e-05,-0.0009165933006443083,-0.0004900781787000597,-0.00021178126917220652,-4.163864559814101e-06,-0.0019966994877904654,-0.0008814415778033435,6.509907052532071e-06,0.0007877120515331626,-0.001249775756150484,0.0008926184382289648,0.0008007237920537591,-0.0011601261794567108,0.0010672854259610176,0.0006259235669858754,0.00031660948297940195,-0.0006228184793144464,0.00015815801452845335,-0.000911504146642983,0.00026394944870844483,0.000922157138120383,0.0007120246300473809,0.0006019946304149926,-7.443919457728043e-05,0.0024754523765295744,0.0020740299951285124,-0.001091519370675087,0.0001920626818900928,-0.0004540965019259602,5.2183462685206905e-05,-3.994891085312702e-05
dose16k_B_s2,00140.png,0.0001168538728961721,-0.00020064349519088864,-0.0007013945723883808,-0.0018853401998057961,-0.0009485824266448617,0.00041531756869517267,-0.00029806411475874484,-0.00021682392980437726,-0.0021839439868927,0.0014133874792605639,0.0013490337878465652,-0.0005660283495672047,-0.000351468101143837,-0.0002793560561258346,-0.0006511167157441378,-0.00015400259871967137,-0.0005344434757716954,0.00045359041541814804,-0.0014847208512946963,-0.00016768525529187173,-0.000726587139070034,-0.0006356159574352205,-0.0001075357649824582,5.698979293811135e-05,-0.0003052071842830628,0.0010245933663100004,-8.204935875255615e-05,-0.0014288538368418813,0.0010538625065237284,-0.0011794088641181588,-0.0006007211050018668,-0.0006250189617276192,-0.0004232903884258121,0.001282738521695137,-0.00022152342717163265
dose16k_B_s2,00141.png,0.0005880494718439877,0.00156690226867795,-0.0005437390063889325,0.0005689942627213895,0.0011493456549942493,-0.0005196651327423751,-5.215646160650067e-05,-0.0008662730106152594,-0.0004344388435129076,0.000665149709675461,-7.002501661190763e-05,-0.0012555733555927873,-0.00041333152330480516,0.00032402569195255637,-0.0007999489898793399,-0.000101377627288457,0.0008646970964036882,0.0001790703390724957,0.0013275209348648787,0.0004218747199047357,-0.0006268831202760339,-0.0005990947829559445,-0.0007017733296379447,0.0008868272416293621,0.00037720586988143623,0.001353545463643968,-0.0006837338441982865,0.00042736079194583,0.0008673082920722663,-0.002050937619060278,-0.000898783269803971,-0.0003508073277771473,0.0005302702775225043,0.0017172808293253183,-0.00098003214225173
dose16k_B_s2,00146.png,-0.0011688136728480458,-0.001527369604445994,-1.1565461136342492e-05,0.0008201058954000473,-0.0012980569154024124,-0.0016756020486354828,0.0002148090861737728,-0.0012894740793853998,-0.0007664962322451174,-0.0001871570711955428,0.0016328878700733185,-0.0015411938074976206,-0.00014434457989409566,0.0008086649468168616,-0.0001780956517904997,0.002818523207679391,0.0007591659668833017,0.0014354862505570054,0.0007077087066136301,-0.0015621163183823228,5.568900814978406e-05,0.00016843361663632095,-0.0009580599726177752,0.0007771140080876648,-0.00010457393364049494,0.0003013585810549557,-0.00016687699826434255,0.0015426905592903495,-0.0011139522539451718,-0.0005089768092148006,0.001077301800251007,-0.001067409641109407,0.0004948575515300035,-0.00012787424202542752,-0.000775893044192344
dose16k_B_s2,00147.png,-4.55923582194373e-05,0.0002717240422498435,-0.00021576532162725925,-0.0014020293019711971,-0.001293711713515222,0.00046402952284552157,0.0005068348837085068,0.0003217588528059423,-0.0007970650913193822,0.00048300271737389266,0.002842356450855732,0.0004108793509658426,0.0015808012103661895,0.0009221435175277293,-0.00010577622742857784,-0.00012202374637126923,0.00030610477551817894,0.0001971400051843375,0.0008239192538894713,-0.00041399552719667554,-0.00114388985093683,0.0008916123188100755,-0.0017606406472623348,0.0012785119470208883,-0.0005465585854835808,-0.0009746187715791166,-0.0010192893678322434,-0.00020092539489269257,0.0006217806367203593,0.0007284977473318577,-0.001086472300812602,-0.000380204786779359,0.0006015903200022876,-0.0006448979256674647,-0.0020548689644783735
dose16k_B_s2,00148.png,-0.000595284451264888,-0.0002710769767872989,-0.000902883184608072,-0.0010053423466160893,-0.0007136643980629742,0.0006233804160729051,-0.000530411780346185,-0.0006784406141377985,-0.000397860276279971,0.0012585620861500502,0.00039176823338493705,4.776259447680786e-05,0.0005622407770715654,-0.0015135050052776933,7.337209535762668e-05,0.00017299229511991143,-0.0021899144630879164,0.0013786549679934978,-0.00028917717281728983,0.0012993228156119585,0.0006775899091735482,0.00017140901763923466,0.0005540371057577431,-0.0011113695800304413,-0.0009532143012620509,-0.0008334547164849937,0.00024976913118734956,-0.0009439404821023345,-0.0007630405016243458,-0.001676121144555509,-0.00010926846880465746,-0.00110425497405231,0.0014846096746623516,0.0006645851535722613,-6.503494660137221e-05
dose16k_B_s2,00149.png,0.00046483566984534264,0.00023702440375927836,-0.0009282116661779583,-0.0017384394304826856,0.0006877593696117401,-0.00013941263023298234,0.0008184965699911118,0.000468715385068208,0.0003732718760147691,0.0012884509051218629,0.0013760223519057035,-0.0001931826991494745,0.0003425513277761638,0.001114599290303886,0.00029048591386526823,0.0002544450107961893,-0.0008480084361508489,-0.0002879919484257698,-0.00030589388916268945,-0.0001208840258186683,0.001214074669405818,0.001053426181897521,-0.00018090580124408007,-0.0007967878482304513,-0.0003843702143058181,0.0005031428299844265,0.0012764397542923689,0.00032720513991080225,-0.00021615784498862922,0.0003295897913631052,0.00034783760202117264,-4.989021545043215e-05,0.0015831933123990893,-0.0008151620859280229,0.0005727496463805437
dose16k_B_s2,00142.png,-0.0007910607964731753,-0.0006469421205110848,0.0014261433389037848,0.001038720947690308,-8.717890887055546e-05,0.002339908154681325,0.0006610445561818779,5.09737265019794e-06,0.0011979780392721295,-0.0005001271492801607,-1.0601957910694182e-05,-0.0004492283333092928,-0.0013700489653274417,-0.0003284962731413543,-0.00044195359805598855,-0.0005455884383991361,0.0008454793132841587,0.0010738252894952893,0.0015607457607984543,0.0001942493108799681,0.0006144782528281212,0.0006921882159076631,-0.0007153554470278323,-0.001363672548905015,-0.0015627690590918064,0.000842025619931519,0.0009734725463204086,-0.0005607996135950089,0.00032513035694137216,-0.0011924627469852567,0.001718290033750236,0.0010948440758511424,-0.0013069671113044024,0.0005105385789647698,-2.7264612072031014e-05
dose16k_B_s2,00143.png,-0.0011574904201552272,-0.0014787649270147085,0.0010959949577227235,0.0012990585528314114,0.0006954625132493675,0.001686349045485258,0.0005121949361637235,0.0004095527110621333,0.0009354251087643206,0.0007156484061852098,-0.001947084441781044,0.0009380957344546914,-0.0005920491530559957,-0.0005541614373214543,0.0019669344183057547,-0.001046408899128437,-0.0003255462215747684,5.991975194774568e-05,-4.6175158786354586e-05,0.00035599744296632707,-0.00018861850549001247,-0.0023769147228449583,0.0007699394482187927,0.0003790907212533057,-0.00016352716193068773,0.0009631558205001056,0.00030524501926265657,-0.0008744709193706512,0.0003105259675066918,0.0021307626739144325,9.799702820600942e-05,-0.0008611857192590833,0.00011700203322106972,-0.001437055179849267,-0.00075094512430951
dose16k_B_s2,00144.png,0.0008907054434530437,0.0005597788258455694,3.780145198106766e-05,-0.00046096861478872597,-0.00022395793348550797,0.0005114036030136049,-0.0008466285653412342,-0.0015138316666707397,0.0010867927921935916,0.0006092009716667235,0.00014115855447016656,0.0004118071810808033,-0.0004431539564393461,-0.0017859648214653134,0.0018128667725250125,-0.001404299633577466,-0.0014844430843368173,-0.00045073183719068766,-0.00028826779453083873,0.0008979440317489207,-0.0009675145265646279,-0.001105385716073215,0.0008276348235085607,0.0009216780308634043,0.0026008617132902145,-0.0009913411922752857,0.0008798144990578294,-0.0003131926350761205,6.8139820541546214e-06,-0.0007889561238698661,0.0004746936319861561,-0.00043856323463842273,-0.0006591494311578572,-0.00037304568104445934,-0.00044130050810053945
dose16k_B_s2,00145.png,1.1224397894693539e-05,-0.0007316936389543116,0.001065392978489399,-0.0003577193710952997,-0.0006508470396511257,0.0032906148117035627,0.00043348356848582625,0.001471619470976293,0.00014930355246178806,-5.513108044397086e-05,0.0012812131317332387,-0.00018438679398968816,-0.0010448191314935684,-0.0016894539585337043,-0.0005484523717314005,2.375327494519297e-05,0.000562365516088903,0.00019248876196797937,0.0004176640068180859,-0.000307213282212615,0.0006086329813115299,-0.0009124581702053547,0.0004427153617143631,0.0003986736701335758,0.0008401548839174211,0.0009198924526572227,-0.000930201611481607,-0.00041094882180914283,-0.0007201627013273537,0.0010136248311027884,-8.622725545137655e-06,0.0001497928606113419,-0.0012123349588364363,-0.0004177300143055618,-0.001120443339459598
dose16k_B_s2,00154.png,-0.0007053509471006691,-0.0006613755831494927,0.0014001174131408334,0.0003459778381511569,0.0008621294400654733,-0.0021145385690033436,0.00036394441849552095,-0.00034631299786269665,0.00015948167128954083,0.0003081652394030243,0.0008003159891813993,0.0007801581523381174,-0.00024737566127441823,-0.00040593280573375523,0.0005428603035397828,0.00027766148559749126,0.0009555681026540697,0.0006230368744581938,-0.0003996108425781131,-0.00019753554079215974,-0.0001523465325590223,0.0005882612313143909,8.511966734658927e-05,8.892919140635058e-05,0.00016452677664346993,0.0008331091958098114,-0.00035684483009390533,-0.00026109538157470524,0.00019089560373686254,-0.001084530958905816,-0.001236196607351303,0.0007872214773669839,0.0014526386512443423,0.0008528073667548597,0.0008778229239396751
dose16k_B_s2,00155.png,-0.0009422752191312611,-0.00029348439420573413,0.0015770747559145093,-0.0014395354082807899,-0.0006221382645890117,0.00025328597985208035,-0.000359692465281114,0.0011008144356310368,-0.0006393350777216256,-0.00023718882584944367,0.0004570437886286527,-0.0005175549304112792,5.671208054991439e-05,-0.0006321597611531615,0.0014917413936927915,-0.000463294010842219,0.0005807916750200093,-0.00036200619069859385,-0.0004966793349012733,-0.0007173962658271194,-0.0009717319044284523,0.0018687581177800894,-0.0008296940941363573,0.0006573600694537163,0.000864798785187304,-0.002177463611587882,-0.0005800032522529364,0.0008933578501455486,-0.001101078581996262,0.0004301004228182137,-0.0004201598057989031,0.0016449085669592023,-0.0015634207520633936,0.0028308629989624023,0.0004084217653144151
dose16k_B_s2,00156.png,0.0007100484799593687,0.00044405183871276677,0.0004060592036694288,0.00025425112107768655,0.0005029279855079949,2.849848533514887e-05,-6.303485861280933e-05,0.001488200156018138,0.0014641290763393044,-2.1139443560969085e-05,0.0008467204752378166,-0.0008607084746472538,0.0005970182246528566,-0.0013697482645511627,0.001426173490472138,-0.000939283927436918,0.001076207496225834,0.0009267905261367559,0.001062523340806365,-0.0017797452164813876,4.760686351801269e-05,0.0010615980718284845,0.00024111615493893623,0.0009018979035317898,-0.0011132300132885575,0.0019574537873268127,0.0009662963566370308,-0.0009867199696600437,0.00043504341738298535,-0.00168721959926188,-0.0011304449290037155,-0.00043104353244416416,-0.00046371211647056043,-0.001760763581842184,0.000252050842391327
dose16k_B_s2,00157.png,-0.0020671458914875984,-0.0022172965109348297,0.0005038809613324702,-0.0004979869117960334,-0.0017388897249475121,-7.895021553849801e-05,-0.00012062464520568028,-6.849195051472634e-05,-8.557699766242877e-05,0.0005591678200289607,0.00011598715354921296,0.0003089542151428759,-0.0007319712312892079,-0.000338142883265391,-0.0007305806502699852,0.0006768107414245605,-0.00036710710264742374,0.0018022509757429361,0.0005133267259225249,-0.000629073241725564,-0.0007953980821184814,3.8850048440508544e-05,-0.0004933390882797539,-0.0003525720676407218,-0.00024681235663592815,0.00017903886327985674,0.0003622811636887491,-0.0001716062251944095,0.0004546899872366339,-0.00113697350025177,-0.0004859615000896156,-0.0007540905498899519,-0.001505698193795979,-0.0009679835056886077,-0.0019346530316397548
dose16k_B_s2,00150.png,0.0012812521308660507,-0.0004258440458215773,-0.00028199830558151007,0.0004128970904275775,0.0014496055664494634,-0.0007812139228917658,0.0008217115537263453,0.0006436578696593642,0.0018835457740351558,5.486883674166165e-05,-0.0007915110909380019,-0.0002744575613178313,0.000822867383249104,0.0007612648187205195,0.0007151677855290473,-0.00046861323062330484,-0.0008455096394754946,-5.264661740511656e-05,-0.0006956554134376347,0.00015519707812927663,-0.0003144865913782269,-0.001472394447773695,-0.0013601460959762335,0.0008242508047260344,-0.001112498459406197,0.00023681690800003707,-0.0013327220221981406,-0.0002718482865020633,-0.0003852391673717648,-0.00012605574738699943,-0.0007987986318767071,0.0007606200524605811,-0.00017311218834947795,-0.00019822176545858383,-0.0006999182514846325
dose16k_B_s2,00151.png,-0.002005164511501789,-0.0016239272663369775,-0.0009434414096176624,0.0006293114856816828,-0.0018576951697468758,-0.0008467966108582914,6.668947753496468e-05,0.0018406223971396685,0.001310605788603425,-0.0001504044485045597,0.0012651841389015317,-4.093232564628124e-05,-0.0007335818954743445,0.0016376861603930593,-0.0010496950708329678,-0.0009094317210838199,-0.00032425750396214426,-0.0006633235025219619,0.00037839385913684964,0.0010868132812902331,-0.00022445245122071356,0.00010309119534213096,0.0004154398920945823,-0.0001545147824799642,0.002312808996066451,0.0006260601803660393,-0.0009775711223483086,4.452532448340207e-05,-0.00031238136580213904,-0.0004976349300704896,0.0009975464781746268,-0.0007036029128357768,0.0012510291999205947,-0.0015114061534404755,-0.001495813368819654
dose16k_B_s2,00152.png,-0.00010362963075749576,-0.0005130571080371737,-0.0008098204270936549,0.0026642736047506332,-0.0007707663462497294,0.0011216893326491117,0.0007260669954121113,0.000856624566949904,-0.001460254192352295,-2.329353264940437e-06,0.00042756489710882306,-0.0005361043149605393,-9.977477020584047e-05,0.0005797619232907891,-0.00048257250455208123,-0.0004430492699611932,0.0001439827319700271,-0.0005445514689199626,-0.0004577129438985139,0.0003331174957565963,8.929681825975422e-06,0.000822823029011488,-0.0025031075347214937,0.0022256735246628523,-0.00022707742755301297,0.001782073057256639,0.0008366316324099898,0.0007282876176759601,0.0018619562033563852,-0.0017082750564441085,0.00018691741570364684,-4.756324051413685e-05,-0.0015910482034087181,6.334480713121593e-05,-0.0006756472866982222
dose16k_B_s2,00153.png,-0.0010015129810199142,-0.001156776212155819,0.00018545851344242692,0.0007488951086997986,0.0020970781333744526,-0.00018161706975661218,0.0010401179315522313,-0.00018097837164532393,-0.0003921718744095415,-0.0020868268329650164,0.001242759870365262,0.0009441651054657996,-0.0011068816529586911,6.483915785793215e-05,-0.0002599171712063253,-0.0011596611002460122,0.0005621391464956105,0.001064044889062643,-7.829859532648697e-05,0.00023324995709117502,-0.0008326471433974802,-0.00047557614743709564,0.0008612659876234829,-0.0004394433635752648,0.000627059256657958,-0.0002841166569851339,0.0005162765737622976,0.0002878658997360617,0.00023297176812775433,9.281262464355677e-05,0.0008504666620865464,0.0008842261740937829,-6.36499171378091e-05,6.789787676098058e-06,-0.0009092887630686164
dose16k_B_s2,00158.png,0.00041307174251414835,0.001381903188303113,-3.0912260626791976e-06,0.0004075438482686877,0.0010168206645175815,0.0009131515398621559,0.00022675422951579094,0.0006298950174823403,0.001096447347663343,-0.0005110376514494419,0.0008685743669047952,0.0006155018345452845,-0.0004519434878602624,-0.0015535029815509915,0.0005283962818793952,0.00018064581672661006,-0.0004720512079074979,-0.00039927425677888095,-0.00024026601749937981,0.0005204136832617223,-7.348012900365575e-07,0.00015510890807490796,0.0011802081717178226,-0.0005792289157398045,0.001299385679885745,0.0010026866802945733,0.0019342958694323897,-2.196109744545538e-05,-0.0013784327311441302,-0.0006687573622912169,-0.00014249648666009307,0.0005499448161572218,-0.0002456732327118516,9.070952364709228e-05,-0.0010600402019917965
dose16k_B_s2,00159.png,-0.00013443887291941792,0.0006970017566345632,-0.000330140843288973,0.0010983580723404884,-0.002404170110821724,0.00022058497415855527,-0.0004314668767619878,0.001288249040953815,0.0008181544835679233,0.0005555918905884027,-0.0017358673503622413,0.0011209741933271289,-0.000584760622587055,-0.0012530842795968056,0.001242457190528512,-0.0014733851421624422,0.000986650469712913,-0.0013503674417734146,3.937180736102164e-05,0.0009651391883380711,0.0015222964575514197,-0.0007814119453541934,-0.0010112510062754154,-0.0014326123055070639,0.0005692018894478679,0.001036182977259159,4.299536522012204e-05,-0.0006619798368774354,-0.0016516399336978793,-0.00010806246427819133,0.0014321486232802272,-0.0007712426595389843,0.001471407595090568,0.0003591029962990433,-3.921956158592366e-05
dose16k_B_s2,00160.png,3.572108471416868e-05,0.0004390802059788257,0.0017221528105437756,0.0014174451353028417,0.000645723135676235,0.0014943504938855767,0.0008453564369119704,0.0004296925908420235,-0.000248122145421803,6.533850682899356e-05,-0.000552742974832654,0.00019155863265041262,3.19110658892896e-05,0.00016175939526874572,-0.0002921797276940197,-7.345735502894968e-05,0.0007954686880111694,0.0005046932492405176,-0.0005332375294528902,-0.0004700874851550907,0.0002322498185094446,-0.0017307096859440207,-0.00013954812311567366,-6.277546344790608e-05,0.00012113971752114594,0.0003470676310826093,0.0011948858154937625,0.00023773207794874907,0.0008126273169182241,0.00033187924418598413,0.001355228596366942,-0.0013949907151982188,3.465445479378104e-05,-0.0001049748680088669,0.00022075687593314797
dose16k_B_s2,00161.png,0.0017649667570367455,0.002329340437427163,-0.0019639574456959963,-9.666999176261015e-06,0.0011242462787777185,0.00024495148682035506,-0.0005282560596242547,-0.0008334147860296071,0.00010211138578597456,-7.6105420703243e-06,0.0010384763590991497,0.001699900720268488,-0.00087596575031057,-0.000622123247012496,-0.00015991830150596797,-0.001129750395193696,0.0010196850635111332,0.0004173012566752732,-0.00020011942251585424,-0.0008935440564528108,7.574678602395579e-05,-0.00010528416896704584,-0.000545207760296762,-0.0005490726907737553,0.0008282411145046353,0.00032924028346315026,0.0013708750484511256,-0.0002011662581935525,0.0004157839575782418,-0.0005744935479015112,0.00044629626790992916,0.00023510550090577453,9.744810085976496e-05,0.00020399353525135666,-0.0003160849737469107
dose16k_B_s2,00162.png,0.000513015256728977,0.0013552064774557948,-3.993738573626615e-05,0.0018223568331450224,-0.0005812549497932196,-0.0013350717490538955,0.0006568595999851823,0.0005010663880966604,0.00042874811333604157,-0.00013624732673633844,0.0014468826120719314,-0.0008429897716268897,0.0004204816068522632,0.00041957912617363036,-0.0009689112775959074,-0.000442983815446496,0.0007573341717943549,-0.00022993599122855812,-0.00033930272911675274,-0.0007085927063599229,0.0004388708039186895,-0.002958468394353986,1.616710505913943e-05,0.00037628485006280243,-0.0005331007414497435,0.0010067884577438235,-0.001135020749643445,-0.0006257559871301055,-0.0011390703730285168,0.0005701237241737545,0.0004028294642921537,9.625505481380969e-05,-0.0005004348349757493,-6.354612560244277e-05,0.0005007481668144464
dose16k_B_s2,00163.png,-0.0003781253763008863,-0.0003745483991224319,0.00016495892487000674,0.001969490898773074,0.0012404845329001546,0.0006306633586063981,-0.0017490986501798034,0.0007584462291561067,0.0009473778773099184,-0.0006171567947603762,-0.0008484651916660368,0.0010197238298133016,-0.00012749381130561233,0.0007208333699963987,-0.00046769098844379187,0.0013666925951838493,-0.00016636117652524263,0.0009328246815130115,4.551277925202157e-06,-0.001039699767716229,0.0016964188544079661,-0.0011539461556822062,-8.730475383345038e-05,-0.001715240883640945,-0.0002517614047974348,-0.0008427191060036421,0.00040042746695689857,-0.00236362568102777,0.0002027292939601466,0.0003401856520213187,0.0004592581535689533,-0.00040516708395443857,-0.00037472491385415196,0.0005670876707881689,-0.00034128077095374465
dose16k_B_s2,00164.png,0.0010988677386194468,-0.00019699594122357666,0.00022390601225197315,-0.0013199463719502091,-0.0021021654829382896,-0.0015012965304777026,-0.00035894379834644496,-0.0021493914537131786,-0.00022634127526544034,0.0003667899582069367,0.0006636150646954775,-0.001671953359618783,-0.0013400991447269917,-0.0003674618201330304,0.000279053405392915,0.0002019755484070629,0.0008731457055546343,-0.0003674000618048012,-0.0016807467909529805,-0.001038365182466805,0.0018156905425712466,-0.0007231170893646777,-0.00031299013062380254,0.0007463625515811145,-0.0005900614196434617,0.0008883082191459835,0.00124438910279423,-0.001146944472566247,-0.00013785315968561918,0.0004337459395173937,0.00015891026123426855,-0.0017752621788531542,-0.0017647129716351628,-0.0020919744856655598,0.0015955009730532765
dose16k_B_s2,00165.png,0.0006618892075493932,2.605826693979907e-06,-0.00011166305193910375,-0.00024077016860246658,0.0017087963642552495,0.00018419697880744934,-0.0001855262235039845,0.0004340301384218037,0.0004386572982184589,-0.000506257580127567,0.00013255509838927537,0.00025694610667414963,6.267696153372526e-05,-0.0013313150266185403,-0.00010644020949257538,-0.0007451551500707865,0.0011567180044949055,-0.0006212705047801137,-0.0003626624238677323,0.0016624510753899813,3.314211426186375e-05,-0.0006804014556109905,0.000327881338307634,-0.00014882256800774485,0.0006818250985816121,0.0008788146078586578,2.593446697574109e-05,0.0010343377944082022,-0.0008280259207822382,0.0011056370567530394,0.0005375019391067326,0.001649260986596346,0.000919471844099462,-0.0004197846574243158,-0.0007969856378622353
dose16k_B_s2,00166.png,-0.0007546701817773283,0.0008337441249750555,-0.0008456006180495024,-0.0007405439973808825,0.0016364173498004675,-0.00043659587390720844,-0.0014726666267961264,-0.00017064147687051445,0.0009280633530579507,0.0012388336472213268,0.0009512036922387779,0.0014410269213840365,-0.0009473327081650496,0.001546418177895248,-0.00028756799292750657,0.00039733017911203206,0.00014717041631229222,-0.0016139830695465207,0.0024828636087477207,-0.0005375381442718208,-0.0004894596640951931,0.0005223577027209103,0.00010924888920271769,0.00038598186802119017,0.00014195917174220085,0.0003615025489125401,0.0008594132959842682,0.00038799186586402357,-0.00035517680225893855,8.16217107058037e-06,-0.0015006141038611531,-0.000146058649988845,-0.0005087479366920888,-0.0007648110040463507,-0.000817152438685298
dose16k_B_s2,00167.png,-7.503375854867045e-06,-0.0007050588610582054,0.002331657102331519,-8.39773056213744e-05,0.00040731762419454753,-0.000940083060413599,0.001805237028747797,0.0008666752837598324,-0.0002952975919470191,-5.506598608917557e-05,0.0008739795885048807,-0.0008189730579033494,0.0008643519831821322,-0.0014071316691115499,0.0003652496379800141,-0.0008892190526239574,0.0015269782161340117,0.0006476148846559227,-0.000910997565370053,0.0012951240641996264,-0.0009612870635464787,-0.0003232777235098183,-0.0003754812350962311,-0.0024826477747410536,0.0008521806448698044,0.0006439299322664738,-0.00010118368663825095,0.0006600189954042435,0.0014330955455079675,-0.00087233871454373,0.00046054800623096526,-0.0011461692629382014,-0.0004076942859683186,-0.0008981971186585724,0.0007187227020040154
dose16k_B_s2,00168.png,-1.7140398995252326e-05,0.0007525059045292437,0.00012528848310466856,0.0030661998316645622,0.004847357980906963,-0.0017807148396968842,0.0008881927351467311,-0.001407615258358419,-0.0004028937837574631,-0.0007351586245931685,-0.00030314791365526617,0.001640066970139742,0.00012458872515708208,0.00023548559693153948,-0.00011934610665775836,-0.0004723782476503402,-0.0005218581645749509,-0.0011670897947624326,-0.0004379022284410894,-0.0020079943351447582,-0.0008121018181554973,-0.0016166088171303272,-0.00021970178931951523,0.0009647923288866878,5.431207682704553e-05,0.001282880431972444,0.0010914501035586,-0.0013842275366187096,-0.0006472533568739891,0.00012150076508987695,0.0003296480281278491,0.0006742302794009447,-0.0001573986082803458,-4.472503133001737e-05,-0.00027653464348986745
dose16k_B_s2,00169.png,-4.519778940448305e-06,-0.0003095748252235353,-0.0010227294405922294,0.00018831859051715583,-0.00031087789102457464,-0.0008516518282704055,-0.0022804259788244963,0.0004514961037784815,-3.986922456533648e-05,0.0005490323528647423,5.0100123189622536e-05,0.00013536553888116032,0.0001795324933482334,-9.498174040345475e-05,-0.0009272404131479561,-0.0005342606455087662,0.00020543768187053502,0.0002206745557487011,-0.0004006141098216176,0.0014747963286936283,0.00017501477850601077,0.0016604085685685277,-7.181257387856022e-05,-0.0005106126773171127,0.0007691290229558945,-0.0003090704558417201,-0.0016966538969427347,-0.0007869531400501728,-0.00040611991425976157,-0.00043613449088297784,0.0012790458276867867,0.0009277692879550159,-0.0003042956523131579,-0.00018103953334502876,0.0011867026332765818
dose16k_B_s2,00170.png,-0.0006567511009052396,-0.00192231812980026,0.00045081324060447514,-0.0011566273169592023,-0.0014776438474655151,0.0006377280224114656,-3.185800960636698e-05,0.0009963830234482884,0.0019934417214244604,6.545753421960399e-05,0.0002791373117361218,-0.0011493752244859934,-0.0012944580521434546,0.0003533035924192518,-0.0013105213874951005,-0.00237225997261703,-2.0018951545353048e-05,-0.0015120382886379957,1.6930374840740114e-05,-0.0009956121211871505,4.1833194700302556e-05,-0.0004064145323354751,-0.00035032222513109446,-0.00179427326656878,-0.0006683687097392976,0.0005503229913301766,-0.0009292237809859216,0.002279490465298295,-0.0006089904345571995,0.0010134330950677395,-0.0007105757831595838,0.0009016680414788425,0.0004833231505472213,0.00018894117965828627,-0.0008190473890863359
dose16k_B_s2,00171.png,0.0007727068732492626,0.0010429141111671925,0.0031711445190012455,0.004393471404910088,-0.0005799447535537183,0.0010363665642216802,0.0005393684259615839,0.00011742696369765326,-0.0011307982495054603,-0.0013143842807039618,-8.754149894230068e-05,0.001862339093349874,0.0007254890515469015,-0.0007815691060386598,0.000689294480253011,-0.0003318242961540818,0.0005165490438230336,0.00019287160830572248,6.514188135042787e-05,0.00016060959023889154,0.002151841763406992,-0.0017947724554687738,-0.0008916386868804693,-0.00012632503057830036,0.0004957851488143206,0.0023712031543254852,0.00030582703766413033,0.001321715535596013,-0.001124819740653038,-0.0003613341832533479,-0.0010133228497579694,6.432520603993908e-05,5.623304969049059e-05,0.0013872189447283745,0.00032013983582146466
dose16k_B_s2,00172.png,-0.0012584957294166088,-0.0006821167771704495,0.00018767491565085948,0.00047230537165887654,-0.001250103465281427,-0.0001505092077422887,0.0013098842464387417,0.00019819241424556822,-0.00031762183061800897,0.0007229818147607148,0.000498867710120976,-0.0002659498422872275,0.0007834623102098703,-0.0009121517068706453,0.00038917901110835373,-0.0004682982398662716,0.000846286304295063,0.0004285633040126413,0.0004588139709085226,-0.00084732286632061,-0.0009026634506881237,0.00038808389217592776,0.00016811562818475068,-0.00010618405212881044,-0.0011218764120712876,0.00012323026021476835,-7.708587509114295e-05,0.0013595481868833303,-0.0007630614563822746,0.000575200654566288,0.0007779927109368145,-0.00015121600881684572,-0.00035871920408681035,0.0007045880774967372,-2.931893504865002e-05
dose16k_B_s2,00173.png,0.0002683655475266278,5.1311322749825194e-05,-0.001132292440161109,-0.0007943040109239519,0.0017120914999395609,0.00034657883225008845,-6.669183494523168e-05,-3.078354347962886e-05,-0.0005063101416453719,0.00016056091408245265,0.0010254749795421958,-0.0015308037400245667,-0.0011989612830802798,0.0002759877825155854,0.001020771567709744,-0.0008519531693309546,0.0005236345459707081,0.0003144104266539216,0.0015886874170973897,-0.0010701712453737855,-0.0005150295328348875,0.000493861676659435,0.0004702032310888171,0.0008040805696509778,0.0005041037802584469,-0.0009546831133775413,0.0003435311955399811,-0.0028074856381863356,0.00035052167368121445,-0.001687116688117385,0.0002366841654293239,-0.00045026838779449463,0.0011720943730324507,0.0004967754357494414,-0.0004689264460466802
dose16k_B_s2,00174.png,0.0005115129752084613,-0.0001888128463178873,0.0003662392555270344,-3.259725417592563e-05,-0.0002914797514677048,-0.001028486993163824,-0.00017411229782737792,-0.0003696947533171624,0.0006164935766719282,0.00035734273842535913,-0.00013163483527023345,0.001184274791739881,-0.0020213790703564882,0.0009762576664797962,0.00026020186487585306,0.0008557966211810708,-0.0006842229049652815,0.00036222979542799294,-0.0004889567499049008,-0.0001372192200506106,-0.0007879399927332997,0.0007574908086098731,0.0005462670815177262,-0.0006291412864811718,-1.1675523637677543e-05,0.0007191590266302228,-0.0005727725801989436,2.8567195840878412e-05,0.00025827399804256856,0.0010679217521101236,-0.001401208690367639,0.0006243138341233134,-0.0009453866514377296,0.0010066446848213673,0.000931423797737807
dose16k_B_s2,00175.png,0.0015567685477435589,0.0018933474784716964,0.0018985774368047714,0.0020348632242530584,0.0008313256548717618,0.00034222821705043316,-4.342334796092473e-05,0.00026575083029456437,0.0010549325961619616,0.0006164244841784239,0.00022424872440751642,0.0004481226787902415,0.0004971193848177791,0.0012771990150213242,0.0010760623263195157,-0.0004082043014932424,0.00113271689042449,-0.00037325514131225646,0.00038437318289652467,0.0009369102772325277,0.0005075455992482603,-0.001450113020837307,0.00025685009313747287,-0.00033049588091671467,0.0013387170620262623,-0.0006179721676744521,0.00026403245283290744,0.0004751225933432579,0.00016502085782121867,-0.0005693983403034508,-0.0002727366518229246,-0.0010706131579354405,-0.0011868790024891496,0.0008720699115656316,-0.00013909682456869632
dose16k_B_s2,00176.png,0.000825285620521754,-2.2373673346010037e-05,0.00038736622082069516,-0.000777004228439182,-0.0014771466376259923,0.0005999422864988446,-2.7729280191124417e-05,0.00022067590907681733,0.00021013646619394422,-0.0003328371967654675,0.0008324372465722263,-0.002165427664294839,0.00018355886277277023,0.0012554547283798456,0.0004328708746470511,-0.0011053289053961635,0.0003101625188719481,-0.00040634593460708857,-0.00010770691733341664,0.002494473708793521,0.0007133770850487053,-0.00018140375323127955,0.0004754549008794129,0.00047828356036916375,0.00046696100616827607,-0.00045577995479106903,8.503111894242465e-05,0.0005699960165657103,0.0020042790565639734,0.0004883657093159854,-0.0014418611535802484,-0.0005405052215792239,2.3438702555722557e-05,0.00011348725820425898,0.00036503461888059974
dose16k_B_s2,00177.png,0.0005771308788098395,0.0020099482499063015,-0.0009870538488030434,-0.0010079286294057965,-0.005374214146286249,-0.0009204477537423372,0.0011092365020886064,-0.0018494969699531794,-0.001278469106182456,0.0001388231903547421,0.0005347713595256209,0.0021360439714044333,-0.0002976660034619272,0.0005605481564998627,0.0007838961319066584,-0.00018823171558324248,0.0003505726344883442,0.00030601947219111025,5.044810677645728e-05,-0.0012228641426190734,0.0005801538936793804,0.0008416335913352668,-0.0003170312265865505,0.00019181208335794508,-9.612498979549855e-05,0.00011168608762091026,0.0003929712693206966,-0.0005322247161529958,0.0003913738182745874,-0.000947252381592989,0.0014259101590141654,-0.0003749074530787766,0.0005987441400066018,0.0006625085370615125,-0.00048542683362029493
dose16k_B_s2,00182.png,-0.00039031426422297955,-0.00033050126512534916,0.0001886267855297774,-0.0008640692685730755,-0.0005300039192661643,-0.0005327429971657693,0.0005982876755297184,0.0013261217391118407,0.0016280951676890254,-9.756185318110511e-05,0.00012808479368686676,0.0006667053676210344,-0.0012953870464116335,0.0018238733755424619,-0.0006045294576324522,0.0010619772365316749,0.0014611432561650872,-2.6921259632217698e-05,-0.0007099368376657367,-0.0011775919701904058,0.0006657514604739845,0.0011742518981918693,-0.000824803370051086,-0.0015412286156788468,-0.0010917476611211896,-0.0005396113847382367,0.001849177060648799,7.991982420207933e-05,-0.0009523301268927753,-0.0003874188696499914,0.0005161186563782394,-0.0010630370816215873,-7.430453842971474e-05,0.0006288947188295424,-0.0005198116996325552
dose16k_B_s2,00183.png,0.0010317735141143203,0.0014764134539291263,-0.0008908549789339304,0.001418557483702898,-0.0004370831011328846,0.0002740811905823648,-0.001302188029512763,-0.000510303070768714,-0.0002503790601622313,0.0006738504162058234,0.0010831820545718074,0.0009055293048731983,0.001477381563745439,-0.0008314969600178301,-0.0002723428187891841,-0.000279586500255391,0.00047271049697883427,-0.0012832507491111755,-3.210818249499425e-05,0.00030282308580353856,-8.737264579394832e-05,-0.00016653744387440383,0.00048046628944575787,-0.0005599157884716988,0.0011312991846352816,-0.0004558165674097836,-0.0009658699855208397,0.0005874760681763291,0.0010671920608729124,0.0007373604457825422,-0.000270705611910671,4.300655746192206e-06,0.0015979697927832603,0.0007816446013748646,-0.00037852287641726434
dose16k_B_s2,00184.png,0.00232754391618073,0.0016636073123663664,4.9284437409369275e-05,0.00047083862591534853,0.0001284376485273242,-0.0004217276000417769,0.0011421130038797855,-4.0087386878440157e-05,-0.00034982580109499395,0.001654949621297419,0.0005919978721067309,-0.0003781367850024253,-0.0003976275911554694,-0.001226291642524302,6.534506974276155e-05,0.0012960146414116025,0.0009909356012940407,0.00012022635928587988,0.00013702959404326975,0.00039135778206400573,-0.0016058386536315084,-0.0011482390109449625,0.0011012047762051225,0.0024282599333673716,0.0006521149189211428,0.00014900698442943394,-0.0007058577029965818,0.00018512620590627193,-0.00017471109458710998,-0.000786217802669853,0.0009311645408160985,-0.0004359378363005817,-0.0011050582397729158,0.0009767193114385009,-0.000515498744789511
dose16k_B_s2,00185.png,0.0006649728748016059,0.001244528335519135,-0.0012766007566824555,-0.0006853539380244911,0.00012496898125391454,0.000137462790007703,0.0004080300859641284,-0.00029882063972763717,0.0010557941859588027,-0.0008287698728963733,0.00033965572947636247,3.516747892717831e-05,-0.0013516154140233994,0.0019362466409802437,-9.261286322725937e-05,-0.0005424992996267974,0.0002820032532326877,-0.0001817507145460695,0.0010982467792928219,-0.00011662531323963776,0.00016508765111211687,0.00019055540906265378,-0.0014011997263878584,0.0004505841061472893,0.0013309443602338433,-4.149544838583097e-05,-0.000563528505153954,-8.091799827525392e-05,-0.0004557333013508469,-0.0008768198895268142,4.816384898731485e-05,-0.0006878246203996241,-0.0006328677991405129,0.0008631665841676295,-0.0001436461607227102
dose16k_B_s2,00178.png,0.0006368787726387382,0.0009691024897620082,0.0004026182577945292,0.0003201897779945284,-0.0004293120000511408,-0.002176800277084112,-0.0006269978475756943,0.0009876731783151627,0.0006783679709769785,8.706391236046329e-05,0.0005307180108502507,-0.00044292991515249014,0.0015168263344094157,0.00032938277581706643,0.001130794989876449,0.0009084437624551356,6.86808125465177e-05,-0.00012206059182062745,-0.0013327853521332145,-0.0005797118064947426,-0.0008420823141932487,-4.729859210783616e-05,0.0005517500685527921,0.0011612304951995611,0.0014359010383486748,0.00024803521228022873,-2.5486820959486067e-05,-0.0010963974054902792,-0.00013122738164383918,9.409821359440684e-05,0.00048705327208153903,-0.0016563053941354156,-0.00014161525177769363,0.000518808257766068,0.0005468364106491208
dose16k_B_s2,00179.png,0.0011056414805352688,0.0014716357691213489,-0.001999837113544345,0.0035625644959509373,0.0012688410934060812,-0.0012896688422188163,-6.288303120527416e-05,0.0005897437804378569,0.0019154874607920647,-0.0003566839441191405,0.0002130515204044059,-0.00029396553873084486,-0.0014909388264641166,0.0005514827207662165,0.00016372142999898642,-9.225894609699026e-05,1.3608410881715827e-05,0.001480625942349434,0.0009335098438896239,0.00040220425580628216,-0.0005611240630969405,0.00052860495634377,-0.00019732379587367177,0.0002667420485522598,0.00036461360286921263,-0.0006261547678150237,-0.0007322571473196149,0.00041525502456352115,-0.0009163948125205934,-0.00016637223598081619,-0.0014106216840445995,-0.0003576534800231457,0.0010205780854448676,-0.00028602153179235756,-0.00025266388547606766
dose16k_B_s2,00180.png,0.001514218165539205,0.0004021739587187767,-0.0009045691695064306,-0.00015878795238677412,-0.0006763886194676161,5.569077984546311e-05,0.0003449966316111386,0.0011344988597556949,-0.00021342802210710943,0.00024929034407250583,0.00023222719028126448,0.0007424654322676361,-7.112179446266964e-05,-0.00024514488177374005,-0.0007326095947064459,-0.00011700631148414686,-0.00012388592585921288,-0.001234325929544866,-0.0013825810747221112,-0.002282890258356929,-0.0013585893902927637,-0.001361864386126399,0.0003216343466192484,0.00010680632840376347,-0.0017646157648414373,0.0004127528518438339,-0.0016450302209705114,0.0007801289320923388,0.00017627050692681223,0.0002710958360694349,0.0006601852364838123,5.795489050797187e-05,0.0008629609947092831,0.00022718051332049072,0.0003083013871219009
dose16k_B_s2,00181.png,-3.395805470063351e-05,0.0005564077291637659,0.00014676879800390452,0.002319560619071126,-0.0007997520733624697,-0.0016643834533169866,-0.0009498586878180504,-0.0002416835050098598,0.0005921887932345271,0.0016614889027550817,6.312079494819045e-05,-0.0006643575616180897,-0.00010293682862538844,-0.00011410319712013006,-0.0011350683635100722,0.0007844421197660267,-0.00028036246658302844,-0.001817990210838616,-0.002452714368700981,-0.00026419159257784486,0.00026489474112167954,-5.9569756558630615e-05,-0.0003903286997228861,0.0023355234880000353,0.0012135542929172516,0.00036988838110119104,-0.0012468663044273853,-0.00012403335131239146,0.0002793767780531198,-0.00029454962350428104,0.0011943753343075514,-0.0002030882315011695,0.00011172820086358115,-4.76849454571493e-05,0.0005257025477476418
dose16k_B_s2,00186.png,-0.0005172322271391749,0.0006451117806136608,0.001259769662283361,-0.001057509914971888,-0.0005835854099132121,-0.001187426969408989,-4.6760807890677825e-05,-1.325529592577368e-05,0.00015208373952191323,-0.0005045283469371498,0.0020435822661966085,0.00018954147526528686,-0.001000292133539915,-0.0014234102563932538,-0.0006711381138302386,0.0011654716217890382,0.0008272110717371106,0.0005076312809251249,-0.0001951978774741292,0.0005231291288509965,0.0003387868346180767,-0.0013222630368545651,0.0012195694725960493,-0.0002580405562184751,0.0005197036662138999,0.00043708604061976075,8.721217454876751e-05,0.00039701262721791863,-0.0008239222806878388,-0.0013513213489204645,-0.0006305277347564697,-0.0005716198356822133,0.0013515171594917774,0.0001586581056471914,0.0006833989173173904
dose16k_B_s2,00187.png,-0.0003352950152475387,-0.0006245795520953834,-0.0014593120431527495,0.0008923890418373048,0.0007275371463038027,0.00020815255993511528,0.00014156685210764408,-0.0007878612377680838,-0.00017751376435626298,-0.001314405701123178,0.0012830209452658892,-0.0008668986265547574,0.0001017099421005696,-0.000994995585642755,-0.00012397057435009629,-0.0005482420674525201,0.0011085491860285401,0.0009643229423090816,0.0008136405958794057,0.002463544951751828,-0.0014546235324814916,-0.0007123865652829409,0.0013863054336979985,0.0004740562289953232,-0.0002743784571066499,-3.442805609665811e-05,-0.001660510548390448,-0.0017058762023225427,-0.0007068500854074955,0.0007800583844073117,0.0017937496304512024,-0.0009290145826525986,0.0012621433706954122,-0.001351851155050099,-0.0019079262856394053
dose16k_B_s2,00188.png,-0.00038336755824275315,-0.002093246439471841,-7.060841744532809e-05,0.0020373701117932796,-0.0011847049463540316,-0.0008431115420535207,-0.000893649528734386,-0.0015737072099000216,0.0002470596809871495,-5.71580276300665e-05,-0.0005076132947579026,0.001155301695689559,-0.0008075723890215158,-0.0006656793993897736,-0.0004018013714812696,0.001716015744023025,1.189831891679205e-05,-0.0009078945149667561,1.7153650333057158e-05,-0.0020020618103444576,-0.0006700535304844379,0.00019155511108692735,-0.0006523363408632576,0.000809276127256453,0.0022908977698534727,0.0002918766695074737,0.0008770393906161189,0.00020278195734135807,0.001145611167885363,-0.0009966428624466062,0.0013919278280809522,0.0013162067625671625,0.0010548810241743922,0.001191084855236113,0.0013582310639321804
dose16k_B_s2,00189.png,-0.0007655426161363721,0.0003048999351449311,-0.0013909584376960993,2.224113359261537e-06,0.0009154653525911272,5.633631371892989e-05,0.000879608211107552,0.000816455518361181,0.00022313938825391233,-0.00042349236900918186,0.0019397507421672344,-0.001972534926608205,-0.0006299433880485594,-0.0008721367339603603,-0.0002032812190009281,-0.000909568159841001,-0.0006147145759314299,-0.000514419109094888,0.0007824746426194906,0.0001958483480848372,-0.0004198663227725774,-0.00010785218182718381,0.001179641461931169,-0.0014348914846777916,0.0010834301356226206,-0.0015949842054396868,-0.000593827455304563,0.0008356994949281216,0.0001068506098818034,0.0017094954382628202,0.00234778830781579,0.00012748305744025856,-0.002075653988867998,0.0016806444618850946,-1.7834443497122265e-05
dose16k_B_s2,00194.png,-0.001297610579058528,-0.0013107270933687687,-0.0003377466928213835,-0.0003948205558117479,0.0004005685623269528,-0.0014556478708982468,0.000818163447547704,-0.0005702779744751751,-0.0007126001873984933,0.001094149542041123,0.0011528604663908482,-2.6981510018231347e-05,-0.00019245971634518355,-0.00032325542997568846,-0.00019366189371794462,-4.2864678107434884e-05,0.0014605040196329355,-0.0001433207798982039,-0.00019109135610051453,-0.0008659515297040343,0.0002855690545402467,-0.00032107028528116643,0.0011777562322095037,-0.00044731999514624476,-0.00047179454122669995,0.0001725031470414251,-0.00109176617115736,-0.00039816743810661137,-0.0009809788316488266,-0.0006847301847301424,-0.00018521936726756394,-0.0004668196488637477,3.510030001052655e-05,0.0015417586546391249,0.0010389020899310708
dose16k_B_s2,00195.png,0.0012381417909637094,0.00015677638293709606,-0.00019276782404631376,0.0002989200584124774,0.0023402085062116385,-0.0005598413408733904,-0.001170577947050333,-0.0006558611639775336,4.985980922356248e-05,0.0007742593879811466,-0.0007969140424393117,-0.0005995783139951527,-0.00033544536563567817,-0.0016249122563749552,0.0014236039714887738,-0.0008822604431770742,0.0006954407435841858,-0.00046978480531834066,-0.00033757882192730904,0.0019014728022739291,0.0008771392749622464,-0.0004998919903300703,0.0010851455153897405,0.0017102871788665652,0.0002820917870849371,0.0007730515790171921,-0.001424896065145731,-0.00027052126824855804,-0.0011023571714758873,0.00011699897004291415,0.00017058532102964818,-0.000562917091883719,0.0013292102375999093,-0.0006736149662174284,-0.00017796517931856215
dose16k_B_s2,00196.png,7.3840064942487516e-06,-0.00019008461094927043,-0.000263208377873525,0.0005426703719422221,-0.0002853686164598912,0.0006971005350351334,0.0001916811743285507,0.00044731551315635443,0.0006239264039322734,0.0018597872694954276,-0.0012708791764453053,0.000371105590602383,0.0012165107764303684,0.0009667256381362677,0.00010009668039856479,-0.0007636010996066034,-0.0017578491242602468,0.00038683624006807804,-0.001526298583485186,-0.0007921714568510652,0.0023595194797962904,0.0001749637012835592,-0.0015744527336210012,0.0012676562182605267,0.0013095728354528546,-0.0013557153288275003,0.00038493057945743203,-0.0003437480772845447,-0.0008107312023639679,-0.0008785310201346874,0.0009686805424280465,0.0012347791343927383,0.0016316119581460953,-0.0002765417448244989,0.0012482261518016458
dose16k_B_s2,00197.png,0.001996059436351061,0.0018214581068605185,0.0004225126176606864,-0.0006841405411250889,5.5051954404916614e-05,9.551038237987086e-05,-0.00021396216470748186,0.0007321112207137048,-5.232881085248664e-05,0.0008453006739728153,-8.886896830517799e-05,-0.0011286971857771277,-0.0010734470561146736,-0.0002295590820722282,0.0009020358556881547,0.0010505282552912831,-0.0008166400948539376,2.931697054009419e-05,-0.0017679360462352633,0.0003516070428304374,0.00025938687031157315,-0.00011926340812351555,0.002116028917953372,0.00022221689869184047,-0.0005298149771988392,-2.5007218937389553e-05,-0.0009257831843569875,-0.0009423543233424425,0.0002654096169862896,-0.00020117209351155907,-0.0013426319928839803,-0.0005443547270260751,0.0009265493717975914,0.0002495173830538988,-0.0006225378601811826
dose16k_B_s2,00190.png,-0.0006743630510754883,-2.03019444597885e-05,-0.0005182211170904338,-0.0005528469337150455,0.00019320618594065309,-0.000718786905054003,0.0003871188673656434,-2.2888627427164465e-05,0.000625654065515846,0.0008330419659614563,4.736049231723882e-05,-0.0004580079112201929,0.00018341140821576118,4.779067967319861e-05,0.000541542423889041,-0.0011076133232563734,-0.00021509244106709957,-0.0002486752928234637,0.0013347138883545995,0.0003851890505757183,-0.00010700863640522584,-0.0008328488329425454,-6.884069443913177e-05,-0.0010749411303550005,-0.0007871502893976867,0.00040578865446150303,-0.0005816684570163488,0.00010909094999078661,-0.000984306214377284,-0.0007296071271412075,0.0003371689817868173,-0.00048339759814552963,0.0009682833915576339,-0.0009229886345565319,-0.0004897735780104995
dose16k_B_s2,00191.png,0.0010559241054579616,0.0009113036212511361,0.0016221627593040466,-0.0025304018054157495,0.00040695321513339877,-0.0005280657787807286,0.0005282150814309716,-0.000493565748911351,0.00124584068544209,-0.00046162836952134967,0.0016234200447797775,0.0009185544331558049,0.0009928266517817974,-0.0005835313349962234,-0.000403135345550254,-0.0004190418403595686,0.00029018320492468774,0.0009523991029709578,0.0010341003071516752,0.0008732886053621769,0.0006283766124397516,0.001111273537389934,-0.0021685173269361258,-0.0013141866074874997,-0.0019286633469164371,-0.0009318913798779249,0.0005348668782971799,-0.0015494669787585735,-0.002203755546361208,-7.897931936895475e-05,0.002234725747257471,0.0016495322342962027,-0.0009793367935344577,0.0017243524780496955,0.00028397905407473445
dose16k_B_s2,00192.png,-0.0001107571879401803,-2.8958973416592926e-05,0.001829997869208455,-0.0019808204378932714,-0.0005185034242458642,-0.0009517183643765748,0.0002666615473572165,-0.00011211598757654428,-0.0008809700957499444,0.0007490952266380191,-0.0019613855984061956,0.0015928471693769097,0.0008895189384929836,-0.00010480459604877979,0.0008752975845709443,0.00027886489988304675,-0.00014998549886513501,-0.0003819110570475459,0.00044378609163686633,-0.00038622075226157904,0.00118043995462358,7.041586650302634e-05,0.00016526937542948872,-0.000719502626452595,8.99563092389144e-05,0.0004057478508912027,-0.0014094822108745575,-0.0011750442208722234,-0.0008025689166970551,-0.0002620054001454264,0.0013879387406632304,-0.001322949305176735,0.0003604788798838854,0.0003961381153203547,0.0006714191404171288
dose16k_B_s2,00193.png,0.0012446409091353416,-0.0007973911706358194,-0.0010670687770470977,-0.00010478115291334689,0.002089826390147209,-0.0005023513804189861,0.0011105032172054052,0.0006865675677545369,0.0014037808869034052,-0.0004965568659827113,-0.0007935712346807122,0.0003176366735715419,0.00047147966688498855,-0.0014065238647162914,0.0014339345507323742,-0.0008032022160477936,0.0007502685766667128,-0.0007048313273116946,0.001081916387192905,0.0009684973047114909,-0.0001242103026015684,7.728294440312311e-05,0.0004149970773141831,-0.0008215202251449227,-0.0008358192280866206,0.00029568152967840433,0.0011746827512979507,-0.00026493839686736465,0.002928978530690074,-0.001501412014476955,0.00025802853633649647,-0.00183404004201293,-0.002296185353770852,-6.02204781898763e-05,0.0003923282492905855
dose16k_B_s2,00198.png,-0.0007837265147827566,0.0001248499465873465,0.00038549178862012923,0.000649967638310045,0.0007416015141643584,-0.0005984629970043898,-0.00024779720115475357,-0.0007255116943269968,-0.0013260164996609092,0.001132375793531537,0.00016461226914543658,0.0016879383474588394,0.0015877487603574991,0.00028359040152281523,0.0009170174016617239,0.0004918795311823487,0.00017130211926996708,-0.0009082371834665537,0.001128472271375358,0.001291664899326861,-0.0013824740890413523,-0.001968562137335539,-0.0010604442795738578,-0.0013262012507766485,0.0003258691285736859,0.00020297158334869891,0.0010285668540745974,0.00029963586712256074,0.0008063765708357096,0.0010763872414827347,0.0016642279224470258,0.00041077000787481666,0.0004452761204447597,-2.3169764972408302e-05,-0.0018312946194782853
dose16k_B_s2,00199.png,-0.0013924503000453115,-0.0016416838625445962,0.0006273131002672017,-0.0015282536623999476,-0.001115522813051939,-0.0010088777635246515,-0.00010686065070331097,-0.0005481394473463297,-0.0010349572403356433,-0.0012088918592780828,0.0006066547939553857,0.0015365842264145613,-0.00014603754971176386,0.0001857105817180127,0.0001034179877024144,-0.0005836244090460241,0.0008773516747169197,-0.0008661227184347808,-0.001741425832733512,0.0014920091489329934,-0.0007302748272195458,0.001758259255439043,0.0003478645521681756,-0.0005214191041886806,0.0003534948918968439,-0.0009689939324744046,-0.002034977311268449,-0.00190558226313442,-0.001458711689338088,0.001012673252262175,-0.001740856096148491,-0.0005344118690118194,-0.0011557542020455003,0.0007800107123330235,-0.000741352851036936
dose16k_B_s2,00200.png,-0.0017007456626743078,-0.0009238891652785242,-0.000220758025534451,-0.00042010791366919875,-1.5162022464210168e-05,0.0010547125712037086,0.00012127955415053293,-0.00032524330890737474,-0.00038662206497974694,0.00015060948499012738,-0.00035759617458097637,-0.00013326253974810243,0.0006819982663728297,0.0001535981282358989,0.0004005436203442514,-0.00017250428209081292,-0.0005681836628355086,0.0008498596143908799,0.0007832770352251828,-0.000507378252223134,0.0012459136778488755,0.00045106897596269846,0.0008955337689258158,-0.00036497117253020406,-0.0007559862569905818,0.00047788722440600395,-0.0017934957286342978,0.00078772654524073,-0.001583127654157579,0.0009590491536073387,-0.0006423842860385776,0.0008842166280373931,0.0010813663247972727,-0.001235702889971435,0.0008575907559134066
dose16k_B_s2,00201.png,7.726687181275338e-05,0.0008364011882804334,0.00020343139476608485,-0.0004724403843283653,0.00031668267911300063,0.0008817182388156652,-0.000587916758377105,0.00030652419081889093,0.00034137931652367115,-0.0020695324055850506,-0.002294237492606044,-0.0005652609397657216,-0.0010384725173935294,-0.00035013651358895004,0.0006343310815282166,-0.002273252233862877,-0.0017185700125992298,0.001061780727468431,0.00041162254638038576,-0.0004753196844831109,0.00048254503053613007,0.0010566235287114978,0.0013716673711314797,0.0007516780169680715,0.0018466598121449351,-0.00011339280172251165,0.000863042485434562,-0.0003505439090076834,-7.862126221880317e-05,-0.00014619062130805105,0.00042490672785788774,-0.000993965077213943,-0.002357304794713855,0.00013936974573880434,0.00041994667844846845
dose16k_B_s2,00206.png,-0.0005391777958720922,-0.0002442581462673843,-0.0005116598913446069,0.0010111859301105142,7.251814531628042e-05,0.0010610815370455384,0.0014615057734772563,-0.00036037302925251424,-0.0012187459506094456,0.0005429530865512788,0.0020853346213698387,0.001927818637341261,-0.0009315930074080825,-0.0015087276697158813,-4.1418697946937755e-05,0.0011533217038959265,0.0008068265160545707,-0.0003652417508419603,-8.488647290505469e-05,4.8845035053091124e-05,-0.0006880539003759623,0.000991283799521625,-0.0006999396136961877,-0.0009122974588535726,0.001390318968333304,-0.00024700534413568676,-0.0007226936286315322,0.0006576603627763689,0.00098858040291816,-0.0006243076059035957,-0.001253694063052535,-0.00016216015501413494,0.00043239834485575557,0.00016667683667037636,0.0012278982903808355
dose16k_B_s2,00207.png,-0.0005348274717107415,-0.0012437711702659726,0.0006268852739594877,-0.0014314844738692045,0.0012278052745386958,-0.0014590928331017494,-0.0005675280699506402,-0.0004294821119401604,0.0008611390367150307,0.0024917752016335726,-2.6289555535186082e-05,0.00015601144696120173,-0.001378365559503436,-0.0016864341450855136,0.0009431360522285104,-3.572122750483686e-06,-0.001067043049260974,-0.0008526952005922794,0.0011241920292377472,-0.0016656160587444901,0.00014132501382846385,2.19876801565988e-05,0.0008245567441917956,-0.0004812548868358135,-0.00018831192573998123,0.00034318905090913177,-0.0004790901148226112,7.852198905311525e-05,-0.000520494650118053,0.000734252214897424,0.0013260238338261843,0.0011318413307890296,0.0005337290349416435,-0.00037722373963333666,-0.0004211868508718908
dose16k_B_s2,00208.png,-0.0013735173270106316,-0.0011580479331314564,0.000292603945126757,-0.0008701535989530385,-0.0019645255524665117,0.00023675202101003379,0.0009857272962108254,-0.0015833997167646885,0.00022002002515364438,-0.0007201586849987507,0.0005991379730403423,0.0010581359965726733,0.0006856053951196373,0.00017028390720952302,0.0001926593395182863,-0.0011508342577144504,0.0012271851301193237,0.0012735927011817694,0.0006272938917391002,0.0005596887785941362,-0.00023344515648204833,-0.0014864315744489431,0.0003950820246245712,0.000616573088336736,-0.0011568762129172683,-0.00011813145829364657,0.0001516048941994086,-0.00022910835104994476,-0.0005245697102509439,-0.00042442005360499024,0.000197182220290415,-0.0003283882688265294,-0.0007582844700664282,0.0005750803393311799,0.0005755094462074339
dose16k_B_s2,00209.png,-0.00025708918110467494,0.00011447253200458363,-0.0005679052555933595,0.001003292971290648,-0.0013552684104070067,-0.0003157659957651049,0.00025227805599570274,0.0002108095068251714,-0.000363138853572309,-0.00016903324285522103,0.00028507766546681523,-0.00039722013752907515,-0.0002818795037455857,-0.0007870207773521543,-0.0004485064127948135,0.0006780358380638063,0.0005039101815782487,-0.0007203675922937691,0.00014786171959713101,0.0002801213995553553,0.0007882444187998772,-0.0014310278929769993,0.0011743541108444333,-0.0008849777514114976,-0.0001512165617896244,-0.00037474994314834476,-0.00038363004568964243,0.00011251229443587363,0.0008979056729003787,-1.1434599400672596e-05,-0.00036525886389426887,0.00020055966160725802,-0.00015761307440698147,0.00035166306770406663,0.001138667925260961
dose16k_B_s2,00202.png,0.00039190801908262074,-0.00016233453061431646,0.00016825346392579377,3.181526335538365e-05,-0.00046791075146757066,-0.0014665427152067423,0.000455518311355263,-0.0014953667996451259,-0.0008170268265530467,-0.0017965530278161168,0.0008263021009042859,0.0016328181372955441,-9.40181125770323e-05,-0.0014275836292654276,-0.0007976312772370875,-0.000303423497825861,-0.0008617758867330849,0.0004132551548536867,-0.00033071928191930056,0.0007796884747222066,0.000988214393146336,0.00014963823196012527,0.00028158663189969957,0.0017926627770066261,-0.00019326683832332492,9.260770457331091e-05,-0.000419064104789868,-0.0022801377344876528,-0.0002723375509958714,0.000804093899205327,-0.00021187023958191276,0.00035333979758434,-0.0005859512602910399,1.501118913438404e-05,-0.0003117152664344758
dose16k_B_s2,00203.png,-6.286253483267501e-05,-0.0004946273402310908,0.001275999704375863,-0.0004642638668883592,-0.00021676496544387192,-0.00023953840718604624,-0.00020372019207570702,-3.923964686691761e-05,-0.0012089642696082592,0.0011511256452649832,-0.0001893985172500834,-0.00011039336823159829,-0.0011021081591024995,0.000939324323553592,0.00012272526510059834,-0.0017017228528857231,0.0011191499652341008,0.0018676568288356066,0.001208490808494389,-0.0003438106214161962,0.0015171829145401716,-0.0021087273489683867,-0.000653967319522053,-0.00047042922233231366,-0.0015607710229232907,0.00038692139787599444,0.0005252159899100661,-7.588966400362551e-05,-0.0005782363587059081,-0.0004503499949350953,-0.0005019304226152599,0.000802494294475764,9.343958663521335e-05,-7.156018546083942e-05,0.0009370773332193494
dose16k_B_s2,00204.png,0.0006327428272925317,0.0020868992432951927,0.0002627119538374245,0.001601965632289648,0.001575192785821855,0.0014512991765514016,0.00044056694605387747,0.0006875935941934586,0.0008798001217655838,-0.0012555209686979651,-0.00034811062505468726,0.0006526837241835892,-0.0010550254955887794,-0.001083164825104177,0.001092229038476944,0.00028670841129496694,0.00020914417109452188,-0.0007081166259013116,0.0003199311322532594,0.0006211772561073303,-0.0009822449646890163,-0.001347107463516295,-0.002019622828811407,-5.010480526834726e-05,-0.00011327264655847102,0.00047963077668100595,0.0008147877524606884,0.0006433238158933818,-0.0008373092859983444,-0.0003588142280932516,0.0007960375514812768,-0.0001611329789739102,-0.000909575610421598,-0.0009863824816420674,0.0010355226695537567
dose16k_B_s2,00205.png,0.0010364257032051682,0.0016558116767555475,-0.00022437535517383367,-0.0013800639426335692,-0.003907323814928532,8.317174433614127e-06,0.00032776870648376644,-0.0006422758451662958,0.0007393912528641522,-0.0010217372328042984,0.0005108561017550528,-0.0019854570273309946,-0.0006579936016350985,-0.0008279784815385938,0.0010555267799645662,-0.0006721668178215623,-6.021598892402835e-06,0.0005813079769723117,-0.0011233160039409995,-0.0011123315198346972,0.002241036854684353,-0.0007920354255475104,0.0006105138454586267,0.0008683311752974987,0.0020015824120491743,-7.41025505703874e-05,0.0010448602261021733,-0.0014444594271481037,0.0013728829799219966,0.0010263451840728521,0.00027373951161280274,0.0005701921181753278,0.00038390461122617126,-0.0014051094185560942,-0.00011162045848323032
dose16k_B_s2,00210.png,0.00018322364485356957,0.0010724993189796805,0.0005298869218677282,-0.0005656129214912653,0.0007788885268382728,0.001097242347896099,0.00029791981796734035,-0.0007998686050996184,-0.00038248448981903493,0.0001567861472722143,-5.9991987654939294e-05,0.000535081431735307,-0.0011432531755417585,-0.00024024270533118397,0.0003500659659039229,-0.0001137718281825073,0.00027873419458046556,0.0009746814030222595,-0.00043750551412813365,-0.0007931868894957006,-0.0009928327053785324,-0.0011458310764282942,0.0015687037957832217,-0.0007192186312749982,0.0005731104174628854,-0.000852043682243675,-0.0011971183121204376,-0.0008582011796534061,-0.0008922359556891024,0.0016279801493510604,0.002177878050133586,0.001195539254695177,0.00033822841942310333,-0.0005929492763243616,-0.000706726626958698
dose16k_B_s2,00211.png,-0.0009348511230200529,-0.0005925139994360507,0.0006199535564519465,-0.00022941890347283334,7.050471322145313e-05,0.00032616767566651106,-0.00023696853895671666,0.0010073366574943066,0.0005883078556507826,-0.0009501579916104674,-0.0009196496102958918,0.0020274000708013773,-0.0008883952395990491,-6.453946843976155e-05,0.0004102133389096707,-0.0020597465336322784,0.0004365828353911638,-0.00011674955749185756,-0.0013461810303851962,0.0007065508398227394,-0.0005274966824799776,-0.0011735367588698864,-0.0017071382608264685,0.0015888474881649017,0.0012611276470124722,-0.00046804719022475183,-0.0006371499039232731,-0.00034899768070317805,0.0007372458931058645,-0.0005953570944257081,0.0008679364691488445,-0.00035525369457900524,-0.00039031662163324654,0.0016932111466303468,-0.0008499042596668005
dose16k_B_s2,00212.png,-0.0008863990660756826,0.0003708287258632481,-0.0007588276639580727,0.00034050599788315594,-0.00414284598082304,-0.0008510859333910048,0.00023591080389451236,0.0002641102473717183,6.977191515034065e-05,0.0010116350604221225,-0.000860521337017417,-0.00040293289930559695,5.881668403162621e-05,-1.7869864677777514e-05,-0.0008924283320084214,0.0013913910370320082,-0.00014408989227376878,0.0003671558224596083,-0.00023193891684059054,-0.0007271430222317576,0.0012813436333090067,0.0009566387161612511,-0.001072302577085793,-0.00027430785121396184,2.1886783940772148e-07,0.00027239718474447727,7.4047151429113e-05,0.00025146635016426444,-0.0007154815248213708,-0.00021693464077543467,0.00024084800679702312,-0.0005373614258132875,-0.0006547183729708195,-3.603896402637474e-05,0.0007987641729414463
dose16k_B_s2,00213.png,-0.0008427429129369557,-0.00029898047796450555,-0.0012661685468629003,-0.0005599070573225617,0.0005187673959881067,-0.00037012816756032407,-0.000273526442470029,-0.0005573061062023044,0.0009976644068956375,-0.000672064779791981,0.0012464236933737993,-0.0010052244178950787,0.00018312160682398826,0.001292296452447772,-0.00040202803211286664,0.001156934187747538,0.0006699332734569907,0.0002902832056861371,-0.001091250218451023,-0.0009345707949250937,-0.0007371359970420599,-0.00029614067170768976,-0.00121479167137295,-7.50106482882984e-05,-0.00029139898833818734,0.0008044738206081092,-0.0009428064804524183,0.00031236885115504265,0.0002646343782544136,-0.0004063509404659271,-0.0007850085385143757,-0.0005263380007818341,-0.0003245812258683145,0.0003427274350542575,0.000150142062921077
dose16k_B_s2,00214.png,0.0009036966948769987,0.00016732818039599806,-0.0005876081995666027,0.002670685760676861,-0.0011366044636815786,0.0008994907257147133,0.0005012652254663408,-0.00043577014002949,0.0003451435477472842,-0.0003189029230270535,0.0007008984684944153,5.326533209881745e-05,0.0005424838745966554,-0.0011606232728809118,-0.0005275849835015833,0.0021129802335053682,0.0002716885646805167,-0.0012265119003131986,-0.0015330980531871319,-0.0002866456925403327,0.0017072469927370548,-0.0010273851221427321,0.000287928938632831,1.6868702005012892e-05,-0.00236064032651484,0.00015880946011748165,-0.00101784139405936,-0.0006257951608859003,-0.002248507458716631,-0.00010011541598942131,0.0001810700778150931,0.0008978593978099525,-0.0010702512226998806,0.0011864490807056427,-0.0003977638261858374
dose16k_B_s2,00215.png,0.0002978762786369771,0.00041827387758530676,-0.00045790107105858624,-2.667729859240353e-05,-0.0004387982771731913,-0.00029380174237303436,-0.0009630880667828023,-0.0005308441468514502,-0.0005893608904443681,-0.002096369629725814,-0.0004100040823686868,-0.0011431839084252715,-0.0008235783316195011,-0.0008946674061007798,0.00018117332365363836,0.0005086495657451451,0.0004686486499849707,0.00010030219709733501,0.00045333238085731864,0.00030301191145554185,0.0010545509867370129,-0.0005284626386128366,-0.00043042347533628345,-0.00162706826813519,0.001455064513720572,-0.00014614038809668273,0.00020590719941537827,2.522078648325987e-05,-6.784459401387721e-05,0.0010848577367141843,-0.0008129000198096037,-0.0005489501054398715,-0.0004350777016952634,-0.00013638578820973635,-0.0007022215868346393
dose16k_B_s2,00216.png,0.0005809864378534257,-0.0004745035548694432,0.0006406627944670618,0.0019702743738889694,0.0028794186655431986,0.0009759951499290764,0.0017650214722380042,0.00047861546045169234,-0.0017170377541333437,0.001495538861490786,-0.0010491175344213843,0.0003978228778578341,0.0001874612207757309,-0.0007569549488835037,-0.001167298760265112,-0.0006382045685313642,0.0011328553082421422,-2.2526295651914552e-05,-0.000502932583913207,-0.001727994647808373,0.0008041072869673371,0.0002846527786459774,-0.0010177266085520387,0.0004044671368319541,0.0009134552674368024,-0.0008961400599218905,-0.0005889037856832147,-0.0006336316582746804,-0.0013870992697775364,0.00038688647327944636,0.002381928265094757,-0.0004647901514545083,-0.00017831377044785768,-0.0017585005844011903,-0.0013100669020786881
dose16k_B_s2,00217.png,-1.624902665753325e-06,-0.0012523048790171742,0.0015262847300618887,0.00090393191203475,0.0009013066883198917,-0.00024163458147086203,-0.0005951769999228418,-0.0007681847200728953,-0.0005167642375454307,-0.001045067561790347,0.0006269961013458669,0.0012002479052171111,-0.0006884083850309253,0.0020615337416529655,-5.1541014727263246e-06,0.0023024638649076223,0.000846283626742661,-0.0004684778396040201,4.966800770489499e-05,0.0005339828785508871,0.0003180096100550145,-0.0009330976172350347,6.74511247780174e-05,0.00044944396358914673,0.000610917981248349,0.0011840099468827248,-0.0003021470329258591,-0.0007890287670306861,-0.0013718509580940008,2.727634637267329e-06,-0.0005231359973549843,0.0003056015120819211,-0.0004964710678905249,-0.0001102447131415829,-0.001085503026843071
dose16k_B_s2,00218.png,0.00061638472834602,-0.0015204750234261155,0.0005283965147100389,-0.0004132318135816604,-0.0018708363641053438,-0.0004974452313035727,-0.0006539828609675169,0.0004459340125322342,-0.0010857931338250637,-0.0005009600427001715,-0.0010679548140615225,0.001080527901649475,-0.0009500719606876373,0.0007818010635674,-0.0001220705744344741,2.458452945575118e-05,0.0009671984589658678,0.0007859456818550825,-0.00045122732990421355,0.001054441905580461,-0.000871434691362083,0.001144844340160489,-0.0007452443824149668,-0.0011881696991622448,0.0011196810519322753,0.00121795991435647,-0.001955061685293913,0.0006126848747953773,0.000648683519102633,-0.0004938247730024159,-0.0005884416750632226,4.6700512029929087e-05,0.0005326024838723242,-0.00014971528435125947,0.0003527951193973422
dose16k_B_s2,00219.png,0.001472971634939313,0.001809032284654677,-0.0012864337768405676,0.0007062065415084362,-0.0003017836716026068,-0.00035432205186225474,-0.00041267115739174187,-0.0004542222886811942,0.0022425248753279448,0.001091324258595705,0.000734378001652658,0.0005055497167631984,-0.0015782872214913368,1.3028119610680733e-05,-0.0008994112140499055,0.00011720821203198284,0.0009148914832621813,-0.0017162932781502604,-0.0010202021803706884,-6.349480099743232e-05,-0.00010928524716291577,0.00013128708815202117,9.286250860895962e-05,0.0006216741167008877,0.0010888595134019852,0.0008049716125242412,0.0005124828894622624,0.001097012427635491,-0.0010193539783358574,-0.00026553188217803836,0.0006967365625314415,-0.0009490646771155298,0.0028485229704529047,1.550834895169828e-05,-0.00024477479746565223
dose16k_B_s2,00220.png,8.11413920018822e-05,-0.00012827741738874465,-0.0007720163557678461,0.0005638701841235161,0.0009902315214276314,1.530649205960799e-05,-0.0001759225851856172,-0.00010405774810351431,0.0005566553445532918,2.8782049412257038e-05,0.00174278998747468,-0.001154287252575159,-0.00035136661608703434,-0.0006902417517267168,-0.00023905014677438885,-0.000556055165361613,0.0011539877159520984,-0.0007942011579871178,0.0007357984432019293,-0.00022946257377043366,0.00015759577217977494,0.0009617983596399426,0.0002666265645530075,-0.0007346070487983525,0.00027402889099903405,0.0003803173894993961,-0.0008443095721304417,0.0009739080560393631,0.0002291359705850482,0.0005012776819057763,0.00022980247740633786,0.0007559725781902671,0.000123614416224882,0.0012629842385649681,0.000690419808961451
dose16k_B_s2,00221.png,-0.00013190193567425013,-0.001068277400918305,0.0010154038900509477,0.0006614997982978821,-0.0005529448390007019,-0.00207910081371665,-0.001292676548473537,7.168718002503738e-05,-0.001609323313459754,-0.0005099296104162931,5.491577030625194e-05,0.00012508995132520795,-0.0005791793810203671,-0.0008391470182687044,0.00013310306530911475,-0.0012155856238678098,0.00011290434485999867,0.0009039398282766342,0.00033766444539651275,0.0008115479722619057,-0.0011098923860117793,-0.0018915146356448531,-0.000561678025405854,-0.00018113346595782787,0.002240142785012722,0.0010873348219320178,-0.00017321975610684603,0.0003781232808250934,-0.0013844174100086093,-0.00024896624381653965,0.0017054250929504633,0.00012307916767895222,0.0008516797097399831,-0.0022696498781442642,-0.0017957076197490096
dose16k_B_s2,00222.png,0.0005984227755106986,0.0007083866512402892,0.0006173184374347329,0.0013843812048435211,-0.0005268056993372738,-0.0013339035212993622,-0.00043948073289357126,0.0013262380380183458,0.001540465746074915,-0.000639331410638988,0.00023689339286647737,0.0013446469092741609,0.0014776205644011497,0.0009314219933003187,-0.0005397582426667213,0.0005508080939762294,-0.0011439563240855932,-0.0003999937616754323,-0.001044821459800005,0.00048133163363672793,-0.0006190855638124049,0.0003626677789725363,-0.0010430017719045281,-0.000702891789842397,0.0007419023313559592,0.0007389621459878981,-0.001332532032392919,-0.0003121006884612143,-0.0018896880792453885,0.0005045871366746724,-0.00015067467757035047,0.0009002126171253622,0.0007086361292749643,-0.0011493607889860868,-0.0009186455863527954
dose16k_B_s2,00223.png,-0.001290402258746326,-0.0010901610367000103,-0.00048356223851442337,0.0005691110854968429,0.0037195987533777952,-0.0007903352379798889,0.00101966573856771,-0.0020508633460849524,0.0005698433378711343,-0.0013418381568044424,-0.0005455305799841881,-0.00029441440710797906,-0.0009505691705271602,-0.002392674796283245,-0.00025702707353048027,-0.00027220381889492273,0.00032243839814327657,-0.0008214645786210895,-0.0005365745164453983,0.00040007493225857615,0.0008435155032202601,0.000209649937460199,0.0006268300930969417,0.0017892899923026562,0.00017511977057438344,-0.0004601805121637881,-0.0011276183649897575,0.001828467007726431,-0.0013183222617954016,0.000382653292035684,-0.00036295357858762145,0.0003274365735705942,-0.0008052019984461367,0.0009978193556889892,-0.0011635195696726441
dose16k_B_s2,00224.png,0.0004837263550143689,-9.667933773016557e-05,0.0010095256147906184,0.00020557634707074612,0.0004842026683036238,0.0004463768273126334,-0.0007329065701924264,0.0004492430598475039,-8.557591354474425e-05,0.0016536671901121736,-0.0010934920283034444,-0.0009989942191168666,-0.0005145687027834356,-0.0008931074989959598,-0.000603470194619149,0.0014769447734579444,-0.0010557014029473066,-0.0004173661000095308,7.116689812391996e-05,0.001260546618141234,-0.0002653011179063469,0.0005640141316689551,-0.0012553042033687234,-0.00011214314872631803,-0.00011038275988539681,-2.2759799321647733e-05,0.00010217251838184893,-0.0006175169255584478,-0.00028679019305855036,-0.0006269388250075281,0.001337662455625832,0.0015864764573052526,-0.0007957175839692354,-0.0011271607363596559,0.0005232761614024639
dose16k_B_s2,00225.png,0.0002912648196797818,0.0002513331128284335,-0.0009206504328176379,0.0004381061589810997,0.0006254693726077676,0.000919256592169404,0.0012256242334842682,0.0007886807434260845,0.0010436167940497398,-0.001072042272426188,0.0003164020017720759,0.0001948098506545648,0.0007890682318247855,-0.0004052816075272858,-0.0013826118083670735,0.0005799928912892938,-0.0002439086965750903,2.3927423171699047e-05,-0.0005869835731573403,-0.0004423067148309201,0.0005764786619693041,-0.0012318302178755403,-0.0003046699857804924,0.00037764536682516336,5.926905578235164e-05,-0.0005044136778451502,-0.0006354677025228739,0.0008186692139133811,6.750228203600273e-05,-9.182384383166209e-05,-0.0002739286283031106,-0.00234170607291162,0.0007841754704713821,-0.0005513784126378596,-0.0012251659063622355
dose16k_B_s2,00226.png,0.00036287421244196594,0.0011355220340192318,-0.0005024218698963523,0.0010529998689889908,-0.0002977802068926394,0.0006428721826523542,0.0002135734393959865,-0.0003024513425771147,0.00024415887310169637,-0.0019341753795742989,0.0011838293867185712,-0.0006814823136664927,0.0010698403930291533,0.0009723779512569308,0.0008826077682897449,-0.0002714658621698618,-0.00014681366155855358,-0.0008197496645152569,0.000725135556422174,0.0007821507169865072,0.0008490324253216386,0.0023316333536058664,0.0011778828920796514,-0.0011889830930158496,-0.0010967624839395285,-0.0007096258923411369,0.00027017699903808534,0.00034849479561671615,8.415534830419347e-05,0.0005359100759960711,0.0015624655643478036,-2.440112984913867e-05,-0.0004829906683880836,-0.0006631143623962998,0.0005625329213216901
dose16k_B_s2,00227.png,-0.0006485586054623127,-0.0003032726817764342,-0.0006318712257780135,0.0006306881550699472,0.0012257118942216039,5.5901076848385856e-05,0.001059974660165608,-5.824981053592637e-05,-0.0010034999577328563,0.0015648987609893084,0.0006152652204036713,-0.00031680718529969454,0.0009904499165713787,-0.0015211646677926183,-9.115032298723236e-05,-0.00036973381065763533,-0.000772853207308799,0.001079269452020526,-0.0014271120307967067,5.313688234309666e-05,0.0012284299591556191,-0.0010477707255631685,6.622946966672316e-05,0.0009083953918889165,0.0010306868935003877,0.001207786495797336,7.816453580744565e-05,0.0012053516693413258,0.00018272198212798685,0.0015780165558680892,0.0004026125534437597,0.0018726899288594723,0.0007024227525107563,-0.0003594054433051497,0.00019368719949852675
dose16k_B_s2,00228.png,-0.0010233838111162186,0.00026049549342133105,0.0015739164082333446,0.002337684156373143,0.0028564503882080317,0.00031431030947715044,5.5481024901382625e-05,-0.0003844753373414278,0.000766060664318502,0.000833072408568114,-0.0010808018269017339,-0.0002289887488586828,-0.0004807976947631687,-0.0010457354364916682,0.0006468301289714873,0.001321908668614924,0.0010630286997184157,-0.0019738718401640654,0.00038216388202272356,0.0006800862029194832,0.00018279257346875966,0.0005596184055320919,5.687293378286995e-05,0.0014938870444893837,-0.0007523121312260628,0.0011927844025194645,0.001324736513197422,0.00038809096440672874,-0.00023474416229873896,0.0015452414518222213,0.00044834823347628117,-0.0007891750428825617,0.0011463748523965478,-0.00012262621021363884,-0.000952131231315434
dose16k_B_s2,00229.png,0.0018163254717364907,-0.00012915155093651265,0.0023678713478147984,-0.00041146291187033057,0.00011650861415546387,-0.0001568965963087976,0.00014600655413232744,0.00036341443774290383,0.00021717300114687532,0.00029354242724366486,-0.0006058160797692835,-0.0005679870955646038,0.0007516625337302685,-0.0014572589425370097,0.00011376990732969716,-0.0002073483046842739,-0.0012958936858922243,-0.0008780694915913045,0.00034993686131201684,0.00010640003165462986,6.735183706041425e-05,-2.7770871383836493e-05,-0.0002565767790656537,0.0005099078407511115,0.0001601674157427624,1.7537457097205333e-05,-0.000591987743973732,0.0005053600762039423,-0.0006480771116912365,-0.001162611530162394,0.0001604301214683801,-0.0006249116268008947,0.0011116481618955731,0.002157394075766206,-0.000480916554806754
dose16k_B_s2,00230.png,0.001175618264824152,0.0008868170552887022,-0.0001015461893985048,0.001756394631229341,0.0032444496173411608,0.001207474386319518,0.0007814984419383109,-0.0010116826742887497,0.0005968559416942298,0.00026621075812727213,0.0004189404135104269,-0.002073907759040594,-0.00013075556489638984,-0.00112378248013556,0.00018726482812780887,-0.0008612075471319258,-0.0006818857509642839,-5.298523683450185e-05,-0.0011778043117374182,-0.0018305504927411675,-0.00015999992319848388,0.0004040848871227354,0.001027158577926457,0.0018060884904116392,0.0014425668632611632,-0.0005625882768072188,-0.0009643880184739828,-0.0009168328833766282,0.0006094573764130473,-0.001666408614255488,-0.0005400528898462653,0.000887486559804529,-0.00011420488590374589,-8.682522457093e-05,0.0006678130594082177
dose16k_B_s2,00231.png,0.0011474849889054894,0.0010449555702507496,0.0006779549876227975,0.00048698741011321545,-0.0004557498905342072,0.0011120536364614964,-0.0004676462849602103,-0.0020903709810227156,0.000978747382760048,0.0003002657031174749,-0.0005095464293844998,0.0011030222522094846,-0.0005066693411208689,0.000808754819445312,0.0003254016046412289,-0.0012109403032809496,0.0008383108070120215,0.0006138215539976954,3.1448991649085656e-05,0.0006073626573197544,0.0021891684737056494,-0.001042026444338262,-0.00045987640623934567,-0.0008075437508523464,0.0012749811867251992,0.0006494052358902991,-0.0013708664337173104,-0.0018868249608203769,-0.00101579655893147,-0.0011155999964103103,3.699774606502615e-05,0.0008893997874110937,-0.000703122466802597,0.00010811275569722056,-0.0004526920383796096
dose16k_B_s2,00232.png,0.0013442145427688956,0.0011281132465228438,-0.0004946920089423656,0.00029267542413435876,0.0006631016731262207,0.0016194182680919766,0.0016750083304941654,-0.00027555652195587754,0.0006147006060928106,-0.0015647783875465393,-0.00023425398103427142,-0.0009703485411591828,0.000814543105661869,8.107528265099972e-05,-0.0008589531062170863,0.0004861061170231551,0.0006318913074210286,2.2725302187609486e-05,-0.0007114518666639924,-0.0010408108355477452,-0.0010194150963798165,-0.0008060462423600256,-0.0005165698821656406,0.0006847764016129076,0.0006820317357778549,-0.00041473479359410703,-0.0008623083122074604,0.0004987790598534048,-0.00018835578521247953,0.00040969494148157537,-7.689059566473588e-05,-0.0005891522741876543,0.00046743208076804876,-0.0004191954212728888,0.0006713340990245342
dose16k_B_s2,00233.png,-0.00021990436653140932,0.0004137023934163153,-0.0001614032662473619,-0.00017113712965510786,0.0005140376160852611,-0.0014691813848912716,0.0002491915365681052,-0.00014689967792946845,0.0004587794828694314,0.00020708044758066535,-0.001314504537731409,-0.00045113867963664234,9.683240205049515e-05,-0.00010296668187947944,-0.0006909069488756359,0.00011464588897069916,-0.0011080799158662558,-0.0005937365349382162,0.0006216457695700228,-0.0007277365075424314,0.0003563138307072222,0.0011510816402733326,0.0003198210324626416,-6.448386557167396e-05,0.0003991070843767375,0.000449403771199286,0.0002290300908498466,0.00028050196124240756,0.00013466911332216114,0.0003476805577520281,-0.00014095687947701663,0.0010330002987757325,-0.0006772840861231089,-0.0004963129758834839,-0.00023314623103942722
dose16k_B_s2,00234.png,0.00025674921926110983,0.0003901533200405538,-0.000850563170388341,0.004172461573034525,0.0032755525317043066,0.0010322025045752525,-0.0004914659075438976,-0.0004016887687612325,-0.00038833028520457447,0.0007083950913511217,-0.0004407217784319073,0.00022058133617974818,-0.0006825746968388557,-0.00015568654634989798,-0.0010359978768974543,-0.00042066077003255486,0.001132721547037363,0.0008354385499842465,0.00203037285245955,0.0009727628203108907,-0.0019531967118382454,-6.244104588404298e-05,-0.0013538675848394632,-0.0001327118807239458,-0.00020219590805936605,0.00012887571938335896,-0.00011625847400864586,-0.00017448636936023831,0.0003731306060217321,6.640557694481686e-05,-0.0006535217398777604,0.0005665404605679214,-3.048224789381493e-05,0.0018965383060276508,-0.0010791691020131111
dose16k_B_s2,00235.png,-0.001176935387775302,0.00016509256965946406,0.00025075714802369475,0.0009416630491614342,0.00019012633129023015,-0.0012593672145158052,0.0014866681303828955,0.0009454220999032259,0.0007585505954921246,0.000823266280349344,3.196050602127798e-05,0.0003640966897364706,0.0007140250527299941,0.0019123794045299292,-0.0019998454954475164,-0.0010323327733203769,0.00013798390864394605,-0.0008130978676490486,0.00041141899419017136,-0.0007434772560372949,0.000276553095318377,-5.862728721695021e-05,0.0005524340667761862,-0.0004575707425829023,0.00024073584063444287,0.00013895180018153042,-0.0008482148987241089,0.0008190779481083155,0.00015864578017499298,-0.0014627422206103802,0.0020030802115797997,-0.00028127344558015466,-0.00040050336974672973,-0.0015105607453733683,-0.0006712228059768677
dose16k_B_s2,00236.png,-0.0005111903883516788,-0.0003756064106710255,0.0004720983561128378,0.0003757205849979073,-0.0006311277975328267,0.002014579251408577,-0.0011955316876992583,0.0017039456870406866,0.00040442447061650455,0.0008823275566101074,0.0002577390696387738,0.0020099987741559744,-0.0015245198737829924,0.0010716222459450364,-0.0007555682677775621,-0.0008497043163515627,0.000472282845294103,-0.0008719742181710899,-0.0010397741571068764,0.0002891876210924238,0.0008772031287662685,-0.0009800276020541787,0.0004373322881292552,0.0009012205991894007,0.00036148776416666806,-0.0016264228615909815,0.00043379623093642294,0.0004732936213258654,-4.347911090007983e-05,-0.0014628218486905098,0.0004644653236027807,0.0006408286863006651,0.0016899415059015155,-6.563607894349843e-05,-0.0008798597846180201
dose16k_B_s2,00237.png,0.0024682271759957075,0.0013072706060484052,8.565684402128682e-05,0.0019845012575387955,-0.0023076138459146023,0.0007068862323649228,0.0004734288959298283,-0.0018407105235382915,0.0012925047194585204,-0.0005948247271589935,5.834197872900404e-05,0.0008633121615275741,0.0005792317097075284,0.00028447245131246746,0.0004492616280913353,-0.000891569652594626,0.00020796305034309626,-0.002147792372852564,-1.8000797354034148e-05,-0.00034129663254134357,9.084741577680688e-06,-0.001500589307397604,-0.0010969616705551744,0.000664381543174386,0.00032846975955180824,0.0008501146803610027,-0.0008851918973959982,0.0006200402276590466,0.0003415534447412938,0.0003804274892900139,-0.0010336687555536628,-0.0015896535478532314,0.0006221015937626362,0.0004605484427884221,-0.0012703199172392488
dose16k_B_s2,00238.png,-0.0013619160745292902,-3.670676233014092e-05,0.0009479336440563202,0.00063795514870435,-0.00025719983386807144,0.0022574577014893293,-0.00040807973709888756,-0.0016610627062618732,-1.435067360944231e-06,0.00025977377663366497,-0.0006173586589284241,0.000345099251717329,-0.0015190781559795141,0.000929990375880152,-8.739050099393353e-05,-0.0004226098826620728,-2.6702689865487628e-05,-0.0012460051802918315,-9.64301434578374e-05,-0.0011500988621264696,0.001116321887820959,-0.0006863304297439754,0.00036921625724062324,0.0007459296612069011,0.0003355239168740809,0.00024813253548927605,-0.0017563275760039687,0.001756181358359754,-0.0001903356023831293,0.0004295993421692401,-0.0009907640051096678,0.0017288372619077563,-0.000939283927436918,0.0010238251416012645,-0.0006309952004812658
dose16k_B_s2,00239.png,0.0015244599198922515,0.0012062579626217484,0.0003872037632390857,0.0011392415035516024,0.0003374336229171604,0.001796922879293561,0.0005549616180360317,0.003222903236746788,0.0007737200940027833,3.8618941289314535e-06,0.0005951844505034387,0.0002706129744183272,-8.209684892790392e-05,-0.0007236098754219711,-0.0009199719643220305,0.001487997593358159,-0.0008898318046703935,0.0017491821199655533,0.0010500933276489377,0.0010355504928156734,1.5944116967148148e-05,0.0004020888009108603,-0.00030880296253599226,-0.0006066358182579279,0.0005874976050108671,-0.001263734302483499,0.0013688600156456232,0.00034284545108675957,-0.00025883427588269114,-0.00017389605636708438,-0.0004539240326266736,0.0008064330904744565,-0.0019178929505869746,0.00046968780225142837,0.00028725454467348754
dose16k_B_s2,00240.png,0.0003788792237173766,-0.0002658180892467499,0.00012926591443829238,-0.002482045441865921,-0.0012895764084532857,-0.0003552567504812032,-0.0006245722761377692,-0.0011962448479607701,-0.000273518031463027,0.00016281858552247286,-0.0007765706395730376,0.0007250500493682921,0.0008046349394135177,-0.000708258303347975,-0.0009089292725548148,0.0010139296064153314,0.0004815530264750123,0.0004563290567602962,-0.00020681343448814005,0.0006380559061653912,0.00036496747634373605,0.00039378140354529023,0.002050063805654645,-0.001567855360917747,-0.0005251031252555549,-0.0005979781853966415,-0.0009836932877078652,-0.00017143524019047618,0.0008542915456928313,0.00029193967930041254,0.0003044185577891767,0.00042986360494978726,-0.0006651516887359321,0.0003178139158990234,-0.0001411617995472625
dose16k_B_s2,00241.png,-0.0011076786322519183,-0.0006664805114269257,0.0006121102487668395,0.0003593570727389306,-0.0007974487380124629,0.0006200094358064234,-0.0003320100950077176,0.0003196762118022889,-0.0007315524271689355,0.00010964771354338154,-0.00044259641435928643,0.0015496612759307027,0.0015708461869508028,-0.0010777345160022378,-0.0001505937980255112,-0.00017207922064699233,0.0010417302837595344,0.0017195235705003142,0.0007959383074194193,-0.001220407779328525,-0.0006134563591331244,-0.0014627587515860796,-0.0008324861992150545,0.0012625354574993253,0.00228855200111866,0.0009289889712817967,-0.00015304794942494482,-0.00010113106691278517,5.918551323702559e-05,-0.0007259891135618091,-0.0009203683584928513,-0.000704742968082428,-0.0008157511474564672,0.0006841528229415417,0.000626199587713927
dose16k_B_s2,00242.png,0.00023646406771149486,0.0005546496831811965,-0.0016085533425211906,-0.00045757967745885253,-0.0001328685466432944,0.0014758533798158169,0.0003090960381086916,-1.0723305422288831e-05,0.00025959612685255706,-0.0005947348545305431,-0.0016108294948935509,0.0011729991529136896,-0.0010602361289784312,0.0009698944049887359,-0.0007984227850101888,-0.0017239185981452465,0.0008110770722851157,-0.001306285266764462,-0.0010254629887640476,-0.0014603663003072143,-0.0008194261463358998,0.0004040322673972696,-0.00030956760747358203,0.0015600688057020307,0.0011764558730646968,-0.0001399830071022734,0.00033309170976281166,-0.0020411452278494835,-0.0006725463317707181,-0.002250111661851406,0.0006905438494868577,-0.000856955477502197,0.00042024266440421343,0.001973383594304323,0.00193793885409832
dose16k_B_s2,00243.png,-0.0007046386017464101,0.0009530837996862829,-0.0005908424500375986,-0.001520652207545936,-0.002105157822370529,-0.0006695570191368461,-0.00014307949459180236,-0.0005370217259041965,0.0017389648128300905,-0.0012258957140147686,-0.0008878280059434474,9.507422510068864e-05,0.0012039372231811285,-0.0019324965542182326,0.0006171864224597812,1.814885763451457e-05,0.000665410072542727,-0.00034734958899207413,0.0001415950828231871,-0.0004092892922926694,-6.104534986661747e-05,0.0008559102425351739,-0.00043048523366451263,-0.0014480198733508587,-7.373580592684448e-05,0.0005126685719005764,-0.000919682381208986,-0.0008992187795229256,0.0002803503884933889,0.0005400237278081477,-0.001492254319600761,-1.0818855855632137e-07,-0.00013209279859438539,-0.0008760378696024418,-0.00023146039166022092
dose16k_B_s2,00244.png,-0.0010129989823326468,-6.262815441004932e-05,-0.0007892331341281533,-0.0004484080709517002,0.001553909620270133,0.0002648105437401682,0.0006355429068207741,-0.0007400148315355182,0.00016977517225313932,0.00019831872486975044,-0.0004532403836492449,8.704284118721262e-05,0.0009185511735267937,-0.0007661757990717888,-0.0001003708312055096,-0.0001596705405972898,-0.0007740092696622014,0.00016135575424414128,-0.0010552472667768598,0.0004149783926550299,-0.00021947463392280042,-0.0006153504946269095,-0.0003312361368443817,-0.001413476187735796,-0.0009808936156332493,-0.00025662584812380373,-0.0004831140104215592,-6.337965169223025e-05,-0.0006225020042620599,-0.0003264057158958167,0.00044655220699496567,-0.0008663187618367374,-0.0021361331455409527,-0.0011680457973852754,-6.873010715935379e-05
dose16k_B_s2,00245.png,-0.00045299576595425606,0.0005531403585337102,-0.0001610681356396526,-0.00021762678807135671,-0.0015639126067981124,-0.000109346306999214,0.0015389220789074898,-0.001486768014729023,3.697890861076303e-05,-9.611204586690292e-05,-7.658494723727927e-05,-0.0007557185599580407,-0.00017924477288033813,0.0013201974797993898,-0.0003888881183229387,-0.0009469845099374652,-0.0003228848800063133,-0.00013224438589531928,8.877965592546389e-05,-0.0007172385812737048,0.00024959916481748223,-0.0006447600317187607,0.00026360436459071934,0.00042583042522892356,6.88638465362601e-05,-0.0006527959485538304,-0.0014216674026101828,-0.0008579957648180425,0.00023098572273738682,-0.0001786674838513136,-0.00036221067421138287,-6.292636680882424e-05,0.0001520646910648793,0.0005823218962177634,0.0011315844021737576
dose16k_B_s2,00246.png,-0.00020112826314289123,-0.0019830968230962753,0.00011113435175502673,-0.0018091294914484024,0.000514055194798857,-6.057948121451773e-05,0.0012302936520427465,-0.00011502813140396029,-0.00018131517572328448,-0.0021486333571374416,0.00023575306113343686,0.0010386189678683877,0.00096445984672755,-0.0009705462725833058,5.799844439025037e-05,0.0017169066704809666,-0.0003822343423962593,-0.0009246457484550774,-0.0012374003417789936,-0.0008225664496421814,-0.0014504514401778579,-0.00030676223104819655,0.0013143245596438646,-0.0006163349025882781,-0.0008332529105246067,-5.041835174779408e-05,-7.861513586249202e-05,-0.0002849705924745649,0.0006387642351910472,-0.001230881316587329,-0.00042653878335841,-0.00022799642465543002,0.001196610857732594,-9.252904419554397e-05,-0.0014817399205639958
dose16k_B_s2,00247.png,-0.00023442970996256918,0.0016907122917473316,-0.0006816511740908027,-0.0008250566897913814,0.0005342760705389082,0.0006659897626377642,0.0002993838279508054,0.0001858567848103121,-0.0016136773629114032,-0.0007284667808562517,0.0013406536309048533,-0.0003835897659882903,0.0003958405286539346,0.0002852703328244388,0.0004336148267611861,-0.0008190351654775441,-0.001340253627859056,0.0014640353620052338,-0.00012920387962367386,0.00010282319271937013,-0.00014972052304074168,0.0007772553362883627,0.0014843110693618655,-0.0007763741887174547,0.0003008410276379436,-5.282257552607916e-05,0.00031513493740931153,-0.0009079347946681082,0.0002698581956792623,-9.937240247381851e-05,0.0002241625770693645,0.0009366778540425003,0.0012152232229709625,-0.00024258055782411247,-0.0006227819831110537
dose16k_B_s2,00248.png,-0.001124539878219366,-0.0017845324473455548,-0.0011210766388103366,0.0004902186919935048,-0.000908264541067183,-0.0005797102930955589,-0.00034111260902136564,0.0009133383864536881,0.0016195210628211498,-0.0010927027324214578,0.001287537976168096,8.143596460286062e-06,-0.00019529659766703844,0.0006432231166400015,-0.0003488419170025736,-0.00147965457290411,-0.00018250926223117858,-5.848307046107948e-05,-0.0015201934147626162,-0.0005233957199379802,0.0006739189266227186,0.00014551130880136043,0.0012053153477609158,-0.0012461500009521842,0.0004696133837569505,-0.00033623824128881097,0.0001353690167888999,-0.0010850706603378057,0.0007717995904386044,0.00011652888497337699,-0.0011074463836848736,0.0009734550840221345,0.0013875620206817985,0.00023590869386680424,-0.001114293234422803
dose16k_B_s2,00249.png,0.0006120429607108235,0.0007554016774520278,0.0014635920524597168,0.0021645789965987206,-0.0007956130430102348,0.0006379313417710364,0.0011380445212125778,-0.0007131554302759469,-0.000722540426068008,-0.001660070731304586,0.000825177354272455,0.0010598695371299982,-5.415653140516952e-05,0.00072508241282776,0.001448772381991148,6.137326272437349e-05,0.001172481570392847,0.0011541423154994845,-0.0005196448182687163,0.0009600978228263557,-0.00036112614907324314,-0.002081511076539755,0.00017556655802763999,0.0002641283499542624,0.0008573199738748372,-0.0012939134612679482,-0.0001475381723139435,0.00034293773933313787,-7.281435682671145e-05,-1.7683512851363048e-05,-0.00030281514045782387,-0.0009133405401371419,0.0017077152151614428,-0.00022526866814587265,-0.0011481387773528695
