arm,image,rho_M,rho_ML,rho_Mp,rho_KA,rho_KB,decoy0,decoy1,decoy2,decoy3,decoy4,decoy5,decoy6,decoy7,decoy8,decoy9,decoy10,decoy11,decoy12,decoy13,decoy14,decoy15,decoy16,decoy17,decoy18,decoy19,decoy20,decoy21,decoy22,decoy23,decoy24,decoy25,decoy26,decoy27,decoy28,decoy29
dose16k_A_s0,00000.png,0.0005925613804720342,0.0002513480721972883,0.0019002571934834123,0.00029310581157915294,-0.0009651300497353077,-0.0003073649131692946,-0.002192579908296466,0.0019631311297416687,-0.0008317919564433396,0.0007703532464802265,-0.00041866267565637827,2.8022950573358685e-05,-0.0011088959872722626,-0.0008589178905822337,-0.0019523680675774813,0.000420721888076514,-0.00010896381718339399,0.0005326123791746795,0.0011098135728389025,-0.0018791483016684651,0.0005570822395384312,0.0007420037291012704,-4.68135840492323e-06,0.001170728006400168,-0.0006904689944349229,0.0010633376659825444,0.0011060230899602175,-0.0005194643163122237,0.0001911363360704854,0.0026760813780128956,-2.059822691080626e-05,0.000904567539691925,-0.0007703933515585959,0.0006396670360118151,-0.00036741336225531995
dose16k_A_s0,00001.png,-0.0012387639144435525,-0.0006032675737515092,0.0008553186780773103,0.0017949888715520501,0.0037902831099927425,-0.0016123226378113031,0.0006657933117821813,-0.00045358974603004754,0.001763397827744484,-0.0008137494442053139,-0.0005122184520587325,0.0013643484562635422,-0.0013162698596715927,5.4910815379116684e-05,-0.0011161472648382187,-0.0008014824124984443,0.0006928248913027346,-0.001978558022528887,0.00042703215149231255,-0.0004063935484737158,-0.0016427516238763928,-9.511892130831257e-05,0.00037972681457176805,0.00013585247506853193,0.0014102956047281623,-0.0013819609303027391,-0.0004974592011421919,0.000890778552275151,0.0004862031782977283,-0.001453178352676332,0.0002532349608372897,0.0015409610932692885,-0.0010842093033716083,-0.0001048684716806747,0.0011776284081861377
dose16k_A_s0,00002.png,-2.8215219572302885e-05,-0.00011014598567271605,-0.0011047099251300097,0.0005639311275444925,0.0010773222893476486,0.0009749744203872979,0.0005412133177742362,0.0017743731150403619,0.0008157556876540184,0.00014985635061748326,0.00017007841961458325,0.0004938109777867794,-0.0005057317903265357,-0.0005323224468156695,0.00021556654246523976,-0.0018896105466410518,6.23049127170816e-05,0.00223396229557693,0.000276311271591112,0.0011018498335033655,-0.0026845659594982862,0.0006077300640754402,0.001416785642504692,0.002398069016635418,0.0005249148816801608,0.00027846245211549103,0.002231987426057458,-4.01532779505942e-05,-0.0005938591784797609,0.0002230233367299661,-0.00016431842232123017,0.0009225906687788665,-0.0009564251522533596,0.0004147477156948298,0.00013958828640170395
dose16k_A_s0,00003.png,-0.00016423396300524473,0.0013782897731289268,0.00029748541419394314,0.0003862201701849699,0.0011790937278419733,0.001557055627927184,0.0005285331280902028,-0.0004011263663414866,-0.00095442368183285,0.0013637461233884096,-0.0006655828328803182,8.260286995209754e-05,-0.0009410863858647645,0.0021598520688712597,-0.001948166755028069,0.0006962150218896568,0.0005132858059369028,-0.001827358384616673,-0.0008889275486581028,-0.0001262748264707625,-0.00031581908115185797,0.0013776238774880767,0.0009559806203469634,0.000369768327800557,-0.0006619695923291147,0.00025914525031112134,-0.001275802031159401,-0.0011731982231140137,-0.0007631022017449141,0.00047308087232522666,0.0009866021573543549,-0.002246330725029111,-0.00039828126318752766,-0.00046198689960874617,-0.0021941561717540026
dose16k_A_s0,00008.png,-0.0005795414326712489,-0.0013806544011458755,-0.0004731956869363785,5.452885670820251e-05,0.0016025920631363988,-6.525799835799262e-05,0.0003184192755725235,0.000403284007916227,-0.0005351965664885938,-0.0008313505677506328,0.0016572237946093082,0.001706235809251666,0.0003046224592253566,-0.0016923684161156416,-2.2954909582040273e-05,9.960256284102798e-05,-8.027062722248957e-05,-0.0006109277601353824,-0.0003926060744561255,0.0006382924038916826,-0.0003286477876827121,-0.0009519499726593494,0.0001934408355737105,-0.0009485473856329918,0.0004769628867506981,-0.0009596195304766297,4.044661909574643e-05,0.0012775178765878081,0.0005066256271675229,-0.0006229290156625211,0.001560765434987843,-0.0005492564523592591,-6.811991624999791e-05,-0.0007324903854168952,-0.0004193462373223156
dose16k_A_s0,00009.png,-0.00015439552953466773,-6.306743307504803e-05,-0.00023670305381529033,-0.00021511524391826242,0.0004615539510268718,-0.0006350326584652066,-0.00025672410265542567,0.0014510565670207143,0.0013526483671739697,0.0003756110090762377,0.001995556754991412,0.0014824201352894306,-0.0004917161422781646,0.0004015270678792149,0.00011562912550289184,0.0019804106559604406,0.0016170836752280593,0.00031232277979142964,-0.0005202371394261718,0.0002965920139104128,0.0009504710324108601,-0.0005984631134197116,-0.0004010549746453762,-0.00036290608113631606,0.00034177815541625023,-0.0006293726619333029,0.0003849239437840879,0.0009792393539100885,0.0005774137680418789,0.00038417731411755085,-0.0006992468843236566,0.0005722374771721661,-0.0008163512102328241,-0.0014634330291301012,-0.0003259580407757312
dose16k_A_s0,00010.png,0.00046950820251367986,0.0009187549003399909,0.0005760898347944021,-0.0013564014807343483,-0.001173543045297265,-0.0003220785583835095,0.00023821814102120697,0.00020287156803533435,5.804075044579804e-05,-0.00010397221194580197,0.0009713387116789818,0.0004857131280004978,-0.0019107901025563478,-0.0010099300416186452,-0.0007353476248681545,-0.0009818465914577246,-0.00041726502240635455,0.00011024665582226589,-0.0012774114729836583,-0.0008585475152358413,-0.00016999180661514401,-0.0016827008221298456,-0.0007775482372380793,-0.0007859340985305607,-0.0006387599278241396,-3.318803646834567e-05,-0.0001835086295614019,0.0007617102819494903,0.00039839345845393836,-0.000735122652258724,-0.0002974440867546946,-0.0019144430989399552,0.0010484774829819798,-0.0005681876209564507,5.524542211787775e-05
dose16k_A_s0,00011.png,0.002309895819053054,0.002780394395813346,-0.0012359240790829062,0.0021838906686753035,0.0009424251620657742,0.00013363323523662984,-0.0007694903761148453,0.00019036914454773068,-0.0009964249329641461,0.00012996637087780982,-0.00019991242152173072,-0.0008870527381077409,0.0005987356998957694,-0.0010098569327965379,-0.001136884675361216,1.2004981726931874e-05,0.0008752189460210502,-4.629847899195738e-05,-0.001978867221623659,-0.0004119070654269308,0.0009361408883705735,-0.00042609157389961183,-0.0004407517262734473,0.0011417567729949951,-0.0016481350176036358,-0.0010401244508102536,0.001428502262569964,7.43908021831885e-05,0.002384545048698783,-0.0006400336278602481,0.001204348518513143,-0.0011576953111216426,0.0003359453403390944,-0.0006203275988809764,-0.0010491535067558289
dose16k_A_s0,00012.png,-0.001485432032495737,-0.0012380853295326233,-0.0009582794737070799,0.0006187123362906277,-2.345322718610987e-05,-3.278194344602525e-05,-0.0006297933286987245,-0.0005603014142252505,0.0004427765670698136,0.0007581731188111007,-0.0017881011590361595,0.00013151024177204818,-0.00233795796521008,-0.0007660829578526318,-0.00022223156702239066,-0.00019080349011346698,0.001812744652852416,0.0003370835620444268,-0.0003327559388708323,-0.0004354582051746547,-0.0011401580413803458,0.00040114016155712306,0.001308316015638411,2.0381146896397695e-05,-0.0010492360452190042,-0.0010728772031143308,-0.0005163646419532597,-0.00018375883519183844,0.0012417384423315525,0.000574579113163054,0.0018541839672252536,0.002042629523202777,-0.00020608236081898212,-0.0008998564444482327,-0.0003767876187339425
dose16k_A_s0,00013.png,0.0006430828361772001,0.0009813484502956271,-0.0008487777085974813,3.174593803123571e-05,-0.0015162952477112412,0.001697093015536666,-0.0007904485682956874,0.0004617742379195988,-0.0008929112809710205,0.00044511642772704363,0.0009862149599939585,-0.0008742272038944066,0.0005397273926064372,0.0008045374997891486,-0.0005994917009957135,-0.0016877257730811834,0.0024384139105677605,0.0007461910718120635,-0.0009402967407368124,0.00030564350890927017,2.4863971702870913e-05,-0.0008088367758318782,0.00014958779502194375,-0.0013111272128298879,2.859620872186497e-05,-0.00040524659561924636,-0.001238550408743322,-0.0006356340600177646,-0.0012266101548448205,0.0013795648701488972,-0.0016248028259724379,0.0019744017627090216,0.0006121382466517389,-0.00018053218082059175,0.0005635496927425265
dose16k_A_s0,00014.png,0.0004696590476669371,0.0008448462467640638,0.0004413643619045615,-0.0009666569530963898,-0.00044410154805518687,0.0005290938424877822,0.0016800574958324432,0.0005368184647522867,0.00022026685473974794,0.0002323569351574406,-0.00041346761281602085,0.001109293312765658,0.0009961731266230345,-0.0014650815865024924,0.0017200703732669353,-0.00031790853245183825,0.00031276585650630295,0.00037275583599694073,0.00024904371821321547,-0.001118975691497326,0.00084825255908072,-0.00020142785797361284,-0.0007553680916316807,0.0001396580191794783,0.0008473688503727317,-0.0015071243979036808,-7.650864426977932e-05,-0.00034246008726768196,0.0027252091094851494,-0.00037615044857375324,0.00023484849953092635,0.0007688679033890367,0.0013960490468889475,0.0002987908956129104,0.0011375107569620013
dose16k_A_s0,00015.png,0.0002713378635235131,0.0005800421931780875,0.0011456129141151905,0.001456651953049004,0.0014124764129519463,0.00017520114488434047,-0.0006261932430788875,0.0002342000516364351,8.206247912312392e-06,0.0015214961022138596,0.0006065319175831974,0.0006679734215140343,-0.00014021160313859582,-0.00043856241973116994,0.0004984051920473576,-0.0007731319637969136,-0.0005677635781466961,0.00047305499901995063,0.0008330738637596369,-0.0020303858909755945,-0.0005258892197161913,-0.0004425345978233963,0.0010693821823224425,-0.0002915400837082416,-0.0005373453022912145,8.212887041736394e-05,0.0011422218522056937,-0.0014588600024580956,0.00030666548991575837,0.00023707517539151013,-0.001165845082141459,-0.0009408514015376568,0.0006612914148718119,0.00018858202383853495,-0.0015353072667494416
dose16k_A_s0,00016.png,0.002637706696987152,-0.000616040313616395,-0.0005077225505374372,0.0015354955103248358,0.00192937720566988,0.0006250814185477793,0.0010846044169738889,4.136031202506274e-05,-0.0009969728998839855,0.0005488101742230356,0.0034826365299522877,-0.00044395067379809916,-0.0005239573074504733,-0.0008695501019246876,0.00039287711842916906,0.0009460358996875584,0.0004866115050390363,-0.00018702616216614842,0.0006391616770997643,-0.0006469381623901427,-0.0003474685363471508,-0.0007948928396217525,0.0019709537737071514,-0.000855530088301748,0.0013198211090639234,-0.000730958126951009,-0.0013945746468380094,0.0014019219670444727,-0.000394623406464234,0.000752328778617084,8.916689694160596e-05,-0.0010863892966881394,-0.0006607540999539196,-5.858861550223082e-05,-0.001463842811062932
dose16k_A_s0,00017.png,-0.00040888236253522336,0.0004925488610751927,0.000767720746807754,0.0008501670090481639,0.0010323134483769536,0.0014873385662212968,0.000128803207189776,0.00043258097139187157,0.0012171637499704957,0.0017734803259372711,-0.000814852595794946,-0.0004888693219982088,-0.0021977275609970093,-0.001540954690426588,0.0008681904873810709,0.00016826817591208965,-0.0006133351125754416,-0.0005538937984965742,-0.0014861684758216143,-0.0013899687910452485,0.0003092564002145082,0.0009284330299124122,0.0006688037537969649,0.0005780138308182359,0.0009894742397591472,0.0006565121584571898,-0.001816635369323194,-7.341789751080796e-05,0.0005410268204286695,7.112776074791327e-05,0.0003986172960139811,-0.0021446917671710253,0.001358997542411089,0.0011094026267528534,0.00048154895193874836
dose16k_A_s0,00018.png,0.0007210648618638515,0.0014664597110822797,0.0012964343186467886,-0.0021473001688718796,-0.0019171129679307342,-0.0003864947648253292,-0.00059362908359617,0.0001948507851921022,0.0003938910085707903,-0.000993913970887661,-0.0002777065383270383,-2.2138121494208463e-05,0.0006172404973767698,0.00038581909029744565,0.0022093099541962147,0.0007883095531724393,-0.0009450737270526588,-6.903395114932209e-05,0.00040131047717295587,-0.0001458226324757561,0.0016803685575723648,-0.0002617586578708142,0.0021232282742857933,0.0006137183518148959,-0.0011968828039243817,0.0003312586632091552,-0.00220557302236557,0.0008136596297845244,-9.019194840220734e-05,0.00113641656935215,0.0007798572187311947,-0.0003926778445020318,0.0020460709929466248,-0.0010475628077983856,0.00014459085650742054
dose16k_A_s0,00019.png,-0.001410053693689406,-0.0007953151362016797,-0.0018342086113989353,0.0007149922894313931,-0.0007770356605760753,0.0008237051661126316,0.0017729965038597584,-0.0011829986469820142,-0.0012427946785464883,-0.00024416804080829024,0.001882295124232769,0.0014052513288334012,6.713602488161996e-05,0.0016753316158428788,-0.0007827384979464114,-0.000817549997009337,-5.701795089407824e-05,-1.5005439308879431e-05,-0.0013450009282678366,-0.0016122073866426945,-0.0013292664662003517,-0.0010519117349758744,-8.605048788012937e-05,-0.002289755502715707,-0.0015222931979224086,0.00020960313850082457,-0.0008261089096777141,0.000737265101633966,-0.0009310325840488076,-0.001990137156099081,0.0009467474883422256,0.0017002240056172013,9.763854905031621e-05,-0.00042385674896650016,-0.0002861092798411846
dose16k_A_s0,00004.png,-2.6378995244158432e-05,0.0003515451098792255,-0.00041069448343478143,-4.361887476989068e-05,0.002560002263635397,0.0008421566453762352,-0.000304381683235988,-2.294745900144335e-05,0.0008797823102213442,0.0012228860286995769,0.00018976234423462301,5.766349931946024e-05,-0.0005550182540901005,6.797657260904089e-05,-0.0014731487026438117,-0.00038938724901527166,5.7431454479228705e-05,1.076131229638122e-05,0.0008286219672299922,0.0005726048839278519,0.0007751279626972973,-0.00042105308966711164,0.000735249777790159,0.00023088068701326847,-0.00035378505708649755,0.0004631409829016775,0.0008477055234834552,0.0006240182556211948,0.0016878563910722733,0.000928263645619154,-0.000545614748261869,0.0004363947082310915,-0.00017171692161355168,0.0008047045557759702,-0.0012117355363443494
dose16k_A_s0,00005.png,-7.889822154538706e-05,-0.0008734351140446961,-0.0004340781015343964,0.0001729692448861897,0.0006332086632028222,-0.00037973435246385634,-0.00015711059677414596,-0.0007596998475492001,-0.0006511027459055185,-0.0018716625636443496,-0.0005670074606314301,-0.00039253896102309227,-0.00024381157709285617,0.0007506034453399479,-3.274192931712605e-05,0.00047876217286102474,0.00019957918266300112,0.0008401962695643306,0.001652220613323152,0.0010525938123464584,7.669375190744177e-05,-0.000782138027716428,0.0005852708709426224,0.0009195238817483187,-0.00035882985685020685,0.0012957608560100198,0.000342889892635867,-0.0018076783744618297,-0.0013431439874693751,0.0005812676972709596,-0.00021232212020549923,1.241290163989106e-07,-0.0011315299198031425,0.00025480668409727514,-0.000749901111703366
dose16k_A_s0,00006.png,0.0001819320605136454,-0.0005498628015629947,-0.0004469242412596941,-0.0006209145067259669,-0.0007334539550356567,0.0001931708975462243,0.0008666140493005514,-0.0007428165408782661,0.0010671428171917796,0.00047477707266807556,0.0009436281397938728,-0.0010192920453846455,0.0013635479845106602,-0.00015868517220951617,0.002790213329717517,0.00032736590947024524,-0.00021722045494243503,-0.00018389300385024399,0.00013131443120073527,-0.00015310714661609381,-0.000361153157427907,0.0006087096990086138,-0.0013027116656303406,-0.0007033552974462509,0.00043579828343354166,-0.0002491915656719357,0.00032988854218274355,0.001496792770922184,-6.180547188705532e-06,-6.158935866551474e-05,0.0009807083988562226,-0.0012538866139948368,-0.00025782440206967294,-0.000477791007142514,-0.0002885495778173208
dose16k_A_s0,00007.png,0.00033829835592769086,-0.00010296871914761141,0.0012382137356325984,-0.0014435165794566274,0.00035047289566136897,-0.0002622523461468518,0.000206222030101344,0.00020283012418076396,0.000747423036955297,0.0012982088373973966,-0.0009537845617160201,-0.0012454292736947536,-0.00022938386246096343,-0.0008749602129682899,0.0006574747967533767,-0.00030557415448129177,3.6485093005467206e-05,-0.0011446117423474789,0.00045495026279240847,2.9411492505460046e-05,-0.00013853091513738036,-0.0003173354489263147,-0.0007122155511751771,-0.0012757150689139962,0.0001791162067092955,-0.00016741934814490378,0.00017686809587758034,-0.000347444845829159,-0.0004670541384257376,-0.0006312287878245115,-0.00017931094043888152,-0.0014504038263112307,-0.0009753433405421674,-0.0011103299912065268,-0.0005561319412663579
dose16k_A_s0,00020.png,0.0008384278044104576,0.0007318030693568289,-0.000982454395852983,0.0013038921169936657,0.0006315179052762687,-7.967800047481433e-05,-0.00013781317102257162,0.0006149949040263891,-0.00024020543787628412,0.0008126717293635011,0.0004646354936994612,-0.0015981036704033613,-0.0010735554387792945,-0.00042141153244301677,0.0009949441300705075,-5.5039858125383034e-05,0.001133230049163103,-0.00037455372512340546,0.0018104464979842305,-0.0005854060291312635,-0.0006259371875785291,0.0003607466642279178,5.9747198974946514e-05,0.0003901514282915741,0.0011687974911183119,-0.0004109735309612006,0.000785568670835346,-0.001653563347645104,-0.00034426499041728675,-8.315912418765947e-05,-0.0014029492158442736,0.0003919598530046642,9.485183545621112e-05,0.0008646583301015198,-0.0007462303037755191
dose16k_A_s0,00021.png,0.0011268635280430317,-0.0003750635078176856,-0.0008621226879768074,-0.0007448559044860303,-0.0020111994817852974,0.0028180833905935287,-0.0001606220903340727,-0.0003321311960462481,0.0013136049965396523,-0.0011759273475036025,-0.0011442085960879922,-0.00040989278932102025,-0.0013942149234935641,0.0009803909342736006,0.0005005745915696025,0.0003422657900955528,0.00047926066326908767,-0.0008921572007238865,-0.0009468000498600304,-0.000918130564969033,6.752205990778748e-06,0.0007546356064267457,0.0015671317232772708,0.00033803717815317214,0.0003522745391819626,0.0006192144937813282,0.001491044764406979,0.0004845036019105464,0.0005775857716798782,0.0014662827597931027,0.0019081977661699057,-0.00034507352393120527,-0.0006990038673393428,0.0015885449247434735,-8.05917734396644e-05
dose16k_A_s0,00022.png,-0.0016229008324444294,-0.0014524046564474702,-0.00046468820073641837,-0.0016975665930658579,-0.0005789140705019236,-5.700635301764123e-05,0.0001710610231384635,0.0007770783267915249,3.609916166169569e-05,0.0001184696375275962,-0.0007240218692459166,0.00011596088006626815,-0.0008482813136652112,-0.0006269195582717657,0.0005687409429810941,0.000272783829132095,-0.0007408204837702215,-0.001748676411807537,-0.0008487306768074632,0.0013437410816550255,-0.00023687677457928658,0.0004022748034913093,-0.0003440356522332877,0.0012996249133720994,0.0017039414960891008,0.0018680599750950933,-0.0017047100700438023,-0.0002985975006595254,-0.0013095122994855046,0.0008055726066231728,-4.6628523705294356e-05,0.00010342539462726563,-0.001279918011277914,0.0005146358162164688,0.0004933208110742271
dose16k_A_s0,00023.png,-0.0003340310649946332,-0.0006408490007743239,-0.00041121727554127574,0.00059350865194574,-9.598467295290902e-05,-0.00014398968778550625,-0.0017630881629884243,-0.0008004974806681275,-0.001027332036755979,-0.0004715629038400948,0.0011655171401798725,-0.0016001355834305286,0.0014671498211100698,-0.000631983857601881,-0.0008868716540746391,-9.264070831704885e-05,0.00019100832287222147,-0.00024051334185060114,-0.0017473010811954737,-0.00029495058697648346,-0.0009980985196307302,0.0004536206542979926,-0.00019703819998539984,-0.00044165810686536133,5.077400419395417e-05,0.00024130889505613595,0.00022244198771659285,-0.00047533054021187127,-4.482845542952418e-05,-0.0002430235326755792,-0.00038710207445546985,0.00013300815771799535,-0.0015729119768366218,0.0010038238251581788,0.0003621574433054775
dose16k_A_s0,00024.png,-0.001352109364233911,0.0004376788856461644,-0.0010288975900039077,0.0008670842507854104,-0.0013923555379733443,-0.0005559033597819507,0.000324197462759912,-0.0005307179526425898,-0.002678048564121127,0.0007906275568529963,-0.00011903615813935176,-0.0005748739931732416,-0.0001684822200331837,-0.0021437574177980423,0.0003238350327592343,-0.00040946388617157936,0.0001649578334763646,0.00019006548973266035,-0.001025299308821559,0.0002728813560679555,-0.0023564642760902643,-0.0001827398664318025,-0.00012480487930588424,-0.0005760641652159393,-0.00013662019046023488,-0.0009597493335604668,0.0009262521052733064,0.001212958712130785,-0.00048371823504567146,0.001142191467806697,-0.000453436397947371,0.0007612407207489014,0.0002954889787361026,-0.0024529730435460806,0.0009760846151039004
dose16k_A_s0,00025.png,0.0005705292569473386,0.0009809542680159211,-0.0008158966666087508,-0.0003252548340242356,-0.0010340651497244835,-0.0008508661994710565,0.00015170573897194117,-0.0006953322445042431,-0.0008375924662686884,0.00036602685577236116,0.0005665937787853181,9.484664769843221e-05,0.00015159773465711623,-0.001195678603835404,0.0010036189341917634,0.0005023387493565679,0.0006170561537146568,0.00017795985331758857,0.001459393068216741,-0.0024874720256775618,-0.0006259155343286693,0.0008563701994717121,0.00033882606658153236,-0.0015449925558641553,0.0002944417647086084,-0.0008171177469193935,0.001647341763600707,-0.0015666629187762737,-0.0009235857869498432,-0.0003666868433356285,0.0007966950652189553,-0.0007937633781693876,0.00141639425419271,0.0006507328362204134,-0.001121964305639267
dose16k_A_s0,00026.png,-0.0019185403361916542,-0.0018160907784476876,-0.0007461346103809774,0.001412309124134481,-0.0008543885196559131,-9.964067430701107e-05,-0.00039286407991312444,-0.0003869194188155234,0.0009698945796117187,-0.00022932491265237331,0.0013853483833372593,-0.0004500568611547351,-0.0018532040994614363,-0.0007647674647159874,-0.0010527613339945674,-0.0006527189980261028,0.0005692870472557843,-0.0012764146085828543,-0.00016196189972106367,0.0013442760100588202,-0.0015028357738628983,-0.0009065739577636123,0.0010297928238287568,0.0010454648872837424,0.0002836991916410625,0.0002488443860784173,0.0014234096743166447,-0.0007138224900700152,0.0006230196449905634,-0.00016674415383022279,-0.00011000116501236334,0.000367849541362375,-0.0009002374135889113,0.000856621831189841,0.0008949690381996334
dose16k_A_s0,00027.png,0.0010083471424877644,0.0012936106650158763,0.0011576100951060653,0.0013018095633015037,0.0021140105091035366,0.00044014531886205077,0.0012878157431259751,0.00022703131253365427,-0.00025391270173713565,-0.001106163254007697,0.0005749486736021936,-0.0012286566197872162,-0.00048163699102588,0.0005528780748136342,-0.001744567882269621,-0.0006934456177987158,-0.0018918797140941024,0.0010411046678200364,-0.0011296378215774894,-0.0007149611483328044,0.0011060611577704549,-0.001226749736815691,0.0021369392052292824,4.776888090418652e-06,0.0007845304207876325,0.0001701536530163139,-0.00030806451104581356,0.0020441662054508924,-0.000652127549983561,0.0001077125416486524,-0.00028569172718562186,-0.0008535752422176301,0.0008248690865002573,0.001610410981811583,-0.0005706062074750662
dose16k_A_s0,00036.png,-0.00028704991564154625,0.0010353393154218793,0.00038046654663048685,6.232740270206705e-05,-0.0010322585003450513,0.0008180408040061593,-0.0015687805134803057,0.0008643605979159474,0.0016596465138718486,0.000527347787283361,-0.00044969021109864116,-0.0013341035228222609,0.00040009463555179536,2.624882290547248e-05,3.98313750338275e-06,0.0013461565831676126,-0.0005341244977898896,-0.0003701179812196642,-0.0005535709788091481,0.0026953485794365406,-0.0009388278122060001,-0.0015587585512548685,0.0010572444880381227,5.0661965360632166e-05,-0.0020047896541655064,-0.0003473912656772882,-0.00021996255964040756,-0.0001062515439116396,-0.0008649759110994637,0.0009412869694642723,-0.0010390850948169827,-0.0005234612617641687,3.098176603089087e-05,-0.0013638929231092334,-0.0006297669606283307
dose16k_A_s0,00037.png,-0.0027757342904806137,-0.0028677131049335003,-0.0011256049619987607,-6.530591053888202e-05,0.0005519301048479974,0.0010108582209795713,0.0006620617932640016,0.00011683285265462473,0.0014779031043872237,-0.0003645040560513735,0.0010178980883210897,0.0004993475158698857,0.00016454262367915362,0.00017860622028820217,0.0009364043944515288,-0.0002793002931866795,0.00015773193445056677,-0.0006902026361785829,0.0002685983490664512,0.0005226944922469556,0.0006590324337594211,0.0002028812887147069,-0.00026832157163880765,0.0006200372008606791,0.0008617039420641959,9.769445023266599e-05,-0.001101139816455543,-0.00038138285162858665,0.0013514269376173615,-0.0001330967788817361,0.0008490537293255329,0.0007030352717265487,-0.000902656523976475,0.0003651725419331342,0.0014497132506221533
dose16k_A_s0,00038.png,-0.000351821567164734,-0.002470602048560977,-0.0011536923702806234,-0.0008586681797169149,0.00037376172258518636,-0.0006481980672106147,-0.0010634147329255939,0.0006743561243638396,3.8611098716501147e-05,0.0009754535276442766,-0.0014681663597002625,-0.0018062329618260264,-0.0009512006654404104,0.0018012578366324306,-0.0017150333151221275,-0.0001790898386389017,-0.0001542697282275185,-0.0011874345364049077,-0.0007543585379607975,0.0013940936187282205,0.0002914412471000105,-0.002601518062874675,0.00017161988944280893,-0.001127205090597272,-0.00022409898519981652,-0.0005663479678332806,-0.0005070071783848107,-0.00020138600666541606,-0.0002699430042412132,0.0004869238182436675,0.00030892196809872985,0.0009498144499957561,0.00037002464523538947,0.001891855034045875,-0.0014465865679085255
dose16k_A_s0,00039.png,0.0009132541599683464,0.0016896980814635754,-3.165546149830334e-05,-0.0003835233219433576,0.00048392469761893153,0.0005612552631646395,-6.941571336938068e-05,0.0010834059212356806,-0.00064707116689533,-0.0009199745254591107,0.0030578779987990856,0.0013890055706724524,-0.0009551504626870155,4.718327909358777e-05,0.00019674042414408177,0.0004809862293768674,-0.00018927558267023414,-0.00045561883598566055,-3.1768799090059474e-05,-0.00020654241961892694,0.0009291429305449128,5.595908442046493e-05,-0.0009991320548579097,0.00017987321189139038,0.0007562387036159635,0.001393392332829535,-0.0016728248447179794,-0.0004632079799193889,-0.0007600750541314483,-0.000783369061537087,0.0005455756327137351,6.474518886534497e-05,0.0017273821868002415,5.3888939874013886e-05,0.0001561514218337834
dose16k_A_s0,00028.png,0.0012140626786276698,-0.0003273604088462889,-0.0011439594672992826,0.0009621603530831635,-0.001133969402872026,-0.0014384740497916937,-0.0006844898452982306,-0.0006444035680033267,0.0006870265933685005,0.0006136322044767439,-0.000488690217025578,-0.001985137118026614,4.7104829718591645e-05,-0.001283459016121924,0.0003031198575627059,0.000958592223469168,0.0011205872287973762,0.00026878181961365044,-0.00038770792889408767,0.0005376602639444172,0.0006348706083372235,2.0833886082982644e-05,0.0004349792143329978,0.00025898608146235347,-0.00023959617828950286,0.001516848336905241,3.329494347781292e-06,0.0010032580466941,-0.0022404645569622517,-0.000965506536886096,0.0008551599457859993,-0.00032507444848306477,0.0009479598375037313,0.0010181594407185912,-0.000343964813509956
dose16k_A_s0,00029.png,-9.616353054298088e-06,0.00060233473777771,-9.436340042157099e-05,0.0006884015165269375,-0.0006830466445535421,0.0008262164774350822,0.0008507614256814122,0.0002177494898205623,-0.00015369924949482083,-2.311635216756258e-05,-0.00107107765506953,0.00037285967846401036,0.0001869967527454719,-0.00010602157999528572,-0.001574509427882731,0.00029939835076220334,0.0006346915615722537,-0.00022731354692950845,-0.0007233473006635904,-0.0005752494325861335,0.0007661069394089282,-0.0007350032101385295,-0.0012580236652866006,0.0004565167473629117,0.00011063696729252115,0.0008520727278664708,0.0014778192853555083,0.0005056147347204387,-4.8819703806657344e-05,-0.0005476888618431985,-0.0015157567104324698,-0.0010319476714357734,0.0005633612745441496,0.0011270302347838879,0.0013765898765996099
dose16k_A_s0,00030.png,-0.001811017980799079,-0.0025319315027445555,0.000895302277058363,0.0006532549159601331,-0.0014997916296124458,0.0004077591875102371,-0.0006391180795617402,-0.0017273076809942722,0.0003916284185834229,0.0014726893277838826,0.0009429979254491627,-0.0003837294934783131,-0.00041656396933831275,0.0009145180811174214,-0.0004660125123336911,0.0006998266326263547,-0.00016186220454983413,0.0012504268670454621,-0.00027112802490592003,-0.00024250602291431278,-0.0011576998513191938,0.00011926992010558024,2.4052818844211288e-05,0.0011915172217413783,0.001293204608373344,0.0003515187418088317,-0.002560579916462302,0.0005724806105718017,-0.0007616685470566154,-0.00010435325384605676,0.0006181167555041611,4.1433933802181855e-05,0.0016703661531209946,-0.0008354609599336982,-0.0012983508640900254
dose16k_A_s0,00031.png,0.0005811274168081582,0.0006901895394548774,-0.00012979863095097244,8.554865780752152e-05,0.0003748937451746315,-1.8703032765188254e-05,0.0009967058431357145,0.0012936254497617483,0.0004060795181430876,0.0006979514728300273,-0.0006159610347822309,0.0017915986245498061,-0.00041721289744600654,-0.0005380456568673253,-0.0009417926194146276,-0.001042727380990982,0.0005802884697914124,-0.0007389663369394839,0.0002403258258709684,6.659800419583917e-05,-0.0003783063148148358,-0.0004924933309666812,-0.00013019368634559214,0.0008498038514517248,-0.0009248820715583861,0.0007677275571040809,0.000497056869789958,-5.550777859752998e-05,0.0001430228294339031,-0.00012603031063918024,0.0007543945102952421,0.0008894485072232783,-0.0007057976326905191,7.570491288788617e-05,0.00047384892241097987
dose16k_A_s0,00032.png,0.0006716694915667176,-0.0009298958466388285,-0.0008168432395905256,-0.0005072846543043852,0.0010795688722282648,0.0011906134895980358,0.00012375687947496772,6.0049878811696544e-05,6.292601756285876e-05,-0.001019208342768252,-0.000648452783934772,-0.0010268555488437414,-0.0008176506962627172,0.0002560113207437098,-0.0015141447074711323,-0.00025829070364125073,0.0005538485129363835,8.461256948066875e-05,-0.0014582009753212333,-0.0008601834415458143,0.00016064099327195436,0.0009367999737150967,0.0006445024628192186,-0.0004995298804715276,0.0003452099044807255,0.0005874742637388408,0.0006184103549458086,0.0011645681224763393,-0.0009156506275758147,-0.0003987862728536129,0.0008665706845931709,-0.0007986979908309877,0.00044114311458542943,-0.0003491956158541143,-8.755682210903615e-05
dose16k_A_s0,00033.png,0.00045051125925965607,-0.0010011618724092841,-0.0002874337660614401,-0.002570109209045768,-0.0015587379457429051,-0.0008448402513749897,0.0010386827634647489,-0.0007324657053686678,0.00027383893029764295,-0.0007220055558718741,0.00036481424467638135,0.0005275755538605154,0.0005955587839707732,-0.0001425437512807548,-0.00014977912360336632,3.104789357166737e-05,-1.4679994819744024e-05,-0.0007073262240737677,-0.0002669499663170427,6.249170110095292e-05,-0.0007182187400758266,-0.000232906240853481,-0.0009152197162620723,-0.00010289410420227796,-0.001522111240774393,-0.0014021622482687235,-0.0007392537663690746,0.0010940238134935498,-0.0007894931477494538,0.00033064166200347245,0.000132707369630225,0.0005654633278027177,3.827363616437651e-05,-0.0002027193404501304,0.0010446126107126474
dose16k_A_s0,00034.png,0.0013290911447256804,0.0013866322115063667,0.0010050530545413494,0.0013346823398023844,-0.0007723011658526957,8.080875704763457e-05,0.00307295355014503,-0.00015914122923277318,-0.0002801960799843073,0.0014791280264034867,-0.0004317593411542475,-6.175762246130034e-05,-0.0014241368044167757,0.0005373428575694561,4.1841816710075364e-05,0.0006323099951259792,-7.822700717952102e-05,-0.0005687394877895713,-0.00045817450154572725,-0.00019534847524482757,-0.00027477851836010814,0.00040432781679555774,0.0002904171706177294,-0.0004336486745160073,0.00032612233189865947,0.002196056302636862,0.00032720426679588854,-0.00029376588645391166,-0.0005256562726572156,-0.0015513375401496887,0.0013420217437669635,0.0011786058312281966,0.0009043719619512558,-0.0002410592423984781,-0.0005442300462163985
dose16k_A_s0,00035.png,-0.0013122240779921412,-0.0002224827912868932,-1.87808254850097e-05,-9.416573448106647e-05,0.0021086041815578938,0.0012033020611852407,-0.0007417866727337241,-0.0003578211471904069,0.00011734027793863788,0.0009633206645958126,0.0007253046496771276,0.0008487837621942163,-0.0005087013705633581,0.0004529763828031719,0.000464419717900455,-0.00015843150322325528,0.00071393430698663,-0.0005925349541939795,-0.0011744238436222076,-0.0011919051175937057,-0.00017830570868682116,1.6706993847037666e-05,-0.000266613787971437,0.0006316733197309077,0.0014264208730310202,0.0005744036170653999,0.00016051616694312543,-0.00035662768641486764,-9.860743739409372e-05,-0.0011408093851059675,0.0009045275510288775,0.00010457022290211171,0.0009211752912960947,0.0010759783908724785,-0.00021167843078728765
dose16k_A_s0,00040.png,-0.0011282286141067743,0.00024208513787016273,-0.0004112496681045741,0.00031965525704436004,0.001771979732438922,-0.00011646001075860113,-0.0004551334131974727,0.0003355974913574755,0.0007047618855722249,-0.0002783441450446844,0.0012627114774659276,0.0008309746626764536,0.00020189236965961754,-0.0006674285978078842,-0.0006512797554023564,0.0012372625060379505,-0.00041593288187868893,0.0015541930915787816,0.0007709685014560819,-0.0010395718272775412,0.00048748290282674134,0.000801444926764816,-0.0016917657339945436,-0.0003716954670380801,-0.0012282063253223896,0.0003689009172376245,0.0003536092699505389,-0.00045150864752940834,0.00025927185197360814,0.0012945516500622034,0.0001959807559615001,0.0018119566375389695,0.00022840425663162023,-0.0006796910893172026,9.090019011637196e-05
dose16k_A_s0,00041.png,-0.0008405105327256024,0.0005424902192316949,-0.0006851308862678707,-0.0015341928228735924,0.0007585040293633938,-0.0010543885873630643,0.0009665609104558825,0.0007477544713765383,-0.0002964636660180986,-0.0024610920809209347,0.00046766718151047826,-0.00023209380742628127,-0.0002993395319208503,0.001362486626021564,-0.00048751416034065187,0.0006716683274134994,0.00046631190343759954,-0.0012971042888239026,-0.0016070633428171277,-0.0007426163647323847,-0.0005308409454301,-0.0007623020210303366,-0.0014495218638330698,-0.00041193270590156317,-0.0008378439233638346,0.0001806718501029536,0.0010548855643719435,-0.001052354578860104,-0.0003786969755310565,-0.0003975825966335833,0.0021632881835103035,-0.0019826071802526712,-0.0005340868956409395,-0.0005066368612460792,-0.0001659490808378905
dose16k_A_s0,00042.png,-0.0006455914117395878,-0.0009854900417849422,0.0007259942358359694,0.0005546332686208189,-0.0013092804001644254,-0.001032062922604382,0.0003473430115263909,0.001848728395998478,-0.00012270311708562076,-0.00041721947491168976,-0.001935055130161345,0.00024925291654653847,-0.0011375246103852987,-0.0014885233249515295,-0.0013433279236778617,0.0004249726771377027,-0.0007971628801897168,0.0001225470914505422,-0.00046710349852219224,0.00024412847415078431,-0.0006782180862501264,0.0009368368191644549,-0.0007599248783662915,-0.0012443858431652188,-0.0007116164779290557,-0.0007019328186288476,-4.9517166189616546e-05,-2.960787242045626e-05,0.00021832941274624318,-0.0010082125663757324,0.00028262173873372376,-0.0009789899922907352,0.00040654194890521467,-0.00030877452809363604,-0.0005137037951499224
dose16k_A_s0,00043.png,-0.0009964487981051207,-0.0005433275946415961,0.0014404355315491557,0.0005254099960438907,-0.00043630925938487053,-0.00021190835104789585,-0.00044340285239741206,0.0001779446320142597,-0.00036032291245646775,0.0012433649972081184,0.000787482422310859,9.370070074510295e-06,-0.002148383529856801,-0.0006740405806340277,0.00044180883560329676,0.001466598710976541,0.0007223283173516393,-0.00045889412285760045,0.0018702332163229585,0.0010424692882224917,0.00020694886916317046,-0.0015180942136794329,-0.0002337497571716085,0.0010140413651242852,-3.976185689680278e-05,-8.983378938864917e-05,-3.2404794183094054e-05,0.0011084922589361668,-0.00019496906315907836,0.0005294682923704386,0.0012900899164378643,0.0011842090170830488,-0.0016399268060922623,0.0018362852279096842,-7.745046605123207e-05
dose16k_A_s0,00044.png,-0.001517607714049518,-0.00276984297670424,-0.000151159314555116,0.0012026927433907986,0.001188677386380732,0.0027008908800780773,0.0016073875594884157,-0.0012765931896865368,0.0007407694356516004,-0.0013589123263955116,-0.000516281696036458,-0.001832825131714344,0.0005000113160349429,0.000398067117203027,-0.0008823568350635469,-0.0011563943699002266,0.0005162262823432684,0.000999907497316599,0.0009599266340956092,0.000493483676109463,-0.0008398268255405128,-0.0010609959717839956,-0.00037620411603711545,0.0004223001014906913,0.0006100283353589475,-0.0009980284376069903,1.8007358448812738e-05,-0.00093719398137182,-0.0024149646051228046,0.0008118236437439919,-0.0015622926875948906,9.842668805504218e-05,-0.000299699604511261,-0.00032229864154942334,-0.0011145977769047022
dose16k_A_s0,00045.png,0.0008254000567831099,0.0013743320014327765,-0.0002700579061638564,-0.002874072641134262,-0.0027743647806346416,-9.42755868891254e-05,0.00015586342487949878,0.0004304056928958744,-0.0007769268122501671,0.00015726785932201892,-0.00024214701261371374,-0.0003466554044280201,-0.0008857620996423066,0.0002395554183749482,-0.0008860725210979581,-0.0012354119680821896,0.0001290590880671516,0.0004138580698054284,0.00039724542875774205,0.0005316991591826081,-0.0020001253578811884,-0.0003149764088448137,-0.0007326062768697739,0.0003164166701026261,0.00037962160422466695,-0.00021232300787232816,-0.00032210946665145457,-0.00014122299035079777,-0.0005839150981046259,0.0012034549145027995,-0.0005643683252856135,0.0013732205843552947,-0.0002809161669574678,-0.0012775335926562548,-0.0014026048593223095
dose16k_A_s0,00046.png,-0.0015152812702581286,-0.0012811875203624368,0.0002565261675044894,-0.0010023191571235657,0.001407643430866301,-0.00027963315369561315,0.000695200462359935,0.00011787216499214992,0.0005027763545513153,3.09233037114609e-05,0.000596299534663558,2.1052004740340635e-05,3.7137753679417074e-05,-0.0001188467358588241,-0.0005599305732175708,0.0017683668993413448,-0.0014257471775636077,0.00020027035498060286,0.0017447118880227208,0.00010680744890123606,0.0011689863167703152,-0.0013512803707271814,0.00041891037835739553,0.0016005539800971746,0.0011714486172422767,0.000999216572381556,0.00042323951493017375,-0.0013318262062966824,0.0009789054747670889,-0.00012191825226182118,-0.0002767382247839123,0.0003861362347379327,0.0003642464871518314,0.0011143203591927886,-0.0008737483876757324
dose16k_A_s0,00047.png,0.0010333736427128315,0.0007366050267592072,0.0011781936045736074,0.0009276324417442083,-0.0016349565703421831,0.0007234416552819312,-7.10968961357139e-05,-1.2003906704194378e-05,-0.0010765878250822425,0.00031115475576370955,-0.0005037138471379876,-0.0008124046144075692,-0.001584082143381238,0.0007214329089038074,-0.00013391317042987794,-0.0031643288675695658,0.00019452445849310607,0.0005649648956023157,0.00032623548759147525,-0.0011248603696003556,-0.002408431377261877,0.00036872108466923237,0.0005874952767044306,0.0016299091512337327,-0.0002173590037273243,-0.00029974509379826486,0.0013833863195031881,0.0004403846978675574,-0.0010949408169835806,0.0005834188777953386,0.00023196273832581937,-0.00023243014584295452,0.00039591561653651297,0.0005906659062020481,0.00042801626841537654
dose16k_A_s0,00048.png,0.0005894916830584407,-0.00046847760677337646,-0.00030978897120803595,-0.002350259106606245,0.0014109708135947585,6.522686453536153e-05,-0.0009833242511376739,-0.0005892027402296662,-0.0004624113207682967,0.0003336966037750244,0.0006770540494471788,-0.0003824493323918432,0.0011134010273963213,-0.0006687786080874503,0.0005814569885842502,0.0005003460100851953,-0.0012310134479776025,-0.0019882579799741507,-0.0012525630882009864,-0.00012158042954979464,-0.00025748106418177485,-0.0010287059703841805,-0.00018727801216300577,0.0006387507892213762,-0.0015415771631523967,-9.088811202673241e-05,0.0009367442689836025,-0.0013331270311027765,-0.0006614417652599514,-0.0012275585904717445,0.0005680844187736511,-0.00039159448351711035,0.0016939530614763498,-0.0010647757444530725,-0.0006075592827983201
dose16k_A_s0,00049.png,-0.00012657720071729273,-0.00011242453911108896,0.0017083174316212535,-0.0014492616755887866,-0.0010762421879917383,-0.00048239273019135,0.00013709731865674257,-0.00014962836576160043,-0.0001556051429361105,-0.000793521641753614,-0.0002745081437751651,0.0017463482217863202,0.0012482012389227748,-0.0013117099879309535,0.0012147842207923532,-0.0003682437527459115,-0.00011792736768256873,-0.0009807099122554064,-0.00023192365188151598,-0.0002760347560979426,-0.0004801333707291633,0.00025001022731885314,0.00011173442180734128,-0.00028206247952766716,0.00047583156265318394,0.001219564932398498,0.0007697828696109354,-0.000863220018800348,-0.0014403511304408312,-0.0004379327001515776,-0.001163645414635539,0.0006322818226180971,-0.0005281979683786631,0.0007704811287112534,0.0007837995071895421
dose16k_A_s0,00050.png,-0.0006395129021257162,-0.00031016196589916945,-9.039738506544381e-05,0.0016877265879884362,0.0007732227095402777,0.0006611116696149111,-0.000994180329144001,0.000828326097689569,-0.0009012269438244402,-5.2707066060975194e-05,0.00010202094563283026,-0.0005390754085965455,0.0007462888024747372,0.0003656029002740979,-0.0010676576057448983,0.001720881904475391,-0.0004424179787747562,1.3049939298070967e-05,-0.0009334073401987553,0.0007484846282750368,-0.0007886535604484379,-0.0014232363319024444,-0.0013434208231046796,-0.0002298707258887589,0.0002985172613989562,-0.0003961059555877,0.0007673557847738266,0.0011554894736036658,-0.0006253737956285477,0.002211010782048106,-3.1334362574853e-05,-0.00010131685849046335,-3.223374005756341e-05,-0.0014530324842780828,-0.0011813025921583176
dose16k_A_s0,00051.png,-0.0013803133042529225,-0.0008220804156735539,-0.00042607280192896724,0.0013024869840592146,0.0008588426862843335,0.0007837078301236033,-0.0004340038576629013,-0.0008138695266097784,-0.0009054625406861305,7.416682637995109e-05,-5.612005770672113e-05,-0.00010904962982749566,-0.0010096593759953976,0.0004981505335308611,-0.0006384940934367478,-0.0006664558895863593,0.0014081946574151516,-0.0004390327667351812,0.0005285614752210677,0.0002161247393814847,0.0005643927725031972,0.000812388607300818,-0.0005655282875522971,-0.0014402685919776559,0.0001259722193935886,0.0007504195091314614,0.0007791235693730414,0.0010816375724971294,-8.829433500068262e-05,0.0004804534837603569,0.0006302536348812282,-0.0004108250723220408,0.00022518393234349787,-0.0007426395313814282,8.925759175326675e-05
dose16k_A_s0,00060.png,0.0001399267348460853,-0.0007717875996604562,-0.0004669175250455737,-0.0009567796369083226,0.0006804082076996565,0.0004914082237519324,0.0017180779250338674,0.0016709647607058287,-0.0006236092303879559,0.0006327939336188138,-0.0008858044166117907,0.001240619458258152,-0.0015571018448099494,0.0014721002662554383,-0.0006872125086374581,0.0006739046657457948,0.0018901993753388524,0.0005965030286461115,0.00046077920706011355,-0.0009290080633945763,0.00010870890400838107,0.0004755171830765903,-7.177930820034817e-05,0.0020933467894792557,-0.00048014105414040387,0.001513295923359692,-0.0002438367228023708,2.4721675799810328e-06,0.0018047346966341138,0.0007920567295514047,-0.0004559056833386421,-0.0010640014661476016,-0.00027490087086334825,3.976977041020291e-06,0.0014919249806553125
dose16k_A_s0,00061.png,0.0008157278061844409,0.0014412460150197148,-0.0009045636979863048,0.0004214273358229548,-3.606252357712947e-05,-0.0006574614671990275,0.0011868065921589732,-0.00023659384169150144,4.1361443436471745e-05,-0.0006572150741703808,-0.0008708979585207999,-0.00050141237443313,-0.0006528548547066748,-0.0007945123361423612,-0.0010011850390583277,0.0005770769203081727,0.001482939231209457,-0.0006482163444161415,-0.0012320905225351453,0.00024149558157660067,-0.0016086854739114642,-0.0011716785375028849,-0.0009306922438554466,-0.0005511703202500939,-0.0018632893916219473,-0.0008276872104033828,-1.2842660908063408e-05,-0.0007592029287479818,-0.00028155010659247637,0.0014000115916132927,-0.00030895828967913985,-0.0011442372342571616,-0.0016815939452499151,0.0004192909400444478,0.001119065098464489
dose16k_A_s0,00062.png,-0.00042022421257570386,-0.0008014385239221156,4.392597111291252e-05,-0.0018048929050564766,0.0011651573004201055,0.0001124545669881627,-0.0003919145092368126,2.3131122361519374e-05,-1.4720928447786719e-05,0.00021875974198337644,-0.0012318413937464356,0.0005265289801172912,-0.0003260503290221095,-0.002006697002798319,-0.0011383101809769869,-0.0007707920158281922,-0.0003119643370155245,0.000382977828849107,-0.00027624567155726254,-0.0004716666298918426,-0.00010500935604795814,-0.00017763224605005234,-0.0003274840710218996,-0.0003300993994344026,0.0004799854359589517,0.0011930967448279262,0.00043031384120695293,-0.0004871225683018565,0.0007062345976009965,-8.221340976888314e-05,-0.0003701275563798845,0.00041978948866017163,0.0013695278903469443,0.0009375090012326837,-0.0013727740151807666
dose16k_A_s0,00063.png,0.002204320626333356,0.0024307731073349714,-0.000951248686760664,0.0010938966879621148,0.001771077630110085,4.7103330871323124e-05,-0.00015710924344602972,-0.0011050313478335738,-0.0003070068487431854,0.0004516855115070939,-0.0013194266939535737,0.0006534362328238785,-5.2635714382631704e-05,-0.0012138027232140303,0.00034298395621590316,0.0005622890894301236,-0.0018156913574784994,-0.0003437079139985144,-0.0014634524704888463,0.001526163425296545,-0.000496296735946089,0.0004839645407628268,0.0007567907450720668,0.0003800622944254428,-0.00042369909351691604,-0.0012865473981946707,-0.0006139235920272768,0.0008139553829096258,0.0011912209447473288,-0.00022679040557704866,0.0002696050505619496,0.0008580892463214695,-0.0002914060023613274,0.0003001457080245018,0.0015950460219755769
dose16k_A_s0,00056.png,-0.0015683311503380537,-0.0005264466744847596,0.0005493551143445075,-0.0006794999353587627,0.00014800752978771925,-0.0009731267928145826,-0.0002452172921039164,-9.372479689773172e-05,-0.0018944857874885201,-0.00045761861838400364,-0.0015010712668299675,1.654079824220389e-05,-0.00018046594050247222,-0.0011070127366110682,-0.0007807616493664682,-0.000553910038433969,0.00010523449600441381,0.0009224883979186416,0.0004049203125759959,-0.0006809181068092585,0.00031188581488095224,-0.0003416558320168406,-0.0021996707655489445,-0.0006815968663431704,0.0003510989772621542,0.0010421923361718655,2.651698378031142e-05,0.0002558573614805937,0.0004995290073566139,-0.0002904783468693495,0.0005029941094107926,0.0009736702195368707,0.0007147701689973474,-0.0009741997928358614,0.0007923131342977285
dose16k_A_s0,00057.png,0.0003141442721243948,0.0018487789202481508,0.00019478310423437506,0.0015342102851718664,0.00024947250494733453,0.0006189912091940641,0.00104424892924726,6.751249748049304e-05,0.0008534187218174338,-0.0007793449331074953,-0.0004165022983215749,-0.0005860881065018475,-0.0002666269429028034,-0.0003134732542093843,0.00020146075985394418,6.506701174657792e-05,0.00014796598406974226,0.001093826605938375,-0.0009897255804389715,-0.0009932488901540637,0.0010107863927260041,-0.0007034206064417958,-0.0004265432071406394,-0.00045908140600658953,-0.00010555725748417899,-0.00041242310544475913,0.00012126407818868756,0.0002429019077681005,4.572829493554309e-05,0.001348752761259675,-0.0004058383929077536,-0.0014681846369057894,-0.00039906721212901175,-0.0002949030895251781,0.0002312802243977785
dose16k_A_s0,00058.png,-0.001366104930639267,-0.0011719755129888654,-0.0007210231269709766,0.000482004601508379,-0.0002740307245403528,-0.00019541358051355928,-0.000621744547970593,0.0001312111271545291,0.0003423283342272043,-0.0003806957683991641,-0.0005631722742691636,-0.0001751350937411189,0.0008438053773716092,-0.0009222753578796983,-0.0005862658144906163,-0.0017879682127386332,3.0394710847758688e-05,0.00017664884217083454,0.0004526901466306299,-0.00046005446347407997,-0.00018684663518797606,-0.001663407776504755,-0.0009960952447727323,0.00039926348836161196,-0.00044816179433837533,-0.0001915118336910382,-0.0006253880565054715,0.0006335029611364007,-1.6576961570535786e-05,-0.0008169031352736056,-0.0012616855092346668,0.00015890898066572845,0.001440153457224369,-0.0004005179216619581,-0.0005738204927183688
dose16k_A_s0,00059.png,0.0009122439078055322,0.0015792084159329534,0.000837317609693855,-0.0007746663177385926,0.00022691166668664664,1.8749969967757352e-05,0.0004376393335405737,-0.00019447249360382557,0.0010141341481357813,-0.0008591709192842245,0.0009285850683227181,-0.00030684779630973935,-0.00017120900156442076,-0.0009287313441745937,0.00018458254635334015,0.000557154999114573,0.00032644529710523784,-0.0001940307702170685,-0.000915589916985482,-0.00014076712250243872,0.0008644514018669724,0.0001834256836446002,-2.1774156266474165e-05,0.0007635633228346705,-0.0010049818083643913,0.0010837477166205645,-0.0014028988080099225,-0.00020153862715233117,-0.0014668632065877318,-5.230294482316822e-05,-0.0018468380440026522,-0.0015592434210702777,-0.0006746126455254853,0.000509586010593921,3.065115015488118e-05
dose16k_A_s0,00052.png,0.0007836612639948726,-0.00019024335779249668,-0.0011665824567899108,-0.0005403485847637057,0.000959832570515573,-0.0006993378628976643,0.0013729421189054847,-0.0008872614125721157,-0.0010572993196547031,0.0005985693424008787,-0.0002670315152499825,0.0010553047759458423,2.9137441742932424e-05,0.0009514614939689636,0.0005157420528121293,0.00039314362220466137,0.00018773582996800542,-0.0009693359024822712,-0.0014796475879848003,-0.0012055542320013046,5.279875949781854e-06,0.00121880613733083,-0.0010854797437787056,-0.00011865393753396347,5.176568447495811e-05,-0.0006537183071486652,-0.000811785168480128,0.0010554938344284892,-0.0005212892428971827,0.0008901429828256369,-0.00027214104193262756,-0.0011348430998623371,0.00024287197447847575,-0.0003442323941271752,4.947550405631773e-05
dose16k_A_s0,00053.png,-0.00022500476916320622,0.0007204402354545891,-0.0018143925117328763,-0.0007415408035740256,-0.0010716718388721347,9.103860975301359e-06,-7.653830107301474e-05,0.0008783961529843509,-0.0003318292729090899,0.0006864385795779526,0.0009424736490473151,-0.001259902841411531,0.0006588283577002585,-0.00032371471752412617,0.00113108369987458,-0.00033931058715097606,-0.0002079271071124822,-0.0008598989224992692,-0.0005937012028880417,-0.0027625698130577803,0.0006360328989103436,0.00031556631438434124,-0.0009004647727124393,-0.0015002129366621375,0.0007616891525685787,0.00032168460893444717,-0.00018319155788049102,0.0010815521236509085,0.00011124937009299174,0.0005941817653365433,-0.000526412099134177,-0.0009984938660636544,0.0007922605727799237,0.0007231717463582754,-0.0006585202063433826
dose16k_A_s0,00054.png,-6.14356467849575e-05,-0.0004958900972269475,-0.0008405967382714152,-0.0013606362044811249,0.0011966205202043056,-0.0008887563599273562,0.0010007533710449934,0.0005025035352446139,-0.00047920754877850413,-0.00042351786396466196,-0.0005554243689402938,-0.001805302919819951,-0.0018107200739905238,-0.0003394645464140922,-0.0013819654705002904,-0.0006784151773899794,7.12640248821117e-05,0.0012479645665735006,0.0007520935614593327,-0.00115865224506706,0.0006890730001032352,0.0005693721468560398,0.00024351032334379852,0.0010513567831367254,0.0008532083011232316,0.000257130159297958,0.00024431198835372925,-0.0008214963017962873,-0.0020348953548818827,0.00022150787117425352,-0.00014544806617777795,0.000238024556892924,0.0008337163599207997,0.0007793252007104456,0.0010946986731141806
dose16k_A_s0,00055.png,-0.0013545959955081344,-0.0008229944505728781,-0.0010024255607277155,-0.0016675468068569899,-0.0012548132799565792,-0.0008726365049369633,-0.00015429274935740978,0.0009387701866216958,0.0006569924880750477,0.0012155610602349043,-0.0009427153854630888,-0.00045986968325451016,-0.0004221219860482961,-0.000279499072348699,-0.0005252916016615927,0.0012670370051637292,-9.929627412930131e-05,-0.00033582907053641975,0.00023236572451423854,0.0009318446391262114,0.0003850265056826174,0.00012315827189013362,-0.0004890782875008881,-0.0013727025361731648,0.0013656816445291042,-0.001024871482513845,-0.0005144266760908067,0.0005663011688739061,0.0005024250713177025,0.00037364166928455234,-0.001102018402889371,-0.0009836830431595445,-0.00032062604441307485,0.0005368830170482397,-0.00012015176616841927
dose16k_A_s0,00064.png,-0.00026346175582148135,-0.00024540419690310955,0.0005709881079383194,0.0002834162733051926,0.0023930559400469065,0.00010587475844658911,-0.00019998991047032177,-0.0006497480208054185,0.0006421871948987246,-0.0006983038620091975,-3.21514266943268e-06,-7.468489457096439e-06,8.656157297082245e-05,-0.00011793438898166642,-0.0009388546459376812,0.0008880255045369267,-0.00023033027537167072,0.0009269002475775778,0.0003490941599011421,0.00011401342635508627,0.001220507430844009,-0.00018266904226038605,0.0018358485540375113,0.0019588973373174667,-0.0014884863048791885,-0.0006824402953498065,-0.001464058761484921,-0.0004814866406377405,0.0008890528115443885,0.0001144597481470555,-0.00011317093594698235,0.00016685882292222232,-0.0015965152997523546,0.00029838597401976585,0.0019565776456147432
dose16k_A_s0,00065.png,-0.001320307026617229,0.0011466586729511619,0.00014799338532611728,-0.0012291496386751533,0.0021905316971242428,-0.0005918988026678562,-0.0011655335547402501,0.0003213472373317927,0.00020875214249826968,-0.0010333213722333312,0.000820990011561662,-0.0018495823023840785,0.00099251139909029,-0.0007946741534397006,-0.0005184910260140896,8.160604920703918e-05,0.0004288000927772373,-0.0018488955684006214,-0.0001580482057761401,-0.0011702547781169415,0.00044449555571191013,-4.527388227870688e-05,0.0003499948070384562,0.0017947598826140165,0.0028817099519073963,0.0018021930009126663,0.0010719362180680037,0.0014085975708439946,-0.00153107731603086,-0.0004154856433160603,-0.0011216416023671627,-0.0007527927518822253,0.00015192838327493519,-0.0013544866815209389,-0.0015622556675225496
dose16k_A_s0,00066.png,-0.00031830131774768233,-0.0011023948900401592,0.0005827838904224336,0.00018853004439733922,0.00011930453911190853,-0.0007686437456868589,-2.1109211957082152e-05,-0.0012327191652730107,-0.0004997811047360301,-0.0009780044201761484,0.00043836369877681136,-5.9184203564655036e-05,0.0001613869535503909,1.4567555808753241e-05,-0.00026628802879713476,9.618353215046227e-05,3.9824448322178796e-05,-0.0006633542361669242,-0.0009204741800203919,-0.0026799619663506746,-7.460454071406275e-06,0.00043607348925434053,0.0008926058071665466,0.0008263920899480581,0.0006101744365878403,0.0013367292704060674,-1.4447638022829778e-05,0.00013132448657415807,-0.00020794149895664304,0.0005152527592144907,7.618518429808319e-05,-0.0013167979195713997,0.00023659568978473544,-0.0002199607260990888,0.00015674986934754997
dose16k_A_s0,00067.png,0.00019000402244273573,-0.00013085857790429145,-4.845639705308713e-05,0.0007298111449927092,0.00047566366265527904,-0.00012650791904889047,0.0011353937443345785,-0.00018177391029894352,0.0012854867381975055,0.0010077579645439982,-0.00019478371541481465,-0.0016129838768392801,0.00011032028851332143,-0.00042905836016871035,0.00039172498509287834,-0.0011519265826791525,-0.0004220929404255003,-0.00018800253747031093,0.00207574968226254,-2.0527806555037387e-05,-0.0007582888356409967,-0.0009518138831481338,5.266370135359466e-05,-0.00042296244646422565,0.0007918624323792756,-0.00011349011037964374,-0.0013579420046880841,-0.00024367996957153082,0.00039148013456724584,4.889413685305044e-05,-0.0008806699188426137,-7.672904030187055e-05,-0.0010365201160311699,0.0011354479938745499,0.00043422760791145265
dose16k_A_s0,00068.png,-0.0007037458126433194,-0.0010896127205342054,0.0007668841280974448,0.0021804096177220345,-0.0008610428194515407,-0.0005090144695714116,0.0019129920983687043,-0.0013949411222711205,-0.001149139367043972,-0.00040592491859570146,-0.001547454041428864,-2.7657333703245968e-05,0.00033365312265232205,0.001685585011728108,-3.820750134764239e-05,-0.000566822593100369,0.001006548060104251,-0.0006549746613018215,-0.0001827771484386176,0.001309141400270164,-0.0011146118631586432,-0.0003610726271290332,0.0009676669724285603,-0.0007812872063368559,-0.003637166926637292,-0.0008220660383813083,0.0004562513204291463,-0.0005430649034678936,0.00029554538195952773,-0.0021027654875069857,-0.0011588544584810734,0.0006744448910467327,0.0005750076379626989,0.00026914034970104694,-0.0011155556421726942
dose16k_A_s0,00069.png,-0.0006285349954850972,-0.00048173460527323186,0.0005406200070865452,-0.0009697745554149151,-0.0017723004566505551,0.0014288021484389901,1.2221831639180891e-05,-0.001188182970508933,-0.0009735989733599126,-0.0005394491017796099,-0.00030216568848118186,0.00030182843329384923,0.0011389240389689803,0.0007591019384562969,-4.220921709929826e-06,0.0005798991769552231,0.0006305751157924533,0.0008753700531087816,-0.0012295539490878582,-0.0011215864215046167,-0.0008679292513988912,0.000620019156485796,-0.0004924428067170084,0.0003004366299137473,7.91805941844359e-05,-0.00104136997833848,-0.0004212470375932753,-0.0005623867618851364,0.002541111083701253,-0.000808661337941885,-0.0007275277748703957,-4.881327913608402e-05,9.738935477798805e-05,-0.0007290978101082146,0.0017343636136502028
dose16k_A_s0,00070.png,0.00020942122500855476,-0.00014374268357641995,-0.00017001028754748404,0.0014421037631109357,0.0006732783513143659,0.00024269195273518562,0.0008615596452727914,0.001049755490384996,-0.0007896888419054449,-0.000579774146899581,-6.732861220370978e-05,-0.00024836984812282026,0.0012024033349007368,-9.398088150192052e-05,-0.0004275461542420089,0.001320453709922731,0.0009498167783021927,9.426104224985465e-05,-0.0011337688192725182,-0.0003007957711815834,-0.0008007255382835865,0.001089026452973485,0.00012922078894916922,-0.0007737372070550919,0.0005270999390631914,0.0008191536762751639,-0.0005434578633867204,0.0019330166978761554,-0.0007914090529084206,0.00040320458356291056,-0.00046971457777544856,-4.9920134188141674e-05,-0.0006556670414283872,-0.0001574133784743026,0.0004623608256224543
dose16k_A_s0,00071.png,-0.000960341771133244,-0.0020886820275336504,-0.000499312358442694,-2.593558565422427e-05,0.0011378470808267593,0.00032151033519767225,0.0010775618720799685,-0.0016633275663480163,-0.0006938350852578878,-0.0002127038751496002,-0.0002364643878536299,0.00022484090004581958,-3.4946893379128596e-07,0.0002647509681992233,0.0004913978045806289,0.001149982213973999,0.0013827558141201735,0.0010477524483576417,0.0008819898939691484,0.000373778777429834,0.00025629071751609445,-0.0006539963651448488,-0.002174399560317397,0.0006944629130885005,0.0010024721268564463,0.0001451605057809502,-0.0007712191436439753,-0.000599161081481725,0.0003318854724057019,-0.0004046947287861258,-2.3788747057551518e-05,0.00034640246303752065,-0.0009314560447819531,-0.00019617713405750692,0.0009918899741023779
dose16k_A_s0,00080.png,-0.00030264753149822354,-0.002363259671255946,-0.000977903138846159,-0.00044374301796779037,7.052149885566905e-05,0.0005897089140489697,-0.001659143134020269,-0.0014578290283679962,0.0007805268978700042,0.0004923848900943995,0.0004318509600125253,0.0010392640251666307,-0.0007379735470749438,0.0005691447877325118,-0.0012755064526572824,0.002180602168664336,-0.0006277360953390598,-0.00025123771047219634,0.00027132866671308875,-0.001190799637697637,0.00043982078204862773,-0.0013841574545949697,-0.0015086806379258633,-0.0009271672461181879,-0.0008259082678705454,6.525054050143808e-05,-7.139767694752663e-05,-0.0009305662824772298,-0.0012275634799152613,0.0005008896696381271,-8.214342233259231e-05,0.001144490553997457,-0.0022891531698405743,0.000272808043519035,0.001290268381126225
dose16k_A_s0,00081.png,0.0006383538711816072,0.0006995868170633912,0.0009029594948515296,-0.00012716421042568982,-0.002198638627305627,-0.0001275276590604335,-0.000451994885224849,0.00043616394395940006,-0.0005882142577320337,0.00027410825714468956,0.0008739723125472665,0.0004622263659257442,-0.0010643096175044775,0.00021286768605932593,0.000917622004635632,-3.426043258514255e-05,0.00024090023362077773,-0.0001481026120018214,-0.0003987480595242232,-0.0007391896215267479,0.00035655603278428316,0.0004181851400062442,-0.0009537681471556425,0.002031274139881134,-0.00035007589031010866,1.2208362022647634e-05,-0.0004657857643906027,0.00039647117955610156,0.001270489883609116,0.0006938122678548098,-8.67827475303784e-05,-0.0010529875289648771,-0.0008565778261981905,0.0003654019092209637,0.0013527065748348832
dose16k_A_s0,00082.png,0.0012521357275545597,-0.000244710041442886,-0.00042495413799770176,0.000807299860753119,0.0010973535245284438,0.00032807374373078346,0.0013059541815891862,-0.0009311450412496924,0.0005081671406514943,-0.0007536630146205425,0.0012929011136293411,0.0006379908882081509,0.0007932665175758302,-0.0010859295725822449,-0.0003021538723260164,-0.0008307988755404949,-5.699502071365714e-05,0.0004046951944474131,-0.0005721853813156486,0.001515377894975245,2.4992014004965313e-05,-0.0011005112901329994,0.0005556955584324896,3.3122909371741116e-05,-0.0008743106736801565,0.0013449568068608642,0.0007691889768466353,-0.0016202926635742188,-0.001225860440172255,0.00011114370863651857,0.00033988061477430165,-0.0010563676478341222,0.0002206596254836768,-0.0006470063817687333,7.297798583749682e-05
dose16k_A_s0,00083.png,0.0007216802914626896,0.0011877601500600576,8.884937415132299e-05,-0.0020409540738910437,-0.001205586246214807,0.0004077304620295763,-0.00036648273817263544,-0.00011056649236707017,-0.0007710401550866663,-0.0003591681597754359,0.00010251281491946429,0.0006737136282026768,0.0013585108099505305,-0.001005081576295197,-0.0002466198056936264,-0.0019297323888167739,-0.0004190924810245633,0.000729316845536232,0.0002485311415512115,0.0004053396114613861,0.0007754388498142362,-0.0008687731460668147,-0.002024072455242276,0.00029319513123482466,-4.133602124056779e-05,0.00120746239554137,0.0002062766143353656,-0.0006351493066176772,0.0003626906545832753,0.000834851642139256,0.0015891296789050102,0.00023562747810501605,0.0006318450905382633,0.0002502399729564786,0.0003223970124963671
dose16k_A_s0,00076.png,-0.0005114888772368431,-0.000681589765008539,-0.00048738112673163414,-0.0007117975619621575,-0.005672605708241463,0.0017548658652231097,-0.0001325751654803753,0.0006769201718270779,-0.00022849177184980363,0.0007101610535755754,0.001299561932682991,0.0007941977819427848,-0.0024361610412597656,-0.0008382129017263651,0.001487772911787033,0.0005083897849544883,-2.9177279429859482e-05,0.00019835724378935993,-0.0027148998342454433,-0.00013563236279878765,-0.0004217778623569757,-1.1154717867611907e-05,-0.0005584354512393475,0.0013076645554974675,0.0011220485903322697,-0.001401945948600769,-0.0009710283484309912,-0.00033814285416156054,0.001393221435137093,0.0016796414274722338,0.00037148004048503935,0.00031167411361820996,-0.000732810003682971,0.0009945816127583385,0.00033921346766874194
dose16k_A_s0,00077.png,-0.00012345376308076084,-0.0007405310752801597,-0.0024695161264389753,-2.152723573090043e-05,-0.0006762134144082665,-0.002451307140290737,0.0019727242179214954,0.0004333855176810175,-0.0020267562940716743,-0.0011006646091118455,-0.0004697375406976789,-0.001169785507954657,-0.001154343830421567,0.0016744030872359872,-0.0017936843214556575,1.5395722584798932e-05,0.0004914516466669738,-0.00010770222434075549,-0.0004383337218314409,0.0011016973294317722,0.0018738115904852748,-0.0004964802647009492,-0.000910182308871299,-1.3628643500851467e-05,-0.0008256133878603578,0.0007156712817959487,0.001433981698937714,-0.0003762255946639925,-0.0005742952926084399,0.0011311366688460112,0.0007361234747804701,0.00015777502267155796,0.0007682401337660849,-0.0009203145164065063,-0.00019003686611540616
dose16k_A_s0,00078.png,0.0004088197310920805,0.0002678771852515638,-0.0008421200909651816,-0.00010799200390465558,0.0022497789468616247,-0.0005010940949432552,-0.0001254905655514449,0.0010235419031232595,0.0013464201474562287,-0.0007681406568735838,-0.000644116778858006,-0.00015683993115089834,0.0007399794412776828,-0.00023898828658275306,-2.5228098820662126e-05,-0.0006624232046306133,-0.0006574993603862822,0.00042114112875424325,-0.0002650573442224413,-0.0018956713611260056,-0.0003282300313003361,0.00048752123257145286,0.0004457718168850988,-0.0011288822861388326,0.0013903529616072774,0.00023226409393828362,-0.0014076357474550605,0.0002835251798387617,-0.0007190942415036261,0.0012131090043112636,0.0011960185365751386,0.0010641191620379686,0.0010695556411519647,0.0012361197732388973,-0.0012113448465242982
dose16k_A_s0,00079.png,-0.0004870702396146953,-0.0008939487743191421,0.000470183149445802,-0.0004423591890372336,0.00023889065778348595,-0.000611320196185261,-0.0010666577145457268,-1.6025218428694643e-05,0.0020053591579198837,-0.000650308676995337,-6.923019100213423e-05,0.0004378005105536431,-8.093426004052162e-06,-0.00048375449841842055,-0.0003713441255968064,0.0003070662496611476,-0.0003849027561955154,0.0009013243834488094,-8.874449849827215e-05,6.0815491451648995e-06,-0.0007755600963719189,-0.00019087741384282708,0.0019140717340633273,-0.0007441802299581468,-0.00017352181021124125,0.002544580725952983,0.0005705786170437932,0.0009482307359576225,-0.002303156303241849,0.0002987727930303663,0.0017340828198939562,0.0025827388744801283,-9.670067811384797e-05,0.00023160046839620918,-0.0005248035304248333
dose16k_A_s0,00084.png,0.0012250052532181144,0.0007556892815046012,9.991112165153027e-05,0.0012169127585366368,0.001662384020164609,-0.0003699852677527815,-8.115330274449661e-06,-0.00020222982857376337,-0.0006738432566635311,-0.0007603312842547894,-0.0002525806485209614,6.377172780958063e-07,-0.0007923703524284065,-0.0003568281535990536,0.00226632971316576,-0.0001758831349434331,0.0025878369342535734,0.0007353564142249525,-0.0006542567862197757,0.001501901657320559,0.0001737106213113293,-0.00023087492445483804,0.0012783777201548219,-0.0004244979645591229,0.001391095807775855,0.0009095094283111393,-0.0010550972074270248,-0.0004223468422424048,0.00016498425975441933,0.00026489526499062777,0.000350757734850049,-0.001143274363130331,-0.00014999310951679945,-0.00031003484036773443,-0.0009392236825078726
dose16k_A_s0,00085.png,-0.0006121459300629795,-1.822998092393391e-05,-0.0014488435117527843,-0.0026853743474930525,-0.002889428287744522,-0.000543737318366766,0.0022794906981289387,0.0016216343501582742,-0.0005285933730192482,-0.0012985770590603352,0.0007756226696074009,0.000401354773202911,-0.0013313228264451027,0.0021434829104691744,0.0006145595107227564,-3.37866595145897e-06,-0.00015906733460724354,-0.0005092576029710472,-0.0004054168239235878,0.0008939472609199584,0.00088100740686059,0.0003188765549566597,0.00022182249813340604,-0.0006419702549465001,-0.0016385758062824607,-0.001472499337978661,-0.0008959953556768596,0.0014440458035096526,0.0007636877126060426,0.0009395728120580316,-0.0007093556923791766,-0.0005693136481568217,-0.001375533640384674,4.991325840819627e-05,0.0003823261649813503
dose16k_A_s0,00086.png,0.0006566780502907932,0.0004422903002705425,0.0018961257301270962,-0.0014550136402249336,-0.0006249237922020257,0.00021307740826159716,0.001327809994108975,-0.0017146035097539425,0.0010714655509218574,-0.0010175834177061915,0.002125935163348913,-0.001041879178956151,0.00031605231924913824,0.0005008358275517821,-0.0001375929277855903,-0.0005515085067600012,-0.00010157461656490341,0.0006450354703702033,0.000641461054328829,0.0008526287856511772,-0.00041293271351605654,0.0009489384829066694,-0.00012472584785427898,0.00014116983220446855,-0.0021952420938760042,-0.00020920275710523129,0.00021106960775796324,-0.0002463924465700984,-0.0005474561476148665,-0.0009297695942223072,0.000909222406335175,-0.0015165080549195409,9.869261702988297e-05,-0.0011163597228005528,-0.0009395693778060377
dose16k_A_s0,00087.png,-0.0005810143193230033,-0.0008369502611458302,-0.0005487158196046948,0.0021940090227872133,0.0016098911873996258,0.0015892171068117023,0.0009376133675687015,0.0006039737490937114,0.0008726862142793834,-0.000856775208376348,-0.0003065362689085305,7.822734914952889e-06,-0.002020094310864806,-0.00013889148249290884,0.00027871146448887885,0.0004594397032633424,0.0011708196252584457,-0.0008059972315095365,-0.0021525921765714884,4.54291739515611e-06,-0.000699174648616463,-0.00016495147428940982,-1.2180916201032232e-05,0.001488562673330307,0.00037681893445551395,-0.001608271966688335,0.0002589691721368581,0.0012318274239078164,-0.0007917929906398058,0.0006011025398038328,0.0004195838118903339,0.0002032658230746165,0.0011621571611613035,-0.000604398432187736,-0.0009641629294492304
dose16k_A_s0,00072.png,0.0006639605271629989,0.0007560635567642748,-0.001425299677066505,-3.161081622238271e-05,-0.0011265119537711143,0.00036874637589789927,-0.0003308779268991202,0.0009456923580728471,0.002332901582121849,-0.0009752640617080033,0.0007384533528238535,0.000806800089776516,0.00014505503349937499,9.917326678987592e-05,0.0007979116635397077,0.00038239124114625156,-1.9073151634074748e-05,-0.0014182805316522717,-0.00036260520573705435,0.0010126130655407906,0.0004864565853495151,-0.00034085524384863675,0.0006095310091041028,0.0016925542149692774,-0.00046075848513282835,0.0003774096257984638,-0.0013944882666692138,0.001535234390757978,0.0002968942862935364,-0.0009497739956714213,0.00041996335494332016,0.0007910004933364689,7.96442327555269e-05,-0.0007664816221222281,0.0013815145939588547
dose16k_A_s0,00073.png,0.000991371343843639,-0.0001340863818768412,0.0005144248716533184,-0.002171463333070278,0.00012990237155463547,-0.000292182550765574,0.0002233844861621037,-0.0009369346080347896,-0.00024196562299039215,0.0010021579219028354,0.002045557601377368,-0.00032223694142885506,-0.0010634344071149826,0.00031885452335700393,-0.0005897663650102913,0.00045238432358019054,3.5239023418398574e-05,0.0008839444490149617,-0.00024964340263977647,-0.0012783396523445845,-4.131957393838093e-05,0.0009739648085087538,0.00033760908991098404,-0.0011204304173588753,-0.0006050042575225234,-0.0005331184947863221,-0.0011690926039591432,0.0020121184643357992,-0.00040393517701886594,-0.0012516757706180215,-0.0005214306875132024,0.0016597895883023739,1.0190139619226102e-05,-0.0006974199204705656,0.0009430827922187746
dose16k_A_s0,00074.png,-0.0007796366116963327,0.00025319462292827666,-0.0012450948124751449,-0.0015257872873917222,0.0010460874764248729,-0.002017230959609151,-0.00036638425081036985,-0.0003207829431630671,0.0014351996360346675,0.0011238297447562218,-0.000377523188944906,0.0006561282207258046,-0.00021127299987711012,0.0001363551418762654,7.001767698966432e-06,0.0018025207100436091,-0.00013093595043756068,0.00014582085714209825,0.0002923190768342465,0.0010294136591255665,-0.0005454507772810757,-0.0009081369498744607,-0.0005682272603735328,-0.0014502879930660129,0.0009615462622605264,0.0002873301855288446,0.0009239447535946965,-0.000920493679586798,-0.000305118941469118,0.0002848785661626607,-0.0015163935022428632,0.0003347663441672921,0.001760400366038084,-0.001456547761335969,-2.4596130970166996e-05
dose16k_A_s0,00075.png,0.0018799018580466509,0.0023831557482481003,-0.000532554171513766,0.0002468714665155858,0.00020835187751799822,0.0014459306839853525,-0.0016363702015951276,0.001776191871613264,-0.0006793286302126944,0.0004351423995103687,-0.0004106483538635075,-0.0003867153136525303,0.0022163328249007463,-0.00010806939826579764,-0.0018420497654005885,-0.0011562556028366089,-0.0005586828920058906,0.0008005021954886615,0.00018199147598352283,5.9709946071961895e-05,-0.0020658855792135,-0.002259366912767291,-6.738691445207223e-05,0.0008464017882943153,-0.00029087471193633974,-0.0005565142491832376,0.0010978156933560967,-0.0007258144905790687,-0.0007989925215952098,-0.0011193646350875497,0.0003134732542093843,-0.000682876561768353,-3.1800565921003e-05,0.00033613041159696877,-0.0010192213812842965
dose16k_A_s0,00088.png,3.099788591498509e-05,0.0008746357052586973,-0.00047075957991182804,0.0010708938352763653,0.0024620690383017063,-0.00031713899807073176,-0.0009167403331957757,0.0014673750847578049,0.0004060132196173072,0.00011923781130462885,0.0015338206430897117,-0.0006076341960579157,0.0011895789066329598,-0.0009524111519567668,-0.002349619287997484,0.00015861201973166317,-0.0023172623477876186,0.0003376264648977667,-0.001206734566949308,-0.00040454065310768783,-3.720162931131199e-05,-0.001207532943226397,0.0011493256315588951,0.0003534197458066046,-0.0017113314243033528,-0.0005888650193810463,0.0007367830839939415,0.0008050382602959871,0.002705898368731141,-0.0002922107232734561,-0.00013286313333082944,-0.000854535202961415,-0.0011857077479362488,-0.0014134827069938183,-0.0008062276756390929
dose16k_A_s0,00089.png,-0.00012004200834780931,9.234979370376095e-05,-2.3862497982918285e-05,0.0013397261500358582,0.0006562767666764557,-0.0005072663770988584,-0.0012379633262753487,0.0015111151151359081,0.0007275243988260627,0.00013876496814191341,-0.0009621184435673058,-0.00220192177221179,-0.0016133778262883425,-0.0003288399602752179,-0.0010030694538727403,-0.0015057038981467485,0.0002985874889418483,-0.000861146894749254,-0.00027561362367123365,-0.0001772306568454951,-0.0007062219665385783,-0.001968026626855135,0.0003614954766817391,0.0006018694257363677,-0.00020217080600559711,0.0006205166573636234,0.00044360203901305795,-0.0011589177884161472,0.00023699275334365666,-0.0005972549552097917,-0.0012619469780474901,-0.0008705230429768562,0.0008210044470615685,-0.00015822758723516017,0.0002114673116011545
dose16k_A_s0,00090.png,-0.0003907920327037573,0.0008736698655411601,0.00021442842262331396,0.001026407117024064,-0.0008361838408745825,0.0001898384653031826,0.0007911571301519871,-0.0011171272490173578,0.0010267326142638922,0.0012709517031908035,-0.0012389612384140491,-0.0015304951230064034,0.0005072162603028119,-0.0024554168339818716,0.0009476456907577813,-0.00019109930144622922,-0.0021105066407471895,-0.0005835707997903228,0.0006397120305337012,0.001747369533404708,0.00028327820473350585,0.0012595647713169456,0.00024401156406383961,0.0004895187448710203,0.000539048167411238,8.168056956492364e-05,0.0002832807949744165,-0.000574211124330759,0.0019272733479738235,-0.0005286018713377416,-0.0009736298234201968,-0.00014863679825793952,-0.0005173987010493875,9.577970195095986e-05,0.000739524606615305
dose16k_A_s0,00091.png,-0.0004084136162418872,-0.00035464303800836205,-8.869146404322237e-05,0.0031140088103711605,-0.001248027547262609,-0.0011381760705262423,-0.0011922341072931886,-0.0003166637907270342,0.0013757467968389392,-0.0011847848072648048,0.00045589334331452847,-0.0011546371970325708,-0.001401771791279316,-0.0006899973377585411,0.0012963326880708337,-9.393964137416333e-05,-0.00032366011873818934,-0.0015357396332547069,-0.0009176753228530288,0.000937333854380995,0.0007573371403850615,0.0005240673781372607,0.0009820419363677502,-8.887979493010789e-05,0.0007233428186737001,0.0010550743900239468,0.0011003775289282203,0.0008541736751794815,0.0005398320499807596,-0.0027793722692877054,-0.0005365994293242693,-0.0009829368209466338,-0.0012394788209348917,-0.0015613026916980743,0.0006827744655311108
dose16k_A_s0,00092.png,0.0017754245782271028,0.0012723662657663226,-0.0016437888843938708,-0.0012957585277035832,0.00042065666639246047,0.00023433573369402438,0.0013636746443808079,0.0015335406642407179,0.0011936104856431484,0.0020187622867524624,-0.0003103446797467768,-0.00015651294961571693,-0.0014176740078255534,-0.0007255990640260279,0.00014750083209946752,-0.0008397454512305558,-0.00040865910705178976,-0.0013666206505149603,-0.0008076408412307501,-0.0006749386084266007,0.0018262562807649374,0.000337543518980965,3.838560587610118e-05,-0.001385335111990571,-0.0005986196338199079,-0.0015082038007676601,-0.002804812043905258,-0.0007729665376245975,0.0003967603843193501,0.000734204426407814,-0.0004639540857169777,-0.0012745725689455867,-0.00012349043390713632,0.0023351076524704695,-0.0008543894509784877
dose16k_A_s0,00093.png,0.0006221196381375194,0.0011353511363267899,0.0009751034085638821,-0.0002477919333614409,-0.002137081464752555,0.0005292718997225165,-0.00047687251935712993,-0.00012279130169190466,0.00021022603323217481,-0.0010101518128067255,0.0016867571976035833,-0.0006427118205465376,-0.001182184205390513,0.0011618956923484802,-0.00047058743075467646,0.000217553271795623,-0.00186548859346658,-0.0011508167954161763,0.0008041200926527381,0.0018218657933175564,-0.0011958556715399027,0.0006007620831951499,-0.0012754251947626472,0.00014265388017520308,0.0022203715052455664,-0.0001049830243573524,-0.0011131921783089638,-0.00018490786897018552,-0.0016136004123836756,-0.00012503137986641377,-0.0013688927283510566,0.00044538930524140596,-0.0018652158323675394,0.0024102323222905397,-0.00044369310489855707
dose16k_A_s0,00094.png,-0.00014176775584928691,-1.2685479305218905e-05,-0.0012582896742969751,0.001052877283655107,-1.3707129255635664e-05,0.0018409905023872852,-0.00020161730935797095,-0.00011349430133122951,-0.0006953991833142936,-0.0005796618643216789,0.00044833181891590357,0.00017528481839690357,-0.0011959654511883855,0.00014769761764910072,0.0014836980262771249,-0.0009449710487388074,-0.00022183546388987452,0.0005862319376319647,0.0001532339956611395,-0.0005911026382818818,0.0007188637391664088,0.0002584414614830166,0.00037391940713860095,9.835213859332725e-05,0.000525409122928977,0.0001360127207590267,-0.00013134120672475547,-0.0008109331829473376,0.0007174526108428836,-7.319547148654237e-05,0.00030599659658037126,-0.0006743313279002905,-0.0005833398317918181,0.000668056367430836,-0.0006094985292293131
dose16k_A_s0,00095.png,-0.0007217300590127707,-0.0007322711171582341,-0.0002406787680229172,-1.9577390048652887e-05,0.00026356641319580376,-2.0698405933217146e-05,-1.5008471336841467e-06,0.001016327296383679,0.001240507117472589,0.0016770143993198872,0.0007140064844861627,-0.00040600396459922194,0.0007363834884017706,0.0006978896562941372,-0.0008764998055994511,-0.00030054946546442807,-0.0003489844675641507,0.0008800783543847501,-0.0006352099007926881,0.002758569084107876,-0.0007224539876915514,0.0004833315615542233,-0.0007084130775183439,0.0007465414819307625,0.0007027926621958613,-0.0007644423749297857,0.0007019427721388638,0.00043220503721386194,-3.609601117204875e-05,-4.710056236945093e-05,0.0002673136186785996,0.0007378130103461444,0.00017606577603146434,0.0006775085930712521,-0.0009324444690719247
dose16k_A_s0,00096.png,-0.00013359366857912391,0.0009597884491086006,0.0010196261573582888,0.0006510010571219027,-0.0004883865476585925,0.0009394741500727832,0.0011500846594572067,0.0014758160104975104,0.0006054614204913378,0.0006290960009209812,-0.0018714810721576214,0.00018092815298587084,-0.0015573244309052825,0.001793116913177073,-0.000934467650949955,0.0010109669528901577,-0.00016919327026698738,0.0011828583665192127,-0.00026465900009498,-0.001199436141178012,0.00036265476956032217,0.00016068576951511204,0.00044162332778796554,0.00031096747261472046,-0.00024242645304184407,-9.405067248735577e-05,-7.914272282505408e-05,0.001084652030840516,-0.0004985897103324533,0.00044862719369120896,-0.0006746920407749712,0.0011457942891865969,-0.0018812910420820117,0.0011080409167334437,0.0009007818880490959
dose16k_A_s0,00097.png,-0.0003701669629663229,5.487856014951831e-06,-0.0014308226527646184,0.0019823317416012287,-0.0008587961201556027,-0.0003147904062643647,-0.0010065071983262897,-0.0001568444276927039,-7.676700624870136e-05,-0.0015463195741176605,0.00020206252520438284,-0.0019065493252128363,0.0007655333029106259,-0.0002075422089546919,0.00019918331236112863,-0.0006570802070200443,0.001681969384662807,-0.0014182201121002436,-0.00010580705566098914,0.001517186057753861,-0.0005327022518031299,-0.0023388592526316643,-0.0006325409049168229,-0.00035223996383138,0.0018154735444113612,0.0010027576936408877,-0.00035068317083641887,-0.000927278830204159,-8.277472079498693e-05,0.0004746053891722113,-0.0007821728358976543,-0.0005362181691452861,0.0011873047333210707,0.001305522513575852,0.0009013006347231567
dose16k_A_s0,00098.png,-0.00044590214383788407,1.2294383850530721e-05,-0.0013533957535400987,0.0007845524232834578,0.00013968873827252537,-0.0002563513407949358,0.0009089669911190867,-0.0015766103751957417,0.0011050698813050985,0.0005296433228068054,-0.00034019621671177447,-0.0016216617077589035,-0.0019783154129981995,0.0016027218662202358,-2.6564202926238067e-05,-0.0005522998981177807,0.00019988995336461812,-0.0017386262770742178,0.0012741291429847479,-0.00042055227095261216,-0.001005052006803453,-0.0021338402293622494,0.0017270568059757352,-7.622216799063608e-05,-0.0016011721454560757,-0.001288549741730094,-0.0009558547753840685,0.00031376557308249176,-0.0003160745545756072,0.0011092076310887933,-0.001501302351243794,-0.001309529528953135,0.00021596973238047212,0.0014665633207187057,0.00022580588120035827
dose16k_A_s0,00099.png,0.0005401969538070261,0.0011511280899867415,0.0005030457396060228,0.00295451981946826,-0.002499583875760436,-0.0008820415241643786,-0.00028023667982779443,-0.000706327729858458,-0.0017349026165902615,-0.00043956044828519225,0.0006621386273764074,0.0014260169118642807,7.976266351761296e-05,-0.00031575196771882474,-4.4678647100226954e-05,-0.000501899397931993,0.00013901018246542662,-0.000765049597248435,0.0024674199521541595,-0.0006669887807220221,-0.0013478605542331934,0.0006536066066473722,-0.000350374320987612,-0.0007531626033596694,0.0012170742265880108,0.000980257405899465,-0.0009408918558619916,-0.001090448466129601,-0.0004954171017743647,0.0007976838387548923,-0.0009482495370320976,-0.0003746140864677727,0.0003995258011855185,0.002016708254814148,0.0013082126388326287
dose16k_A_s0,00104.png,-0.00017183531599584967,0.001646437682211399,-0.0007053115987218916,0.0007492323056794703,0.0008158082491718233,-0.00038287939969450235,0.0002570970100350678,-0.0007883001235313714,0.0016204498242586851,0.0009183106012642384,0.001258926116861403,8.078078099060804e-05,-0.0017993028741329908,-0.0007345079793594778,-8.65039401105605e-05,0.00026936159702017903,0.0002853763580787927,0.0003056374262087047,-0.0013577420031651855,-0.0015906643820926547,-0.00040433515096083283,0.0013402197510004044,-0.00019910364062525332,0.0016894160071387887,-0.0001668669719947502,0.0015408453764393926,-7.505141547881067e-05,0.0006261424859985709,5.083705764263868e-05,0.00157270859926939,0.00040643641841597855,0.0006815784145146608,0.00024762394605204463,0.0006574685103259981,0.0015222664223983884
dose16k_A_s0,00105.png,-0.0002794263418763876,-0.0009247377165593207,0.0008415060583502054,0.0016954090679064393,0.0021888618357479572,-7.586763240396976e-05,0.0014240930322557688,-0.0009433570667169988,-0.0003233021416235715,0.00041055536712519825,0.0002324707165826112,0.001010290114209056,-0.0001269050408154726,0.0007275789394043386,-0.0007574170012958348,-0.00020928919548168778,0.0004635399964172393,3.23887616104912e-05,0.0013969555730000138,0.0007870249100960791,-0.0003330197650939226,-0.00040672102477401495,0.00040175989852286875,-0.0003463357570581138,0.0009300177916884422,-0.0006840031710453331,0.0013941065408289433,-6.060612577130087e-06,-0.0004394298593979329,0.000583039945922792,-0.00015952585090417415,0.00016159714141394943,0.0006202884833328426,-0.0016552043380215764,3.8684389437548816e-05
dose16k_A_s0,00106.png,0.0010254326043650508,-0.000663381302729249,-0.001872243476100266,-0.00025349255884066224,-0.0004593441553879529,-0.0007687445031479001,0.00044097055797465146,0.0003358994727022946,0.0003302658151369542,0.00014157418627291918,-0.0008235774585045874,-0.0016951289726421237,-0.0005898115341551602,0.0013742506271228194,0.0003200827050022781,-0.0010348533978685737,-0.001049740589223802,-0.0006950544775463641,0.0007373278494924307,0.000439148599980399,0.0012151258997619152,-3.4996199246961623e-05,-0.00026207909104414284,0.0007810773677192628,0.0005646006320603192,-0.0007399388123303652,0.00015495854313485324,0.00032369029941037297,-0.0011426858836784959,-3.1647672585677356e-05,0.0006796665256842971,-1.849045838753227e-05,-0.0005601801676675677,0.0014830395812168717,0.0003522757033351809
dose16k_A_s0,00107.png,0.0003865268954541534,-9.95906739262864e-05,0.001253171474672854,0.0019001173786818981,-0.00010067386028822511,-0.0009660526411607862,0.0019049904076382518,0.0010757262352854013,0.0007601599209010601,-0.00044541823444887996,0.0013799989828839898,0.0008259813184849918,0.0005634647677652538,-0.00018698809435591102,-6.695285264868289e-05,0.00264660338871181,-0.0010348052019253373,8.576190157327801e-05,-0.0008077771635726094,-4.853582140640356e-06,0.0009866188047453761,-0.0003431500808801502,-0.001115478458814323,0.0009471240919083357,-0.0004899167688563466,0.0002505416632629931,-0.0012846330646425486,-0.0002926122979260981,-0.00046178590855561197,4.3405190808698535e-05,-0.0020959661342203617,0.0009147655218839645,-0.0009520796011202037,0.0004352597752586007,-0.00014093946083448827
dose16k_A_s0,00100.png,-0.0010145098203793168,-0.0005870075547136366,-0.0005387337878346443,0.00031921968911774457,-0.0004376806609798223,-0.003100383561104536,0.0005366340046748519,0.00045935349771752954,0.0011768436525017023,-0.00026321489713154733,-0.00013482563372235745,0.0006897837156429887,7.242518768180162e-05,-0.0013401160249486566,0.0017552055651322007,-0.0004984766710549593,-0.00020752988348249346,-0.0002112402580678463,-0.0010557441273704171,-0.00029363660723902285,-0.0012498025316745043,0.0008256079163402319,0.0018338634399697185,-0.0011802338995039463,-0.00048239436000585556,-0.001234760507941246,-6.352144555421546e-05,-0.0002945260494016111,-0.0005382003146223724,-0.00018739013466984034,-0.0010338600259274244,-0.002941720187664032,-0.0005928488099016249,0.0005368142738007009,0.00022535101743414998
dose16k_A_s0,00101.png,0.000182153467903845,-0.00019891990814357996,0.0010916385799646378,0.0015681551303714514,0.002211442217230797,0.000705965212546289,0.0005938111571595073,-0.0013558499049395323,-0.0015484672039747238,-0.00018814099894370884,-8.167578198481351e-05,0.00017090031178668141,0.0005345366662368178,0.0016581810778006911,-0.0008158625569194555,-0.0004435040755197406,-5.8179419283987954e-05,0.0014788623666390777,5.268661698210053e-05,-0.0005251700640656054,0.0002638378646224737,-0.0004000014450866729,-0.0008633628604002297,0.001644713687710464,-0.0016146667767316103,0.0015328758163377643,0.0017101173289120197,-0.0005287174135446548,0.0008735778974369168,0.001563495141454041,-0.001475694589316845,0.000560467888135463,0.0011474237544462085,0.001959676155820489,-0.0020511248148977757
dose16k_A_s0,00102.png,-0.00031629708246327937,-0.0003516364376991987,-0.0010215586517006159,-0.00044393405551090837,0.00020039519586134702,0.0018318415386602283,-0.0001571142056491226,0.0007008140091784298,-0.0003478949947748333,0.0016560120275244117,-0.0007975205662660301,-0.0002207558136433363,0.0002450132160447538,0.0015981722390279174,0.00036785745760425925,0.0006245425320230424,-0.00039104046300053596,-0.0009537303703837097,-0.00012065145710948855,-0.0005600443691946566,-0.0017178733833134174,-0.0008772346191108227,-0.0008782659424468875,-0.00010514237510506064,-0.00018078404536936432,-0.00041116264765150845,0.00017907575238496065,-0.001471766852773726,-0.0008774081361480057,0.0013167201541364193,0.0016540461219847202,-0.00017195296823047101,0.00037897907895967364,0.00254231970757246,-0.00031599195790477097
dose16k_A_s0,00103.png,0.0007720072753727436,-0.0008107956382445991,2.408818545518443e-05,-0.0006722829421050847,-0.0017052743351086974,-0.0002091475616907701,-0.0017667529173195362,-0.00047638904652558267,-0.0011400631628930569,-0.000534043472725898,-0.002405979437753558,-0.0008319074404425919,0.00010389935778221115,-0.001727880910038948,7.996186468517408e-05,-0.0006761950207874179,0.0005796501645818353,-0.00021799912792630494,-0.0012102065375074744,0.0018131239339709282,-0.0011939636897295713,0.0011750914854928851,0.0010797751601785421,-0.0007034246227703989,-0.001269498374313116,2.654278250702191e-05,-0.0013066100655123591,-0.0014306631637737155,-0.0010770552325993776,-0.0002960164856631309,0.0010701126884669065,0.0009084032499231398,0.000141867421916686,0.0006757142837159336,-0.0006609249976463616
dose16k_A_s0,00108.png,-0.00045520099229179323,-0.00043398429988883436,-2.243995913886465e-05,0.0007166996947489679,0.001464532339014113,-0.0002990876091644168,0.0008071136544458568,-0.0017841190565377474,0.000489842495881021,0.00031470140675082803,0.0004709673812612891,0.0004090502334292978,0.0010155499912798405,-0.0006699772784486413,-0.001448029768653214,-0.0006021364242769778,-0.0003036299312952906,-0.00013791654782835394,-1.239172797795618e-05,4.9335350922774523e-05,-0.0017437610076740384,1.5989890016498975e-05,-0.0004756228590849787,4.145251750742318e-06,0.0004902275977656245,0.00012708600843325257,-0.0005367894773371518,0.0006011638324707747,-0.00031033335835672915,-0.0013681723503395915,0.00036154090776108205,-0.0012594060972332954,-0.0015751877799630165,0.0002664709754753858,0.0015925755724310875
dose16k_A_s0,00109.png,0.0017054363852366805,0.002483031479641795,-0.00013668430619873106,0.0018622312927618623,-0.0021093087270855904,-0.0007136344211176038,-0.0001557256910018623,-0.000424765283241868,0.0007460933411493897,-0.002051117131486535,-0.0007779534789733589,0.0003852579102385789,0.0005134655511938035,-0.002294603968039155,0.001820514677092433,0.0003102304763160646,0.001262485864572227,-0.0009632600122131407,-9.294852497987449e-05,-0.00028488089446909726,-0.0006697005010209978,0.0007453386206179857,-0.00046606065006926656,-0.0006996291340328753,-0.00011283752974122763,0.0002613506803754717,0.001954803941771388,-0.0012628340627998114,-0.0015081950696185231,-0.00010262688010698184,0.00020932010374963284,-0.0011781764915212989,0.00022965030802879483,0.0017889473820105195,0.0007582430262118578
dose16k_A_s0,00110.png,-0.0007870434201322496,0.0008056454826146364,-0.0008787694969214499,0.0004055745084770024,-4.92412573294132e-06,-0.0017510413890704513,0.0003882662276737392,0.0015979615272954106,0.0016893321881070733,-2.703642167034559e-06,-0.0003456811828073114,0.0014412712771445513,-0.0003348149766679853,-0.0005849391454830766,0.0007543428218923509,-0.0014206476043909788,0.0002772785956040025,0.0008914556819945574,0.0007258674595504999,-0.0012914045946672559,-0.001642035087570548,-0.00043178381747566164,0.0008434014744125307,0.00020253140246495605,-0.0007711710641160607,0.00016564465477131307,0.0006511672399938107,-0.0001567465515108779,0.0021374744828790426,0.0003019865253008902,0.00012014603998977691,0.00016359472647309303,0.00010481534263817593,0.0010530429426580667,0.00013008750102017075
dose16k_A_s0,00111.png,0.0004994455957785249,-0.0006330544129014015,-0.000356360396835953,-0.00028619595104828477,-0.0009048735955730081,0.0004026773676741868,0.0009267436689697206,0.000825136958155781,-0.00022638897644355893,-0.0007841985207051039,-0.0002370251895627007,-0.0009121829061768949,-0.0007165608112700284,-0.0008558904519304633,-8.238181180786341e-06,0.0002595587575342506,-0.0005288991378620267,0.0007025734521448612,-0.0014298096066340804,0.0010223218705505133,0.00027627419331111014,-3.84165505238343e-05,0.000925994710996747,-0.0007438633474521339,-1.1886038919328712e-05,0.000316531426506117,0.0011007800931110978,-0.00031700811814516783,-0.0008700587786734104,0.0008957501268014312,0.000713385408744216,-0.001050755730830133,-0.0010286608012393117,0.00011158827692270279,0.00012022529699606821
dose16k_A_s0,00112.png,0.00027141012833453715,6.767336890334263e-05,-0.0013263829750940204,0.001188508584164083,-0.00038070036680437624,-0.0003107630182057619,-0.0006396043463610113,-1.3536770893551875e-05,-0.00022813439136371017,0.0005760117783211172,-0.0003388729237485677,0.0002179886505473405,0.0012368224561214447,0.00010378716979175806,-0.00013939892232883722,0.0006376983947120607,-0.0005043510464020073,-0.0006107845110818744,0.00012943132605869323,-0.001440161606296897,5.2407234761631116e-05,-0.0011773622827604413,-9.233456512447447e-05,0.001800139551050961,0.0022651520557701588,0.00047644213191233575,-0.0012858681147918105,0.0013137151254341006,-0.000537407526280731,0.0011704257922247052,-0.00016894371947273612,-0.0005861332174390554,0.00024053530069068074,0.0020046692807227373,-0.0003246738051529974
dose16k_A_s0,00113.png,-5.893171692150645e-05,-0.0003958439629059285,-0.00012898206477984786,-0.0010909822303801775,-0.001814274932257831,0.0006004789611324668,-0.0011087115854024887,0.0015771613689139485,0.0005950547638349235,0.0016422296175733209,0.0007463979418389499,-0.0016127483686432242,0.0014041911344975233,0.0005962068098597229,0.0014425681438297033,-0.0015947779174894094,-0.0009786327136680484,0.0016205987194553018,0.000646235013846308,-0.000548638345208019,-0.0004703258746303618,-0.0015420105773955584,-0.0001110648299800232,0.0020500204991549253,0.00041605703881941736,-0.00040226761484518647,-0.0003947058576159179,0.0007787325303070247,0.0010184997227042913,0.00039873557398095727,-0.0006785097066313028,0.0005393141764216125,0.0003696132334880531,0.0005763499648310244,0.00048680120380595326
dose16k_A_s0,00114.png,-0.0017409817082807422,-0.00042887404561042786,0.0014207984786480665,0.0027543120086193085,0.0004678993427660316,-0.0014113126089796424,-0.00024287014093715698,-0.00012660126958508044,0.0006919327424839139,-0.0025465700309723616,-0.00041985762072727084,-0.00041562950355000794,3.699242006405257e-05,-0.001931375009007752,0.0005183741450309753,0.0014607715420424938,-0.0006545354262925684,8.613802492618561e-05,-0.0011347058461979032,1.2226872058818117e-05,0.0012124076019972563,-0.00021801517868880183,-0.0005383979878388345,0.00014271069085225463,0.0018872758373618126,-0.0006780694820918143,0.0005524285370483994,-0.0007808455266058445,0.0013133352622389793,0.00034306192537769675,0.00034271026379428804,-0.0017213864484801888,2.0958399545634165e-05,-0.0013872251147404313,0.0006298963562585413
dose16k_A_s0,00115.png,0.0005414866609498858,0.0009504228364676237,0.0005294929724186659,0.0011001386446878314,0.0007966139819473028,-0.0017849364085122943,-0.0006965672364458442,0.000459540169686079,-0.0010376377031207085,0.00015235901810228825,0.0010985895060002804,0.0007231844938360155,-0.000835334649309516,0.0011472859187051654,0.001430406467989087,0.0010990374721586704,0.0002846949500963092,0.0005318516632542014,0.0005324280937202275,0.00017695401038508862,-0.0010507251136004925,0.0006290485616773367,0.0003887995262630284,-0.0007968520512804389,0.0006133185233920813,-0.0004304139583837241,-0.00037985332892276347,-0.0004851945850532502,-0.0011235149577260017,0.0005564400344155729,-0.0005658314912579954,-1.6076575775514357e-05,0.0003208501439075917,0.0007277065305970609,0.0007145930430851877
dose16k_A_s0,00116.png,4.3618558265734464e-05,0.00040547872777096927,-0.0009978365851566195,0.0012324955314397812,-0.0008249019738286734,-0.00021991673565935344,-0.0005259939352981746,0.0009152558632194996,-0.00017720709729474038,-0.00023609443451277912,0.00023159592819865793,-0.0018581283511593938,-0.0007375285495072603,-0.0006451189983636141,0.00043754922808147967,-0.0006227903650142252,-0.001004413003101945,0.0008243981865234673,0.0008466430590488017,-0.0003272233880124986,-0.0003566300147213042,-1.222907940245932e-05,0.0001887893449747935,-0.0009480653097853065,-0.000752796302549541,-0.0009142063790932298,-0.0011823488166555762,0.00014936039224267006,-0.0005501842242665589,-0.0013976740883663297,-0.0009292913600802422,-5.2494473493425176e-05,-0.0009165075025521219,-8.477590017719194e-05,0.00041100234375335276
dose16k_A_s0,00117.png,-0.0009321311954408884,-0.0004629918548744172,-0.0002546061296015978,-0.000971418630797416,0.0023848034907132387,-0.0003497231809888035,-3.0888124456396326e-05,-0.001047643250785768,-0.0012031648075208068,-0.0001461460633436218,-4.642958447220735e-05,0.000780514208599925,0.0003907875798176974,0.0006053372053429484,0.0007349473307840526,0.0014350255951285362,0.0008556850370950997,0.0010658989194780588,0.00033384616835974157,-4.4413529394660145e-05,6.788257451262325e-05,-0.0018450462957844138,0.0018208558904007077,-0.000781732436735183,-0.0003178489569108933,-0.001981954788789153,0.0013645573053508997,-0.00013347063213586807,-0.000430244515882805,-0.00040813363739289343,-0.0007472636643797159,0.0007137464708648622,-0.0004662002029363066,4.5550485083367676e-05,-0.0010014730505645275
dose16k_A_s0,00118.png,3.617992842919193e-05,0.000732995686121285,0.0004725983599200845,0.0013173273764550686,0.00011962826101807877,0.00018995313439518213,0.0002348686830373481,0.0002476578811183572,0.0004086611734237522,0.0010048795957118273,-0.00015760886890348047,-0.0011816370533779263,8.97946665645577e-05,-0.000547220406588167,0.0002701699559111148,-0.0009334688074886799,-0.0005708313547074795,-0.0006066534551791847,-0.0011051265755668283,0.001938457484357059,-0.0007000092882663012,-0.0006031333468854427,-0.0008074975339695811,0.0013793263351544738,0.00014437751087825745,-0.0005873662885278463,0.0006174537120386958,-0.000989990890957415,0.0008272089180536568,-0.001717463950626552,-0.00017084297724068165,0.001509621855802834,-0.0009491942473687232,-6.44458195893094e-05,-0.0006144520593807101
dose16k_A_s0,00119.png,0.001868436112999916,0.0017952851485460997,0.0005586055340245366,0.002768579637631774,0.001688178046606481,-0.0010280119022354484,0.0002768580161500722,-0.00213027186691761,-0.0010887756943702698,-3.68073488061782e-05,0.00040021163295023143,-6.922410830156878e-05,0.0003942179901059717,0.000638683617580682,3.080701208091341e-05,0.0010393898701295257,0.0003217071061953902,-0.0010409433161839843,-0.0010037753963842988,-0.000551382196135819,-8.45168688101694e-05,0.00041991088073700666,-0.0008482756675221026,-0.000843200774397701,-0.00025804887991398573,0.0003919438167940825,-0.00015020252612885088,0.00045846658758819103,-0.0010013774735853076,0.0011810915311798453,-0.000876079429872334,0.0016499514458701015,0.0007379194139502943,0.00028913342976011336,0.000682482379488647
dose16k_A_s0,00120.png,0.0006294804043136537,0.00013370055239647627,0.0015070447698235512,0.0019425229402258992,0.0022886842489242554,0.0007854963187128305,4.247629476594739e-05,-0.000785708543844521,0.002218271605670452,-0.000824062735773623,-0.0005785507964901626,0.0008903371635824442,-0.0014475364005193114,-0.0016365294577553868,-0.0005057710222899914,-0.0004035441088490188,0.0006780959665775299,0.0012636184692382812,0.0005905638681724668,0.0004659771511796862,0.0015169295947998762,-0.0010060701752081513,0.0009232606389559805,0.00041847035754472017,-0.0002553915837779641,-6.286708958214149e-05,0.00011047214502468705,-0.0012988644884899259,0.0007973379106260836,-0.0009074526024051011,-2.949826193798799e-05,0.00015449972124770284,-0.000883023370988667,0.0006051571690477431,5.9716723626479506e-05
dose16k_A_s0,00121.png,0.00032981904223561287,-0.00016332916857209057,-0.00031700002728030086,0.0001334633561782539,0.0011880986858159304,-0.0006084197666496038,-0.0008963141008280218,0.00014197482960298657,0.00024664506781846285,0.00031674568890593946,0.0012176064774394035,-0.0006577446474693716,-0.0007939334027469158,-0.0007288046763278544,0.0006914630648680031,-2.974142989842221e-05,-0.00019261427223682404,0.0009018433629535139,-5.5496722779935226e-05,0.0001240258861798793,0.0006165189552120864,0.000759140239097178,0.00045084572047926486,0.0004464343364816159,0.0002904011053033173,0.0003450808872003108,-0.0022151493467390537,0.0010403982596471906,0.0003995775477960706,-0.0002062243438558653,-0.0013841287000104785,-0.0011566518805921078,0.001524914288893342,-0.0002205426135333255,0.000387557374779135
dose16k_A_s0,00122.png,-0.0013894373551011086,-0.0022884432692080736,-0.00035519481752999127,-7.905493112048134e-05,-0.00010695235687308013,0.0005286266095936298,0.0002472872438374907,3.4996439808310242e-06,0.0006614146404899657,0.00017402433149982244,-0.0002015232021221891,0.0014499215176329017,-0.001129153766669333,3.071704850299284e-05,0.0003523245104588568,0.00031263515120372176,-0.0006922983448021114,-0.0003896055859513581,0.00011282577906968072,0.0009415680542588234,0.00010177311924053356,-0.00035321980249136686,-0.0009256066987290978,0.0009662318043410778,0.000165218734764494,0.001392001868225634,-0.001100416062399745,0.0001337432040600106,0.0007684724405407906,8.48618074087426e-05,0.001682088477537036,-0.0002236662112409249,-0.0004002878558821976,0.0013295667013153434,-0.0008159180288203061
dose16k_A_s0,00123.png,0.00018284493125975132,0.00120749999769032,-0.0004205107397865504,-5.1890601753257215e-05,0.001064670505002141,0.00013207734446041286,-0.0005275458097457886,0.0001776133431121707,0.0008311342098750174,0.001192862051539123,0.0006896482082083821,-9.471300290897489e-05,-0.0016348707722499967,0.0001172981210402213,-6.026536721037701e-05,-0.00044940997031517327,-0.0004575306666083634,0.0005376798799261451,-0.0025750971399247646,0.0016248123720288277,-5.844617044203915e-05,-0.0007373052067123353,0.001156367128714919,0.0007276231190189719,-0.0013962049270048738,-0.001056078472174704,-0.0006250188453122973,0.0007505537359975278,0.0008332400466315448,-0.00035146158188581467,0.0008907862356863916,-0.0003755483194254339,-0.0004411853733472526,-0.0008710059337317944,-0.0009000278078019619
dose16k_A_s0,00124.png,0.000527949130628258,0.000915957207325846,-0.0011916649527847767,0.0005384466494433582,-0.00028846782515756786,0.0003475201374385506,-1.7793512597563677e-05,0.0007347961072809994,0.0017440847586840391,-0.0019908472895622253,0.0015709245344623923,0.00019209517631679773,0.0006617051549255848,-0.001370972371660173,-0.0008127827313728631,-0.00046983337961137295,0.0002783946692943573,0.0005902225384488702,0.0015427141916006804,-0.0007687375764362514,-0.0006070681265555322,0.0025170790031552315,0.0008869430748745799,0.0016013681888580322,0.00032891600858420134,0.0022803745232522488,-0.00046371956705115736,-0.0013341396115720272,-0.0008666483918204904,-0.0003717644140124321,8.563355368096381e-05,0.0009790860349312425,0.0012937654973939061,-5.761606735177338e-05,-0.0007170853787101805
dose16k_A_s0,00125.png,-7.336340786423534e-05,0.001221014535985887,0.0008904687711037695,-0.0008993457304313779,0.0009721184032969177,0.001235201838426292,0.00025157741038128734,0.00033825114951469004,0.0005785726825706661,-0.0004984168917872012,4.3090763938380405e-05,-4.9741080147214234e-05,0.0008620214066468179,0.0007105267141014338,0.0005372849409468472,-0.0003760041145142168,-0.0015596958110108972,7.588331754959654e-06,0.0016362057067453861,0.00026063091354444623,-4.945155160385184e-05,0.0007820013561286032,0.0009213730227202177,-0.0008172781090252101,-0.0010614416096359491,0.0014415225014090538,0.0008938401588238776,-0.0002335557946935296,0.0010683200089260936,0.00023904061526991427,0.00018698621715884656,-0.0003527787048369646,-0.0004994922783225775,0.000206311495276168,-2.7831507395603694e-05
dose16k_A_s0,00126.png,0.0025248012971132994,0.0003826141182798892,0.0009827454341575503,-0.00022442171757575125,-9.731337922858074e-05,-0.000538094260264188,0.0003452150849625468,-0.0003518176090437919,-0.0012438653502613306,0.0008348949486389756,-0.0005116316606290638,-0.00010724419553298503,-0.0012463785242289305,-0.00027796131325885653,-6.959767051739618e-05,-0.0016396701103076339,-4.966491542290896e-05,-0.00030695419991388917,0.0007634701323695481,-0.0003728835436049849,0.0014059485401958227,-0.002937481040135026,-0.00010156258940696716,0.00030902287107892334,0.0012203881051391363,-0.0005044876015745103,0.000697096053045243,0.0005783619708381593,-0.00023406397667713463,-0.0007533796597272158,0.002085045212879777,-0.0003431449003983289,0.0009855367243289948,0.0001972573227249086,6.368682079482824e-05
dose16k_A_s0,00127.png,0.0008030346361920238,-0.00010709168418543413,-0.0006925916532054543,0.0013119475916028023,0.0001636637025512755,0.0011889968300238252,-0.0009241488296538591,-0.0008092463831417263,0.0005880747339688241,-0.0002982003497891128,0.0005000511300750077,0.0011878728400915861,-0.001168929971754551,-0.0004937790799885988,0.00032401413773186505,-0.0015453225933015347,-0.0002186554338550195,0.0004772588436026126,-0.002113502938300371,-0.0010993005707859993,-0.000656670774333179,-0.0012336722575128078,-0.0009579297038726509,0.0005878551164641976,-0.0008065002039074898,-0.00022440582688432187,0.0011068133171647787,5.093167055747472e-05,-0.0003211115254089236,0.0001637354289414361,0.001980884000658989,0.00018893461674451828,-0.000924142834264785,0.00016932676953729242,0.0010836247820407152
dose16k_A_s0,00136.png,-0.0007022397476248443,-0.001499277539551258,-0.00012355114449746907,7.785570778651163e-05,0.0006653447053395212,-0.000608823902439326,-0.0002786579425446689,0.00023912693723104894,-5.645909914164804e-05,0.00028561189537867904,0.0011169580975547433,0.0004209557664580643,0.0005352775915525854,0.0001962526876013726,-0.0011908262968063354,-0.0001476947800256312,2.781430521281436e-05,-0.00033054660889320076,-0.0003948602534364909,0.0005035968497395515,-5.7416433264734223e-05,-0.0003628397244028747,0.0005659305606968701,-0.00071742880390957,0.0004046490939799696,0.00038917784695513546,-0.0002859073574654758,-0.0011982229771092534,-0.0013033411232754588,0.0003168614930473268,0.0001886887475848198,0.00020031399617437273,0.00030497179250232875,-0.0019050923874601722,0.0002132774970959872
dose16k_A_s0,00137.png,-0.0003087605582550168,-0.0004906905232928693,0.0004767789214383811,-0.0005581271252594888,-0.0014864318072795868,-2.162750570278149e-05,-0.00030673068249598145,0.0011427480494603515,-0.00029144019936211407,-0.0006421233410947025,0.001255849958397448,0.00229190057143569,-0.00041586256702430546,-0.0011554566444829106,0.0008221864118240774,0.0003222720115445554,0.0007750799413770437,-0.0004486071702558547,-0.0003694048209581524,0.0013168399455025792,0.0010137500939890742,0.0002741072967182845,-5.105245145387016e-05,-0.000216983025893569,0.0020516172517091036,-0.001069564139470458,0.0008478429517708719,-0.0007521571242250502,-0.001878290786407888,-0.00029287178767845035,0.002358629833906889,0.0007430893019773066,-0.0007872551796026528,-0.0008209150983020663,9.43969062063843e-05
dose16k_A_s0,00138.png,0.0012648850679397583,0.001728271832689643,-0.00030581490136682987,-0.0013851699186488986,1.543221515021287e-05,0.001082365750335157,0.00034931619302369654,-3.561075936886482e-05,-0.0006440726574510336,-0.0007499803323298693,-0.0003301078686490655,-0.000343291467288509,9.254935866920277e-05,-0.0006735040224157274,-0.0007366758654825389,-0.000925367115996778,0.0008952560019679368,-4.519109279499389e-05,-0.0009280156809836626,0.00011507378076203167,-0.00013649437460117042,-0.0002919767575804144,0.00015283514221664518,-0.00044103371328674257,-0.00012578570749610662,0.0010587326250970364,0.000390434026485309,-0.001435218146070838,0.00024742959067225456,-2.4108921934384853e-06,-0.000883361033629626,-0.0006967858644202352,-0.000850476382765919,0.0007058845367282629,-0.00045305161620490253
dose16k_A_s0,00139.png,0.0005093495710752904,0.00018246420950163156,0.0006219017668627203,-0.00017253543774131685,0.0007807616493664682,0.00020965526346117258,-0.0007912297151051462,-9.48386950767599e-05,-1.9435696231084876e-05,-0.0009115129942074418,-0.00018096725398208946,-0.0015677156625315547,-0.00033191146212629974,-0.0008400583756156266,-0.00013531256990972906,0.0013125684345141053,3.511824979796074e-05,-0.00020812140428461134,-0.0001650106714805588,-0.00021505812765099108,-0.00035023182863369584,1.6721058273105882e-05,0.0011174330720677972,-0.00016635302745271474,0.0019705542363226414,0.00012126952060498297,0.0004133339098189026,-0.0011187507770955563,0.00032660074066370726,0.0009080922463908792,0.0006060946034267545,-0.00038556952495127916,-4.3266980355838314e-05,2.3336144295171835e-05,-0.0005069310427643359
dose16k_A_s0,00128.png,0.00044665977475233376,0.0012522746110334992,0.0002657763543538749,0.0006608947878703475,0.0007968338904902339,-0.0005925324512645602,-0.0010699438862502575,-0.0007270062924362719,0.0011272933334112167,1.5328580047935247e-05,-0.0013478638138622046,0.000988685293123126,6.533200939884409e-05,-0.0003545439103618264,0.001953203696757555,0.000285420217551291,-0.0009877996053546667,-0.0012410542694851756,-0.0003247266577091068,-0.0007122631068341434,0.0010103511158376932,0.0012101642787456512,-0.00015417752729263157,0.00053364661289379,0.0002631329698488116,0.0006300325621850789,-0.0004986062995158136,0.0009334684582427144,0.00027230882551521063,0.0016730275237932801,-0.0004449627303984016,0.00019850632816087455,0.0007054552552290261,0.0003712382458616048,0.0016409293748438358
dose16k_A_s0,00129.png,0.00029418760095722973,0.0009331456967629492,0.0019037589663639665,0.0016462004277855158,0.0008327147224918008,-0.00037953368155285716,0.0005786039982922375,0.001011894317343831,0.001633303938433528,0.001375169842503965,-0.0004100199439562857,0.000805606774520129,0.0008457445073872805,-0.00033260296913795173,0.00021168966486584395,-0.0007887269021011889,-0.00022509275004267693,0.00023486276040785015,6.385596498148516e-05,-0.0006191142019815743,0.0009683867683634162,-6.918581493664533e-05,0.00012942288594786078,-0.00015112342953216285,0.0007383211050182581,3.077069777646102e-05,-0.001560448668897152,-0.00036821968387812376,3.621217547333799e-05,0.00028149253921583295,0.00023283369955606759,-1.908667582029011e-05,-0.0012224548263475299,-0.0001905348035506904,0.00018564942001830786
dose16k_A_s0,00130.png,0.0007149125449359417,0.0011371140135452151,9.642036457080394e-05,-0.0028012057300657034,-0.0011860679369419813,-0.0011267700465396047,0.00020829835557378829,3.844976890832186e-05,0.00024484703317284584,0.0002835242194123566,-4.5465600123861805e-05,-0.0008729942492209375,8.197889837902039e-05,-0.0006628300179727376,8.384687680518255e-05,-0.00048439574311487377,-0.0013115841429680586,-0.00113346625585109,3.935370386898285e-06,-0.0003204446693416685,0.0006958466838113964,-0.0006193057633936405,0.0012275477638468146,9.06982459127903e-05,-0.000991637585684657,0.0004140115634072572,-0.0006755967624485493,0.0004132671165280044,0.00037864779005758464,0.0005174236721359193,0.00031324467272497714,0.00015097267169039696,0.0009313894552178681,0.0008969532209448516,0.00021780264796689153
dose16k_A_s0,00131.png,-0.0007409157115034759,-0.0008078662795014679,-0.0011233837576583028,0.00019300870189908892,-0.000326671201037243,0.002084478735923767,0.00010553235188126564,0.0002482543350197375,-0.0006338662933558226,-0.0007152939797379076,-0.0008873974438756704,-0.0002866800641641021,-0.001336915185675025,0.0012130758259445429,-0.0015667269472032785,0.0006692838505841792,-9.795483492780477e-06,-0.000724045850802213,-0.0012103889603167772,-0.0005321444477885962,-0.0012820280389860272,-0.0007077639456838369,-0.0028255428187549114,0.00014850360457785428,0.000380388752091676,0.0002548469346947968,-0.0003493485855869949,-0.0007884477381594479,2.369873436691705e-05,0.0010958269704133272,-0.0003060074814129621,6.680488877464086e-05,0.0008942166459746659,-1.2613277249329258e-05,0.0008073606295511127
dose16k_A_s0,00132.png,-8.695675933267921e-05,-0.00022666400764137506,-0.0025899456813931465,-0.0011607776395976543,-0.00044334030826576054,-0.0010184049606323242,-0.0006224132375791669,-0.0012305689742788672,0.00024952960666269064,0.00019990916189271957,-0.0005152926896698773,-0.002100253477692604,-0.0006725447601638734,-0.0014222209574654698,0.00028222615947015584,-1.231160922543495e-06,-0.0003713530604727566,0.0008996782707981765,-0.00015808189345989376,-0.00035984726855531335,0.0008247129153460264,0.001086810720153153,-0.00015743146650493145,-5.748185139964335e-05,-6.524396303575486e-05,0.000992367509752512,-0.0012928962241858244,9.467247582506388e-05,-8.908082236303017e-05,0.002071597147732973,-0.00012828856415580958,-0.0005447419243864715,-0.0006237406050786376,-0.0013748753117397428,0.00033068994525820017
dose16k_A_s0,00133.png,0.0004938433994539082,0.0002679683966562152,-0.0004807142249774188,-0.0011245361529290676,0.0006271409220062196,-0.0002297681785421446,0.0002957927354145795,0.00023077373043633997,-0.00022498334874399006,-0.0003764911962207407,0.00012265333498362452,-0.0002145505277439952,-0.001555965980514884,0.0016616197535768151,0.0017218823777511716,0.000600204337388277,0.00034028460504487157,-0.00023535267973784357,0.0013269695919007063,0.001430921838618815,0.001290287240408361,0.0014824565732851624,0.0012138347374275327,0.0004993541515432298,0.000433269509812817,0.0008090207120403647,-0.0003922751930076629,0.0005396130145527422,-0.0004892029683105648,3.614038632804295e-06,-0.0004391459806356579,-0.00023931699979584664,0.0017294621793553233,0.0010325456969439983,0.0017681117169559002
dose16k_A_s0,00134.png,-0.002082305960357189,-0.001903669210150838,0.0006556713487952948,-0.0011502912966534495,0.0010215729707852006,0.0007016294403001666,-0.0011817471822723746,-0.00011566049215616658,2.6478650397621095e-05,0.0005360017530620098,0.0006740499520674348,-5.240834070718847e-05,-0.0008369677234441042,0.0003831381618510932,5.552323636948131e-05,-0.0004893415025435388,-0.0006941456231288612,0.00015610657283104956,0.00038872729055583477,-0.0018101980676874518,0.0015004073502495885,2.4197230231948197e-05,0.001970699056982994,-0.0015792575431987643,0.0001105350602301769,-0.0002550710632931441,0.0010388022055849433,0.001972602214664221,-0.0008180511649698019,-0.0006478551076725125,0.00048515223897993565,-0.0009685146505944431,0.0006237665074877441,0.0012842935975641012,-0.00042008529999293387
dose16k_A_s0,00135.png,-0.0020122204441577196,-0.0007170318276621401,0.0004934064927510917,0.0007005047518759966,0.000651699723675847,-0.0005021424731239676,0.0013899450423195958,0.0006423933664336801,0.0006650072173215449,-0.0004619306419044733,-0.00041867559775710106,-0.0007483773515559733,0.0006172879948280752,-0.0008967939647845924,-0.00024379960086662322,-2.938042234745808e-05,-3.194727105437778e-05,0.0009234406752511859,-0.0013027734821662307,-0.0012549064122140408,-0.0007349579827859998,-0.00021019825362600386,0.002484020311385393,-0.0013939456548541784,-0.0002227729419246316,0.0003591532295104116,-0.0010160094825550914,0.0006600654451176524,0.00047286401968449354,-0.0001801806502044201,-0.0006232247687876225,-0.0011877947254106402,0.0024684551171958447,0.0013537853956222534,-1.701333894743584e-05
dose16k_A_s0,00140.png,0.0002167096099583432,0.0005494220531545579,-0.0004146772262174636,0.0013754357350990176,-0.0003473071556072682,0.00012558710295706987,-0.00019314336532261223,-0.0008054630598053336,0.0006715906783938408,0.001379312016069889,0.0011795788304880261,0.0010395708959549665,-0.0003306451253592968,-0.0005117508117109537,2.2438494852394797e-05,0.001380139496177435,-0.00161162787117064,0.0017284938367083669,0.00034006740315817297,0.0012818146497011185,0.0007360270828939974,2.49797467404278e-05,0.0007968680583871901,0.0018284427933394909,-0.0005382149247452617,0.00029735887073911726,0.000905991590116173,-0.001281725475564599,0.0010596165666356683,-0.00042848114389926195,0.0006015017279423773,0.001095571555197239,-0.0001336582499789074,-4.594011988956481e-05,-0.000721336982678622
dose16k_A_s0,00141.png,-4.2609317461028695e-05,-0.0010309924837201834,-0.000426088779931888,9.972917723644059e-06,-0.0005676885484717786,-0.0011925267754122615,0.0020141233690083027,0.0002756124595180154,-0.0010218116221949458,0.000978651805780828,-0.0005260339821688831,-0.001581503776833415,-0.0013349007349461317,0.00010498947085579857,-8.725991938263178e-05,-0.0010125107364729047,0.0005220826133154333,0.00036195496795699,-0.0018582211341708899,0.0011243255576118827,0.0006519165472127497,-0.00018410332268103957,-0.000475237873615697,0.001012778957374394,-0.001200514379888773,-0.0007297044503502548,0.0011550994822755456,-0.00023890934244263917,5.065669029136188e-05,-0.0012914721155539155,-0.0004352144314907491,-0.0008929711184464395,-7.721031579421833e-06,-0.0004463045625016093,-0.00047715919208712876
dose16k_A_s0,00142.png,-0.0009439929272048175,-0.0013136275811120868,-0.00015010747301857919,-0.0012820420088246465,0.0006751776672899723,0.00022285305021796376,-0.0007224935689009726,0.0005801105871796608,-6.822218892921228e-06,0.0002576865954324603,0.0008846148266457021,0.002256471198052168,0.0014437325298786163,0.0002130160719389096,0.0006968238740228117,-0.00022126117255538702,0.0020436851773411036,-0.0003470263909548521,0.00028139844653196633,-0.0010693862568587065,0.0002996810944750905,0.00017853542522061616,0.0006531100952997804,0.0007794620469212532,-0.0006904436158947647,0.0005142469308339059,-0.0001352847903035581,-0.0009770753094926476,0.00023411230358760804,0.0004995987401343882,0.0012765498831868172,-0.0006583292270079255,-0.0005311658605933189,0.0022318740375339985,-0.0008134755189530551
dose16k_A_s0,00143.png,-0.0004766477504745126,-0.0016032611019909382,-0.0006291228928603232,0.000259910651948303,-0.0006764436839148402,-0.000269647513050586,1.434527166566113e-05,0.0018383895512670279,-1.5312200503103668e-06,-0.00019034389697480947,-0.0011101068230345845,-0.0010087699629366398,-0.0007247821195051074,0.000485160417156294,0.00031593992025591433,0.0008859498193487525,-0.0004079690552316606,-0.00030901009449735284,-0.0005035101785324514,-0.0008402298553846776,-0.0006230492726899683,-0.0009450701181776822,0.0012316317297518253,-1.1568710760911927e-05,-0.0011448102304711938,0.0021024818997830153,8.997615077532828e-05,0.00016787472122814506,0.00042797476635314524,0.001132831908762455,-0.00017294300778303295,-0.00030396037618629634,-0.0004517137713264674,8.347994480573107e-06,0.0011300547048449516
dose16k_A_s0,00144.png,-0.0004351240932010114,-4.441391138243489e-05,-0.0009867558255791664,0.0005499208346009254,0.0012390193296596408,0.00033775795600377023,0.0002329663693672046,0.0006405128515325487,0.0010415450669825077,0.0007792817195877433,0.0009031994268298149,-0.00013273856893647462,0.00047126717981882393,0.00022628193255513906,0.00010761438170447946,-0.000395884329918772,-0.00017756136367097497,0.0002218458685092628,-4.305894981371239e-05,0.002057052217423916,-0.000162521333550103,0.00047437212197110057,3.62644532287959e-05,0.0006717740325257182,0.00025693897623568773,0.0003047693462576717,-0.0003999246400780976,6.386969175764534e-07,-0.0006896402919664979,-6.839880370534956e-05,0.0021816210355609655,0.00217167055234313,-0.0010933747980743647,0.0009539684397168458,0.0005253158160485327
dose16k_A_s0,00145.png,-0.00042543161544017494,0.00014450338494498283,-0.0007315368275158107,-0.0004947888082824647,0.0005300294142216444,0.0024678136687725782,-0.0006367130554281175,0.0008760808850638568,0.00018558207375463098,0.00011998048285022378,0.0006444507162086666,0.0005557266995310783,-0.00030691377469338477,-0.00038879350177012384,-9.66240040725097e-05,0.0012781231198459864,0.0014369584387168288,0.00041980366222560406,0.0003425523464102298,0.0016294392989948392,-0.0004993458278477192,-0.0010915182065218687,0.000881761428900063,-0.0005154403042979538,0.0013191697653383017,0.0005627820501103997,-0.0013805596390739083,7.777624705340713e-05,-0.0012313526822254062,-0.00041683868039399385,-0.0006947358488105237,0.00025914720026776195,-0.0002885371504817158,0.00022876104048918933,-0.0009663404780440032
dose16k_A_s0,00146.png,-0.0011859419755637646,-0.0007575158379040658,0.0005037575028836727,-0.0009701185044832528,-0.0006840145215392113,9.416779357707128e-05,0.0015409664483740926,-0.0017922268016263843,-0.0002382577513344586,0.001143555506132543,0.0006066718488000333,-0.0003627993864938617,-0.0008579337154515088,0.00024358523660339415,0.0007389294332824647,0.0015433818334713578,-0.001021582749672234,-0.00015264055400621146,-0.0010066006798297167,-0.0007743352907709777,-0.0005807983106933534,0.0008728422690182924,-0.0009639337076805532,4.779656228492968e-05,0.0007096289773471653,0.0008850422454997897,0.0010519376955926418,0.0008291750564239919,-0.0005770331481471658,-0.00027109551592729986,0.0004205962468404323,-0.0022614006884396076,0.0006715389899909496,-0.0009116225992329419,-0.0004488876147661358
dose16k_A_s0,00147.png,-0.0009892169618979096,-0.0008036251529119909,-0.0004955133772455156,0.0005286035011522472,-0.0002801372902467847,0.0008677440928295255,0.0003208363486919552,0.00035822470090352,-0.0008258860907517374,0.0003409527416806668,0.0012063327012583613,-0.0007179478416219354,0.001401718007400632,0.000854337471537292,0.0005897567025385797,0.0010254794033244252,0.0003858653362840414,0.0005146425683051348,0.0002560799184720963,0.001926681725308299,-0.00025691898190416396,0.0016589928418397903,-0.0007818565936759114,6.204163219081238e-05,0.00041283166501671076,2.3928643713588826e-05,-0.0011223736219108105,0.0005837724893353879,2.8311615096754394e-05,-0.0005123692099004984,-0.00015050239744596183,-0.0006743658450432122,-0.0007746698684059083,-0.000372055423213169,-0.0009151495760306716
dose16k_A_s0,00148.png,0.0012416794197633862,0.0001419476611772552,0.0013369746739044785,0.00023085436259862036,-5.367451376514509e-05,0.0007961767259985209,0.00020168219634797424,-0.0013124983524903655,0.000341731880325824,0.0008676871075294912,0.0008040285902097821,0.0002838325162883848,0.001390300691127777,-0.0005768800037913024,-0.00020875669724773616,-0.00101142143830657,4.163933408563025e-05,-0.00045095165842212737,0.00047494875616393983,0.0011701792245730758,0.0007559610530734062,0.0007160622626543045,-0.0005846324493177235,1.9310855350340717e-05,0.0005636256537400186,0.0015175597509369254,0.0012493584072217345,-0.00046396907418966293,-0.0019950156565755606,-3.8822003261884674e-05,-0.0006466649938374758,0.00030802664696238935,-0.001594513189047575,-0.0003752049233298749,0.0007238829857669771
dose16k_A_s0,00149.png,0.0002363217354286462,0.0005938527756370604,-0.0014383221277967095,-0.0009850412607192993,-0.00011634916882030666,0.0004417086602188647,-0.0006445610779337585,0.001007460756227374,-0.0012425731401890516,0.00021745351841673255,0.0001613120111869648,0.00043866666965186596,0.0007066269754432142,0.0004915950121358037,-0.00045989174395799637,-0.000679714372381568,-0.0006026395712979138,0.00013590128219220787,0.0002029158640652895,0.00028169993311166763,0.001978634623810649,0.00030578175210393965,0.0005425905110314488,0.0009906393242999911,4.1587743908166885e-05,0.0007127230055630207,-0.0006356151425279677,0.0011345567181706429,0.0005517987883649766,-7.342114258790389e-05,0.0007745901239104569,-0.0008158643613569438,0.0004238951369188726,1.1938835996261332e-05,-0.0006333919009193778
dose16k_A_s0,00150.png,0.0016563559183850884,0.0006910100928507745,-0.001297300448641181,-0.0007328411447815597,0.0007322441088035703,-0.0004746764025185257,0.00035970451426692307,0.0011568634072318673,0.0013905387604609132,0.0006643179804086685,-0.000739729031920433,-0.00041065667755901814,0.0011781108332797885,0.001451876712962985,0.0011753389844670892,-0.001068034558556974,0.0020402881782501936,-6.353096978273243e-05,-0.0006541075417771935,7.011125853750855e-05,0.0003795677039306611,-2.492924795660656e-05,0.0014579345006495714,0.0004158854717388749,-0.0011729801772162318,-0.00042210108949802816,0.0015953619731590152,0.00047254518722184,-0.0009556118748150766,-0.0007002766942605376,-0.00044193872599862516,-0.00018517006537877023,0.00021962799655739218,0.0002938694669865072,-0.0005334726301953197
dose16k_A_s0,00151.png,-0.00025502487551420927,-0.0005058377282693982,-4.278245978639461e-05,-0.00017738278256729245,-0.0024091769009828568,0.00014914045459590852,0.0007541053928434849,0.0014891232131049037,-0.0006359439576044679,0.000578434846829623,0.0001781990722520277,-1.3906821550335735e-05,-0.00041770213283598423,-5.1173723477404565e-05,0.00016910539125092328,-0.0016015826258808374,0.0012577044544741511,-0.0012204727390781045,0.0009472226956859231,0.0005413239705376327,-0.0010833886917680502,-0.0007861113408580422,-0.0015824348665773869,8.907335723051801e-05,-0.0003058692382182926,-0.00027053614030592144,-0.0009209956042468548,-0.00031365969334729016,0.0020550868939608335,0.00016314975800924003,-0.0004649468755815178,-0.00016345366020686924,0.0010293336817994714,-0.0019039670005440712,-0.0005284429644234478
dose16k_A_s0,00156.png,0.0005309403641149402,0.0010284718591719866,0.00011027364962501451,-0.0008324882364831865,-0.0006474556867033243,0.0007711604703217745,-0.00044929608702659607,0.0014006803976371884,0.00042724996455945075,-0.0023704811464995146,-0.00017652545648161322,0.00043486536014825106,0.0015851357020437717,-0.00026013245224021375,-0.0003062324831262231,-0.0003031845553778112,-0.0008084041182883084,0.00259315874427557,-0.0010586903663352132,-0.0001302470627706498,-0.000849894538987428,-0.00031048315577208996,0.0005837417556904256,-0.0008133379160426557,-0.00029909101431258023,0.0010876556625589728,0.000630569236818701,-0.0007656767847947776,0.001084522227756679,-0.0004907101974822581,9.583665087120607e-05,-0.00024960862356238067,0.000534946913830936,0.0003600984055083245,0.0007418152526952326
dose16k_A_s0,00157.png,-0.00127636909019202,-0.0019433741690590978,0.0017668145010247827,0.001203159219585359,-0.0005405528354458511,0.00039532597293145955,-0.0010580483358353376,0.0014334396691992879,0.0011487595038488507,-5.209321898291819e-05,0.0009573453571647406,0.00020795613818336278,0.0006425401079468429,0.00022058430477045476,0.0005397715140134096,-3.985699004260823e-05,0.000707609171513468,0.0005950529011897743,0.00031882242183201015,0.00031856942223384976,0.000272870936896652,-0.0011570070637390018,-0.0009014581446535885,-0.00037445983616635203,0.000586498761549592,0.0006901298183947802,0.0003894032270181924,-0.0004993017646484077,-0.0008991145878098905,0.000383839855203405,0.0005364944809116423,0.0006422001752071083,0.001072234590537846,0.0011215824633836746,-0.00023194632376544178
dose16k_A_s0,00158.png,-0.00048820124357007444,0.0018091786187142134,-0.0021120558958500624,0.0016932768048718572,0.00035979191306978464,0.00035807720269076526,-0.0006974699208512902,0.0005060670082457364,0.0018435599049553275,-0.0013772734673693776,0.0006719045341014862,3.921617826563306e-05,4.9264548579230905e-05,-0.000758075388148427,-0.00038514015614055097,4.3649168219417334e-05,0.0014666749630123377,0.0001351404789602384,-0.00013744918396696448,-0.000829671451356262,-0.0005377656780183315,0.0004106333653908223,0.001137834507972002,-0.0008397434721700847,0.0013299956917762756,0.0006531032850034535,0.0015336705837398767,0.0007947083213366568,-0.0011649684747681022,0.001956090796738863,-0.0011438420042395592,0.0027156586293131113,0.0010217969538643956,-0.00026223171153105795,-0.001137219718657434
dose16k_A_s0,00159.png,-0.0006161191267892718,-0.00031905630021356046,0.0005007217987440526,0.000988163985311985,-0.0028639717493206263,0.0011838354403153062,-0.001081491238437593,0.0012392777716740966,0.00019331142539158463,-8.699350291863084e-05,-0.0011692215921357274,0.0007987868739292026,-0.0018192972056567669,0.00045262451749294996,0.0007322218734771013,0.00019363327010069042,0.001186206704005599,0.00022333207016345114,-0.000802410882897675,0.0009466195479035378,0.00056108133867383,0.0005032223998568952,-0.000124963786220178,-8.068822353379801e-05,0.0016974319005385041,-0.0011716729495674372,0.0005754507146775723,-0.0010594004997983575,-0.0011137843830510974,-0.0001472156000090763,0.0009688814752735198,0.001064482145011425,0.0008838815847411752,9.51849578996189e-05,0.0009807064197957516
dose16k_A_s0,00152.png,-0.0002986871695611626,-0.00016869409591890872,-0.0020397587213665247,0.00010281377035425976,-0.0017076571239158511,-0.0003574515867512673,0.0016573898028582335,0.0008103892905637622,-0.00018691009609028697,0.0007598635274916887,0.0008006495190784335,-0.0008602225570939481,3.074242704315111e-05,0.0009436962427571416,-0.0002608017239253968,-0.0010481058852747083,0.0007351178792305291,0.0004344638728071004,0.0007720243302173913,9.144697105512023e-05,-0.0003343809803482145,0.0006963643245398998,-0.0016607084544375539,0.0017625418258830905,0.0011952215572819114,0.0020767461974173784,-0.0005288984975777566,0.001782211591489613,0.002737996634095907,-0.0010161399841308594,9.632729779696092e-05,-0.0008144945022650063,-0.0010448417160660028,-2.0257280993973836e-05,0.0004599607491400093
dose16k_A_s0,00153.png,-0.0007700513815507293,-0.00025292611098848283,7.45640427339822e-05,-0.0008940977859310806,0.002058261539787054,-0.00044295398402027786,6.410185596905649e-05,0.00019455434812698513,0.0009548570960760117,-0.001051277737133205,0.0006421818980015814,0.00040951932896859944,-0.0006753160851076245,2.8708522222586907e-05,0.0007014951552264392,0.00022593799803871661,-0.0005146024050191045,0.000677227508276701,-0.001263967715203762,-0.00043989584082737565,-0.0006939690210856497,0.0006238146452233195,0.0007631691987626255,-0.0016187510918825865,6.286453572101891e-05,0.0008411406888626516,1.4793653463129885e-05,0.0007930519059300423,-0.0002183771866839379,0.0003077239671256393,-0.0010453343857079744,3.053283580811694e-05,-0.001246179803274572,-0.0004885269445367157,-0.0003253395843785256
dose16k_A_s0,00154.png,-0.0012847663601860404,-0.0010232753120362759,0.00025608541909605265,0.0013622596161440015,0.0034321353305131197,-0.0011546110035851598,0.0003894292167387903,-0.0013495031744241714,-0.0007471141871064901,-0.0001995609054574743,0.0006338465609587729,0.0007106279372237623,0.0006212986190803349,-0.0012806350132450461,0.001483749714680016,0.0002401177625870332,-0.0012664181413128972,-0.00045679285540245473,-0.0002470297913532704,0.0003971087862737477,0.0009810791816562414,-0.0009340860415250063,0.0002827949938364327,0.00022621430980507284,-0.0002661992621142417,-0.0007977541536092758,-0.0002417859941488132,-0.0001348529476672411,0.0005518255056813359,-0.0005832218448631465,-0.00200709979981184,0.0008972865180112422,-0.00019884730863850564,0.0018617534078657627,3.399137131054886e-05
dose16k_A_s0,00155.png,0.00031784301972948015,6.594868318643421e-05,-0.0015304462285712361,-0.0014301177579909563,-0.0002030067698797211,0.000556705635972321,-0.00040516204899176955,0.0007599234231747687,-5.955585584160872e-05,0.00010693759395508096,0.0008461584220640361,0.00036072099464945495,0.0015386524610221386,0.0005880158278159797,0.001059468719176948,-0.001383420079946518,0.0009872824884951115,0.0014277499867603183,-0.0014067958109080791,0.0007017267635092139,0.0021459844429045916,-0.001310806954279542,-0.0003244226681999862,0.0008176885894499719,0.00110160862095654,0.00031411947566084564,-0.0009027810883708298,0.001782631385140121,-0.0003222313825972378,-0.001175983576104045,0.0007687071338295937,0.0006888788775540888,0.0015008474001660943,-4.228591205901466e-05,-7.309498323593289e-05
dose16k_A_s0,00160.png,0.0016139439539983869,0.0016390205128118396,0.0009575245785526931,0.0018087421776726842,0.000638492638245225,0.0005069767357781529,0.0008863256662152708,0.00029160064877942204,2.441497053951025e-05,-0.00033909452031366527,0.00037549552507698536,6.490555097116157e-05,3.1901141483103856e-05,-0.00021964810730423778,-0.00039573467802256346,0.0009479779400862753,0.0013531246222555637,-0.0008229257073253393,0.0003396233660168946,-0.00045143990428186953,0.0009615910821594298,-4.096164047950879e-05,0.0017316461307927966,-0.001278261304832995,-4.55768131359946e-05,0.0009212559671141207,0.00010170602035941556,-0.0004203749995213002,0.0005239813472144306,0.00043190340511500835,0.0015831858618184924,-0.0010658293031156063,-0.000638212135527283,0.000699226395227015,-0.000625141488853842
dose16k_A_s0,00161.png,0.0008828375721350312,0.00046839291462674737,-0.002173443790525198,0.00018131668912246823,-0.0007382069597952068,-0.00016707737813703716,-0.0010663641151040792,-0.0006860854336991906,0.0003789376060012728,0.002304322086274624,0.0022328465711325407,0.0017833630554378033,0.0005937282694503665,0.0015321657992899418,0.0011157937115058303,-0.0009098173468373716,-0.00033473040093667805,-0.0012048606295138597,0.0002524622541386634,-0.00067774613853544,-0.0004237084067426622,-0.0009863103041425347,-8.34038364700973e-05,-0.0013236048398539424,0.0003572131972759962,0.0005194052355363965,0.0009815676603466272,0.0005965103046037257,0.0014888456789776683,-4.4753447582479566e-05,-0.00018293522589374334,0.0015433348016813397,-0.0006762988632544875,0.0009500915184617043,0.0005688402452506125
dose16k_A_s0,00162.png,0.00015690299915149808,0.0007178715313784778,0.0004137716896366328,0.0014057946391403675,-6.505229248432443e-05,9.190435230266303e-05,-0.0012406522873789072,2.3230089936987497e-05,-0.0019956487230956554,0.0007721324800513685,0.0010722425067797303,-0.0010599751258268952,-0.00020793692965526134,-0.000472815940156579,1.0045451745099854e-05,0.000668387277983129,-0.00047394726425409317,0.0004960387013852596,0.000933737785089761,3.866789847961627e-05,0.0006249942816793919,-0.0014578322879970074,-0.0011322697391733527,-0.0008324463851749897,0.0005322129582054913,0.0008320954511873424,-0.000508106080815196,-0.00021921972802374512,-0.0009032620000652969,-0.0004727800842374563,-0.001942065660841763,0.0004207258461974561,-0.0002949827176053077,0.0001756078127073124,-0.0005172431119717658
dose16k_A_s0,00163.png,-0.00046190532157197595,0.0003407984331715852,-0.0007539830985479057,0.0008636499405838549,-0.0015663777012377977,0.00020265369676053524,-0.0024297202471643686,0.0010617272928357124,0.0017226666677743196,0.00041492210584692657,0.0002895719953812659,-0.00015316760982386768,0.0006313816411420703,0.0006131843547336757,0.0002815986517816782,0.00021080882288515568,-0.0009004469611681998,-0.0014228950021788478,-0.0008925681468099356,-0.0010074120946228504,0.0009566516964696348,-0.0004689336637966335,0.0004186707374174148,-0.0008455888601019979,-0.0005302170757204294,0.00036574527621269226,-0.0005598192801699042,-0.0007055767346173525,4.9623155064182356e-05,-0.000998606556095183,-0.0017239809967577457,0.0009170796838589013,0.0003423503949306905,-0.00013288574700709432,-0.0008094541262835264
dose16k_A_s0,00164.png,0.0008372380398213863,0.0010966164991259575,0.0009285896085202694,-0.0003521795151755214,0.00041959184454753995,-0.0016314254608005285,-0.0005336663452908397,-0.0010242367861792445,0.0015235849423334002,0.0005824767285957932,0.00017274130368605256,-0.0007740466971881688,-0.0008880834211595356,-5.761095235357061e-05,-0.0009152982966043055,-0.001366945798508823,-0.000737018883228302,0.0002883845299948007,2.1384381398092955e-05,-0.0006286923890002072,0.00017490772006567568,0.0001889981358544901,0.0011238937731832266,0.0007991073653101921,-0.0004185755387879908,0.0006881259614601731,-4.444001751835458e-05,-0.0009166203089989722,0.00047531441668979824,5.711607445846312e-05,-3.422467125346884e-05,-0.0015753181651234627,-0.0006754253408871591,-0.0014393043238669634,0.0024806668516248465
dose16k_A_s0,00165.png,0.0010873668361455202,0.0006978873279877007,0.0009212365257553756,-0.00024662792566232383,0.0008940112893469632,0.00040414006798528135,-0.0009776256047189236,0.00019313153461553156,0.0017128828912973404,-0.0021121050231158733,-0.0006607456598430872,0.00039138406282290816,0.0009496627026237547,-0.0006446961779147387,0.0010551161831244826,0.0009361556149087846,-0.0003414597304072231,4.341846306488151e-06,-0.00011526085290824994,0.00102929153945297,-7.789645314915106e-05,0.00011463979899417609,0.001256275805644691,-0.0014158834237605333,0.001029824954457581,0.0005226554931141436,-0.0010551856830716133,0.001382329617626965,-0.00040070494287647307,0.0015745380660519004,-0.00011020543752238154,0.00030885179876349866,-0.0004748510255012661,-4.3132131395395845e-05,-0.0009809363400563598
dose16k_A_s0,00166.png,-0.0009024346945807338,0.00016055525338742882,-0.0003080292372033,-0.00021104112965986133,-0.0017371679423376918,-0.0005070153274573386,0.000988937565125525,-0.0008995409007184207,-0.0010445541702210903,0.0005131817888468504,-0.0004106514679733664,0.00047184128197841346,-0.0017181123839691281,0.0014061792753636837,-0.0020302492193877697,0.0002975629467982799,-0.0008924207650125027,-0.0011073380010202527,0.0012089066440239549,0.00047499066567979753,-0.0006668443093076348,0.0008234772831201553,0.0012480270816013217,-0.00028430004022084177,-0.00018876125977840275,-0.00030720941140316427,0.0007966808043420315,-0.000606620975304395,0.000433782406616956,0.0009970698738470674,-0.00022327591432258487,-0.0004261828144080937,0.0001314314577030018,-0.0003638149064499885,0.0015558701707050204
dose16k_A_s0,00167.png,-0.0021503176540136337,-0.002024337649345398,0.0005134293460287154,-0.00040269122109748423,0.0003181535576004535,0.0006145344814285636,0.0009123609052039683,0.0008684866479597986,0.00041556297219358385,0.0004882093344349414,0.0005329198902472854,7.133285544114187e-05,0.00020956654043402523,0.00044760818127542734,0.001337368506938219,-0.0004936986952088773,0.0006892042001709342,-0.0009701941162347794,-0.0007732000085525215,-0.0012963343178853393,-0.00021242994989734143,-0.000635483767837286,-0.0007595577626489103,-5.93014556216076e-05,0.0004161630058661103,0.0005613152170553803,-5.391363083617762e-05,0.00022892645210959017,0.000826057861559093,-0.0009591665584594011,0.00030895494273863733,-0.00029270470258779824,0.0004271876532584429,-0.000712385808583349,-8.91020226845285e-06
dose16k_A_s0,00168.png,-0.000634994707070291,0.0006055331905372441,0.0009317343938164413,-0.0014442555839195848,0.0011160682188346982,-0.0008668730151839554,-0.0003464744659140706,0.0009597616735845804,-0.0006508558872155845,-0.0005591993685811758,0.0009680832154117525,0.0015665647806599736,-0.0009301662212237716,-0.0010215764632448554,-6.311331526376307e-05,-0.001611607032828033,0.0002580476284492761,-0.000624042353592813,0.000563959067221731,-0.0008234299020841718,-0.0011491241166368127,-0.0007359449518844485,-0.0004710775683633983,0.00037156647886149585,-0.00010624906281009316,-0.00037053064443171024,0.000704206817317754,0.0006320790271274745,-0.000424421887146309,3.6002573324367404e-05,0.0007394712883979082,-0.0006826058961451054,-0.0002848883159458637,-1.9934184820158407e-05,-0.0011014870833605528
dose16k_A_s0,00169.png,-0.0005883923731744289,-0.0011854848125949502,-0.0006801192066632211,-0.000700836768373847,-0.00040352725773118436,-0.0014258442679420114,-0.0007318710559047759,-0.00017495070642326027,-0.000841780100017786,-0.0006639781058765948,-0.00014467429718934,0.0003201866347808391,0.00015731655003037304,-4.0740498661762103e-05,-0.000918880570679903,-0.0008719513425603509,0.0005966828321106732,-0.0008209641091525555,0.0003455420956015587,-0.00036118587013334036,-0.0005141998990438879,0.00041833525756374,0.00017930520698428154,-2.1139736418263055e-05,0.0005892448243685067,0.0012258056085556746,-0.001272398279979825,0.0003708794538397342,-0.00022898006136529148,-0.00044729633373208344,0.0018189025577157736,-0.00040367760811932385,-0.001146390801295638,-0.0015155419241636992,-0.0006677104975096881
dose16k_A_s0,00170.png,0.0008840050431899726,-0.0006500036106444895,0.0002793021558318287,-0.0010986006818711758,-0.0022030218970030546,-0.00035662311711348593,0.0006908249924890697,0.0012421869905665517,0.0006878691492602229,0.00010149103763978928,-0.0009274928597733378,-0.00016299607523251325,0.00024867901811376214,0.00028658489463850856,0.0007845615618862212,-0.0015174304135143757,0.00016264323494397104,-0.0020200146827846766,-0.0008416299242526293,-0.0009494359255768359,-0.0008118036203086376,-0.0010498975170776248,-0.00028946646489202976,-8.43712332425639e-05,0.0006091234972700477,0.0009824649896472692,0.00123168108984828,0.0012194178998470306,-0.0014751942362636328,0.0008823589887470007,0.000439049385022372,0.0011296902084723115,-0.00029480745433829725,6.653151649516076e-05,-0.0008641468593850732
dose16k_A_s0,00171.png,-0.00024025471066124737,-4.297064879210666e-05,0.001804750761948526,0.003707745112478733,-0.0011610211804509163,-0.0007833970594219863,-4.25393991463352e-05,8.852565770212095e-06,-0.0010449383407831192,-0.0014956955565139651,0.0009818507824093103,0.0014607151970267296,-0.0009677325724624097,-0.0003674304753076285,-0.0003192450385540724,-0.000276346952887252,-0.0015699538635089993,-3.26704430335667e-05,0.0008394367760047317,0.0004546773270703852,0.0016516194446012378,-0.0007864141371101141,0.00027568242512643337,0.0003995065635535866,0.0013953297166153789,0.002323691500350833,0.00046539559843949974,0.000817992549855262,-0.0010005561634898186,-0.000967436411883682,-0.001632703933864832,0.0011036356445401907,-0.0009525124914944172,0.0014605473261326551,0.00013427730300463736
dose16k_A_s0,00172.png,-0.0014280197210609913,-0.0013565946137532592,-0.0014135773526504636,0.0020061221439391375,-0.000510103243868798,-0.0011227864306420088,0.0013714081142097712,-0.0003717699146363884,-0.0004554027982521802,0.0011279699392616749,0.00021257456683088094,0.00013915573072154075,-0.0007390560349449515,-0.0009869640925899148,0.0014639409491792321,0.0001580155367264524,0.0016101254150271416,0.0020259483717381954,-0.0005464624264277518,0.0008411185699515045,-0.0004108519060537219,-6.298096559476107e-05,0.00026180571876466274,-0.0013906043022871017,0.0010301301954314113,0.0010800972813740373,0.0013137937057763338,-0.0012692030286416411,-0.000422413315391168,-0.00032182937138713896,-0.00019051825802307576,-0.0001408284151693806,0.0005776245961897075,-0.0012982218759134412,0.0012371264165267348
dose16k_A_s0,00173.png,0.0009088931255973876,0.0011176310945302248,-0.0007793637341819704,-0.0011008500587195158,-0.00039210522663779557,0.00022321238066069782,0.0007126126438379288,0.00018055732653010637,0.0013293995289132,0.0001400629262207076,-0.0005771995638497174,-6.22968073002994e-05,-0.0006194429588504136,9.362545097246766e-05,0.0012452424271032214,0.0006446943734772503,0.00025619161897338927,-0.001433655503205955,0.0023249341174960136,-0.0001753385440679267,0.0013594718184322119,0.0007627003360539675,1.5607443856424652e-05,0.0017090140609070659,0.0008703275816515088,-0.0009833427611738443,-0.0009378431714139879,-0.0022218411322683096,0.00037830224027857184,0.0007649583276361227,-0.0011829568538814783,0.0008713686256669462,-0.000608486239798367,-0.0004463045042939484,-0.00039331012521870434
dose16k_A_s0,00174.png,0.0001731627417029813,0.00018143909983336926,0.001246094238013029,-0.002047772752121091,-8.996180440590251e-07,-0.0010272336658090353,9.47753360378556e-05,-0.0009294025949202478,-0.00029029115103185177,0.0005146143375895917,0.0006750504835508764,0.0006082717445679009,-0.0011320554185658693,0.0016787548083811998,0.0006489561055786908,0.0014128837501630187,-0.00022746523609384894,-2.6763760615722276e-05,-0.00035158111131750047,-0.000982371042482555,-0.0005290974513627589,0.0006111514521762729,-0.0010499460622668266,-0.00021866695897188038,0.0011986481258645654,0.00038297599530778825,-0.0005911340122111142,-0.0011857730569317937,-5.439532833406702e-05,0.0007301990990526974,-0.0009279989753849804,0.00019183043332304806,-0.0012293292675167322,0.0008550810744054615,0.001203807070851326
dose16k_A_s0,00175.png,0.0006949373637326062,-0.0007307064370252192,0.000810518569778651,-0.0014659506268799305,-0.0016053083818405867,0.00016402723849751055,0.0006295274943113327,-0.0004437193856574595,0.0010906701209023595,-0.0008970929775387049,0.00041527568828314543,0.00012872506340499967,0.0001168398666777648,-0.0025101329665631056,-0.0004770917585119605,-0.001490267226472497,0.0008936396916396916,0.0008889518212527037,-0.0002855625352822244,-4.6146200475050136e-05,-6.904573820065707e-05,-0.0008483549463562667,0.00026293331757187843,-0.002373498398810625,-0.0003032795211765915,-0.0011664645280689,0.0016492113936692476,-0.00046894288971088827,-0.00015933906252030283,0.00024735386250540614,-0.0011737541062757373,1.2556150977616198e-05,-0.0012608033139258623,0.0015774782514199615,0.00038336520083248615
dose16k_A_s0,00180.png,0.0025659725069999695,0.0014816531911492348,-0.0009156445157714188,2.926671368186362e-05,-0.00042180431773886085,0.0006469161598943174,0.00037114470615051687,-0.0001851201377576217,-4.806191645911895e-05,0.00041929862345568836,-0.0009160756599158049,-1.2543108823592775e-05,-0.0006073761032894254,8.370450814254582e-05,-0.0009838910773396492,0.00037354457890614867,-0.001028238795697689,-0.0002168174833059311,-0.00037657987559214234,-0.0010411040857434273,-0.00018373415514361113,-0.00026092081679962575,-0.0005800672806799412,0.0010401190957054496,-0.00019326555775478482,-0.0012844522716477513,-7.795630517648533e-05,0.0007809422095306218,0.00015210216224659234,-0.000154219611431472,3.995611405116506e-05,0.00028945214580744505,0.001177070545963943,0.0006057301070541143,-0.0009941973257809877
dose16k_A_s0,00181.png,0.0001800130121409893,-0.00038102123653516173,-0.0017322609201073647,0.00222101085819304,0.0010326758492738008,-0.0009978910675272346,-8.539234841009602e-05,-0.0017279047751799226,-0.0003464135807007551,-0.00038243221933953464,0.0005356536130420864,-0.0020445457194000483,0.000930130947381258,-9.920135198626667e-05,0.0009873828385025263,0.0017344733932986856,5.7193032262148336e-05,5.9882007917622104e-05,-0.0020922478288412094,-0.0004963772371411324,3.6132216337136924e-05,-0.00017151975771412253,-0.0011203845497220755,-0.0011808343697339296,-3.817048855125904e-05,0.0007772963726893067,-0.0010226917220279574,0.00021237775217741728,-0.0002635666460264474,-0.0002257871674373746,0.0007862647180445492,0.00021852320060133934,-0.0008189980289898813,-9.44482526392676e-05,0.0002694577269721776
dose16k_A_s0,00182.png,0.0005100169801153243,0.0014424481196328998,0.0008629525545984507,0.0009918895084410906,-0.001492181560024619,0.0005921106203459203,0.0009526183712296188,0.0005309050320647657,3.31763549183961e-05,-0.0014186633052304387,0.00048273123684339225,0.000517821463290602,-0.00014859568909741938,0.0006682239472866058,-0.00013962043158244342,0.0009154173312708735,0.0012724349508062005,0.00020111582125537097,-0.0006431249785237014,-0.00013179601228330284,-7.939404167700559e-05,0.0005525532178580761,-0.001624994445592165,-0.0009602990467101336,0.0004163265984971076,-0.0005294607835821807,0.0010086746187880635,-7.718648703303188e-06,-0.0016433263663202524,0.00047693922533653677,0.00044255185639485717,-0.0016293874941766262,5.716548002965283e-06,-8.654170960653573e-05,-0.0008458219235762954
dose16k_A_s0,00183.png,0.0011261269683018327,0.0007068386767059565,-0.0009586758096702397,0.0015631475253030658,0.0013878329191356897,9.097814472625032e-05,0.00041951698949560523,1.642783718125429e-05,0.0014043443370610476,-0.0013370780507102609,0.0013464373769238591,0.0011965823359787464,-0.0004323067551013082,-0.0014683986082673073,-0.001047348603606224,-0.0013109116116538644,0.00030295588658191264,-0.0026141011621803045,-0.0001000310730887577,-0.00044362127664498985,0.0005642088945023715,-0.0006860876455903053,-0.0012286551063880324,0.0007549025467596948,0.0005533674266189337,0.0012292047031223774,-0.000686100625898689,-0.0004413661081343889,0.0016459116013720632,0.0024169040843844414,-0.0002493220381438732,0.00020899478113278747,0.0004523882525973022,-0.00037490794784389436,-0.001977331005036831
dose16k_A_s0,00176.png,0.00035168902832083404,0.00035870386636815965,-0.00034999079070985317,-0.0022105553653091192,-0.001912523526698351,0.00010695066157495603,0.00010851353727048263,-0.00047722490853630006,0.0018742698011919856,-0.0012876781402155757,0.0016607674770057201,-0.0012607385870069265,-0.00013293171650730073,0.0006987096858210862,-0.0005627721548080444,0.00020543092978186905,0.001668555778451264,0.0005498692626133561,-0.0027794446796178818,0.0002871890610549599,-2.0428993593668565e-05,0.00032668502535670996,-9.21720527458092e-07,-0.0002054515207419172,0.001171086565591395,-0.0005016615614295006,0.0020386811811476946,0.0003139767504762858,0.0014183491002768278,0.0002450787287671119,-0.0011191590456292033,-0.000245701550738886,-0.0002537936088629067,0.0006074287230148911,0.0004254942759871483
dose16k_A_s0,00177.png,0.00029818035545758903,0.0016936345491558313,8.709824760444462e-05,0.0015026313485577703,-0.0007694443338550627,-0.000763266405556351,0.0006926527712494135,-1.5103797522897366e-05,0.0006708408473059535,0.0004789508820977062,-0.0010409828973934054,0.00035126355942338705,-0.0004719019343610853,-2.635409327922389e-05,7.023684156592935e-05,2.7269250040262705e-06,0.000689572945702821,0.0005563772283494473,0.0012692337622866035,0.0012131306575611234,0.0013188058510422707,-0.00015455724496860057,3.4400141885271296e-05,0.0007424810901284218,0.0005547368782572448,-0.00047628956963308156,-0.0013951947912573814,0.00015943868493195623,0.001085141790099442,0.00022600425290875137,0.0024193651042878628,6.738054798915982e-05,0.0007438909378834069,-0.0008504049037583172,0.000612051400821656
dose16k_A_s0,00178.png,-5.706580122932792e-05,5.4988857300486416e-05,0.0008936721133068204,-0.0006763418787159026,0.0012177545577287674,-0.0002785748220048845,0.0007085039396770298,0.0004761370364576578,0.0012200287310406566,-0.0004663731378968805,0.0006333716446533799,7.76932283770293e-05,0.0008105169981718063,-9.2998547188472e-05,0.00038636659155599773,0.0005939163384027779,0.0005743009387515485,-0.001058351481333375,-6.159838085295632e-05,-0.0009069079533219337,0.00016699380648788065,-0.0007638169336132705,-0.0005677288863807917,0.0003495337732601911,0.0005139234126545489,-0.00045173923717811704,-0.0005718302563764155,-0.00022847439686302096,-0.00028947301325388253,0.000635733304079622,0.0011358874617144465,0.0006708752480335534,0.0011068320600315928,-0.0004446447128430009,0.0005404555122368038
dose16k_A_s0,00179.png,0.0013954878086224198,0.0012514005647972226,-0.002087248954921961,0.0018652582075446844,0.00031883842893876135,0.0004963242099620402,-0.00032193807419389486,0.0012131290277466178,0.0011642499594017863,-0.00020354926527943462,0.0007993498002178967,-0.0018151861149817705,-0.0011493308702483773,0.0009783232817426324,0.0020431450102478266,-0.00019715218513738364,0.0012616338208317757,-0.00037978627369739115,0.0009060933371074498,-0.000440604257164523,-0.0005638541770167649,0.0008587359916418791,-0.00010340245353290811,0.00020020433294121176,0.0008924361900426447,-0.000357672426616773,0.00011396210902603343,0.00011526181333465502,1.2423126463545486e-05,8.49119242047891e-05,-0.0004414690483827144,-0.0002014545607380569,0.0011894821655005217,0.001352077815681696,0.0003880377917084843
dose16k_A_s0,00184.png,-0.0006871754885651171,-0.0006522213225252926,-0.0008693584823049605,-8.435267955064774e-05,0.0019358189310878515,1.1286510016361717e-05,-0.0004039867490064353,0.00017629185458645225,-0.0004945127293467522,0.000651290116365999,-4.927740155835636e-05,-0.002253423910588026,-0.00021515363187063485,9.236735058948398e-05,-0.0005778843769803643,0.0005170416552573442,0.0001592369662830606,-0.0006284400587901473,0.00011887426080647856,0.0003515754942782223,-0.0007362217293120921,7.098603236954659e-05,7.138507498893887e-05,-0.0012472334783524275,-1.4099709915171843e-05,-0.0004935304168611765,0.0006482041208073497,0.0003679301298689097,0.0021180952899158,0.0003225270193070173,-0.0010656899539753795,0.00022875478316564113,-0.00011391328735044226,-5.329758641892113e-05,-0.0007463090005330741
dose16k_A_s0,00185.png,0.0017249381635338068,-0.00012547573714982718,0.001022041542455554,0.0005692773265764117,0.001018425915390253,0.0005595768452621996,0.0012254619505256414,0.00013665213191416115,0.001101797097362578,0.0006631491123698652,-0.0006208798149600625,0.001057279878295958,-0.000766692915931344,0.001604415592737496,0.0002852879697456956,0.000781845417805016,-0.00040291398181580007,-0.00037446594797074795,-0.0007249132613651454,0.0013755906838923693,0.000423670862801373,-0.0007609414169564843,-0.0011448143050074577,0.001197371631860733,-0.0009799503022804856,-0.0009012185037136078,0.0006684777908958495,-0.0008402178063988686,-0.0004201052652206272,-0.0004679372941609472,-0.0005602627643384039,0.0016350098885595798,-0.0003945974458474666,0.0019837727304548025,-0.0003302928525954485
dose16k_A_s0,00186.png,3.449419455137104e-05,0.0012344596907496452,0.0012261372758075595,-0.0010876929154619575,-0.0007552442257292569,-0.0013800899032503366,-0.000515282095875591,0.000360760634066537,-0.00013689656043425202,-0.00019986365805380046,0.0005956882378086448,-0.001215365482494235,-0.0019770769868046045,-0.0006745373248122633,-0.0002886033325921744,-0.00024544037296436727,0.0007843879866413772,0.0003776364610530436,0.00020058501104358584,0.0004854902217630297,-0.0006280899397097528,-0.002182242926210165,0.0005941206472925842,0.0008402066887356341,0.00047656067181378603,0.00039913575164973736,0.00038281240267679095,0.0010587637079879642,-0.0013085490791127086,-0.0015505538322031498,-0.0006321752443909645,-0.0003284064296167344,0.0008024444105103612,2.8355076210573316e-05,-0.00011509197065606713
dose16k_A_s0,00187.png,-0.0003605993988458067,-0.00044396030716598034,-0.0003909084480255842,0.0013913168804720044,0.000344951287843287,-0.00028746871976181865,-0.0014504254795610905,0.0015185443917289376,0.0002573697711341083,-0.0029804364312440157,0.0008405205444432795,-0.0009159796172752976,0.000863100285641849,-0.00046496227150782943,1.4434187505685259e-05,0.0010854506399482489,0.0007285575265996158,-0.0001728585484670475,0.0014220071025192738,0.0018041147850453854,-0.0013068642001599073,-0.0018455286044627428,0.0020374718587845564,0.00038762396434322,-0.0022830404341220856,-0.0003923907643184066,-0.0007550478330813348,-0.0009673552121967077,0.0005285514635033906,0.0008458073134534061,0.0014921861002221704,0.0009235486504621804,0.0001542905520182103,0.0004892224096693099,-0.0027535809203982353
dose16k_A_s0,00188.png,-0.0009224224486388266,-0.0011347518302500248,3.74850096704904e-05,0.000782157527282834,-0.00027334349579177797,-0.00012053714453941211,-0.0005411474267020822,-0.0018015728564932942,0.0011432365281507373,-0.0001051095750881359,-0.00034833140671253204,0.0013811875833198428,-0.0007013771100901067,-0.0022486436646431684,-0.0006491289823316038,0.0011278997408226132,0.0008428325527347624,0.00016602169489488006,0.00039497550460509956,-0.0014317288296297193,0.0005707815871573985,-0.00020899590163026005,0.0011166423792019486,-0.0005277369054965675,0.002109958790242672,-0.0001949471334228292,-0.00023474135377909988,0.00010578520596027374,0.000641946098767221,-0.002610882744193077,0.0005551407812163234,0.0012446537148207426,0.0006390063208527863,0.00045556449913419783,0.00015793804777786136
dose16k_A_s0,00189.png,-0.00039675115840509534,0.00043525200453586876,-0.0015186781529337168,-0.0015014419332146645,0.001033530686981976,0.0007627056329511106,0.0009153744904324412,1.7784268493414856e-05,-0.00022374810941983014,0.000501403643283993,0.001255173236131668,-0.0018435202073305845,-0.00021876041137147695,-0.0005962441209703684,-0.0006609116680920124,-0.0006194888846948743,-0.0003192995209246874,0.001561416545882821,0.001122156623750925,0.0008012122707441449,-0.0009146918309852481,-0.0015518410364165902,7.48773745726794e-05,-0.002839667722582817,0.0015634031733497977,-0.002555695828050375,-0.0010920007480308414,0.0012401576386764646,-0.00010840427421499044,0.0007096154149621725,0.00024399974790867418,0.0005602824385277927,-0.0018137168372049928,0.0004809455422218889,0.0010626339353621006
dose16k_A_s0,00190.png,-0.0008030914468690753,-0.001031179795973003,-0.0005876446957699955,-0.001648617791943252,-0.000592932163272053,-0.0001684895105427131,-0.00012057684944011271,-0.0012176367454230785,-0.0005809319554828107,-0.0008901056717149913,-5.7709581597009674e-05,-0.00013352293171919882,0.000991201726719737,-0.000527809897903353,-0.0005295392475090921,-0.0029703958425670862,-0.00015400814299937338,0.00035534307244233787,0.00043323595309630036,0.0007738409331068397,-0.00017431224114261568,-0.0003857986012008041,0.0006567196687683463,-0.0009343705605715513,0.0005904568824917078,0.0018164213979616761,-0.0012197211617603898,4.370828173705377e-05,-0.0004190544132143259,0.0010666933376342058,-0.00039649405516684055,0.0022142285015434027,0.0016098732594400644,0.0007133879698812962,-0.0015882545849308372
dose16k_A_s0,00191.png,-0.0003623858210630715,0.00038883069646544755,-0.0007563329418189824,0.0007526905974373221,-0.0010106338886544108,-0.0016516840551048517,0.0005088139441795647,-0.00018826170708052814,0.0014574776869267225,-0.0002011575415963307,0.0012691919691860676,0.0005507190362550318,-0.0005075808730907738,-5.7113200455205515e-05,-0.0008106128661893308,0.0014844165416434407,0.0005191634991206229,0.0006923394394107163,-0.0005922731361351907,-0.0002830775047186762,0.000879856466781348,0.0004277288680896163,-0.0006623952649533749,-1.0177553122048266e-05,-0.00021940417354926467,-0.0006957610021345317,0.0015240531647577882,-0.00042037395178340375,-0.0003688831639010459,-0.0002455824869684875,-0.00017097537056542933,0.000414187932619825,-0.001382409012876451,-4.246953903930262e-05,-0.0006297928630374372
dose16k_A_s0,00192.png,0.001087169861420989,0.0008575434912927449,-0.0005556188407354057,-0.0011796844191849232,-0.0013202254194766283,0.00016726301691960543,0.0009243505191989243,-0.00023591273929923773,-0.0014519395772367716,0.00038381636841222644,-0.00030583012267015874,-0.00019673073256853968,0.0001354102132609114,-0.0002850821183528751,-0.00013586935529019684,0.000897624995559454,0.0008546835160814226,-0.0012525432975962758,-8.029171112866607e-06,0.0011286289663985372,-0.0007008934626355767,-0.0015872634248808026,0.0005616534035652876,-0.0003104224451817572,-0.0003467166388873011,-0.0003578388423193246,0.0018214607844129205,-0.001043186872266233,7.121203088900074e-05,0.0005391208687797189,0.0012514980044215918,-2.5162677047774196e-05,-0.0002661881153471768,-0.0011754966108128428,-0.0005194366094656289
dose16k_A_s0,00193.png,0.0009516918216831982,0.0007393346750177443,-0.00045148280332796276,0.001602013362571597,0.0003175089368596673,-0.0002766390098258853,0.0004597301594913006,-0.0010848894016817212,-0.00020489300368353724,0.00010961927910102531,-0.0017893301555886865,-0.0009543656487949193,0.0006338719977065921,-0.001757334335707128,-0.0018097222782671452,-0.00038906646659597754,-5.8294524933444336e-05,-0.0006076883873902261,0.0015407279133796692,-0.0003120178880635649,-0.0011732152197510004,5.0690625357674435e-05,0.0013870240654796362,0.0012861929135397077,-0.0012670004507526755,0.00020730790856759995,0.0011584640014916658,0.00042590819066390395,0.001212253817357123,-0.00010605595161905512,-0.0013631141046062112,0.002419950906187296,-0.0003892706008628011,0.0012828301405534148,0.00039691117126494646
dose16k_A_s0,00194.png,-0.00037918268935754895,-0.0008364939130842686,0.00038908340502530336,-0.0005590338842011988,0.0006505325436592102,-6.009969729348086e-05,-0.0004921071813441813,-0.0018666693940758705,0.001027966383844614,0.001564913080073893,-0.00022114196326583624,0.0006170285632833838,0.0012902014423161745,0.0010976992780342698,-0.00032960588578134775,-0.0007615014910697937,0.00036120860022492707,-0.0005432270118035376,-0.0007899924530647695,0.00026712531689554453,2.755517743935343e-05,-0.0016072767321020365,0.0008652754477225244,-6.652904994552955e-05,0.003055211156606674,0.0007868483080528677,-0.00014502782141789794,-0.0005694610881619155,-0.001178861130028963,-0.0006789744948036969,-0.0008444567210972309,-0.0005398575449362397,0.00013832699914928526,0.0008383325184695423,0.0010559570509940386
dose16k_A_s0,00195.png,0.0010026338277384639,0.0003874138346873224,-0.001056344248354435,0.00014741836639586836,0.0017896279459819198,-0.0001977515930775553,0.000563067093025893,-0.0009804755682125688,0.0001260156714124605,0.0005429559969343245,-0.0005215044948272407,-0.0004123793914914131,-0.0014954668004065752,-0.0027677479665726423,0.0017999878618866205,0.0006018601707182825,0.0009443015442229807,-0.0008455875213257968,-0.00045139974099583924,0.0006434774259105325,0.00044424497173167765,0.0013328541535884142,0.0010608163429424167,0.0018499938305467367,0.0006982106133364141,0.0010457744356244802,-0.0009707578574307263,-0.002101019024848938,-0.000746041361708194,-9.409718040842563e-05,0.0019409570377320051,-0.00017838444910012186,-0.0007035992457531393,0.0002824858820531517,0.001735364436171949
dose16k_A_s0,00196.png,0.0003068259102292359,-0.00025157706113532186,-0.0007669900660403073,2.315261554031167e-06,0.00015389702457468957,0.0007130932644940913,0.0009850934147834778,0.00011727316450560465,-0.000603698892518878,5.829413203173317e-05,3.7439519928739173e-06,0.001029068836942315,-0.0011695721186697483,0.00155248970258981,-0.00017632367962505668,-0.00023744285863358527,-0.0008783798548392951,0.00010366466449340805,-0.0020770751871168613,0.001379866385832429,0.002006859751418233,-0.001128366799093783,-0.0008625141344964504,0.0011091394117102027,0.0007383381598629057,5.62507520953659e-05,0.0004726033948827535,0.00045704905642196536,0.000792409002315253,0.00012262584641575813,-0.00018342351540923119,0.0014165014727041125,0.00014496713993139565,0.0010826952056959271,0.0013563026441261172
dose16k_A_s0,00197.png,1.0890767953242175e-05,0.0008695401484146714,-6.610128912143409e-05,-0.00034637973294593394,0.0012931429082527757,4.630068360711448e-05,0.000807219126727432,0.0011623050086200237,-0.0005420924862846732,-6.443576421588659e-05,0.0013888622634112835,-0.00025311304489150643,-0.0010303155286237597,0.0005919333780184388,0.001561587443575263,0.0003004829050041735,-0.000422390119638294,1.2706568668363616e-05,-0.0021590478718280792,0.0005128271877765656,-0.000965454091783613,0.0003966735093854368,-0.000322338892146945,-0.0007354159606620669,-0.0006869406788609922,-0.0012716612545773387,-0.0019659320823848248,-0.0010251039639115334,0.00018312939209863544,-0.0015247162664309144,-0.0008888175943866372,0.0010013367282226682,0.0017375474562868476,-0.000264694303041324,0.0003595629532355815
dose16k_A_s0,00198.png,-0.0008963473956100643,-0.0009154430008493364,0.0004495921602938324,0.0017375085735693574,-0.001077927416190505,-0.0012098399456590414,0.0013917089672759175,6.978821329539642e-05,-0.0014128807233646512,0.00022465060465037823,0.0002998514682985842,0.0005765443784184754,0.0012579815229400992,-9.196576138492674e-05,-0.0009069093503057957,-0.00042295397724956274,-0.0003419583954382688,0.00016354145191144198,0.0008269019308499992,-0.0010144890984520316,-0.00019446092483121902,-0.0002399718650849536,-0.0019131375011056662,0.00017538046813569963,0.000608569651376456,0.0006715658237226307,0.0007360775489360094,0.0006261347443796694,-0.000674672715831548,-2.6939122108160518e-05,0.0007161542307585478,7.247901066875784e-06,-0.0024204538203775883,0.00018421190907247365,-0.0013136619236320257
dose16k_A_s0,00199.png,-0.0013919201446697116,-0.0020909220911562443,4.141441252158984e-07,-0.0019363050814718008,0.0007388854282908142,-1.3397446309681982e-05,0.0008988369954749942,0.0005148398922756314,-0.00027850084006786346,-0.0007794518023729324,-7.85884476499632e-05,0.0007906205137260258,-0.001246043830178678,0.00014605627802666277,-0.000696847215294838,-0.0022577291820198298,0.0002702092460822314,-0.002230006502941251,0.00031158706406131387,0.0027774861082434654,-0.0005253853742033243,-3.0178243832779117e-05,0.0009882817976176739,0.0008955672383308411,0.0009817123645916581,-0.0014042844995856285,9.084203338716179e-05,-0.00036275485763326287,-0.0001971954043256119,0.00026897061616182327,-0.00036940842983312905,0.0005153176607564092,0.00034023920306935906,-0.00042570976074784994,-0.0007277834811247885
dose16k_A_s0,00200.png,0.0007259681005962193,-0.000247903197305277,0.001081977621652186,0.0007910876884125173,0.00010357554128859192,-0.00015332113252952695,-0.000643925042822957,0.00107233552262187,-0.001015345100313425,-0.0012937119463458657,-0.0005399165092967451,0.001580322626978159,-0.0010312668746337295,-0.0014238448347896338,9.919347212417051e-05,0.0014046175638213754,-0.0008738981559872627,-9.890435467241332e-05,-0.0005660018650814891,-0.0004133144684601575,-0.0014160071732476354,0.000942749495152384,0.0013640758115798235,-0.0019163991091772914,0.0002557771804276854,-0.00027829810278490186,7.246327004395425e-05,-0.00028359214775264263,-4.75971728519653e-06,0.0010058468906208873,-0.0006153121357783675,0.0013793661491945386,-0.0001570043241372332,0.00039311402360908687,-0.0010930937714874744
dose16k_A_s0,00201.png,-0.0011019469238817692,-0.0001399631582899019,-0.0007901985081844032,-0.0014477877411991358,-0.0008507147431373596,0.0002384218678344041,0.0005600419244728982,0.0002563582092989236,0.0003440398722887039,-3.4045500797219574e-05,0.0011101107811555266,-0.0002471713814884424,-0.00012979705934412777,-0.0006504123448394239,0.001688252785243094,-0.0013388388324528933,-0.0012314136838540435,-8.62599044921808e-05,-0.00048129004426300526,0.0010730039793998003,-0.00012710134615190327,0.0003699174558278173,0.0006637161714024842,0.001372125931084156,0.0008805395918898284,0.00044119704398326576,0.0012267844285815954,-0.0017611036309972405,0.000649479276034981,0.0002245247014798224,-0.00022407072538044304,-0.0008795338217169046,-0.0008896298822946846,-0.0005943722208030522,-0.0003518634766805917
dose16k_A_s0,00202.png,-0.0013553500175476074,-0.00010212576307822019,0.0004769525839947164,-0.0010098223574459553,0.0011509413598105311,-0.0009145531803369522,0.0004568850272335112,-0.0007479320629499853,0.001700006308965385,-0.0007046561222523451,7.969048601808026e-05,4.033736331621185e-05,0.0005014436901547015,0.0005438838270492852,0.0003222192754037678,0.00021779876260552555,-0.00014020447270013392,-0.00021582297631539404,-0.00039233980351127684,-0.0015426470199599862,-0.0014622596791014075,-0.0007027124520391226,0.0013104226673021913,-0.0009240389335900545,0.0012127377558499575,0.001018019625917077,-5.987406439089682e-06,0.0002394877083133906,0.0009885721374303102,-0.0004660283157136291,-0.0014671748504042625,-0.00025188541621901095,-0.0005450608441606164,-0.00027543562464416027,0.0010632721241563559
dose16k_A_s0,00203.png,-0.0008264974458143115,-0.0022127178963273764,0.00047302740858867764,-0.001199504709802568,0.0016883903881534934,0.0006256544147618115,-1.7768339603208005e-05,0.0007838390883989632,-1.7898055375553668e-05,0.001128793926909566,-0.0001854992879088968,0.00033919833367690444,-0.0015779113164171576,-0.00035395316081121564,0.00024373871565330774,-0.0015287221176549792,0.0004156255454290658,0.0005384515388868749,-0.000417979434132576,-0.0005776314646936953,-0.00028522699722088873,-0.00025421069585718215,-0.0008377485210075974,-0.0003372763458173722,-0.0009561899350956082,0.002035675570368767,-0.0018853489309549332,0.0006044163019396365,0.0004381335456855595,0.0003383382863830775,-0.001214273157529533,-0.00047915332834236324,-0.0015464541502296925,-0.0006006672629155219,-0.00159021548461169
dose16k_A_s0,00204.png,-0.000175656852661632,0.0013240945991128683,0.0006901036249473691,0.001330397091805935,0.00036665028892457485,0.00012308169971220195,-0.0007367288926616311,0.0011084468569606543,-0.0009843516163527966,-0.0006790472543798387,-0.0007599182426929474,-0.002107011852785945,-0.0005540620186366141,-8.813017484499142e-05,0.0010266926838085055,0.0005516911041922867,0.0018550168024376035,0.0011219563893973827,-0.001477801357395947,0.00019816831627395004,-0.0024562266189604998,-0.0006452995003201067,1.982506364583969e-05,0.00029962018015794456,0.0012183524668216705,0.0019105279352515936,0.000279134139418602,-5.141275323694572e-05,0.0008254434796981514,0.0004471545689739287,0.0005021723336540163,8.904133574105799e-05,-6.844934250693768e-05,-0.0014928269665688276,-0.00010198757809121162
dose16k_A_s0,00205.png,0.002010885626077652,0.002649556612595916,-0.00015053263632580638,0.0015460937283933163,0.00036742264637723565,-0.0005134545499458909,-0.0008883386617526412,-0.0008505748701281846,0.0018162844935432076,0.0003169566916767508,-0.0005528251640498638,-0.0010842388728633523,-0.000978476949967444,0.0004695453681051731,0.0004756381385959685,-0.0006606290116906166,0.0009767950978130102,0.00036804244155064225,-0.0005933201755397022,0.0007605603896081448,0.0014205222250893712,-0.00046495022252202034,0.0024115117266774178,-0.00040707708103582263,0.0013449803227558732,-0.00141042354516685,0.00045647943625226617,0.00033026060555130243,-5.8971301768906415e-05,-0.001369104953482747,-0.0005024074343964458,-0.0007069673738442361,-0.0010437481105327606,-0.0009672299493104219,-0.0013378206640481949
dose16k_A_s0,00206.png,-0.00039604015182703733,-0.000753729953430593,0.001055526896379888,0.00013307052722666413,0.0007118795765563846,0.0014114461373537779,0.0011553558288142085,0.0012668897397816181,-0.0008099139085970819,0.0011095962254330516,-0.0005011437460780144,-0.00014693319099023938,0.00034820465953089297,0.0016811522655189037,-0.001261233352124691,-4.372325201984495e-05,0.000915848882868886,-0.0011615593684837222,0.0016381015302613378,4.658304897020571e-05,0.000429314561188221,-0.0002585577894933522,-0.002349778776988387,-0.00015760387759655714,-0.0007157212239690125,-0.0006988401873968542,0.00048589942161925137,-0.0005349752027541399,0.00045681922347284853,0.0005357422051019967,-0.00011754027946153656,-0.0005192869575694203,0.0014952842611819506,-0.0011038100346922874,0.0007292043883353472
dose16k_A_s0,00207.png,0.0004024297813884914,-0.0009467105846852064,-8.17233303678222e-05,-0.002440076321363449,0.0007471770513802767,0.0011828625574707985,-0.0007510217255912721,0.0018783319974318147,-0.0007027107640169561,-0.00020669960940722376,-0.0004886864335276186,-0.0007221604464575648,-0.0007364972843788564,3.803347499342635e-05,0.000752818479668349,-0.0010993818286806345,0.0008151752990670502,-0.0002740922209341079,0.0004087227280251682,-0.0013468485558405519,0.00031058001331984997,-0.0008665365166962147,0.0019882316701114178,-0.0008728234097361565,0.0007074503228068352,-1.3442466297419742e-05,-4.519752110354602e-05,0.0014865957200527191,-0.0016652857884764671,0.00012444164894986898,0.0009179649641737342,-0.00037127212272025645,0.0008355077006854117,0.002096042735502124,-0.0011904733255505562
dose16k_A_s0,00208.png,-0.0006310644675977528,-0.0016025681979954243,-0.00016497091564815491,8.08501717983745e-05,-0.0021421597339212894,-0.0007961152587085962,-0.0004976544296368957,6.531832241307711e-06,0.0007407753146253526,0.00031218898948282003,-0.0012751318281516433,0.00036081517464481294,0.0007991853635758162,0.0003757704107556492,-0.00036536561674438417,-0.0005666307988576591,0.00145749154035002,-0.0008031908073462546,0.0004893724690191448,-7.777979772072285e-05,-0.0002557671978138387,-0.0005876608192920685,0.0006666896515525877,-0.0006423118757084012,0.0019135101465508342,0.0010194290662184358,-0.000652261427603662,-0.0015522821340709925,0.000199292873730883,-0.0005932585918344557,-0.0007558956276625395,0.0002770573482848704,-0.00026336853625252843,0.0006417252006940544,-0.0005488396855071187
dose16k_A_s0,00209.png,0.0011277009034529328,0.0008997002150863409,-0.00012383783177938312,0.0007292544469237328,-4.045966124976985e-05,0.0019452451961115003,0.0010675425874069333,0.0015270818257704377,-0.00015647248073946685,-0.0008752078865654767,0.0006222874508239329,-0.001178969512693584,0.0010542452801018953,0.0009352760389447212,-0.0007553783943876624,0.0013330226065590978,-0.0016077634645625949,0.0008272445411421359,0.0005787347909063101,-0.002201210241764784,-0.0012429485796019435,-0.00011156771506648511,-0.0007917574257589877,-0.0019324114546179771,-0.0005357172340154648,-0.0012304277624934912,-0.00014248178922571242,0.00018455693498253822,0.00035919752554036677,0.00017681033932603896,-0.0008873121696524322,-8.127014552883338e-06,0.0005979607230983675,-0.0002073124487651512,0.0019591120071709156
dose16k_A_s0,00210.png,-0.00036140630254521966,-0.0005385896074585617,-0.00019102252554148436,-0.0019057970494031906,-0.00024227717949543148,0.0005169013165868819,-0.00030867906752973795,-0.0004046470858156681,-0.0004135872586630285,-0.0018927383935078979,4.800246824743226e-05,2.9839275157428347e-05,0.0005460786633193493,0.0001814130664570257,0.000953484617639333,0.0011580998543649912,0.0010800728341564536,0.001115690916776657,-0.00029368489049375057,-0.0008170512737706304,-0.0006344473804347217,-0.0015829834155738354,-0.0004848021490033716,-0.0012593582505360246,-0.00022058156901039183,-0.00025205450947396457,0.000394277652958408,0.0004186937876511365,-0.0018758977530524135,0.0002129327622242272,0.0003867857449222356,-0.000133342546178028,0.0010945561807602644,0.0006324501009657979,-0.00020487252913881093
dose16k_A_s0,00211.png,0.0009690443985164165,0.000581126194447279,-0.00270087574608624,-0.0038021139334887266,-0.002937869867309928,-1.2854115084337536e-05,-0.0009088207152672112,-9.827870962908491e-05,0.0010505636455491185,1.0616581676003989e-05,-0.00023921523825265467,0.0010595335625112057,-0.0010518040508031845,-0.00026137151871807873,0.00016660803521517664,-0.0027139463927596807,0.00021505073527805507,-0.0006728441803716123,-0.0013227411545813084,1.671214704401791e-05,0.00021361486869864166,0.000550111522898078,-0.0005189523217268288,0.0004023950023110956,-0.00020335886802058667,-0.0004831249825656414,-0.0008255204884335399,0.0014952287310734391,-0.001592898741364479,0.0006934836274012923,-0.0008673616102896631,0.0005886537837795913,-0.0006028404459357262,-0.00039741143700666726,0.001229361048899591
dose16k_A_s0,00212.png,-0.0005774626042693853,0.00033877184614539146,0.0006491753156296909,-0.0016720006242394447,-0.002082162071019411,-0.0008261952316388488,0.0008219536393880844,0.0007511059520766139,-1.9975936083937995e-05,-0.0001292401721002534,-0.0005197274731472135,0.0004917431506328285,-0.001398316235281527,0.0009432829101569951,0.00010719786223489791,0.0008403873653151095,2.2617816284764558e-05,-9.019730350701138e-05,-0.000988330808468163,-0.0012195040471851826,0.0012701752129942179,0.00015233538579195738,-0.0004905651439912617,-0.0005709579563699663,-0.0011826010886579752,0.00010536364425206557,0.0008962504798546433,-0.0008602893212810159,-0.0011345329694449902,-0.0002949354238808155,-0.0011394082102924585,0.00022165443806443363,0.0012081061722710729,0.0010100766085088253,0.0004725869803223759
dose16k_A_s0,00213.png,-0.0010958395432680845,-0.002038588747382164,-0.001150060328654945,-0.0009572989074513316,0.0015682888915762305,-0.000755845510866493,0.0014378185151144862,8.342091314261779e-05,-0.0004075733886566013,-0.0017171463696286082,0.00048810330918058753,-0.000846282986458391,0.0004836051957681775,-0.0005589808570221066,0.0007973093306645751,0.00036095461109653115,0.0013056582538411021,0.0006016790866851807,-0.0006534864660352468,-0.0007166214636527002,-0.0012433791998773813,0.00011082034325227141,-0.0018886119360104203,0.00106296525336802,-0.000405220256652683,-0.0008487722952850163,0.0003567855164874345,0.0002179927978431806,0.0001824077044147998,0.0007046903483569622,-0.0003828515764325857,0.0005766191170550883,-0.001205860753543675,-0.0012370774056762457,-0.0002358085912419483
dose16k_A_s0,00214.png,0.0009549506939947605,0.00044900859938934445,-0.0002928391913883388,0.0006203988450579345,0.0001997796935029328,0.0004743629542645067,-0.0009849141351878643,-0.0010965451365336776,0.0005817697383463383,0.0007555254269391298,0.0002847478608600795,-0.0009778644889593124,0.0007604084676131606,-0.0015319579979404807,-0.0010703536681830883,0.00013327147462405264,-0.0019249666947871447,0.0009499813313595951,0.00031691562617197633,-0.00042192242108285427,0.0003526948858052492,-0.00010431664122734219,0.000935018586460501,-0.0010794762056320906,-0.0002745208330452442,-6.119648605817929e-05,0.001233839662745595,-0.0011485784780234098,0.0004682724829763174,0.0005143253947608173,0.00046206169645302,0.0012611792190000415,-0.0009708369616419077,-0.0014926851727068424,-0.0013581187231466174
dose16k_A_s0,00215.png,-0.0018729530274868011,-0.0006656982586719096,-0.0011123436270281672,-0.0013352216919884086,-0.00015650104614906013,-0.0009594506118446589,0.0007290841895155609,-0.0009468896314501762,-0.0010924877133220434,0.0003016948758158833,-7.438346074195579e-05,-0.0019773757085204124,0.0005059373215772212,-0.000707472616340965,8.446694846497849e-05,0.00024900573771446943,0.0028422181494534016,0.0004524684336502105,-0.0007516331388615072,-0.0007239156984724104,0.0012792048510164022,-1.0882542483159341e-05,0.0014161770232021809,-0.0014317902969196439,2.8534832381410524e-05,0.0006967724766582251,-0.0012637351173907518,0.0010988457361236215,-0.0006733995396643877,-0.0001516995398560539,0.0015214391751214862,0.000670962908770889,-0.000323569867759943,0.0011976356618106365,-0.0002405722188996151
dose16k_A_s0,00216.png,-0.0006740344688296318,-0.0014838314382359385,-3.420563734835014e-05,0.0005772143485955894,-0.0012006748002022505,0.001117540872655809,0.000612762407399714,0.0003238275821786374,-0.0007148282020352781,0.0012322161346673965,-0.0013522348599508405,-0.0010674551595002413,-0.00030756896012462676,-0.0017585228197276592,0.0003460161678958684,-0.00011680812167469412,-0.0009470733348280191,-0.0008515636436641216,-0.0010954535100609064,-0.001010050647892058,0.0008458459051325917,-0.0017434495966881514,-0.0011503054993227124,-0.0011794258607551455,0.00044978922232985497,-0.0005042165284976363,0.00016367630450986326,0.0001913098676595837,-0.00025424131308682263,-0.0008250335231423378,-0.00023868712014518678,0.00011717338929884136,0.00040003840695135295,-0.00034338224213570356,-0.0006925536436028779
dose16k_A_s0,00217.png,-0.0012879796558991075,-0.0014857676578685641,-0.00028626108542084694,0.0017281027976423502,-0.0003890356165356934,0.000499528890941292,0.00010915144230239093,-0.0004616080841515213,-0.0008729258552193642,-0.0009433395462110639,0.0007181046530604362,0.0006967282970435917,-3.23436688631773e-05,0.0015178550966084003,-0.0006500433082692325,0.0011672620894387364,0.000425786420237273,0.0004480656352825463,0.000786300515756011,0.0008759890915825963,0.0002907782036345452,-0.0007352064130827785,0.0004991217865608633,0.0006374830845743418,-0.0009032392990775406,4.701820216723718e-05,-0.0011279040481895208,0.00017711783584672958,-0.0008824315737001598,-0.0012084002373740077,-0.00010635465878294781,0.00034538228646852076,-0.000665420840959996,-0.0009061660384759307,-9.208271512761712e-05
dose16k_A_s0,00218.png,0.00033558314316906035,-0.0016280746785923839,-3.525522697600536e-05,0.0005540598649531603,-0.0010356686543673277,-0.001277999603189528,-0.0007385652861557901,0.00048465857980772853,0.0007958670612424612,-0.0007028629770502448,-0.0004421333142090589,-7.949937571538612e-05,-0.0015823559369891882,-0.001913007814437151,-0.0002015384379774332,-4.102674938621931e-05,-0.0011929682223126292,0.001457125530578196,-5.778548074886203e-05,-0.0004926095134578645,-0.0003419314161874354,0.00018510893278289586,0.0018155684228986502,0.00022785927285440266,-0.00017925056454259902,0.0003375867963768542,0.00027401145780459046,-0.0014842175878584385,0.0011097490787506104,0.0003641834482550621,0.0003558382159098983,-0.0011931954650208354,0.0011303236242383718,5.798210622742772e-05,-0.0013053111033514142
dose16k_A_s0,00219.png,-0.0005178406136110425,-0.00017789180856198072,-0.00011777487088693306,0.0010149840964004397,-0.0018777110381051898,-0.00046907973592169583,0.00043946976074948907,0.00021147482038941234,0.0009508354705758393,0.0005554203526116908,-0.0007251146016642451,4.8242225602734834e-05,0.001174133038148284,-0.0009212265722453594,0.0005214091506786644,0.0011105731828138232,0.0001517586351837963,-0.0009555949363857508,-0.00026121208793483675,0.00012305799464229494,-0.00027444001170806587,-0.00022782805899623781,-3.9741753425914794e-05,0.0004284616152290255,0.0005061204428784549,1.2977720871276688e-05,0.0011823917739093304,0.00023885561677161604,-0.0007916312315501273,-0.00013038687757216394,0.0010455239098519087,-0.0012110546231269836,1.889525265141856e-05,-0.0007426638039760292,-6.117039447417483e-05
dose16k_A_s0,00220.png,0.0016652579652145505,0.0009851919021457434,-0.0013148064026609063,-0.00047236113459803164,0.0008526685414835811,-0.0006216515903361142,0.00037099880864843726,-0.00013637517986353487,-0.0003219799546059221,0.0005135620012879372,0.0005346061079762876,0.000233958286116831,-0.00042360619409009814,-0.0005370835424400866,-0.0005585112376138568,-0.001050771912559867,0.0013731815852224827,-0.0007499602506868541,0.0008446426363661885,-1.980111665034201e-05,-0.00023650695220567286,2.463123200868722e-05,-0.0013159967493265867,-0.0009361653355881572,1.053632968250895e-05,-0.0007438248721882701,-4.868426185566932e-05,0.0015723960241302848,-0.0009494366822764277,-0.0006234817556105554,6.396885146386921e-05,-0.00017294890130870044,0.0005028045852668583,0.0019367339555174112,0.0003524654603097588
dose16k_A_s0,00221.png,-0.0001702742447378114,0.00010315465624444187,0.0002571028599049896,-0.00072953273775056,0.0003170340496581048,-0.0024806326255202293,-0.00040227576391771436,-0.0007272870861925185,-0.00024107066565193236,0.0016603015828877687,0.00015838276885915548,-0.000939489749725908,-0.0012430805945768952,0.0012515740236267447,-0.0003759975079447031,-0.001270132721401751,0.0006192796863615513,-0.001434098114259541,0.00027847441378980875,-0.0003630338469520211,-0.0012054172111675143,5.161977605894208e-05,-0.0009087009239010513,0.0008825176046229899,0.0008115725941024721,9.033072274178267e-05,-0.0009619146003387868,0.00047514389734715223,-0.001126706600189209,-0.0007728795171715319,0.00034405538463033736,0.0006063456530682743,0.0006352668860927224,-0.001137618673965335,0.00010989881411660463
dose16k_A_s0,00222.png,0.0010780028533190489,0.0011593418894335628,-2.735081761784386e-05,0.00022940209601074457,-0.0018210888374596834,-0.0008859183872118592,-0.0008459057426080108,0.0018084794282913208,0.000828082556836307,0.0016443092608824372,-0.0005398399080149829,0.0014827863778918982,-0.0007152035250328481,0.0010571297025308013,-0.0006411056965589523,0.0008159005083143711,-0.00021096605632919818,0.00026184553280472755,-0.001928961370140314,-0.0003479761944618076,-0.0008587267366237938,-0.0010548781137913465,0.002291780663654208,0.0009197134640999138,0.0010165441781282425,0.0009897379204630852,-0.000737506547011435,-3.7036792491562665e-05,-0.0010902342619374394,0.00040740787517279387,0.0011274286080151796,-8.463668928015977e-05,0.00027756381314247847,-0.000518332701176405,-0.002006052527576685
dose16k_A_s0,00223.png,0.0008058245293796062,0.0012238977942615747,-0.00033843054552562535,0.00029599230038002133,0.002106466330587864,-0.0010412043193355203,0.0017768433317542076,0.0003601936623454094,0.00029868350247852504,0.00010321153240511194,0.00016092714213300496,3.5721393942367285e-05,-0.00011799889034591615,-0.00040279136737808585,-0.0008096509263850749,-0.0017160979332402349,0.0002242622576886788,-0.0009349679457955062,-0.0008699846803210676,-0.0010336691047996283,0.0005313202273100615,0.0017384692328050733,-0.0011280094040557742,-0.0005471979966387153,0.0005037647788412869,-2.4403168936260045e-05,8.024981070775539e-05,0.0010238513350486755,-0.0011698936577886343,-7.775993435643613e-05,-0.0010969731956720352,-9.597685129847378e-05,-0.00045692265848629177,-0.00021064489556010813,-0.0010786950588226318
dose16k_A_s0,00228.png,0.0002763026568572968,-1.0521121112105902e-05,0.0015945833874866366,0.0013419375754892826,0.00040212314343079925,0.0007169488235376775,0.0004939290811307728,-8.343872468685731e-05,-0.0005319304182194173,-0.0013528643175959587,0.0003686367126647383,0.0003032033273484558,-0.0008898689993657172,0.0009031238150782883,-0.0009306143037974834,0.0012326606083661318,0.00047393509885296226,-0.0005720852641388774,0.0013193824561312795,0.0009922136086970568,-0.0003210541035514325,-0.00040230987360700965,0.0017462981631979346,-0.0008328628027811646,-0.00046837900299578905,0.001336576184257865,-0.0003967549419030547,8.698028250364587e-05,-0.0008773733861744404,0.0009481408051215112,-0.0009233831078745425,-0.00019320468709338456,-0.00023103984131012112,-0.000118786767416168,-0.00012362049892544746
dose16k_A_s0,00229.png,0.000690298737026751,-0.0007072285516187549,-0.00033503814483992755,0.0024686867836862803,-0.00011826532136183232,8.392914605792612e-05,-0.0004030191630590707,0.00042254471918568015,0.0010173226473852992,-0.0020810451824218035,0.0004823875497095287,0.00014033880142960697,0.0005923061398789287,-0.0009184636292047799,-0.00033464154694229364,0.00011849209113279358,-0.00048507790779694915,-0.000589009141549468,0.0006833059596829116,0.0007564745610579848,5.3812873375136405e-05,-0.0019492526771500707,-0.0008889414602890611,0.0005553337978199124,0.00035082263639196754,0.000733814958948642,-0.0003278843068983406,0.0014436511555686593,-0.00046021866728551686,-0.002102488651871681,-0.00041814681026153266,-0.0011001176899299026,-0.0005725731025449932,0.00187311926856637,-0.0007613417110405862
dose16k_A_s0,00230.png,0.001461598789319396,0.0010803696932271123,-0.0007618988747708499,0.0002988288179039955,0.0019767077174037695,0.0014453396433964372,-0.00017225689953193069,-0.0005630212253890932,0.0010435355361551046,-0.0008356168982572854,-0.0003255398478358984,-0.0018449921626597643,-0.00022492482094094157,0.000741202849894762,-0.0005429009324871004,-0.000472076702862978,-0.0006000110879540443,0.00011290055408608168,3.15192955895327e-05,-0.0007210898911580443,-0.00028647331055253744,0.0002035689540207386,0.0005353564629331231,0.0008879686356522143,0.0006731982575729489,-4.137344512855634e-05,-0.0005447386647574604,-0.0005485921865329146,7.927807746455073e-05,-0.0009452140075154603,-0.0009774984791874886,0.0003238316858187318,7.380577153526247e-05,4.043633089167997e-05,0.0004017567844130099
dose16k_A_s0,00231.png,-0.00047317257849499583,0.0005039735115133226,-0.0014185399049893022,0.0017947668675333261,0.0010528158163651824,0.00020630894869100302,0.00032981563708744943,-6.794044747948647e-05,0.0005052501801401377,0.0010143767576664686,-0.0004824852221645415,-0.0008172756643034518,0.0010592096950858831,-0.00043446948984637856,0.0012541196774691343,0.00033202324993908405,0.00042001967085525393,0.0010042592184618115,-0.0009894747054204345,-9.806676825974137e-05,-0.0004299784195609391,-0.0001766590867191553,-0.0005065916338935494,5.248654633760452e-05,0.0003889949875883758,0.0004800141614396125,-0.00045783392852172256,0.001410498982295394,-0.00022192677715793252,0.00019960511417593807,0.001384401461109519,0.0003101179318036884,-0.0013786624185740948,-0.0016004514181986451,-0.0007197835948318243
dose16k_A_s0,00224.png,0.0006832679500803351,-4.741007069242187e-05,-0.0003156073798891157,-0.003733119461685419,-0.0012925794580951333,0.001851339708082378,-0.0013464990770444274,-0.00014837855997029692,-0.0021494473330676556,0.000607893627602607,-0.0015544501366093755,0.0003706325951498002,-0.000905925699044019,-0.0008578358683735132,0.00016521176439709961,0.00099756324198097,-2.8522068532765843e-05,0.0009830433409661055,-0.0020358639303594828,0.002091458532959223,-0.00017130817286670208,-0.0016672215424478054,-3.910281520802528e-05,-0.0011608939385041595,-0.0009943436598405242,-0.0008423611870966852,0.0006354061188176274,-0.0013245828449726105,0.0012063756585121155,0.002691245637834072,-0.0010393662378191948,0.0010784125188365579,-0.0005738901090808213,5.9378657169872895e-05,0.00028543928056024015
dose16k_A_s0,00225.png,0.00028856322751380503,0.0012341240653768182,-0.0012876625405624509,0.0005074230721220374,-0.0007949919672682881,0.00014305587683338672,0.00016851144027896225,-0.00013560552906710654,-0.0005707226227968931,-0.000261916866293177,-0.00012119911843910813,-0.00015562947373837233,0.0020632538944482803,-0.00021731150627601892,-0.001008833758533001,0.00048170669469982386,0.0005021661636419594,0.0010497458279132843,-0.0011610707733780146,-0.00046631728764623404,0.0005909046158194542,-0.0007607965962961316,6.059068255126476e-05,-3.5365861549507827e-05,-0.0002543523733038455,-0.0003476325364317745,-0.000187401965376921,0.0005257580196484923,0.0001734659163048491,-0.0006601595669053495,-0.0005532965296879411,-0.0008231741958297789,-0.00016841069736983627,0.00010088244744110852,-0.0021925289183855057
dose16k_A_s0,00226.png,-0.0013532484881579876,-0.00123394257389009,0.0012700149090960622,-0.0009161463240161538,-0.0008995429379865527,0.0005310276173986495,-7.853277202229947e-05,0.0006916112033650279,0.0004172646440565586,-0.0006040574517101049,0.001432285993359983,-0.0008873281185515225,0.00045237294398248196,0.001792576047591865,0.00014919377281330526,-0.0009648980339989066,0.00045638863230124116,0.0007950327708385885,0.000661197176668793,-0.0006722408579662442,0.000701728742569685,0.0027825389988720417,0.0015583030181005597,0.0005390006117522717,-0.000690885994117707,-0.0022737192921340466,0.0006664503598585725,0.0005640320596285164,0.0009473467944189906,0.0008681630133651197,-0.0007100221700966358,-0.0002816783089656383,-4.321557571529411e-05,4.025046291644685e-05,0.0016759542049840093
dose16k_A_s0,00227.png,-0.0013555536279454827,-0.0007863131468184292,-0.000843777961563319,0.0015380665427073836,0.001895230496302247,-0.0003939499147236347,0.0013846363872289658,-0.0012712505413219333,-0.0010935358004644513,0.00023420833167620003,0.00010454140283400193,-0.001091269077733159,0.0010532981250435114,-0.0005842811660841107,-0.001451220945455134,-0.00012142592458985746,-0.00025311001809313893,0.0011377696646377444,-0.000833904545288533,0.0005160265136510134,0.00036871753400191665,0.0002663081104401499,0.0001149913587141782,-0.00016436996520496905,-0.0003501672181300819,0.0008041926776058972,-0.0015546069480478764,0.0009417833061888814,0.0007864879444241524,0.0007971333689056337,-0.0006746356375515461,0.0011429480509832501,0.0011165763717144728,-0.0011596763506531715,0.001909908838570118
dose16k_A_s0,00232.png,-0.0012536690337583423,0.00022248808818403631,0.0003648822894319892,-0.0006748426822014153,0.001138733816333115,0.002377596916630864,-4.200041985313874e-06,9.958908049156889e-05,0.0015090545639395714,-0.001772261573933065,-3.5963564641861012e-06,-0.0002158786082873121,7.825694774510339e-05,0.0008486739243380725,-0.0007598964148201048,0.00023030047304928303,0.0002286085655214265,0.0003310177125968039,-0.0004531275189947337,0.0013371887616813183,6.343806489894632e-06,0.0004790142411366105,0.0008387552807107568,-9.266015695175156e-05,-0.0005745132220908999,0.00027337303617969155,-0.001187926740385592,0.000753195839934051,-0.0002514332882128656,0.0004417038871906698,-0.0019866814836859703,0.0019076729658991098,-0.0003592457214836031,0.0006672122399322689,0.001354962820187211
dose16k_A_s0,00233.png,-0.0011762198992073536,0.0004377535660751164,-0.0005888486048206687,0.0005649856175296009,0.0004500207433011383,-0.0009508286020718515,-0.0004251816717442125,-0.000830459815915674,0.00034645458799786866,0.0006637673359364271,-0.0001502637896919623,-0.0010932229924947023,-0.0005520788254216313,0.0004685152671299875,0.0007956159533932805,-0.0003080390742979944,0.0007830464164726436,-0.002323377411812544,-0.001035038148984313,0.0014091163175180554,0.00024400395341217518,0.0007176341023296118,0.0005006390274502337,-0.0010565351694822311,-2.6030744265881367e-05,-0.0004014908627141267,-0.0008972804062068462,0.0005134117673151195,1.3009356734983157e-05,-0.0002937782555818558,-0.0006878231652081013,0.0015009997878223658,-0.0011576329125091434,-0.00034014726406894624,2.7958370992564596e-05
dose16k_A_s0,00234.png,0.0005844850093126297,0.0015404848381876945,-0.00028336828108876944,0.0013078050687909126,0.0006923163309693336,-0.0004454902664292604,-0.0005192392854951322,0.0006761047407053411,0.00021573285630438477,0.0004388641391415149,-0.0007236349047161639,-0.0008313860162161291,0.00023557642998639494,-0.00039069735794328153,-0.0005827238783240318,-0.0020939153619110584,0.0009425175376236439,-0.001623291987925768,0.0017708163941279054,0.0019190778257325292,0.00115871278103441,-0.00016066494572442025,-0.0022036393638700247,-0.00020413885067682713,0.0006155749433673918,0.0007084826356731355,0.0001001003838609904,-8.669744420330971e-05,-0.001223015016876161,0.0029296211432665586,0.0002603539905976504,0.0011075789807364345,0.0006296466453932226,0.0013800131855532527,-0.00024204379587899894
dose16k_A_s0,00235.png,0.0010165807325392962,0.0013329234207049012,0.0002172278327634558,-0.00163576181512326,-0.0007834152202121913,-0.0018876420799642801,0.0009178693289868534,0.0015568031230941415,0.00011860776430694386,0.0006296425126492977,0.0006894511170685291,6.56638148939237e-05,-0.0006892450037412345,0.0005815296899527311,0.0008319581975229084,0.0028620902448892593,0.0009373626671731472,0.000285633112071082,-8.142096339724958e-05,0.0008465929422527552,0.00028105403180234134,-0.00010600822861306369,-0.0004688561020884663,-6.440174183808267e-05,0.0005001001409254968,4.50876768809394e-06,-0.0015331247122958302,0.0006422293954528868,0.001138039631769061,0.000321882835123688,0.0019088723929598927,0.0009799185208976269,-6.570314144482836e-05,0.00017763634969014674,-0.0005174435791559517
dose16k_A_s0,00236.png,-9.959796443581581e-05,0.0006923138862475753,0.00021517359709832817,-0.0006118440069258213,0.0024431589990854263,0.0004673329822253436,0.00036424704012461007,0.000842002802528441,-0.0005202775937505066,-0.00012888576020486653,0.0008786839316599071,0.0007147310534492135,-0.000742248899769038,0.00011620512668741867,-1.2689240065810736e-05,0.0013073895825073123,-0.0009309577872045338,-0.0011421394301578403,-0.0008783558150753379,0.0007050092099234462,0.0010444880463182926,-0.000947793887462467,-0.0008227278012782335,0.0010424709180369973,0.0007840229081921279,-0.0011494184145703912,-0.0004574343911372125,0.0008582127629779279,0.0008723181090317667,0.0003910428495146334,-0.0014587537152692676,0.0006988249369896948,0.0014243499608710408,-1.3365723134484142e-05,-0.0015638163313269615
dose16k_A_s0,00237.png,0.0005344009259715676,0.0006974909920245409,-0.00041487833368591964,0.0013106174301356077,-0.002877702470868826,0.0004756090638693422,0.00019589134899433702,-0.00013540941290557384,0.0007826634682714939,-0.0012634877348318696,-0.0003023974131792784,0.0017864764668047428,0.0008458046359010041,-0.0015399520052596927,-0.00046122726052999496,0.0007132606115192175,0.0018684080569073558,-0.002226717071607709,-0.000691453053150326,0.0010452161077409983,0.0022503721993416548,-0.0006630631978623569,-0.0014375310856848955,0.0008865354466252029,0.0009360929834656417,-0.0011606111656874418,0.0003500017337501049,0.00014210323570296168,0.0005944053991697729,-0.0003620907082222402,-9.763224079506472e-05,-0.00021080470469314605,-0.0012181556085124612,0.0009702350362204015,-0.0007415669970214367
dose16k_A_s0,00238.png,0.00020154060621280223,0.0014376523904502392,0.00014704432396683842,-0.0016776865813881159,-0.001941591501235962,0.00044027529656887054,0.00189217587467283,-8.8168126239907e-05,0.0005996239488013089,0.000866741465870291,0.00014946816372685134,0.0006442346493713558,-0.00020737721933983266,0.0014328531688079238,0.0018684425158426166,-0.0001487389818066731,-0.0012301000533625484,-0.0001568878215039149,-0.00010787643259391189,-9.277356730308384e-05,0.0015422457363456488,7.945454126456752e-05,-0.00029761274345219135,-1.3770355508313514e-05,0.0002693107526283711,0.0005633253022097051,-0.0025315138045698404,0.0014883271651342511,-0.0001433219003956765,0.0005803826497867703,-0.00030724555836059153,0.0016435289289802313,-0.0006904717884026468,0.0015147061785683036,0.0001190931725432165
dose16k_A_s0,00239.png,0.0014811399159952998,0.0011698459275066853,0.001075987471267581,7.380577153526247e-05,0.00020180581486783922,-0.0007149325683712959,0.0005651862011291087,0.0001441468484699726,0.0010729556670412421,-0.0007557811914011836,-8.154111128533259e-06,0.0004905221285298467,-0.0014076816150918603,-0.0003366840537637472,0.00045631962711922824,0.00013897233293391764,-0.0013543181121349335,0.0016774821560829878,0.0008533530635759234,0.00014801578072365373,-0.00017628699424676597,0.0012523358454927802,0.00020103204587940127,5.8446647017262876e-05,-0.0006735007627867162,-0.0020664497278630733,0.0017566237365826964,-0.0007910878630355,-0.0002747460675891489,1.8265005564899184e-05,2.0324969227658585e-05,-0.0008498794049955904,-0.00044074392644688487,-0.0008059844258241355,-0.00020335920271463692
dose16k_A_s0,00240.png,0.000726464088074863,0.0003969711542595178,0.00031696748919785023,0.000512167636770755,0.0007240551058202982,-2.534513441787567e-05,0.0008621282177045941,-0.00012928390060551465,0.00023456673079635948,-0.0011544006410986185,0.00045746206887997687,0.00034019045415334404,4.252158760209568e-05,-0.001443399116396904,-0.0006919043371453881,0.0012272960739210248,0.0015175689477473497,0.0006159989279694855,-0.0006981563637964427,-9.106298966798931e-05,0.0008284106152132154,0.0003791853378061205,0.00037479144521057606,-0.0010780520970001817,0.0004551512829493731,-3.365193833815283e-06,-0.001053790096193552,-0.0010047060204669833,0.0020013016182929277,0.0004903349909000099,-0.00015249746502377093,-0.001293511362746358,-0.0006889973883517087,0.0001692964433459565,0.00102241151034832
dose16k_A_s0,00241.png,-0.0005040059331804514,-0.00043980585178360343,0.0005078872200101614,-0.000916919729206711,0.0001448547700420022,3.4776752727339044e-05,0.0007829866372048855,0.0005513798678293824,0.00016440570470876992,0.00019571511074900627,-0.0013664817670360208,0.0009734627092257142,0.0016379454173147678,-0.0005614961846731603,-0.0009565458749420941,-0.0006115124560892582,0.0006850372301414609,0.00106072798371315,0.0008819053182378411,0.00014240537711884826,-0.0017261403845623136,-0.0001345849159406498,0.00030759716173633933,0.0008897137013264,0.0006668059504590929,0.0014368260744959116,-0.0005674099083989859,0.0005544518353417516,0.0003086318902205676,0.0001634797954466194,-0.002288742922246456,-0.0006864891038276255,-0.0016901855124160647,-2.844923255906906e-05,0.0010561945382505655
dose16k_A_s0,00242.png,-0.00020333398424554616,0.0006846279720775783,-0.0013647549785673618,0.003925979137420654,0.0006640337524004281,0.0005077970563434064,-0.000701524259056896,-0.00030640882323496044,0.0010390704264864326,-0.0005772716249339283,-0.0016186591237783432,0.0017195951659232378,-0.0018567772349342704,0.0013953845482319593,-0.0003867539344355464,-0.0003218925266992301,0.0004470557614695281,0.00031382893212139606,0.00023636510013602674,-0.001834015711210668,-0.0008335376624017954,-0.00033849265309982,-0.00030281790532171726,-0.0010985980043187737,0.0013641446130350232,-0.0007832569535821676,0.0006777328089810908,-0.0018475684337317944,-0.0005792928859591484,-0.001160604995675385,6.855150422779843e-05,0.00036260817432776093,0.0006737009971402586,0.0019049778347834945,0.0006462282035499811
dose16k_A_s0,00243.png,0.0019357335986569524,5.7714882132131606e-05,0.00010929603013209999,0.0005545744788832963,-0.0014233347028493881,-0.001772817806340754,-0.00016178976511582732,0.0008520119008608162,-0.0002272197016282007,-0.0007037732284516096,-0.00016124924877658486,0.0008848198922351003,0.0010648577008396387,-0.001789222820661962,-0.0015273978933691978,0.0005006536957807839,-0.00043274348718114197,-0.0010562430834397674,0.0001363080518785864,-0.0006922344327904284,-0.0007074470049701631,-0.00026079954113811255,0.0014787806430831552,-0.0012744038831442595,0.0014011007733643055,2.2424232156481594e-05,5.656940265907906e-05,0.0005984713789075613,0.0005123785231262445,0.0008503347053192556,-0.00029509307933039963,0.0008098717080429196,-0.00015860491839703172,-0.0009052298846654594,-0.0005997103871777654
dose16k_A_s0,00248.png,0.00016529692220501602,-0.0010827126679942012,0.0008123308070935309,0.001861073891632259,0.000847130490001291,0.00031510755070485175,-0.001827398780733347,0.00010039228072855622,0.002204138319939375,-0.0003627160913310945,0.0014566038735210896,0.0003569150867406279,-0.00045204514754004776,0.0007404748466797173,-0.0007659555994905531,-0.0004232032224535942,0.0012944533955305815,0.0006505620549432933,-0.0011388296261429787,-0.0003287740400992334,0.0010627673473209143,0.000945245788898319,-0.0006109453970566392,-0.0014786883257329464,-0.00021422373538371176,0.0003812429786194116,-0.0004818109155166894,-0.0003673307364806533,4.3928994273301214e-05,0.0008444878039881587,0.0006092352559790015,0.00130798842292279,0.001155200065113604,0.0012390018673613667,-0.0014425539411604404
dose16k_A_s0,00249.png,0.0003013441455550492,-0.0005046433070674539,0.0005288243992254138,0.00045098279952071607,-0.0005930107436142862,0.0001780265592969954,8.05013332865201e-05,-0.00016914431762415916,-0.0009664632380008698,-0.00032105250284075737,0.0003550552937667817,0.00019258602696936578,0.00023907204740680754,-0.0018483634339645505,-0.0007075922330841422,0.0016031147679314017,4.178018934908323e-05,0.0005931284977123141,0.0003110847610514611,0.0016147422138601542,0.0002562637091614306,-0.0016893658321350813,0.0006165018421597779,-0.0006041766609996557,-2.6764226277009584e-05,0.00084992207121104,-0.0005243307095952332,0.0009426632896065712,0.000397564988816157,0.00019368890207260847,0.0009103104239329696,0.0014860808150842786,0.0017711352556943893,-0.0013481599744409323,0.0006200104835443199
dose16k_B_s0,00000.png,-0.0010800235904753208,-0.0002747757826000452,0.0012273162137717009,0.00026830239221453667,0.0017781030619516969,0.000305440800730139,0.0013983672251924872,-0.0005328049301169813,0.0001921277289511636,-0.0004254278901498765,0.0008787538390606642,0.0012245356338098645,-0.0006020356668159366,3.0255134333856404e-05,-0.0012756525538861752,0.00042579000000841916,-0.0013666931772604585,0.0008737720781937242,-0.0004863398789893836,0.0013755590189248323,-0.0017762903589755297,-0.00033497795811854303,0.001509214984253049,-0.0004970903391949832,0.0018289302242919803,0.00047446638927794993,0.0006055525154806674,-0.00044396021985448897,0.0013413570122793317,-4.3563242797972634e-05,-0.001915149507112801,-0.0008170771761797369,-0.0015487725613638759,0.0006974358693696558,0.0005571838701143861
dose16k_B_s0,00001.png,-0.0014690037351101637,-0.0016178095247596502,0.001012806431390345,0.001159757492132485,0.0019643818959593773,-0.000617471756413579,0.0001778413134161383,-0.0001580956159159541,0.0010779568692669272,-0.0002616286219563335,-0.0010952044976875186,0.0007611704641021788,-0.0006713469047099352,-0.0004957104101777077,0.00031299536931328475,0.0002891769399866462,-8.913112105801702e-05,2.5300603738287464e-05,-7.432187703670934e-05,0.0015212867874652147,-0.0017708056839182973,-0.0006751692271791399,-0.00025440441095270216,-0.0012254627654328942,0.000493296654894948,-0.0006177103496156633,6.9217654527165e-05,0.0010776157723739743,0.0010804779594764113,-0.0007163552800193429,0.0004540295631159097,0.001078289933502674,-1.9909517504856922e-05,-0.0006898937281221151,-0.0002837814681697637
dose16k_A_s0,00244.png,0.0013114867033436894,0.0011465048883110285,0.0005311543354764581,-0.0012918072752654552,0.0009065060294233263,0.0014267894439399242,0.0008676361758261919,-0.0007166263530962169,0.0006953685660846531,0.0006038262508809566,0.0005357968620955944,-3.067820486535311e-08,0.0003225704131182283,-7.764241308905184e-05,-8.787244587438181e-05,-0.0017697133589535952,-0.00047486668336205184,0.000822222325950861,0.0013903427170589566,-0.000874495948664844,-0.0007580093224532902,0.00023284906637854874,-0.001074794097803533,-0.0005995591636747122,-0.00048826346755959094,0.0001165813155239448,0.00031974181183613837,-7.310705768759362e-06,-0.0002296889288118109,0.0006629439303651452,0.00015503312170039862,-0.0012794530484825373,-0.0005268094246275723,0.0009451264049857855,-0.0016157630598172545
dose16k_A_s0,00245.png,-8.516006346326321e-06,-0.0023325327783823013,0.0009496351121924818,-0.0013429707614704967,-0.0013610241003334522,-0.0005344575620256364,0.0014230548404157162,0.0011644094483926892,-0.0005840557860210538,0.0002194293774664402,-0.000893343472853303,-0.00022977036132942885,0.00010310376819688827,-0.0015674105379730463,0.0006035909755155444,-0.0003995849983766675,0.0002537778054829687,-0.0010416877921670675,0.00031744458829052746,-0.0005843187100253999,-0.0010009210091084242,8.558878471376374e-05,0.00010439613834023476,0.001496620592661202,-0.0002759735216386616,-0.0006341772968880832,-0.0010759539436548948,0.00029851956060156226,0.00041258474811911583,-0.00013177662913221866,-0.000892207317519933,-0.0011079326504841447,-0.0006574349827133119,0.0005296925664879382,0.0009088019141927361
dose16k_A_s0,00246.png,0.0011314434232190251,-0.0001735164551064372,-0.0009268678841181099,-0.0022636663634330034,0.0016637209337204695,0.0002990697103086859,0.00043081678450107574,-0.0009806655580177903,0.0015259931096807122,-0.0015927235363051295,-9.91314445855096e-05,0.0002544163435231894,0.0005753141012974083,-0.0004384367784950882,0.0005792275769636035,0.001421091496013105,3.16539035338792e-06,-0.0007375650457106531,-0.0001954057370312512,-0.001418760046362877,0.0012686442350968719,0.0004804983036592603,0.001874302513897419,-0.0016267678001895547,0.0019857482984662056,0.0008401944069191813,-0.0018407446332275867,0.001040067756548524,0.000392874819226563,0.00031611762824468315,-0.0007912680157460272,0.0007286668987944722,0.0008645390043966472,-0.0006990304100327194,0.0006451761000789702
dose16k_A_s0,00247.png,0.0008401595987379551,0.00023044647241476923,-0.0007248632027767599,-0.0005688531673513353,0.0005977810942567885,0.0011423005489632487,-0.0002865153946913779,-0.0002784441167023033,-0.0003173011355102062,-0.0006917556165717542,5.26778785570059e-05,-0.001018501352518797,6.921052317920839e-06,-0.0001417245075572282,-0.0011507641756907105,-0.0010052467696368694,0.0004997358773835003,-7.72101484471932e-05,-0.0007505120011046529,-0.0013953251764178276,-0.0003068316727876663,-0.0003410057397559285,0.0008370677242055535,-0.00033420432009734213,-0.00020968478929717094,3.169275078107603e-05,0.00046142094652168453,-0.0010665635345503688,0.0001421710039721802,-0.00033288600388914347,-0.000533257145434618,-0.00027407522429712117,8.115289529087022e-05,-0.00012306471762713045,0.00012219787458889186
dose16k_B_s0,00006.png,0.00035020997165702283,0.002556280931457877,0.0004150252207182348,0.000466631434392184,-0.0001509694120613858,-0.0008817967609502375,0.000231622121646069,-0.0006521902978420258,0.0021416214294731617,0.001227000029757619,-0.0009627414401620626,-0.00037672772305086255,9.73378773778677e-05,-0.0009380642441101372,0.00025137324701063335,0.0010534994071349502,0.000995492679066956,-0.00020724615023937076,-0.0012378133833408356,0.0004322112363297492,-0.0011985612800344825,-8.664730557939038e-05,-0.00026258479920215905,-0.0004674089141190052,-0.0010287623153999448,0.00010226023732684553,-0.0010068812407553196,0.0011361034121364355,0.0011078909737989306,0.0005751642165705562,0.0014262276235967875,-0.0002845794369932264,-0.0011599530698731542,0.0011370829306542873,-0.0007444941438734531
dose16k_B_s0,00007.png,0.0003030758525710553,0.0010085941758006811,-9.854419477051124e-05,0.0006033012177795172,0.0006023148889653385,-0.0006474046967923641,-0.0005478150560520589,0.0009872037917375565,0.00033935889950953424,0.0012909190263599157,4.29921637987718e-05,0.0003237710625398904,-0.0004293431411497295,0.0013538533821702003,-0.0005447885487228632,-0.0019808984361588955,0.0012095484416931868,-0.0007921169162727892,0.00018887483747676015,-9.603977559891064e-06,0.0011375576723366976,-0.00024480954743921757,-0.0010300364810973406,0.0011428386205807328,6.391313945641741e-05,-0.0008626385824754834,-0.0007844917709007859,-0.00015683335368521512,0.0007042072829790413,0.0010749095818027854,-0.00039664554060436785,-0.000148497405461967,0.0006627956172451377,-0.000440947653260082,0.0005617307033389807
dose16k_B_s0,00008.png,-0.001059131813235581,-0.0006919888546690345,0.0005531922215595841,-0.0014699435560032725,0.0008622162858955562,-0.0011419494403526187,0.00047136846114881337,-0.000944030936807394,-0.0009562522755004466,-0.0007544085383415222,-0.00018537223513703793,0.00010590445890557021,-0.00021320006635505706,-0.0006052847602404654,0.0008448611479252577,0.000312886229949072,5.134912134963088e-05,-0.0006889864453114569,-0.0010947268456220627,-0.0006992316339164972,0.00021511576778721064,-8.343502850038931e-05,0.0009331399924121797,-0.0020648695062845945,0.00023843601229600608,-0.002124316291883588,0.00045520911226049066,0.0006720275268889964,-0.0007524435059167445,0.0009058421128429472,0.0002930829068645835,-0.0011487525189295411,-0.00072235066909343,-0.0006400790880434215,-0.0015840138075873256
dose16k_B_s0,00009.png,0.0011254510609433055,-0.000364444509614259,4.922202424495481e-05,0.0013536750338971615,0.0011643585748970509,-0.00043721499969251454,0.001037560636177659,0.0012395934900268912,0.0008962537394836545,0.0002500526315998286,0.0023323683999478817,0.0008872806211002171,-0.0005718303727917373,0.0005122372531332076,0.001514918403699994,0.0008115324308164418,-7.5443717832968105e-06,0.00024522459716536105,-0.00114355213008821,-8.812771557131782e-05,0.001355180167593062,0.0008385168621316552,0.000817054242361337,-0.0005445927963592112,0.001347857411019504,-0.0001170373652712442,-0.00019048758258577436,-0.00031919917091727257,0.000706887396518141,0.0006292118923738599,-4.383980922284536e-05,3.54441799572669e-05,0.000291848904453218,0.0005880860844627023,0.0004483862139750272
dose16k_B_s0,00002.png,-0.000832029152661562,-0.00035303778713569045,0.0008099525584839284,-0.00021895975805819035,-0.00030902246362529695,0.0014410769799724221,0.0006916034617461264,0.0014232199173420668,0.0012169575784355402,0.0007824510103091598,0.0006913567776791751,0.000619542901404202,-0.0007419124012812972,0.00010078653576783836,0.0005505712470039725,-0.0013463246868923306,-0.0005759259220212698,0.0018586127553135157,-0.00040350467315874994,-0.0010651685297489166,0.00017074921925086528,-9.112873158301227e-06,-0.00037700735265389085,-6.397772813215852e-05,0.00043643618118949234,0.0005398452049121261,0.00043414701940491796,0.00014719377213623375,-0.0004367812070995569,-0.0012558549642562866,0.0007419504690915346,0.00018174416618421674,-0.00023435022740159184,6.11885934631573e-06,0.0003777380334213376
dose16k_B_s0,00003.png,-0.0010492004221305251,0.0006919780280441046,-0.00016321153088938445,0.00012797625095117837,0.000787171593401581,-0.0008501132251694798,-0.0008173697860911489,-0.0002098712866427377,0.00023667664208915085,0.0009585518855601549,8.607724885223433e-05,7.000604091444984e-05,-0.000985893071629107,0.00046770682092756033,-0.0007716707186773419,-0.00014605677279178053,0.0004723540914710611,-0.0017963300924748182,-0.0009789287578314543,-0.0008412502938881516,-0.00138305954169482,0.0013609364395961165,0.0002954287047032267,-0.001547156716696918,-0.0015467124758288264,0.0017090348992496729,-0.00019394123228266835,-0.0007264249725267291,-0.00047512497985735536,0.0007114152540452778,0.0014491797192022204,-0.00014434035983867943,-0.0001810703834053129,0.0013839862076565623,-0.004367212299257517
dose16k_B_s0,00004.png,0.0003483705222606659,-0.0004998001968488097,-0.0003161850036121905,-0.0004047699912916869,0.0027411344926804304,0.00038848325493745506,-0.0005344895180314779,-0.001111913239583373,0.00046143820509314537,-0.0009054582333192229,0.0010799351148307323,0.0007838545134291053,-0.0011213670950382948,0.0006280062370933592,9.669505379861221e-05,0.0006334282224997878,0.0001252073998330161,-0.0011074799112975597,-0.0003513821284286678,0.0005188197828829288,0.0009120896575041115,-0.001774778589606285,0.0009500828455202281,0.0006529720849357545,-0.0002797020133584738,4.1831444832496345e-05,0.001983935944736004,0.0010106664849445224,0.0002928279573097825,0.00038495304761454463,-9.155286534223706e-05,0.00019472814165055752,9.746507566887885e-05,0.00039439366082660854,-0.0007819028105586767
dose16k_B_s0,00005.png,-0.0005118491826578975,-0.0016714042285457253,0.0002752115251496434,-0.0010839900933206081,-0.0006277026841416955,0.0011915514478459954,-0.0006123562925495207,0.0008275911095552146,0.0004609416355378926,0.00040706011350266635,0.00040996583993546665,0.0008659426239319146,-0.00013657585077453405,0.0022690542973577976,-0.0008662075269967318,0.0006856603431515396,5.084615622763522e-05,-0.0001629847101867199,0.0011482718400657177,-0.0008281145710498095,-0.00034249824238941073,0.00018505049229133874,0.00022556631301995367,-0.00016064602823462337,-0.000720312527846545,0.0005228807567618787,-0.00022157929197419435,-0.0016165856504812837,-0.002146932063624263,-0.000810993486084044,0.00214954512193799,0.00022280012490227818,0.00018319931405130774,0.0005804022075608373,0.0007923912489786744
dose16k_B_s0,00010.png,0.0004268353804945946,0.0005414564511738718,0.0003376690438017249,-3.941137038054876e-05,-0.0017448451835662127,-0.0003357488021720201,-0.0010512034641578794,-0.000554383615963161,0.0005150776705704629,-0.0002634963020682335,0.000616347067989409,-0.0009371646447107196,0.0004963839892297983,-0.00032580579863861203,-0.0015934499679133296,-0.000748898833990097,-0.0008281515329144895,-4.386843284009956e-05,0.0008413969771936536,0.0007210010080598295,0.000680493307299912,0.0001436432939954102,-0.0011216610437259078,-0.001307141617871821,0.00023665785556659102,0.0009764199494384229,-0.0004010035772807896,-0.0006836822140030563,-0.001099933055229485,-0.00044031141442246735,0.0002859623928088695,-0.003212392795830965,0.0005818838835693896,-0.000249849894316867,-0.0007896511233411729
dose16k_B_s0,00011.png,0.001786914188414812,0.0022734575904905796,-0.0008987293113023043,-0.0008491577464155853,-0.0015288986032828689,0.0004145068523939699,-0.000679279153700918,-0.0001782670005923137,-0.0015902493614703417,-0.00034669911838136613,-1.73632797668688e-05,0.00022281984274741262,-0.0004860457847826183,-0.0009056281996890903,0.00033470444031991065,-0.00010672053758753464,0.0011884362902492285,-0.001182475360110402,-0.0015036823460832238,0.0005265612853690982,-0.0003405365569051355,0.0012498755240812898,-0.0018776776269078255,0.00019228633027523756,-0.0004974050098098814,-0.0014187496853992343,-0.00039865676080808043,0.00017308213864453137,7.849578832974657e-05,0.00011483693378977478,-0.0008570559439249337,-0.0002323779626749456,-0.0008867092547006905,-0.0005593732930719852,-3.50337904819753e-05
dose16k_B_s0,00012.png,-0.0003514125128276646,0.0005179558065719903,0.0008053909405134618,0.0023286212235689163,0.00046459093573503196,-0.0005801033694297075,0.0003196050529368222,-0.001401263289153576,-0.0010899200569838285,0.0009731600875966251,0.0003872595261782408,-0.0005583076272159815,-1.1782779438362923e-05,-0.00047655586968176067,0.0007917078910395503,-0.0005358648486435413,0.0007126529817469418,0.0018046332988888025,-0.0009101714240387082,-0.0018230141140520573,3.307630686322227e-05,0.001802911632694304,0.0008960082777775824,0.0005495626828633249,-0.00047281887964345515,-0.0007829422247596085,0.0008057344821281731,-0.0010170922614634037,-0.0011139314156025648,0.0005592737579718232,0.0016351760132238269,-0.00089026935165748,-0.000728844664990902,0.0003878141287714243,-0.0009084147168323398
dose16k_B_s0,00013.png,-0.0007418709574267268,-0.00020969304023310542,-0.00018282784731127322,-0.0002913478820119053,-0.001586941652931273,0.0018000666750594974,-0.0002564845490269363,0.001187343499623239,-0.0005712106940336525,0.000961120065767318,0.002090886700898409,-0.0020047060679644346,-0.0007611187174916267,-0.00020185249741189182,0.0016285026213154197,-0.0015472189988940954,0.0013994132168591022,0.00023823804804123938,0.0005236311699263752,0.0009373279171995819,-0.00026550618349574506,-0.00023618535487912595,0.0002768751874100417,-0.002632217016071081,0.0014580858405679464,-0.000887159607373178,-0.001237102784216404,0.0012015877291560173,-0.00014404099783860147,-0.0002913697680924088,-0.0006217139307409525,0.0008455644128844142,-0.00010177859803661704,0.0006138955941423774,0.0005515701486729085
dose16k_B_s0,00014.png,-0.00042349420255050063,-0.0005999493296258152,-0.000496087537612766,-0.0004566450079437345,-0.0008908393210731447,-0.0012276910711079836,0.0003987800155300647,0.0006385342567227781,-0.0012154720025137067,0.00023851532023400068,-0.00011415951303206384,0.0014948109164834023,5.0164922868134454e-05,-1.9969160348409787e-05,-0.001865633763372898,0.0006802072748541832,0.001691440469585359,-0.00016753490490373224,-0.00011048569285776466,-5.846018029842526e-05,0.00014203910541255027,0.0023112730123102665,-0.00011383801029296592,-0.0015681111253798008,0.0004265402094461024,-0.0010621538385748863,-0.0008669134113006294,-0.0007921323995105922,0.00030397760565392673,-0.00042187233339063823,1.6729720300645567e-05,-5.593833338934928e-05,-0.0005726228118874133,-0.0011433135950937867,0.00023357762256637216
dose16k_B_s0,00015.png,-0.0003746218280866742,-0.000894429162144661,-0.00015273800818249583,0.0004192997876089066,0.0004409127577673644,-0.0009297486976720393,0.00028086008387617767,0.0013235072838142514,0.0021887875627726316,0.0006976427393965423,0.0008829497382976115,0.0007535071345046163,-0.0008941757259890437,-0.001136421924456954,0.0004971610615029931,-0.0005085105658508837,-0.001366999582387507,-0.00045350147411227226,0.001479309517890215,-0.00029776946757920086,0.0003259264922235161,0.0002464103454258293,0.0011357777984812856,0.0001710994984023273,0.0012549363309517503,-1.9334020180394873e-05,0.001330769737251103,-7.266159082064405e-05,0.0014062635600566864,0.0012192846043035388,-0.0009313366026617587,-0.00010545030818320811,7.918111077742651e-05,-0.000507105141878128,-0.0012571215629577637
dose16k_B_s0,00016.png,0.0020803685765713453,-8.5877014498692e-05,-0.000756457622628659,0.000910328992176801,0.0010159194935113192,-0.0004062861262355,-0.0006101903272792697,-0.0008642859756946564,-0.0004170080937910825,-7.002063648542389e-05,0.001660594018176198,-0.0004616079095285386,-0.00015195441665127873,-0.001152437529526651,0.0007523288950324059,-0.0008163637830875814,-0.0007800801540724933,-0.0003388439363334328,0.0007123987888917327,-0.001190848182886839,-0.0012047026539221406,0.00115570321213454,1.769177833921276e-05,-0.00026131761842407286,-0.0012653645826503634,-0.00028119460330344737,-0.0005152356461621821,-0.0005930211627855897,-0.00040131440619006753,0.0009139420581050217,-0.0007036302704364061,-0.0002874529454857111,0.00017954158829525113,0.000871315598487854,-0.0016355047700926661
dose16k_B_s0,00017.png,-0.0007463977672159672,-8.052323391893879e-05,-0.00019577365310397,-0.00045563949970528483,0.001933111110702157,0.000561936991289258,-0.0012207101099193096,0.0002035971701843664,0.0004040436469949782,0.0001639846304897219,-0.000793700572103262,0.0015873051015660167,0.00023466182756237686,-0.00021299156651366502,0.0003033332759514451,-2.1410092813312076e-05,0.00018277393246535212,-0.000432754575740546,-0.0012068824144080281,-0.00031890004174783826,-0.0001345646451227367,0.0017472687177360058,-0.00045830835006199777,-0.0010419199243187904,0.0011953359935432673,0.000721133139450103,-0.00016186031280085444,8.744510705582798e-05,-0.00017405947437509894,6.093530100770295e-05,0.002185433404520154,-0.0004950252478010952,0.0005761716747656465,0.0011152253719046712,-0.0008585106115788221
dose16k_B_s0,00022.png,0.00021987110085319728,0.0007780992891639471,-0.0006461232551373541,-0.0008221741882152855,-0.0008968676556833088,0.00018568140512797982,-0.0015123315388336778,0.0006522576441057026,7.564685074612498e-05,-0.0009213758748956025,-0.0005848572473041713,0.001013216096907854,-0.00043325781007297337,0.0005883859703317285,0.00031937373569235206,0.0008079104591161013,-0.0015717828646302223,-0.0018370260950177908,-7.582413672935218e-05,0.0013350306544452906,-0.0002899841929320246,-4.327097940404201e-06,0.000816597486846149,0.0013349459040910006,0.0007783332839608192,0.0007932892185635865,-0.00046605675015598536,0.0007217394304461777,-0.00043191664735786617,0.000662227685097605,-0.0021737897768616676,-0.0009781980188563466,0.0003302413097117096,0.0002498975081834942,0.0007660356932319701
dose16k_B_s0,00023.png,-0.000812027370557189,-0.0015892776427790523,0.00023143472208175808,-0.002294718287885189,0.0005653022089973092,-0.000314203993184492,-0.0011608238564804196,-0.00015856503159739077,-0.0018231895519420505,0.0007722929585725069,-9.94888468994759e-05,-0.001237760647200048,-0.0005498813698068261,-0.0013745801988989115,-6.1007416661595926e-05,-0.0008355512982234359,0.0004774837871082127,-0.0007584310951642692,-0.0004250455240253359,2.1880308850086294e-05,-0.0006237624329514802,-0.00021060674043837935,6.227984704310074e-05,0.0007124426774680614,0.00021816165826749057,-3.4975659218616784e-05,-9.975930879591033e-05,0.000328340771375224,0.00044732680544257164,-0.0013704535085707903,-0.0005839440855197608,-0.0015639621997252107,0.000807889096904546,0.00011013668699888512,-2.9328350137802772e-05
dose16k_B_s0,00024.png,0.00023881852393969893,0.00010832354018930346,0.000988631509244442,0.0011062667472288013,-0.0005957703106105328,0.0012450902722775936,0.00023658492136746645,-0.002378592500463128,-0.0009456406114622951,0.0002750570129137486,0.00017833033052738756,0.0006534977001138031,-0.0002931766211986542,0.0006029392825439572,0.001090033445507288,0.0010528960265219212,0.0005532187060452998,-0.00026543944841250777,0.0014261800097301602,-6.440314609790221e-05,-0.0010696199024096131,-0.00056290632346645,-0.0008106979075819254,-0.0007215176592580974,-0.0021279198117554188,-0.00024893289082683623,0.0010525628458708525,0.000494401145260781,0.0007287830812856555,0.0018765522399917245,0.0006188045954331756,0.00027804088313132524,0.0006677145720459521,0.00021767790894955397,0.0002070173213724047
dose16k_B_s0,00025.png,-0.0004986888379789889,0.0006580611225217581,-0.0002791950246319175,-0.00021125249622855335,-0.0006150702247396111,0.0008819875074550509,0.00040737015660852194,-0.00048817956121638417,-0.0015043712919577956,0.000985105987638235,0.0005467901355586946,6.498482980532572e-05,0.001525368308648467,-0.000600383325945586,0.0003830597852356732,-0.0006875071558170021,0.0004072227166034281,-0.00038419978227466345,0.00021747364371549338,-0.0007834900170564651,-0.0008140890276990831,0.0017937030643224716,-0.0002606185735203326,-0.0011432513128966093,0.0004689068300649524,-0.0012171767884865403,0.000669973436743021,-0.0006070203962735832,-0.0005425481358543038,-9.500381565885618e-05,0.0002144588070223108,-0.00014504145656246692,0.0010861613554880023,0.0009011673973873258,-0.0013700375566259027
dose16k_B_s0,00018.png,-0.0009481865563429892,0.0006412412039935589,-7.36749789211899e-05,-0.0007055580499581993,0.0013810464879497886,-0.0012471312656998634,0.001057532150298357,-0.0003625188837759197,0.0016666291048750281,-0.0012351971818134189,0.0006799219991080463,0.0011927818413823843,-0.001058608409948647,0.0005450246972031891,0.0011167260818183422,0.00023425255494657904,0.00018624425865709782,-0.00016967864939942956,0.0002931728959083557,0.00029361850465647876,0.00017287152877543122,-0.000805188319645822,-0.0008304216316901147,0.00011673554399749264,0.00027033602236770093,0.0013934598537161946,-0.0007279235287569463,0.0008963336586020887,0.001131428056396544,-0.001884034718386829,-0.0001424612564733252,0.0009877454722300172,-0.000734043016564101,-0.0012556110741570592,0.001193449948914349
dose16k_B_s0,00019.png,0.0009194205631501973,0.0005731569253839552,-0.0008143910672515631,0.00020521048281807452,-0.0015943868784233928,0.00029091525357216597,0.0004036575264763087,0.00040608542622067034,-0.0014469338348135352,0.0014745794469490647,-0.00014140771236270666,-0.00091157341375947,-0.00019389046065043658,-0.0001952608145074919,0.0010665563168004155,-0.0013634406495839357,-0.000742734526284039,-0.00010950604337267578,0.0012323007686063647,-0.00017458827642258257,-0.00024082770687527955,-0.0008322407375089824,0.0009203884401358664,-0.0016837370349094272,0.0019328182097524405,0.0010911190183833241,0.000904399435967207,-5.130797580932267e-05,0.00014091996126808226,-0.000298939470667392,-0.0016832309775054455,-0.0005590458167716861,0.0005767244729213417,0.0009069328662008047,-0.0007127907010726631
dose16k_B_s0,00020.png,-0.0008636889397166669,-0.0003626904508564621,-0.0009690325823612511,0.0022363753523677588,-0.000425541220465675,0.00020374897576402873,-0.00018985738279297948,0.0015305967535823584,0.0005857159267179668,-0.0003799753321800381,-0.0006578484899364412,-0.0007173765334300697,-0.0004969403380528092,-0.00045311247231438756,0.0006530243554152548,0.0016437742160633206,0.0005988134653307498,-0.0017540419939905405,0.0008108753245323896,-0.0004971198504790664,-0.0015418329276144505,-0.0006405463791452348,0.0007540007936768234,0.0011759739136323333,-0.0005998452543281019,0.0009619740303605795,-0.00026002811500802636,-0.0005452738259918988,-0.0016464880900457501,-0.00033783024991862476,-0.0013397062430158257,0.0003952897386625409,-7.598105003125966e-05,-0.001265995786525309,-0.0018135132268071175
dose16k_B_s0,00021.png,0.0014052230399101973,0.00094311946304515,0.0006163875223137438,0.0011813672026619315,0.001929938211105764,0.0011904503917321563,0.001922017429023981,-0.0008797509944997728,-1.7674099694886536e-07,-0.0014109468320384622,0.00048393214819952846,0.00041862294892780483,-0.0008583338349126279,0.0007444884977303445,-0.0001273076341021806,-0.0014980700798332691,-0.0003164265654049814,-0.001496350159868598,-7.287054177140817e-05,-0.0008905600989237428,-4.653376163332723e-05,0.0012168765533715487,0.0012805192964151502,0.0010962147498503327,0.00013494817540049553,0.00015601408085785806,-9.021339064929634e-05,7.053681474644691e-05,0.0012347641168162227,-0.00015196253661997616,0.00014500720135401934,-0.0009776060469448566,-0.00013905696687288582,0.00029291078681126237,0.0007207599119283259
dose16k_B_s0,00026.png,-0.0016135963378474116,-0.00024983103503473103,0.0012330658501014113,0.00043194557656534016,0.0007433397695422173,-0.0006552631966769695,-0.0008457059739157557,0.0006599102634936571,0.000930680544115603,0.0017780897906050086,-0.0016267964383587241,0.002056603319942951,-0.0007733718957751989,-0.0007036637398414314,-0.00044908278505317867,0.0014485213905572891,0.0015831796918064356,-0.0004087484267074615,0.00012222756049595773,0.00042611127719283104,-0.00013114867033436894,0.00044617109233513474,0.001089437515474856,-0.0005869230371899903,-0.0008653707918711007,0.001031635794788599,0.0005564039456658065,0.0009376247180625796,-0.0012150105321779847,-0.0004778461006935686,0.0009333057678304613,0.0014718855964019895,-0.0006603494402952492,0.0016208803281188011,-0.0017265621572732925
dose16k_B_s0,00027.png,-0.0004573171027004719,-0.0004383874183986336,0.0012403244618326426,-0.0010344405891373754,-0.00039539203862659633,-0.00039708634722046554,-0.00034606928238645196,-0.001537588075734675,-0.0006545019568875432,0.00046921978355385363,-0.001704805763438344,-0.0013960249489173293,-0.0015427723992615938,0.000987159088253975,0.0008757869945839047,-1.887779581011273e-05,-0.000397372612496838,0.0001111891760956496,8.368549606529996e-05,0.0011418488575145602,0.0016231470508500934,0.00043727888260036707,0.0014545416925102472,0.0005153945530764759,-0.0013726467732340097,0.00163406936917454,0.00015057074779178947,0.0014405000256374478,-0.00036742136580869555,0.00027625466464087367,-0.0005816397024318576,-0.0008290804689750075,0.0016096525359898806,-0.0008214333211071789,-0.0016471956623718143
dose16k_B_s0,00028.png,0.0010084513342007995,-0.00039893307257443666,-0.0007092472515068948,0.0023828495759516954,0.0004764058394357562,-0.00025733147049322724,0.0005101749557070434,-0.0005442769033834338,0.0007861392805352807,0.0002548435004428029,-0.0005229028756730258,-0.0004935694159939885,-0.0009415171225555241,-1.5256609913194552e-06,0.0011192504316568375,0.001507447217591107,0.001057677436619997,-0.0011294332798570395,-0.0007686985773034394,0.0014344993978738785,0.0005212673568166792,0.0003700699598994106,0.0027966592460870743,0.0007531860610470176,-0.00036115304101258516,0.00043015816481783986,0.0010792096145451069,-0.00048315865569747984,0.00045949130435474217,-0.0008592738304287195,0.00014353287406265736,-0.0021748514845967293,0.000728881626855582,0.0007139466470107436,0.0010464874794706702
dose16k_B_s0,00029.png,0.00038460124051198363,0.0011092231143265963,0.0008781515061855316,0.00016842970217112452,0.0008423381368629634,0.00012143173080403358,0.00120982073713094,-0.0002982001460622996,-0.0013128448044881225,-0.00045710441190749407,0.0005189348012208939,-0.0009262193343602121,-0.0005477757076732814,0.0013414191780611873,-0.00036676443414762616,-0.00020321230113040656,-1.676218380453065e-05,0.0003849195782095194,-0.0006304334965534508,-0.0010380774037912488,-0.0008131128270179033,-0.0003347340680193156,0.0002878042287193239,-0.0011802330845966935,-0.00016539283387828618,0.0010102185187861323,0.0009506901260465384,0.0006201638607308269,-0.00024084062897600234,-0.0005574047681875527,-0.00030278245685622096,0.0009392536012455821,0.00083095085574314,0.0021414062939584255,0.0006955782882869244
dose16k_B_s0,00030.png,0.0009462754824198782,0.00017995169037021697,0.0002184916811529547,-0.0011609809007495642,-0.0016881308984011412,-0.00046102170017547905,-0.00019715556118171662,-0.0010442184284329414,0.0003114868013653904,0.0007659998373128474,-0.00041194839286617935,-0.001154321595095098,-0.0006475221598520875,0.00025276237283833325,-0.001005816739052534,0.0007889697444625199,0.0008457804215140641,-0.000434545538155362,-0.0002302000648342073,-0.0011062010889872909,0.00017424006364308298,-0.0007364552584476769,-0.0002990016364492476,0.002230522921308875,-0.0011031479807570577,0.00028095158631913364,-0.0011774457525461912,-0.00028737218235619366,0.00037534814327955246,-0.0003551954869180918,0.0018513252725824714,-0.0006079439772292972,-0.0007774177356623113,0.00064899493008852,-0.0010315114632248878
dose16k_B_s0,00031.png,-0.0005101163405925035,0.000536892272066325,-7.035073940642178e-05,-0.0007084223325364292,-0.0013029082911089063,-0.00024934334214776754,0.000618311227299273,0.0008959005353972316,-0.0015208509285002947,0.00037953551509417593,0.0007599543314427137,-0.00045672181295230985,-0.0011106637539342046,0.0005204641493037343,0.0005565236788243055,-0.001052915584295988,-0.000231990561587736,-0.0018871763022616506,0.00023971227346919477,-0.0007653638022020459,-0.0012653875164687634,0.0006233504973351955,-0.0003986638621427119,0.001813288894481957,-0.0002782578521873802,0.001165782450698316,-0.0005804051179438829,-0.0015690498985350132,-6.257008499233052e-05,-0.0006763770361430943,0.0005678462912328541,0.0020983682479709387,-0.0008610456134192646,-0.0006648460403084755,-2.0877470888081007e-05
dose16k_B_s0,00032.png,0.0016409887466579676,0.0015709555009379983,0.0011643955949693918,0.0011250806273892522,-0.0007425817893818021,0.0011096216039732099,-0.00041225121822208166,-0.00015220616478472948,-7.356002606684342e-05,-0.0012989918468520045,0.00013153464533388615,-0.0004571288591250777,-0.0019057142781093717,0.00020698091248050332,-0.0012189078843221068,-0.0020089615136384964,0.0008737737662158906,0.0005217182915657759,-0.00029860343784093857,-0.0011544947046786547,-0.0006726048304699361,-1.063535273715388e-05,0.001151914824731648,-0.0006488521466962993,0.0004632830386981368,0.001108077121898532,-0.0004318759893067181,0.0009440280264243484,-0.0005396553315222263,0.00045757877524010837,0.00015688662824686617,-0.0007418401655741036,-6.157673487905413e-05,-0.0021201311610639095,0.0005107873002998531
dose16k_B_s0,00033.png,-0.0001896277826745063,-0.0007963483221828938,3.332347114337608e-05,-0.0001368702796753496,-0.0015432486543431878,-0.0010410037357360125,0.0003701796813402325,-9.853535448201001e-05,0.0011448089499026537,-0.0006307173171080649,0.0005906756268814206,-0.00033604761119931936,0.0003529383975546807,0.0006921461317688227,0.0007083691889420152,0.0007400648319162428,8.147456537699327e-05,-0.00041862556827254593,-0.000803689006716013,0.0015291646122932434,-0.0008406534907408059,4.7484267270192504e-05,-0.0012759375385940075,-0.001028061960823834,4.1755516576813534e-05,-0.0017608809284865856,-0.0011660006130114198,0.0005582598387263715,-6.560633482877165e-05,-0.0009661725489422679,0.0012322007678449154,0.0013314696261659265,-0.0005283536156639457,-0.0007294388487935066,0.00042144983308389783
dose16k_B_s0,00034.png,0.0025949564296752214,0.0023800113704055548,-0.0004197843954898417,-0.00039660377660766244,0.0002897451922763139,-0.000980631448328495,0.001329017337411642,0.0005086060846224427,0.0005453522317111492,0.0007235173252411187,0.0005996883264742792,0.0008104463340714574,-0.001110156998038292,0.00068761280272156,-0.00012815660738851875,0.00027070302166976035,0.0006320066750049591,-0.0004334072582423687,-0.00043872263631783426,-0.0010497936746105552,0.00043138425098732114,-0.000329408299876377,-0.001274642301723361,-0.0009100199677050114,0.00021619946346618235,0.0007638548268005252,0.0009218850173056126,0.0014860120136290789,-0.00034040084574371576,-5.4733362048864365e-05,-0.0003164220543112606,-0.00044367663213051856,-0.00015215860912576318,-0.00012321025133132935,0.00018091806850861758
dose16k_B_s0,00035.png,-0.00010356020356994122,4.689347406383604e-05,0.00028500764165073633,0.0001468127447878942,0.0015073383692651987,0.0007638378301635385,-0.0003049135848414153,-0.0005305779632180929,-0.00035696011036634445,0.0011221773456782103,-0.0008162324666045606,0.0004954069154337049,-0.0013200045796111226,-0.0012249171268194914,-0.000269908836344257,-0.0011881180107593536,-0.0015541012398898602,-0.0014272978296503425,-8.417405479121953e-05,0.00036717389593832195,0.00037573077133856714,0.000736906542442739,0.000771135208196938,-0.0018515693955123425,0.0005770719144493341,0.0003984292852692306,0.0006807653699070215,-0.000622610910795629,0.000517865177243948,-0.0017354306764900684,-0.00015149566752370447,0.000791765924077481,0.0008023977861739695,-0.0003686155250761658,0.0008713501738384366
dose16k_B_s0,00036.png,-0.0003096953732892871,0.001924369833432138,-0.0005011435132473707,-0.0007216628291644156,0.0006132807466201484,-1.6429456763944472e-06,-0.001199195976369083,0.0015226821415126324,0.00015349764726124704,0.000783732975833118,0.0007598359370604157,-0.0006822015857324004,-0.001064101466909051,-0.0007323137251660228,0.0004408693639561534,9.247526031685993e-05,-0.0013945680111646652,-0.0002137904375558719,8.944764704210684e-05,0.0008656920399516821,-0.0007379690068773925,-0.0008205085759982467,0.0014240817399695516,0.002415386727079749,-0.0009247081470675766,0.00021516742708627135,-0.0005333942826837301,-0.002376945223659277,-0.00018648657714948058,0.001870006904937327,-0.0007204905850812793,0.0005503040738403797,0.001685286988504231,-0.0004105400003027171,-0.00013113653403706849
dose16k_B_s0,00037.png,-0.001402657013386488,-0.0023095489013940096,-0.00021687276603188366,0.001706926734186709,-0.00013917821343056858,0.001259178388863802,-0.0005326820537447929,0.0009247245034202933,0.0005432369071058929,0.000492124876473099,0.0006402111030183733,-9.168142423732206e-05,0.0012166801607236266,-0.0012961915927007794,-0.0003414682869333774,0.00023642944870516658,-0.001725227339193225,0.0012586497468873858,-0.0006617813487537205,-0.000725249876268208,0.001476440578699112,0.0003470609663054347,0.00028199880034662783,-0.0006758167291991413,0.0006368387839756906,0.0007354170083999634,-0.0005492093041539192,0.0007240897393785417,-0.0013960065552964807,-0.0004813287523575127,-0.0005001215031370521,0.00065287493634969,0.0005637894500978291,0.0006115261930972338,-0.0011081798002123833
dose16k_B_s0,00038.png,-0.0003219902573619038,-0.0011082813143730164,-0.000655112904496491,-0.0004884695517830551,0.0004574049962684512,0.0006854470120742917,0.0003835672396235168,0.00036571340751834214,0.0013450700789690018,0.0005371508304961026,-0.0007700914866290987,-0.0013179915258660913,-0.00020108210446778685,-3.1011426472105086e-05,-0.00029563551652245224,0.000380995508749038,0.001786304754205048,-0.0015895710093900561,0.0011937805684283376,-0.0008215411216951907,0.0009028945933096111,-0.0016733109951019287,-0.0006495179841294885,-0.001469290116801858,-0.0010154643096029758,-0.0018646004609763622,-0.0004474585584830493,0.00011813877790700644,-2.3252383471117355e-05,-0.0005053001805208623,0.0002580215805210173,9.187612886307761e-05,0.000880531792063266,-0.00027528146165423095,-0.000428674160502851
dose16k_B_s0,00039.png,-0.00026352537679485977,0.0021688034757971764,0.00019020619220100343,0.0007796428399160504,-0.0008444356499239802,-6.736267823725939e-05,0.001159008708782494,0.0008160192519426346,-0.0004077213816344738,0.0009741348912939429,0.002359862672165036,0.0010085457470268011,0.0010288562625646591,-0.00038788458914496005,-0.0011812610318884254,0.0001556635688757524,-0.0010783476755023003,-0.0009046463528648019,0.0011429430451244116,-0.001314953900873661,0.0007582867983728647,-0.0002818754001054913,-0.0004049315466545522,0.0002481911506038159,0.0005880101816728711,-2.813764695019927e-05,-0.0016260360134765506,-0.000838134961668402,-0.00018243961676489562,-0.00020379423222038895,0.0010269683552905917,-0.0005366656696423888,7.582882244605571e-05,-0.0005949937622062862,-0.0013341798912733793
dose16k_B_s0,00040.png,0.0008356021135114133,0.0009553185082040727,0.000772919855080545,0.00023232503735926002,0.0012641778448596597,0.001750456285662949,0.00035083029069937766,0.00014607534103561193,0.0019073786679655313,0.0011793739395216107,0.0002519050904083997,0.00032662777812220156,0.0003659164940472692,-0.0022709278855472803,0.0010701424907892942,0.0017439185176044703,-0.0003018236020579934,-0.00045322702499106526,-0.0013659108662977815,-0.0010592322796583176,0.0002823924587573856,0.001824576873332262,-0.0014753828290849924,-8.987672481453046e-05,-0.0010254851076751947,0.0019473691936582327,-0.0024727992713451385,1.4191429727361538e-05,-0.0004351196112111211,0.00014718213060405105,0.0009463228634558618,0.0007863720529712737,0.0021040202118456364,-0.0013370600063353777,0.0007167793810367584
dose16k_B_s0,00041.png,-0.0008024701965041459,-0.0003409871133044362,0.00035830517299473286,0.0012527265353128314,0.002140226075425744,-0.00040306049049831927,-0.0007843202329240739,0.0003836832183878869,-0.0009723792900331318,8.925935253500938e-05,0.0008345672395080328,0.0007447660900652409,-0.001442340319044888,4.1322866309201345e-05,0.00021502941672224551,8.512003842042759e-05,2.7522560230863746e-06,0.0008086219895631075,-8.618190622655675e-05,-9.419296111445874e-05,-0.0002435455098748207,0.0009476146078668535,-0.00033546911436133087,0.00022471659758593887,-0.002273480873554945,0.00101677724160254,-0.0007939548813737929,0.0005966324242763221,-0.0004855526494793594,0.0008237718720920384,0.0010529361898079515,-0.001507468055933714,-0.002294342964887619,-0.00053308968199417,0.00044057928607799113
dose16k_B_s0,00042.png,-0.0020548393949866295,-0.0012891138903796673,0.0006262423121370375,-0.0019415735732764006,-0.0006625886890105903,-0.00034203188261017203,3.011262924701441e-05,-9.954085544450209e-05,-0.0019920424092561007,-0.0006823091534897685,-0.0005913676577620208,-0.000310587725834921,-0.0006388803594745696,0.0005209573428146541,-0.0005349247367121279,0.00021404850122053176,-0.002223268151283264,0.000123322824947536,0.0005390737787820399,0.00010961909720208496,0.0006387537578120828,0.0007295620744116604,0.0007879011682234704,0.00023299659369513392,0.0011007601860910654,0.0004996693460270762,-0.00020893094188068062,-0.00050260842544958,8.584347961004823e-05,0.0005773119046352804,-0.000913111143745482,-0.0006438164855353534,-0.0010033893631771207,0.0007855867734178901,-0.0012920661829411983
dose16k_B_s0,00043.png,0.0008102371939457953,0.0008711443515494466,-0.0005996415857225657,6.632551230723038e-05,-0.0008858935907483101,-0.0027294056490063667,0.0002818855573423207,5.1608662033686414e-05,0.0009903047466650605,0.0014476010110229254,-5.168098141439259e-05,-0.0009116017026826739,-0.0014634208055213094,0.0015933981630951166,0.0006386161549016833,0.0007947536651045084,-0.0004009996191598475,-0.00013351844972930849,0.0010417746379971504,7.092893065419048e-05,0.001006363658234477,-0.0010197462979704142,0.00042031111661344767,0.0010913470759987831,-0.0001386753428960219,0.0003739046223927289,0.0006163889192976058,0.0006229612044990063,0.0012333166087046266,0.0004515824548434466,7.732270023552701e-05,-0.0014474258059635758,0.0012766366126015782,0.0016424437053501606,-0.0009251113515347242
dose16k_B_s0,00044.png,-0.002006708877161145,-0.0012216584291309118,0.00021789332095067948,-0.0007474740268662572,4.152675319346599e-05,0.0015841854037716985,-9.242524538422003e-05,0.0005496872472576797,-0.00020457326900213957,-0.0012587279779836535,-0.00026893281028606,-0.0007972937892191112,0.00011592209921218455,2.528738150431309e-05,-0.00035598789690993726,-0.0005480357795022428,-0.0003091011312790215,0.0007333102403208613,0.0012571956031024456,0.0005609132931567729,0.00016126308764796704,-0.0001408237440045923,-0.00031156776822172105,-1.3795898667012807e-05,9.036724804900587e-05,-0.0005933627253398299,0.0009744446142576635,-0.0002893292694352567,-0.0010512712178751826,-0.0004365060303825885,0.000871236261446029,-0.000257713720202446,-0.002057880163192749,0.001000886084511876,0.0001931650040205568
dose16k_B_s0,00045.png,0.0009913565590977669,0.001007033046334982,0.0002333881420781836,-0.0033979027066379786,-0.0026299648452550173,-5.9349284128984436e-05,0.0008827447891235352,0.0005688088713213801,-0.0006621926440857351,-6.217579357326031e-05,0.00032007586560212076,-0.000471380160888657,-0.00042387345456518233,-0.0006685793632641435,5.741859058616683e-05,-0.001467140973545611,-0.0006959477323107421,0.0007007214007899165,3.709840893861838e-05,0.0014240046730265021,-0.001949900877662003,-0.0005138239939697087,-4.208398240734823e-05,0.00047810241812840104,-0.0012506110360845923,-0.00020449195289984345,-0.0008178396383300424,0.00022742718283552676,0.000152401567902416,0.0009847891051322222,-0.000896023993846029,-0.0018409235635772347,8.708167297299951e-05,-0.0008279155008494854,-0.0013571502640843391
dose16k_B_s0,00046.png,-0.0005755597958341241,-0.0011407380225136876,0.0002324991364730522,0.0001326285273535177,0.0014326685341075063,-0.0017473907209932804,0.0015549840172752738,-0.001362142967991531,-0.00019883712229784578,0.00022507880930788815,-0.001669074408710003,-0.00029020116198807955,-2.4980712623801082e-05,-0.0011249111266806722,-0.0009606363601051271,0.002297834260389209,0.001061896444298327,-0.0005276293959468603,0.0012390740448608994,-0.0011911801993846893,-0.0003616612229961902,-0.000862988003063947,0.0003654360771179199,-0.0012065041810274124,0.0007633111090399325,-0.0010400835890322924,-0.00039396219654008746,0.0013799082953482866,0.00028527923859655857,0.0005308309919200838,-0.0006130037945695221,0.0005152873345650733,5.875044007552788e-05,0.0017776089953258634,-0.0011257200967520475
dose16k_B_s0,00047.png,0.0003492155228741467,-0.0006571198464371264,-0.000762156443670392,0.0008963829022832215,-0.00039192361873574555,8.20453860796988e-05,0.0014139236882328987,-2.6431082005728967e-05,-0.00032719402224756777,-0.0007687442703172565,0.0012226153630763292,0.0020081503316760063,-0.0006329633761197329,0.0009320761309936643,-0.0006096359575167298,-0.00026969387545250356,0.00047735346015542746,-0.00018042018928099424,0.0017306478694081306,-0.0006956023862585425,-0.0005039254319854081,-0.0004179338866379112,-0.0005641981842927635,-0.00031125484383665025,-0.00010651528282323852,-0.000716842885594815,0.002402035752311349,6.60468140267767e-05,0.0007511108997277915,0.0010530597064644098,-0.0015092657413333654,-0.0008080519619397819,-0.0003472492389846593,0.0011137068504467607,0.000806641299277544
dose16k_B_s0,00048.png,0.0001938329078257084,0.00035444501554593444,-0.0011962068965658545,-0.001323095173574984,0.0005785574903711677,-0.00044674795935861766,0.0011566458269953728,-0.0011652036337181926,-0.0006590317352674901,0.001960894325748086,0.00021355385251808912,-9.930824307957664e-05,0.000911729468498379,0.0015807005111128092,-0.0006912508397363126,-0.0005218288279138505,-0.001219042344018817,-0.002241001231595874,-0.0026620952412486076,-0.0015949320513755083,-0.0006888217758387327,-0.0009160287445411086,-0.00012154557043686509,-0.0008897058432921767,0.00021503718744497746,-0.0005912163178436458,0.0004445505328476429,-0.0009236770565621555,-0.0007159443339332938,8.56288752402179e-05,0.0005813949392177165,8.986441389424726e-05,-0.0003537763259373605,-0.0014408689457923174,-0.0016960602952167392
dose16k_B_s0,00049.png,-0.0010647786548361182,-0.0009438027045689523,0.002020456362515688,-0.00048285815864801407,-0.0018434778321534395,-0.0007738177082501352,-0.00019702997815329581,-3.252594615332782e-05,0.0004563825496006757,-0.002441003918647766,-0.0010296989930793643,0.001284080441109836,0.00015852642536628991,7.501297659473494e-05,0.001731771044433117,-0.000652519753202796,0.0007761676097288728,0.0016046465607360005,-0.001569919753819704,-0.0002800490183290094,0.0006553425919264555,-0.0005616217968054116,0.00011443659604992718,0.0014106198213994503,6.576063606189564e-05,0.0011330837151035666,1.4807755178480875e-05,-9.866188338492066e-05,-0.0004279206623323262,-0.000943169288802892,-0.0011216385755687952,0.0005777652841061354,0.0002113864029524848,0.0003549656248651445,0.001233734772540629
dose16k_B_s0,00050.png,-0.00021905112953390926,0.00022222995175980031,0.001069219084456563,0.0007630961481481791,-0.0005403585382737219,1.2725981832772959e-05,0.0006197492475621402,-0.00010544870019657537,-0.0001327774953097105,-0.00012703519314527512,-0.0003939731977880001,-0.0004991897731088102,0.000292723038000986,0.00024812016636133194,-0.001146824099123478,0.001062821946106851,-7.636572263436392e-05,0.00011443119728937745,0.00044268820784054697,-2.196816058130935e-05,-0.00042004999704658985,-0.00016623859119135886,-0.00022518802143167704,0.0002181942982133478,-0.00027592357946559787,0.00018007212202064693,-0.0004173412744421512,0.0001714925019768998,0.00014019197260495275,0.000394584727473557,0.0008322664652951062,-4.3054202251369134e-05,-0.00028498031315393746,-0.0007838363526389003,2.2488977265311405e-05
dose16k_B_s0,00051.png,-0.001321829273365438,-0.0011233629193156958,4.5225562644191086e-05,0.001166185480542481,-0.00033855854417197406,0.00010066558024846017,0.0003131957782898098,-0.0005807099514640868,-0.0005213352851569653,0.00025303548318333924,-0.0012590651167556643,-0.00044665826135315,0.0007519188802689314,-0.0004810241225641221,-0.0011594207026064396,-0.0007401758339256048,-0.0003468857903499156,-0.0012577520683407784,-0.0012418626574799418,-0.0002942897845059633,2.3641266579943476e-06,0.0010843341005966067,-0.0004067150875926018,-0.0005370466969907284,-0.0004005992959719151,0.0006444882601499557,0.0005345047684386373,0.0002488374593667686,-6.680073420284316e-05,0.00021213972650002688,-0.0007409796817228198,-0.0009420346468687057,-0.0009171396377496421,-0.0017241289606317878,0.0003798995167016983
dose16k_B_s0,00052.png,-0.00042634119745343924,-0.0005196293350309134,-0.0008812295855022967,-4.720334254670888e-05,0.0021431543864309788,-0.0016287025064229965,-0.0011460940586403012,-0.0002782671363092959,-0.0014918772503733635,0.0022416249848902225,0.000548725773114711,0.0005714819999411702,0.0010261536808684468,0.0010277011897414923,-1.162548954880549e-07,-0.0003360157134011388,-6.204664532560855e-05,-0.0006837598048150539,-0.0008820400689728558,-0.0010039530461654067,0.0006386716268025339,0.001089325058273971,0.00013227944145910442,-0.00047596689546480775,-0.000392547546653077,-0.0011278708698228002,-0.0002583127352409065,0.0010223176795989275,-0.0012433796655386686,0.000626484164968133,-0.0004074290336575359,-0.0012122986372560263,-0.0005107937031425536,0.0004918199847452343,0.00032855640165507793
dose16k_B_s0,00053.png,0.0015499376459047198,0.0011355316964909434,-0.0011633343528956175,-0.0020170649513602257,-0.0008725451189093292,0.0006600009510293603,-0.001291295513510704,-0.0007104219985194504,-0.0007240056293085217,0.001186329871416092,-0.00019404453632887453,-0.0009617637260816991,-0.0001542104728287086,6.081134415580891e-05,-0.00014088208263274282,0.0004941148217767477,0.00015968646039254963,-0.0001604755234438926,0.0007902255747467279,0.0007859318284317851,0.0008229523664340377,0.0008970360504463315,-0.001379077322781086,-0.002196204150095582,-0.0008371563744731247,1.0366601600253489e-05,-0.00022618532238993794,-0.0005054947687312961,-0.0016320203430950642,0.0010820473544299603,-0.0003629509883467108,0.0009422726579941809,0.00015402994176838547,-0.00017988253966905177,0.00019164769037161022
dose16k_B_s0,00054.png,-0.00016805841005407274,-0.0014140323037281632,0.00046354279038496315,-0.0036323245149105787,-0.000866699730977416,-0.0006753941997885704,0.00028992322040721774,-8.647751201351639e-06,-0.001904175034724176,0.0006702767568640411,-0.0006234109168872237,-0.0004149638407398015,-0.0006268930155783892,-0.0006774297216907144,-0.0001761095627443865,0.0004879073821939528,-0.0003561484336387366,4.033130608149804e-05,-0.00040116842137649655,-0.0003104732313659042,-0.000559228821657598,-0.000838551321066916,-0.0006957901059649885,0.0008743033977225423,0.0005169622018001974,0.0011516344966366887,-0.0008651214302517474,-0.00048012283514253795,-0.0008929868927225471,0.0013844501227140427,7.13643166818656e-05,0.00012591187260113657,0.000687217921949923,-0.0002751460997387767,0.0003001926525030285
dose16k_B_s0,00055.png,0.0002222009643446654,0.001559726195409894,-0.0011805332032963634,0.0008783553494140506,0.0017676115967333317,-0.00014686868235003203,0.0008836477645672858,0.0011825404362753034,-0.0008272742270492017,-0.0010192689951509237,0.0007634334615431726,-0.0007835439755581319,-0.0016120066866278648,0.0007562206592410803,-0.00016012783453334123,7.611530600115657e-05,0.00044601858826354146,-2.411049536021892e-05,0.0006213723099790514,0.0002927045861724764,-0.0005558841512538493,0.0001959943911060691,0.00026764682843349874,-0.0018660653149709105,6.829330345681228e-07,0.001012606080621481,0.000250798009801656,-0.0008416814962401986,-0.0012206551618874073,0.0004261317662894726,0.0001825134240789339,-0.000420095311710611,-8.588740456616506e-05,-0.0008567055920138955,-0.0013859592145308852
dose16k_B_s0,00056.png,-0.000974430120550096,0.0002412060712231323,0.0007408783421851695,-7.42380871088244e-05,-0.0018455415265634656,-0.000533753540366888,-0.00012314406922087073,-0.0006069824448786676,-9.855176176642999e-05,0.0007451159763149917,-4.7029789129737765e-05,-0.0008383994572795928,0.00021427031606435776,-0.000165022662258707,-0.0007465945091098547,-0.00019321381114423275,0.0008678889134898782,-0.00010565017873886973,0.0006381396087817848,-0.001990054501220584,0.0014974845107644796,-0.0016475474694743752,-0.0018045685719698668,5.459371459437534e-05,0.0008936880622059107,-0.0009406100143678486,-0.0021999331656843424,0.0008851735037751496,0.00034025730565190315,1.606503064977005e-05,-0.0009166581439785659,0.0013701255666092038,0.0006600432679988444,-0.0009264676482416689,-0.000410384003771469
dose16k_B_s0,00057.png,0.0007019275799393654,0.0020381207577884197,0.000742117059417069,0.000758226087782532,0.0012714671902358532,0.0006338395178318024,0.0008198192226700485,-0.0009745329734869301,0.0006921094609424472,-0.0002668884117156267,-0.0005047271260991693,-0.0004238985711708665,0.0014971032505854964,0.0008184697944670916,0.0008448377484455705,-0.0003343544958624989,0.00043468602234497666,0.0004285339673515409,-0.0005951874190941453,-0.0006465050391852856,-0.0007656672969460487,0.000886329566128552,-0.0005322054494172335,-0.0003425789182074368,-0.0009236937621608377,-9.499209227215033e-06,0.0009756863582879305,-0.000551112461835146,0.0004378176527097821,0.0017301490297541022,0.0006846363539807498,-0.000717346032615751,-0.00043360149720683694,-0.0005884947022423148,-2.272424171678722e-05
dose16k_B_s0,00058.png,-0.000790906953625381,-0.0004938804777339101,-0.00044531229650601745,0.0002121330617228523,0.0005268009845167398,-0.00047239428386092186,0.00048011596663855016,-0.0006456866394728422,0.0006319766398519278,-0.0002669105015229434,0.0006135975127108395,0.00020126877643633634,0.0006580901681445539,-9.658169437898323e-05,5.125979441800155e-06,-0.001972491154447198,-0.0010393024422228336,0.00013803737238049507,-0.0008439584635198116,0.00029678799910470843,0.002157058799639344,0.0002617990830913186,-0.0014513445785269141,5.994794628350064e-05,0.0003905629273504019,-0.0004697599506471306,0.00039095658576115966,0.0006797940586693585,0.00038431028951890767,0.000506764103192836,-0.00044051004806533456,-0.0008969723130576313,-0.0005084166186861694,0.000315441022394225,-0.0009528225054964423
dose16k_B_s0,00059.png,-0.0005575302639044821,0.0003866411279886961,2.8112544896430336e-05,-0.0003904961049556732,0.001867780927568674,-0.002607141388580203,0.0005256762960925698,0.0004374489071778953,0.0006603938527405262,-0.0009806584566831589,0.00028783694142475724,6.312826826615492e-06,-0.0005811265436932445,-5.4510601330548525e-05,-0.0006973941344767809,0.0007443259237334132,-0.0003534298448357731,-0.0002446509024593979,-0.0007714611710980535,0.00035824510268867016,0.0007004367653280497,-0.0015667981933802366,-0.0009247447596862912,0.0001245807798113674,0.0002370819274801761,-0.000433396635344252,-0.0014007209101691842,0.0008525507291778922,-0.003105432726442814,7.820776954758912e-05,-0.0007326827617362142,-0.001513462164439261,-0.0007827137596905231,-0.00037138769403100014,-8.473449270240963e-05
dose16k_B_s0,00060.png,0.0001922120718518272,0.00038592482451349497,-0.0013839094899594784,-0.002088171662762761,-0.0006792334606871009,0.0010795615380629897,-0.0003717657527886331,0.00103345129173249,0.0003825323947239667,-0.0004173913912381977,0.0004588666488416493,-0.0003300215757917613,-0.00014423509128391743,-0.00013231007324066013,-0.0013342533493414521,1.3931075955042616e-05,-8.674753189552575e-05,0.0010452033020555973,-0.0001222573482664302,0.0005866953288204968,-0.0009185249218717217,-9.692025923868641e-05,-0.00010384222696302459,-0.0005166764603927732,-0.0006260824156925082,-0.0008493959903717041,-0.001320809475146234,0.00040821274160407484,0.0016438051825389266,0.0003668753488454968,0.0009185735834762454,-0.0012696234043687582,0.0005260555190034211,-3.182264117640443e-05,-7.75424632593058e-05
dose16k_B_s0,00061.png,0.0010461080819368362,0.000716696958988905,0.0002951458445750177,0.0024004823062568903,0.0017285344656556845,-0.0012513380497694016,0.0009039099095389247,-0.0011685010977089405,3.9321399526670575e-05,-6.179394404171035e-06,-0.00035024064709432423,-0.00012946643983013928,0.0002825723204296082,-0.0012770722387358546,-0.001916163950227201,0.0008944761357270181,0.0005324539379216731,-0.0002603946777526289,-0.00022739078849554062,0.0007810030365362763,-0.0011436871718615294,-8.551406062906608e-05,-0.0006145259249024093,-0.0016136192716658115,-0.001526441308669746,0.0011385675752535462,0.0009453902021050453,-0.0004372127878013998,-0.000917959725484252,0.0015166965313255787,0.0007546879933215678,-0.001424894668161869,0.0011662398464977741,-0.0006013148813508451,-0.00015204549708869308
dose16k_B_s0,00062.png,0.0009387837490066886,-0.00016324729949701577,-0.0002505378797650337,0.0007915517198853195,0.00022412165708374232,0.0003674846957437694,0.0005298714968375862,0.00012154683645348996,-0.000556650513317436,-0.0005673840059898794,0.0002748375409282744,0.0007655633962713182,0.0001534184702904895,-0.0007214711513370275,-0.0005783785600215197,-0.00016139011131599545,-0.0007073876331560314,0.0009613080183044076,0.0008490312611684203,-0.00040576542960479856,0.0002585334295872599,-0.0008738553151488304,5.699154644389637e-05,-0.001271001878194511,0.0002495798689778894,0.001187153859063983,-0.0007951086736284196,0.000275300582870841,-9.712968676467426e-06,0.0006241350783966482,0.0005798658821731806,0.0006008410709910095,0.0006933585391379893,0.0003208211564924568,-0.002208269666880369
dose16k_B_s0,00063.png,0.00041697779670357704,0.0008331318967975676,0.0003953927371185273,-0.001044714474119246,0.0006427543703466654,2.6862797312787734e-05,0.001134901656769216,-0.00032267600181512535,0.00022129395802039653,-0.0002595946134533733,0.0010563925607129931,0.00030159097514115274,0.00010345820192014799,-0.0005225468776188791,-0.0013997849309816957,0.0020799876656383276,-0.0013181292451918125,0.000519581139087677,-0.0006249675643630326,0.0001375742140226066,0.000102149264421314,0.0009602981153875589,0.000698739371728152,0.0003081814793404192,-8.525348675902933e-05,-0.0002349827700527385,-0.0004160513635724783,0.00011188579810550436,0.00010627877054503188,-0.00010011943959398195,-0.0003844734455924481,0.0006961525650694966,0.0008703103521838784,-2.0831470465054736e-05,0.0020191334187984467
dose16k_B_s0,00064.png,-0.0015424040611833334,-5.806708213640377e-05,-0.0010148468427360058,0.0011425900738686323,0.0016025756485760212,-0.00012241487274877727,2.7873167709913105e-05,-0.00015316724602598697,0.001419460284523666,-0.0003849701024591923,0.0003794021322391927,0.0001960987428901717,0.0007143192342482507,-0.00030821948894299567,-0.0018866707105189562,0.001297034090384841,-0.00032500503584742546,0.0014569609193131328,-1.16757582873106e-05,0.0010805469937622547,0.0024377750232815742,-0.0007979311048984528,0.0010942094959318638,0.0010732305236160755,-0.0009725892450660467,-0.00012669498391915113,-0.0012970161624252796,-0.001160664134658873,0.0004696094256360084,0.0005929353646934032,-0.00010701725841499865,0.0005473277997225523,3.168684270349331e-05,-1.5740264643682167e-05,-0.00017493701307103038
dose16k_B_s0,00065.png,0.0014952074270695448,0.0020506775472313166,-0.0007037253817543387,2.7826152404486493e-07,0.00025161379016935825,-0.000275808124570176,-5.228312511462718e-05,0.0008085349109023809,0.0003977952292189002,-0.00022280003759078681,0.001058206777088344,-0.0017659671138972044,0.0005282586207613349,0.000612698495388031,-0.0015339684905484319,-0.0007078903145156801,0.0002739483315963298,-0.0004886843962594867,-0.0013485809322446585,0.0018310059094801545,-0.0005130299250595272,0.0006102112820371985,0.0013875605072826147,-0.0010685054585337639,-0.00011166940385010093,0.00021547226060647517,0.0005981119466014206,0.000737804570235312,-0.0007189844036474824,-0.00031573110027238727,0.00020174114615656435,-0.0001671142817940563,0.00023145524028223008,0.00032982268021441996,-0.00018266144616063684
dose16k_B_s0,00070.png,0.0013995195040479302,0.0013642171397805214,-0.001646652352064848,0.0013267735484987497,-0.0009623205405659974,-0.0004547414428088814,-0.0003739034873433411,5.7148339692503214e-05,-0.0013752349186688662,0.00015180735499598086,0.000557473860681057,0.00015277951024472713,0.0009063184261322021,-0.00018244470993522555,-0.0004588578885886818,0.0006791116902604699,-0.00036246285890229046,0.0003358143731020391,-0.0010455315932631493,-0.0003278158255852759,-0.0009620748460292816,0.0005524559528566897,0.0006541668553836644,-0.0008897308143787086,0.00044112736941315234,0.0005919095128774643,-5.304593651089817e-05,0.00032595015363767743,0.0003668068384286016,-0.0004837449814658612,0.0005317046889103949,-0.0008506029262207448,-0.0011193471727892756,0.0006877721170894802,-0.0001302612799918279
dose16k_B_s0,00071.png,-0.0015314785996451974,-0.0009307516156695783,-0.0006524076452478766,-3.8013982702977955e-05,-0.0009160861372947693,0.0013648991007357836,8.135905954986811e-05,-0.002164283534511924,-0.0012386824237182736,-0.0006324802525341511,-0.001123424619436264,-0.0003741139080375433,0.00041555691859684885,0.0008702452760189772,0.0012129785027354956,0.0001665350719122216,0.0009646871476434171,0.0006355791701935232,-0.00126829172950238,0.000490100821480155,-0.0007497339393012226,0.00043703921255655587,-0.0016079709166660905,-0.0009771973127499223,0.002023971639573574,-0.0009837242541834712,0.0017923461273312569,0.0006294057238847017,0.00020014660549350083,-0.0006496104178950191,-0.0002912873460445553,-0.0010767183266580105,-0.0003103368217125535,0.0004296161059755832,0.0013536167098209262
dose16k_B_s0,00072.png,0.0001390562829328701,0.0002342468942515552,-0.00030577322468161583,0.002468569204211235,-0.00041018679621629417,-5.61072192795109e-05,-4.898161205346696e-05,-0.00023965397849678993,0.0006752219633199275,-0.0008687293156981468,-5.34189457539469e-05,0.00046308079618029296,-0.00017303744971286505,6.41252554487437e-05,-9.651650907471776e-05,-0.0007298015407286584,-0.000492832507006824,0.0009696953347884119,4.9443700845586136e-05,-0.00036588413058780134,0.0009115704451687634,-0.0002579721331130713,-0.00010457661119289696,-0.00023374473676085472,0.0010501283686608076,0.0011601404985412955,-0.0008532397332601249,0.0009511208045296371,-0.00062060437630862,-0.0010993608739227057,-8.81377054611221e-05,0.0010984987020492554,0.0004018061445094645,-0.0006886409246362746,0.001116732251830399
dose16k_B_s0,00073.png,0.00015970294771250337,-0.00025311068748123944,0.001448039198294282,-0.003515194868668914,-0.001771458308212459,-0.0016970778815448284,-8.74366523930803e-05,-0.0006834533996880054,-0.0004646345041692257,0.00152538379188627,0.0002644961350597441,-0.0015646807150915265,-0.0005812802701257169,0.000624976004473865,0.0004053913289681077,-9.800335101317614e-05,0.00015342587721534073,0.00052629504352808,9.590696208761074e-06,-0.0022806692868471146,-0.0004828312376048416,0.00013225310249254107,0.00046711787581443787,-0.0008897494990378618,-0.0017484198324382305,-0.0003897428687196225,-0.0011692772386595607,0.0012115256395190954,0.0006549573736265302,-0.001019978430122137,-0.0014779182383790612,0.0006044863257557154,-5.44298454769887e-05,-0.0009634692105464637,-0.00021032024233136326
dose16k_B_s0,00066.png,0.00026332566631026566,0.0006484093028120697,-0.00045803069951944053,-0.0005587650230154395,0.0011754431761801243,-0.0004511969455052167,-0.0012355949729681015,-0.0006994586437940598,0.0012003862066194415,-0.0005937338573858142,0.0004277497937437147,-0.00024380331160500646,0.0009350382606498897,0.0010709118796512485,-0.0004565060371533036,-0.00021242437651380897,0.0002363134262850508,0.00015099839947652072,-0.00019930927373934537,-0.0005033384659327567,0.0001917392510222271,0.00078157102689147,0.0005920762196183205,-0.0008324484224431217,0.0003354012151248753,0.0002456953516229987,-0.0010546054691076279,0.0012971253599971533,0.00019595609046518803,-7.674782682443038e-05,-0.00043816171819344163,-0.0014225528575479984,0.00027359690284356475,0.00019269363838247955,-0.00020599157141987234
dose16k_B_s0,00067.png,-0.0007322934689000249,-0.0011375354370102286,7.007703970884904e-05,0.001851118984632194,0.0015925157349556684,-0.0004052439471706748,-0.0006671665469184518,0.0001772450632415712,0.0006669748108834028,-5.847026841365732e-05,-0.0005229103262536228,0.00042507395846769214,0.0014081064146012068,-0.00032439944334328175,-4.3449097574921325e-05,-0.0010801996104419231,0.0006357755628414452,-0.001501339254900813,-0.000567107752431184,0.0012209346750751138,0.0010571018792688847,-0.0003069555095862597,-0.0010603178525343537,0.00048793668975122273,-0.0014900336973369122,0.0003076776920352131,-1.940830406965688e-05,-0.00015858748520258814,0.0008607227937318385,-0.0009208823321387172,-0.0020825250539928675,-0.0007347204955294728,-0.00011260546307312325,0.0006200908683240414,0.0007262789877131581
dose16k_B_s0,00068.png,0.0008130719652399421,-0.0006331372424028814,-0.00023695103300269693,0.0009504664340056479,-0.0005105248419567943,0.00023035686172079295,0.001123887486755848,1.581645483383909e-05,0.0017238188302144408,-0.00020209401554893702,0.00048033794155344367,6.39818244962953e-05,-0.0012463610619306564,0.0012580647598952055,0.0008176896953955293,0.0003629444108810276,0.00033940497087314725,-5.6451975979143754e-05,-0.0015236034523695707,0.00033274132874794304,0.0007225202862173319,-0.00014682317851111293,0.0015790134202688932,-0.00026741583133116364,-0.0015595690347254276,0.00014835235197097063,0.00017160731658805162,0.0004618256934918463,0.0006806187448091805,0.0010753576643764973,-0.00018824571452569216,0.0001756705460138619,0.0012037792475894094,0.001016873400658369,0.00041304557817056775
dose16k_B_s0,00069.png,0.0002073423529509455,-0.000250190933002159,0.00099796405993402,0.00023055716883391142,-0.00223455298691988,0.0016892650164663792,0.000691013818141073,-0.0010475761955603957,-0.0003108238452114165,0.0005641066818498075,0.0002622304600663483,0.0004956557531841099,0.0008980943821370602,0.0003487500944174826,0.00010312998347217217,0.00077303551370278,-0.0012976471334695816,0.00035895308246836066,-0.0018641036003828049,-0.0008076272206380963,-0.0003377523389644921,0.0018183072097599506,-0.0021140810567885637,5.3273186495061964e-05,-0.000990788801573217,-0.0012998367892578244,0.0008706497028470039,-0.0006057584541849792,0.0012306846911087632,-0.00013198652595747262,-0.0011879375670105219,-0.00010168001608690247,0.0013042064383625984,-0.0014208069769665599,0.001078510656952858
dose16k_B_s0,00078.png,0.0014810345601290464,0.0016933506121858954,-0.0005600677686743438,0.002238811692222953,-0.0008297263993881643,-7.369634840870276e-05,6.089190719649196e-05,0.0013067333493381739,0.0009657711489126086,0.0005448568263091147,-0.0011835437035188079,0.0013274000957608223,-0.0002869053860194981,-0.0001466768590034917,0.00010054891754407436,0.0012456128606572747,-4.7759378503542393e-05,-0.0005241711623966694,-0.0004256753600202501,-0.0025419422890990973,-0.00014321370690595359,-0.000595414312556386,-0.0004143815895076841,-0.002551650395616889,-0.0011149583151564002,0.001128911622799933,-0.00031684039277024567,0.0014846593840047717,-0.0004372756229713559,0.0010624321876093745,0.0011716895969584584,-4.753721077577211e-05,0.00015704665565863252,0.001081859227269888,1.4345585441333242e-05
dose16k_B_s0,00079.png,-0.0007926065009087324,-0.0003599748306442052,0.00018321142124477774,0.00019870382675435394,-0.00136667606420815,-0.0012840317795053124,-0.0004681345890276134,-0.0006967015215195715,0.000888402049895376,0.0016196512151509523,0.00017389495042152703,4.140724195167422e-05,-0.0004982519312761724,0.0007942291558720171,-0.001343247713521123,-0.0012784386053681374,-0.0016242072451859713,-1.2204131962789688e-05,-1.0106525223818608e-05,0.0012125149369239807,0.00017536287487018853,0.0001492896699346602,-0.0009740417590364814,-0.0011211803648620844,-0.0001517162163509056,0.0008807576377876103,0.0005114090163260698,0.00023341475753113627,0.0006088906666263938,0.0008380404324270785,0.00018150651885662228,0.000406452949391678,-0.0003098056185990572,7.50622575651505e-06,-0.001375485328026116
dose16k_B_s0,00080.png,-0.0006027812487445772,-0.0016525131650269032,-0.0011628831271082163,0.0009854286909103394,0.001720998901873827,-0.0007703698938712478,-0.0023655130062252283,0.000604782544542104,-0.00026651471853256226,-0.001975025748834014,-0.000614004849921912,-0.000548565061762929,-0.0008356914040632546,0.0003563081263564527,-0.0017153561348095536,0.0002781427465379238,-0.0004472582077141851,0.00010561800445429981,1.869350853667129e-05,0.0018634250154718757,-0.0006277986103668809,-0.0010474061127752066,-0.000716900744009763,0.0004314234829507768,0.0007880281191319227,0.0007338662398979068,-0.000625849177595228,7.192394605226582e-06,-0.00017196041881106794,-0.0005842612590640783,-0.0019517772598192096,0.00108411256223917,0.0006101451581344008,0.0005965876625850797,0.0009942813776433468
dose16k_B_s0,00081.png,-5.245551074040122e-05,0.0002773010346572846,-0.001189077040180564,0.0007416221778839827,0.0005049114115536213,-0.0002346255350857973,0.000922870822250843,0.0006455745315179229,-0.0003051171370316297,-0.00021920604922343045,0.000760926806833595,0.00012275583867449313,9.552607662044466e-05,0.00013781235611531883,-0.0006140639306977391,-0.00019167191931046546,-4.269448254490271e-05,0.0009842407889664173,-0.001695399172604084,-0.0007709512137807906,-0.0008228974184021354,-0.0005388174904510379,-0.00014320443733595312,0.0014596533728763461,0.0006744280108250678,-0.00019882504420820624,0.0002722707868088037,0.001084236311726272,3.465103404209913e-08,0.0018956920830532908,0.0009602939826436341,-0.0003319170791655779,-0.0003777796810027212,0.0007466688402928412,-0.0007241524872370064
dose16k_B_s0,00074.png,2.8110071070841514e-05,0.0006299052038230002,-0.00037007476203143597,-0.0004426704836077988,0.0008966524037532508,0.00027400031103752553,-0.0006805546581745148,0.00025585514958947897,-7.533686584793031e-05,-0.0005582383018918335,-8.524482836946845e-05,-0.0008610234945081174,-0.0004734210087917745,0.0007848612731322646,-0.0013242552522569895,-0.00028706880402751267,0.0012557615991681814,-0.0020823711529374123,4.6000335714779794e-05,0.000605369103141129,0.0001960956578841433,-3.687682328745723e-05,-0.001282157958485186,-0.0010902786161750555,0.002833256497979164,0.0007436766172759235,0.001098445849493146,0.0002776535111479461,-0.0013130445731803775,-0.0014061219990253448,-0.0010730692883953452,0.00012651689758058637,0.0007099380600266159,-0.0007132510654628277,0.00020737828162964433
dose16k_B_s0,00075.png,0.001373042119666934,0.0005253021372482181,0.0005253734416328371,-0.0030537047423422337,-0.0002604130713734776,0.0004606450966093689,-0.0014575259992852807,0.0019723770674318075,-0.00029167867614887655,0.000558593834284693,0.0008381208172068,0.0005546617321670055,0.0017955853836610913,-0.0004834009741898626,-0.0025976751931011677,-0.0006423418526537716,0.00031277499510906637,0.0003081908798776567,0.0006290707970038056,-0.00016914078150875866,-1.53711334860418e-05,-0.0029545780271291733,0.00011525297304615378,0.001420448417775333,0.00017672244575805962,0.0007224369328469038,-0.00024329320876859128,-5.239154415903613e-05,-0.001040502917021513,-0.00021250086138024926,-0.0015572443371638656,4.1605169826652855e-05,-0.0015991039108484983,0.0007233815849758685,-0.00021845508308615535
dose16k_B_s0,00076.png,0.0008084441651590168,-7.203763743746094e-06,-0.00033306554541923106,0.001554511720314622,-0.00014091114280745387,0.0006633793236687779,1.1089897270721849e-05,0.00024287491396535188,-0.0013661031844094396,-0.0002947318716906011,0.00032791224657557905,-0.0005363912787288427,-0.0017858220962807536,5.7969755289377645e-05,0.00016142120875883847,0.00021151764667592943,-0.0013626643922179937,4.752774202643195e-06,-0.0008127628243528306,-0.001427183160558343,0.0007036633905954659,0.0010121754603460431,-0.0005949314800091088,0.00044744700426235795,0.00043653519242070615,0.0001906810502987355,-0.00040809003985486925,0.0006659590289928019,0.0009055025293491781,4.849360266234726e-05,0.0010804467601701617,-0.0005051876069046557,-0.000827526964712888,-0.0008359714993275702,0.000299970357446
dose16k_B_s0,00077.png,-0.0005024774000048637,0.00014347491378430277,-0.0012066789204254746,-0.0017757570603862405,-0.0009907789062708616,-0.0015306287677958608,0.00012463083839975297,-0.0011197819840162992,0.00015931176312733442,-0.0008590020588599145,-0.0011314917355775833,0.00047630866174586117,-0.0011633175890892744,0.002247168682515621,-0.0008190262014977634,0.0006812356295995414,0.00019591364252846688,-0.001434654463082552,-0.00024826545268297195,0.0007530027069151402,0.0011803805828094482,1.3429738828563131e-05,-0.0006110891699790955,-0.0010117215570062399,0.0008986155153252184,0.0008395013283006847,-0.0003885255428031087,-0.00044776039430871606,-0.0005181928863748908,-0.0004417439049575478,0.0007744611357338727,0.0001584029960213229,0.0001622990967007354,0.0008727430831640959,-0.0008995752432383597
dose16k_B_s0,00082.png,0.0010145129635930061,4.65452358184848e-05,-0.0016061199130490422,0.0024735115002840757,0.0009493498364463449,-0.0008392829913645983,0.0007495880126953125,0.00023617442639078945,-0.0017733732238411903,-0.0002294887090101838,-0.0003100004978477955,0.0005153158563189209,0.0007805087370797992,-0.00010378302977187559,-0.00016617435903754085,-0.0001389849785482511,0.0003880482690874487,0.0010423919884487987,-0.00034334053634665906,0.0008159361314028502,0.0005061733536422253,-0.00040494027780368924,-0.0014636577107012272,-0.00039585205377079546,-0.000608826638199389,-0.00029872992308810353,0.00046662852400913835,-0.0006011963705532253,0.0009386779856868088,-0.00048497479292564094,0.00160431198310107,0.0003001188742928207,0.0020051272585988045,-0.00106842874083668,0.000892186420969665
dose16k_B_s0,00083.png,0.0014088897733017802,0.000978697557002306,0.0005988389602862298,-0.0010105145629495382,-0.0006331176264211535,0.0007378372247330844,-0.0013811243698000908,-0.00037384169991128147,0.0002954427618533373,-0.0008497772505506873,-0.0003894463006872684,0.0003809041518252343,5.351672734832391e-05,-0.000857848150189966,-0.0008541285060346127,0.0001852634159149602,-0.00016161715029738843,-0.0005914823268540204,0.0002616622659843415,-4.867948518949561e-05,0.0006320539396256208,-0.0005245936335995793,3.90354216506239e-05,0.00045285315718501806,0.0012188500259071589,0.0028930159751325846,-0.00011226457718294114,0.00023972493363544345,-0.0015921343583613634,0.0025790068320930004,-0.0003490691597107798,0.0006960199098102748,0.00012347653682809323,-0.0003357083769515157,0.000300318788504228
dose16k_B_s0,00084.png,-0.0005056150839664042,8.91316740307957e-05,0.0009837517281994224,-0.0016833338886499405,-0.0015758625231683254,0.00047040561912581325,0.002243881579488516,-0.00014468211156781763,-0.00013150893209967762,0.0014008334837853909,0.001782702747732401,-5.0490882131271064e-05,0.0010071174474433064,0.0006123605417087674,0.00010188156738877296,-0.0001208024041261524,0.0017591745126992464,0.0007323994650505483,-0.0005641321185976267,-0.0002978527918457985,-0.0006746493163518608,0.0018450681818649173,0.0004183996934443712,0.0015411098720505834,-0.0008171137887984514,0.0003400727000553161,-0.0006126117659732699,-0.0017703502671793103,-0.00042928042239509523,0.00041801133193075657,0.00036059896228834987,-3.612974614952691e-05,0.0009676709887571633,-0.0008840322843752801,-0.002537886146456003
dose16k_B_s0,00085.png,-0.000215272099012509,0.00033427169546484947,-0.0015126122161746025,-0.002232917817309499,-0.0008292414131574333,-0.0009125979267992079,0.0010051236022263765,0.0015915214316919446,-0.00025769256171770394,-0.0012801382690668106,0.0010856323642656207,-7.209256000351161e-05,0.0007422942435368896,0.0013763557653874159,-0.0006422297446988523,-0.00034280444378964603,0.0002050320472335443,0.00047789610107429326,-0.0005169069045223296,0.0009439567220397294,0.0005102013237774372,0.0002898669627029449,0.00031183689134195447,-0.0008192682871595025,0.0006243050447665155,-0.0009764869464561343,0.0015941570745781064,0.0004475028545130044,-0.0006110742688179016,0.0005393672036007047,-0.000603287189733237,0.0001863345823949203,-0.0005991560174152255,-0.0006344435387291014,0.0007938957423903048
dose16k_B_s0,00086.png,-0.0011118241818621755,-0.0007603379781357944,0.0009562487248331308,-0.0005230088718235493,0.0004615780198946595,0.0016556187765672803,-0.0005570618086494505,-0.0007901338394731283,0.0006634511519223452,-0.0010971069568768144,0.0014596013352274895,-0.0005925616715103388,0.0003309953026473522,0.0007193832425400615,0.0011746989330276847,0.0015486835036426783,0.0006417045369744301,-0.0011376660550013185,0.00045575754484161735,-0.0008124574669636786,-0.00037245440762490034,0.0009690525475889444,-0.001273426809348166,0.0006890346994623542,-0.0007835653959773481,0.0007292407681234181,0.00011647175415419042,0.0007186396978795528,0.0002691427362151444,0.00020011179731227458,0.001329022110439837,0.0006308007286861539,0.0010078977793455124,0.0002872107725124806,-0.0005335697205737233
dose16k_B_s0,00087.png,-0.0008219531737267971,0.0002021005639107898,-0.0003351870982442051,-0.0009043985628522933,0.0003839527489617467,0.0006533537525683641,0.00044083394459448755,-0.0008453222690150142,-0.00024496004334650934,-0.00044497623457573354,-0.0005207601934671402,-0.0009504751651547849,-0.0007954139728099108,0.0008868032600730658,-0.00014892822946421802,0.00013003322237636894,0.0006069968803785741,-0.0003541580226738006,-0.00040451454697176814,-0.0005289197433739901,-0.0011014598421752453,-0.0009807863971218467,0.0009364558500237763,-7.570825255243108e-05,3.9562011806992814e-05,-0.0003888337523676455,-0.00012287456775084138,0.0014578140107914805,0.0007786590722389519,0.0003725651476997882,0.0013428363017737865,0.00023381868959404528,-8.841173257678747e-05,-0.00042674809810705483,0.00015746214194223285
dose16k_B_s0,00088.png,0.0007024573860689998,0.0006171073764562607,-0.0004522725357674062,0.0002358400815865025,0.0029337622690945864,-0.0004796979483217001,0.0010342997265979648,0.0002590095391497016,0.0015811866614967585,-0.0006555652362294495,0.001966951647773385,3.264377301093191e-05,0.0002446419093757868,0.0004697459517046809,-0.0009023604798130691,0.0006559897447004914,-0.0002030434989137575,0.0003857727278955281,-0.0009007290937006474,0.0021259349305182695,-0.0016621268587186933,-0.0018068536883220077,0.00211892812512815,0.001350731123238802,-0.000905759574379772,0.0004831129335798323,0.0005509775946848094,0.0014243080513551831,0.0016522929072380066,0.00015578031889162958,0.0005695377476513386,0.0006567087839357555,0.00018463913875166327,-0.0010269494960084558,-0.0007882378413341939
dose16k_B_s0,00089.png,0.0006792056956328452,0.0008428650908172131,-0.0016077134059742093,0.00019648367015179247,-0.0008287988603115082,0.0004140765522606671,-0.0018244206439703703,-0.001332587213255465,0.0006676474004052579,-0.0007297940319404006,0.0012474446557462215,-0.0013149926671758294,-0.000497044122312218,0.00015618289762642235,-0.00035551897599361837,-0.0009250107686966658,-0.00033199440804310143,-0.002149836625903845,-0.0011690228711813688,-0.0008989389752969146,-0.00030256336322054267,-0.00031014217529445887,-0.0011312798596918583,0.0006557544111274183,0.0006939279264770448,0.00039946381002664566,-9.630741988075897e-05,0.0005606778431683779,-0.0019211889011785388,-0.00011483292473712936,0.0005720602930523455,8.504363358952105e-05,-0.00018068347708322108,8.997291297418997e-05,-0.00029511094908230007
dose16k_B_s0,00094.png,0.0003167623945046216,-0.00012453763338271528,0.0005023434641771019,0.0014079449465498328,-0.0007066366961225867,0.0011290827533230186,-4.328838622313924e-05,0.0002846225106623024,4.49832332378719e-05,-0.00026231762603856623,0.0009219192434102297,0.0012158936588093638,-0.0015111236134544015,-0.0019314525416120887,0.0007864488870836794,0.0006087838555686176,-0.0003911698586307466,-0.0007989914738573134,0.00018195451411884278,-0.0008648467482998967,0.0003194574383087456,0.0005346599500626326,0.00044097579666413367,0.0004269001365173608,-9.274585318053141e-05,0.0007244166336022317,4.075869946973398e-05,-0.0010997999925166368,0.0012276233173906803,-0.00016214337665587664,-0.0004482574004214257,-0.0005071894847787917,-0.0009835083037614822,0.0010776184499263763,0.000532071921043098
dose16k_B_s0,00095.png,0.0009547630324959755,-0.00020850455621257424,0.00043774477671831846,-0.0006686804117634892,0.0002757436013780534,-0.00021042618027422577,-0.0002004206326091662,0.0008637685677967966,0.00029350604745559394,0.0011509882751852274,-0.0008156252442859113,0.00047059234930202365,-0.002701342571526766,0.0005506066954694688,-0.002893066266551614,-0.0009725700947456062,0.0009093428961932659,-0.000723878969438374,-0.0008348451810888946,0.0010647268500179052,0.000533783168066293,2.024317609539139e-06,-0.00023724201309960335,0.0007223014254122972,-0.00021675080643035471,0.0014558336697518826,0.0018584231147542596,-0.0012902673333883286,-0.00107107893563807,-0.0005981316789984703,0.0014617453562095761,-0.0012628781842067838,0.000422050739871338,-0.00042300549102947116,-0.0012999448226764798
dose16k_B_s0,00096.png,1.7812841178965755e-05,0.00040560332126915455,0.0011831277515739202,-0.0007754790713079274,-0.0003273639886174351,-0.001134129473939538,0.0004363136540632695,0.0002482022682670504,0.0005273310816846788,0.001612050924450159,0.0003267237916588783,-0.0005637825815938413,-0.0009091051761060953,-0.0004988253931514919,0.0010622141417115927,0.00021146913059055805,0.00040781553252600133,0.00045816850615665317,0.0001875145680969581,-0.001799074001610279,0.0005958984256722033,-0.0002049604954663664,0.000942625105381012,0.00061371352057904,0.0016549730207771063,-1.2610817975655664e-05,-0.001139731495641172,-3.191893847542815e-05,0.0014338066102936864,-0.0012690373696386814,-0.00042906496673822403,0.001670805737376213,0.0012025944888591766,8.154142415151e-05,-0.0016156488563865423
dose16k_B_s0,00097.png,7.120475493138656e-05,-0.0004928925773128867,9.924149344442412e-05,0.0027307700365781784,-0.00018345523858442903,-5.7179345276381355e-06,0.00048469865578226745,-0.0002065171138383448,2.7487527404446155e-05,-0.00011814058234449476,-0.00039776545600034297,0.0004733254900202155,0.0012728845467790961,8.79238432389684e-05,0.00016123169916681945,0.0010855878936126828,0.00010764337639557198,0.0004948120913468301,-0.0001309806975768879,0.00021280095097608864,-0.00028310512425377965,-0.0019035224104300141,0.00022664056450594217,0.00022543406521435827,0.001001926837489009,0.0005128064658492804,-0.0002227497025160119,-0.0004515098698902875,-0.0008043977431952953,0.00040564435767009854,6.685427069896832e-05,-0.0010289393831044436,0.0024745557457208633,0.0006357834790833294,0.0005822363309562206
dose16k_B_s0,00090.png,0.0007186246803030372,0.001651867525652051,-0.0014656696002930403,0.00016390114615205675,-0.00010136532364413142,0.0007007692474871874,-8.261178300017491e-05,5.146503826836124e-05,0.0007558281067758799,0.0017773190047591925,-0.00023384683299809694,-5.687687462341273e-06,-0.00041057111229747534,-0.0004201669944450259,-0.0005723968497477472,0.0006111625116318464,-0.000764779164455831,0.0012708373833447695,0.000291940727038309,0.00036374054616317153,-0.00021039103739894927,0.0003664513642434031,-0.0005550171481445432,-0.0006208331324160099,-0.0002994044334627688,-0.0005407918943092227,0.001586618134751916,0.001166763249784708,0.0013252408243715763,0.0008827074780128896,0.0013907086104154587,0.000189373386092484,-0.0005252964911051095,0.0003372608916833997,0.0007521678344346583
dose16k_B_s0,00091.png,-0.0004191298212390393,-0.0010568691650405526,-0.0004299986467231065,0.0021284432150423527,-0.0027645707596093416,0.0003389492630958557,-0.0007959288777783513,0.001012568362057209,-2.0220319129293784e-05,0.0004049695562571287,-0.00044458924094215035,-0.0016564270481467247,-0.0014116779202595353,0.0005058184033259749,-0.0008336651371791959,0.0006930375820957124,-0.0008867120486684144,-0.0011270695831626654,-0.0005213356926105917,6.233082240214571e-05,-0.00021828062017448246,-0.000484112068079412,1.6764386600698344e-05,-0.0006743098492734134,0.0011006465647369623,-1.4033458683115896e-05,0.002212923252955079,-0.0003317086084280163,-0.0014728051610291004,-0.0010032792342826724,-0.0014098831452429295,-0.0005242477636784315,-0.0021017370745539665,0.0003585718513932079,0.0003106563235633075
dose16k_B_s0,00092.png,-0.0007130931480787694,-0.0005374321481212974,0.00013845825742464513,-0.0023214505054056644,-0.002240119269117713,0.0005676629371009767,0.0005188339273445308,0.00028954001027159393,-0.00035079556982964277,0.0008158691925927997,-0.00047412479761987925,0.0004923835513181984,-0.0010847277007997036,-0.0006291118334047496,0.0013430594699457288,7.324620673898607e-05,0.0003656206536106765,-0.00043805240420624614,-0.0005368517013266683,-0.0007661742274649441,0.00043415810796432197,-0.00027405345463193953,-0.00029386323876678944,-0.0011855521006509662,-0.0009412288200110197,-0.0008029700838960707,-0.0008373426971957088,-0.0012940464075654745,-0.001313345623202622,-0.00011057631490984932,-0.0007320602890104055,-0.0011183656752109528,-0.0007129058358259499,0.0013939766213297844,-0.00031867632060311735
dose16k_B_s0,00093.png,-0.0008570548961870372,-0.0012520791497081518,0.0011874324409291148,0.00045176816638559103,-0.0012908807257190347,-0.0007162385736592114,7.597220246680081e-05,-0.0007668028119951487,0.0001232019130839035,-2.8137762910773745e-06,-8.532014180673286e-05,0.0015374352224171162,-0.0005791917210444808,0.000608201080467552,0.0014852307504042983,0.0003467512724455446,-3.5255510738352314e-05,-0.00023895164486020803,0.0009906392078846693,-0.0002014098863583058,-0.00038204132579267025,-0.0007782229804433882,-0.0013420400209724903,0.0011380373034626245,0.0009935611160472035,0.0020326469093561172,0.0002668633824214339,-0.00019165282719768584,-0.0012905481271445751,0.000761177099775523,-0.0003356595116201788,2.5217332222382538e-05,-4.543516843114048e-05,0.00130155635997653,0.0007942445226944983
dose16k_B_s0,00098.png,0.00014021516835782677,0.0009442814043723047,-0.0004956116899847984,-0.0017390219727531075,0.0009767411975190043,0.0006227619014680386,-0.0007706765900366008,0.0010999568039551377,-0.0005438566440716386,0.0010222540004178882,0.00036195857683196664,0.00048156443517655134,-0.0005338972550816834,0.0016337872948497534,4.968156645190902e-06,-0.000530797173269093,-0.000263983994955197,-0.000435865658801049,-0.0005753115401603281,0.0005404251860454679,-0.0012034758692607284,0.00014442997053265572,0.00010535628825891763,-0.0017865773988887668,-0.0005731252604164183,-0.0011288101086392999,-8.690557478985284e-06,-7.769442891003564e-05,-0.00020261034660506994,-0.0010625673457980156,0.001291733467951417,-0.0017123620491474867,0.00042643892811611295,-0.0014406554400920868,-0.001058266730979085
dose16k_B_s0,00099.png,-2.6671174055081792e-05,0.0010094254976138473,6.616485916310921e-05,0.0007518820930272341,-0.00027924912865273654,-0.0008659999002702534,-0.0002874523925129324,-0.000607136229518801,0.00023993724607862532,-0.0002711583802010864,-0.0007369384402409196,0.002704859944060445,-0.0010569329606369138,0.0022094734013080597,0.0011939604301005602,-0.000836403458379209,-0.00016787441563792527,-0.0018527288921177387,0.002316779224202037,0.0005567185580730438,-0.0003557273303158581,0.0013303719460964203,-0.00011968488979618996,0.0015607126988470554,0.0010870079277083278,0.00016311238869093359,-0.0007400497561320662,-0.00045893891365267336,-0.000507999851834029,-7.886185630923137e-05,-0.0006557890446856618,-0.0005382625386118889,0.00039807893335819244,0.0009654135210439563,0.000580675492528826
dose16k_B_s0,00100.png,5.693002549378434e-06,0.000782111834269017,-0.0008385130204260349,3.82176622224506e-05,-0.0006925294874235988,-0.0017878060461953282,0.00010835126886377111,-0.0004786692443303764,0.00119029579218477,0.0009915410773828626,-4.3083233322249725e-05,-0.0003266751009505242,6.498363654827699e-05,-5.339710696716793e-05,0.0010292669758200645,0.0009523298940621316,0.0003591087006498128,-0.0005392266320995986,-4.720679862657562e-05,-4.653466385207139e-05,0.0008073812932707369,-0.0005439569358713925,0.0018691945588216186,0.00032934334012679756,-0.0006180646596476436,-0.0008767878753133118,-0.000123535719467327,0.0011481414549052715,0.00023223142488859594,0.0013683433644473553,0.00032195408130064607,-0.0004576325591187924,-0.0013087732950225472,0.0008897512452676892,-0.0006436955300159752
dose16k_B_s0,00101.png,0.0009399802656844258,0.000766647863201797,0.0008757830364629626,0.0010911221615970135,0.0008973372168838978,-0.00027310269069857895,0.000531276105903089,5.108291225042194e-05,-0.0005613485700450838,-0.0006738986121490598,1.690079807303846e-05,0.001242163241840899,-0.0004810686223208904,0.0006531734252348542,-0.0005140556022524834,-0.0003052004030905664,-0.0012259430950507522,0.0009155190782621503,8.742697536945343e-05,0.001860718592070043,0.0003620453935582191,-0.0001657460379647091,0.00041859602788463235,0.0010792217217385769,-0.0011647974606603384,0.0012611066922545433,0.0014963720459491014,0.0003328414459247142,0.00010937209299299866,0.00027696986217051744,-0.0009500532178208232,0.0017167372861877084,0.000700012082234025,0.002007709350436926,-0.0020411130972206593
dose16k_B_s0,00102.png,-0.0006483193719759583,-0.00010505013051442802,-0.00019994984904769808,-7.191645272541791e-05,-0.0011333874426782131,0.0015079268487170339,0.0008540003909729421,-0.0011112018255516887,0.001081356662325561,-0.0003105824289377779,-0.0012347971787676215,0.0009243061649613082,0.0008941873093135655,0.0010328326607123017,0.0001267517072847113,-0.001385395065881312,-0.0008076930535025895,-6.863598537165672e-05,-1.557462155687972e-06,-0.0012649880954995751,-0.0004291013756301254,-0.0018151025287806988,-1.2067104762536474e-05,0.0011039584642276168,0.0010672000935301185,-0.00033605832140892744,-0.0009270337177440524,0.00031816973933018744,-0.0007157214567996562,0.0010081202490255237,-0.0005625429912470281,-0.0008152960217557847,-0.000682133948430419,0.0012065060436725616,-0.0006615040474571288
dose16k_B_s0,00103.png,0.0003099073364865035,-0.0013929266715422273,0.0002885140711441636,0.00051195576088503,-0.0017128143226727843,-0.00035395892336964607,-0.0002687873493414372,-0.0004910153220407665,0.0012274713953956962,-0.0010104426182806492,-0.0017222142778337002,0.0002465068828314543,-0.0006428387714549899,-0.0004017399623990059,-6.456862320192158e-05,0.0002937209792435169,0.0008267307421192527,-0.001054546912200749,-0.0004003332578577101,0.001166871516034007,-0.00026325639919377863,0.0015690447762608528,-3.0235138183343224e-05,0.00030807865550741553,0.000122385288705118,0.000495328102260828,1.5597253877785988e-05,-0.00025069687399081886,-0.0020852824673056602,0.0008660100284032524,0.0006246612756513059,0.0009441191214136779,0.00186574412509799,0.0015132924309000373,-0.0014836813788861036
dose16k_B_s0,00104.png,-0.0018343146657571197,-1.9364071704330854e-05,-0.00019452886772342026,0.00020956722437404096,-0.0005727687384933233,-0.0009904152248054743,0.00046690035378560424,-0.0007681353017687798,0.0022432173136621714,-0.0009078442235477269,0.0017009348375722766,0.0007098026690073311,-0.0001781223836587742,-0.00014185566396918148,3.9934351661941037e-05,0.0002363305538892746,0.0006556008011102676,-0.000623102649115026,-0.0009491571690887213,0.0004019412153866142,4.5248041715240106e-05,0.0009047812200151384,-0.0007998858345672488,-0.0014857229543849826,-0.0005904703284613788,0.00016719695122446865,0.000209113146411255,-0.00042833827319554985,0.0007727874908596277,0.0007257274119183421,-0.00047272833762690425,0.0005795757169835269,-0.0007275688694790006,0.0005800783983431756,0.0006839752313680947
dose16k_B_s0,00105.png,-0.0004272818623576313,-0.0011562847066670656,-0.0003380374109838158,0.002123743062838912,0.0008538457914255559,-0.0011722765630111098,-0.0008464560378342867,-0.0006078298320062459,-0.0002695807779673487,-0.0009665601537562907,0.0006288892473094165,0.0012528820661827922,-0.0004774027911480516,0.0009705081465654075,0.0005753651494160295,-0.0009221009677276015,-0.0008201332530006766,0.0018583087949082255,0.0005272245616652071,-0.0006108465022407472,-0.00036001676926389337,0.0006185649544931948,0.00024411891354247928,-0.0003808868059422821,-0.0004626475856639445,0.0012452832888811827,0.0017011783784255385,-0.0008717011078260839,-0.0005437990766949952,-0.0004568769654724747,0.0007311678491532803,-0.000763912801630795,-0.00011209371587028727,-0.0023536314256489277,-0.000576965743675828
dose16k_B_s0,00106.png,0.0014238094445317984,0.0002098628756357357,0.0003716721257660538,-0.0006041703745722771,-0.0009197774343192577,-0.0008276800508610904,-0.0013008381938561797,-0.00013001619663555175,0.0005180126754567027,-0.0012499350123107433,-0.0008779458585195243,0.00015790197358001024,-0.001383079681545496,-2.4880833734641783e-05,0.0012520767049863935,-0.0013941068900749087,-0.0004780637100338936,9.349495667265728e-05,0.001354224281385541,-0.0003066092322114855,0.0006484015029855072,0.0002611023955978453,0.0008705867221578956,0.0008282787166535854,-0.0010439573088660836,0.00040315635851584375,-0.002057446399703622,0.0005655260756611824,-0.0015483405441045761,7.443174399668351e-05,0.0008387441630475223,-0.0018179654143750668,-0.000540392822586,-0.0011368220439180732,0.0010262522846460342
dose16k_B_s0,00107.png,-0.0009352189372293651,-0.00019113619055133313,0.0003736986836884171,0.00155012181494385,-0.0003840654680971056,-0.0007914520101621747,0.00020331889390945435,0.00021163873316254467,0.0007571954629383981,-0.0004753470711875707,0.001318915281444788,0.000793414656072855,0.0005543160368688405,-0.0016676658997312188,0.000814988452475518,0.0011839639628306031,0.0005890449974685907,-0.0016795340925455093,0.0004593970952555537,-0.0015632878057658672,0.0004876545281149447,-0.0006057369173504412,5.298057658364996e-05,0.0009690060396678746,0.0005861109239049256,-0.0007205039728432894,-0.0009108121739700437,-0.0001938482018886134,-0.0007090255385264754,-0.00013892038259655237,-0.00044556480133906007,0.0012312057660892606,0.0005371387233026326,0.0008758911862969398,-4.25122634624131e-05
dose16k_B_s0,00108.png,0.00036441971315070987,0.00020396991749294102,0.0006183296209201217,0.001577019807882607,0.0006772243650630116,-0.0006491305539384484,0.0007852293201722205,-0.0010420610196888447,0.0011394891189411283,-0.0016627595759928226,0.0006389294285327196,-0.00033747998531907797,0.0008782079094089568,-0.000365317304385826,-0.001976033439859748,9.640817006584257e-05,-0.0003484180197119713,-0.0004176619986537844,-0.0014403045643121004,-0.0006333618657663465,0.00039903982542455196,-0.0009839414851740003,0.001451463787816465,0.0006445601466111839,-0.0002771212311927229,0.0015791738405823708,-0.0012713278410956264,-0.00046221778029575944,0.0014891629107296467,-0.001060684910044074,-0.00019426544895395637,-0.0003761248954106122,-1.9567476556403562e-05,0.0013771624071523547,-0.0004885615780949593
dose16k_B_s0,00109.png,-0.0016879613976925611,-0.0001564380363561213,0.0011538012186065316,0.0006881037843413651,0.0003753163618966937,-0.0003876018454320729,-0.000741061638109386,2.061507802864071e-05,0.000259698397712782,0.0011188859352841973,-0.0018160121981054544,-0.0002730016130954027,0.0007395945722237229,-0.003000332275405526,-0.000688417290803045,0.00033089169301092625,0.0006338268285617232,0.0010885120136663318,0.0006792410858906806,-0.0007338026771321893,-0.000534621300175786,-0.0013755696127191186,0.0005117402761243284,0.0005371901788748801,-3.58697070623748e-05,9.926686288963538e-06,0.0006439386634156108,-0.0016223866259679198,-0.0010776044800877571,0.00010666875459719449,-0.000238642081967555,0.0009512067772448063,0.0008674671407788992,0.00016532819427084178,0.0013431264087557793
dose16k_B_s0,00110.png,0.0003223691019229591,0.0004926631227135658,-0.0002647818182595074,-0.00017069332534447312,0.00028510772972367704,6.950461101951078e-05,0.000592929485719651,0.0008371627773158252,0.0003595324233174324,-0.0006362222484312952,0.000590532086789608,0.0014328286051750183,-0.0005771396681666374,0.0010438200552016497,0.0013738577254116535,-4.833687125938013e-05,-0.00025572135928086936,0.0006647143163718283,0.0009129607351496816,0.00037038038135506213,-0.0007816174766048789,-0.0015007880283519626,0.0012757173972204328,-0.0016401142347604036,-0.0009021451696753502,-0.00018519320292398334,0.0017837431514635682,-0.0003857884439639747,0.0010731646325439215,1.676596912147943e-05,0.0015902091981843114,-0.0006930036470293999,-0.0004025785601697862,0.00029031565645709634,-0.0012322929687798023
dose16k_B_s0,00111.png,-0.00019751599757000804,-0.000250304612563923,-0.0009149534744210541,-0.0006966140936128795,-0.0008093932410702109,0.0002660993777681142,0.0009523030021227896,0.000661657948512584,-0.0008579993154853582,-0.0011046964209526777,-0.0002907802991103381,-0.0003481643507257104,3.668661884148605e-05,-0.0011890700552612543,7.835717951820698e-06,0.0001093018872779794,-0.00038907190901227295,-0.001049817306920886,-0.0010387820657342672,-0.00032564456341788173,0.0006171913701109588,0.0009724976262077689,0.00022064863878767937,-0.0013720182469114661,0.0010429314570501447,0.000841172703076154,0.0011302129132673144,-0.0009988973615691066,-0.001758391153998673,0.0003246103005949408,0.00035850092535838485,-0.0012040706351399422,-0.0007139732479117811,0.0012697316706180573,-0.0008780687930993736
dose16k_B_s0,00112.png,0.00027836402296088636,-3.4073131246259436e-05,-0.0007179217645898461,0.0003899068105965853,-0.0015714697074145079,-0.0017844350077211857,0.00017629837384447455,-5.547287219087593e-05,0.0002246221265522763,-0.00023621827131137252,-0.0012293077306821942,-0.0018883986631408334,0.001081925816833973,-9.257132478524e-05,-0.0010074255988001823,0.00062018126482144,0.0009576347074471414,-0.0006769111496396363,-0.00016135441546794027,-0.001058886875398457,0.000570082978811115,-0.000354553951183334,0.0006109615787863731,0.001552070491015911,0.0009698983049020171,-0.0007175984210334718,0.0002023800479946658,0.00019123891252093017,-0.000131082211737521,0.00041818723548203707,0.0009245917899534106,-0.00047423894284293056,0.0001313436805503443,0.0013091893633827567,-0.0005274153081700206
dose16k_B_s0,00113.png,0.0005517016397789121,-5.736639650422148e-06,-0.0009226667461916804,-0.0002376697666477412,0.0002875405771192163,0.0006725381826981902,-0.000586597016081214,0.0003539041499607265,3.073802508879453e-05,0.0010543959215283394,0.0005456373910419643,-0.0005291771958582103,-2.1696370822610334e-05,-0.00022741066641174257,-0.0004858098109252751,0.00058121292386204,-0.0013613530900329351,8.930038165999576e-05,0.0007724717725068331,-0.0006572764250449836,-0.0005402593524195254,-0.0006128100794740021,-0.0004522410745266825,0.0007560753729194403,0.0006798746762797236,0.000980434357188642,-0.0009238519123755395,-0.0003867515188176185,-3.2026946428231895e-05,0.0001022652504616417,-0.001977066043764353,-0.0005124052404426038,0.0003567637177184224,0.00021806842414662242,-0.000460495037259534
dose16k_B_s0,00118.png,-0.0011744019575417042,-0.0004808134399354458,-0.00024133479746524245,0.0012809167383238673,-0.001466194400563836,-0.0013003820786252618,-0.0003718045190908015,0.0014422846725210547,0.0008111877250485122,-0.0009423870360478759,0.00031515563023276627,-0.0004591143224388361,1.1660959899018053e-05,-0.0008833338506519794,-0.0007037394098006189,-0.00040397842531092465,-0.0010548358550295234,-0.0009647402330301702,0.0003700964734889567,0.00014712200209032744,-0.0006954630953259766,0.0016013489803299308,-0.000565969618037343,-0.00025888331583701074,0.000345641456078738,-0.0001527792337583378,-0.0010033525759354234,-0.00012142724153818563,0.00037363619776442647,-0.002197933616116643,-0.0008066387381404638,0.00011291407281532884,0.0017347700195387006,-0.0019229744793847203,0.00010972379095619544
dose16k_B_s0,00119.png,0.0007848162204027176,0.0013627815060317516,-0.0003816709795501083,0.002583016874268651,0.0004312719393055886,0.00022985613031778485,0.0001498499041190371,-0.0005915115470997989,-0.0017615004908293486,9.925787890097126e-05,-1.8629432815941982e-05,0.0006078847800381482,0.0014145915629342198,-0.0007568232249468565,-0.0006838933331891894,0.000124085447168909,0.00040580955101177096,-0.0001239435950992629,-0.0016956753097474575,0.0013772217789664865,-0.00018535018898546696,0.00032860756618902087,-0.0017715893918648362,-0.0007830598042346537,-0.0004535287735052407,0.0005075591034255922,0.0010673427022993565,0.0010592775652185082,8.081973646767437e-05,0.0014804822858422995,0.001142823719419539,0.0007635731599293649,0.0006422773585654795,-0.0007699785055592656,0.00024332289467565715
dose16k_B_s0,00120.png,0.0005950908525846899,8.37515908642672e-05,2.107163891196251e-05,-0.0009729114244692028,0.0012793891364708543,-0.0001624440192244947,-0.0009609196567907929,-0.0015613655559718609,0.0021114784758538008,-0.0009968263329938054,-0.0006530758691951632,-0.0005987006588838995,0.00011923247075174004,-0.0014474953059107065,-0.00048759326455183327,0.0004927452537231147,0.001164709683507681,-0.000290277210297063,0.00038075249176472425,0.0001496431796113029,-0.00011334213195368648,0.0011982170399278402,-0.00011471477773739025,-0.0018226980464532971,0.0004539295914582908,0.0007151251193135977,0.00016129565483424813,-0.0003354392829351127,-0.0002966832835227251,-0.0003647493722382933,0.0002996738476213068,-0.0012094633420929313,0.0003134780272375792,-0.0009002330480143428,-0.0007797396392561495
dose16k_B_s0,00121.png,-0.00047234163503162563,-0.0004926644032821059,-0.0009051100932992995,0.002532164566218853,0.0042788186110556126,-0.0011738317552953959,-0.0003878981224261224,-0.0014390958240255713,0.0016770161455497146,-0.0001731915690470487,0.00035773878335021436,-0.00015788183372933418,-0.002241687383502722,-0.0015959023730829358,0.0018791641341522336,0.0005728737451136112,0.0003354315704200417,-0.0005923015414737165,0.000719172996468842,-0.0018959651933982968,-5.2265535487094894e-05,-0.0012086248025298119,0.000489418744109571,-0.0018702150555327535,-0.00021685706451535225,0.000825780734885484,-0.0026867184787988663,-3.7313504435587674e-05,-0.0012189314002171159,0.0011948683531954885,-0.00048804329708218575,-0.0013281969586387277,0.0012135319411754608,-0.00032191415084525943,0.002390157198533416
dose16k_B_s0,00114.png,0.0011517064413055778,0.001386360265314579,0.0011093824869021773,0.000302163593005389,0.0010066714603453875,-0.0021299906075000763,-0.0005227182991802692,0.00013444770593196154,-0.0011874194024130702,-0.0009915763512253761,-0.00021026615286245942,0.0003572850546333939,-0.0006941053434275091,-0.0017748853424564004,-0.0003895324480254203,0.00019222487753722817,0.00019009533571079373,0.0011208204086869955,-0.0025395192205905914,0.0010399905731901526,-0.0008206330821849406,-0.000657945463899523,0.0011935888323932886,0.00013910552661400288,0.0008277281885966659,0.000856092432513833,0.0001758284925017506,-0.00013316678814589977,0.0013900152407586575,-0.0011722119525074959,0.00047286879271268845,-0.0008544361917302012,-0.00012610058183781803,-0.00013148073048796505,0.00055641436483711
dose16k_B_s0,00115.png,-0.0003914926783181727,0.0002837598731275648,0.00037912908010184765,0.0008236727444455028,-0.0010660410625860095,0.0001444261724827811,-0.0014838339993730187,-0.0007428827229887247,-0.00024218801991082728,-0.00035039655631408095,0.000613747222814709,-0.00039288148400373757,-0.0009061486343853176,0.0008029190939851105,0.0001519227953394875,0.0004646932065952569,0.0003404202579986304,-0.0003549899556674063,-0.00011768620606744662,0.001214931020513177,-0.0004071817093063146,-0.0018190278206020594,0.0003814656811300665,-0.0003573322610463947,-0.0006368572358042002,0.0014524186262860894,-0.0014726456720381975,0.0011261283652856946,-0.0006681078812107444,0.0006241897353902459,0.0003384329320397228,-0.00048095014062710106,-8.853406325215474e-05,-0.0007277328986674547,0.00022780208382755518
dose16k_B_s0,00116.png,0.0008634181576780975,0.0023498390801250935,-0.001565568265505135,-0.00037832249654456973,0.0003129014512524009,-0.0011122742434963584,-0.00041471689473837614,-0.0013771399389952421,-2.7491923901834525e-05,-0.0011826393892988563,0.0002943110011983663,-0.0002210168313467875,-0.001524585299193859,-0.0026837519835680723,0.000749435625039041,-0.00139541644603014,0.0008701551705598831,0.0028850086964666843,0.00029044010443612933,0.001466540154069662,-0.0006118461024016142,0.0017074212664738297,-0.0014277341542765498,0.0006225968827493489,-0.0008323449292220175,0.0004471808788366616,0.00041668920312076807,-0.0022386990021914244,-0.000597398029640317,0.00026102541596628726,-6.723324622726068e-05,-0.002010846044868231,0.0007185278809629381,-0.0016565890982747078,0.00153873092494905
dose16k_B_s0,00117.png,-0.0012971438700333238,-0.0008598185959272087,-0.0013730863574892282,-0.0031071449629962444,0.0016125257825478911,0.001565604587085545,9.221547225024551e-05,-0.0007899199263192713,-6.55911208014004e-05,-0.00033302471274510026,-0.0013310933718457818,-0.0002080426347674802,-0.0004495739412959665,-0.00046595640014857054,-7.34206842025742e-05,0.0018111825920641422,0.00011354406888131052,0.0017597951227799058,-0.00029870966682210565,-0.0010882554342970252,0.0010766821214929223,-0.00142570526804775,0.000994148664176464,-1.0551206287345849e-05,0.00015258361236192286,-0.001312229665927589,-0.00011955258378293365,-0.0007484107045456767,0.0003615308669395745,0.00038054052856750786,0.00018126661598216742,-0.0009516855352558196,-0.0003948634257540107,-8.390712173422799e-05,-0.000700003991369158
dose16k_B_s0,00122.png,-0.0008498315000906587,-0.0014664815971627831,-0.00023970066104084253,0.0007979875081218779,-0.0006270260200835764,-0.00137734052259475,0.000356182485120371,0.00048387135029770434,-2.1996362193021923e-05,0.00011696335423039272,-0.00010664899309631437,-0.00013855507131665945,-0.0014334823936223984,-0.00027644174406304955,-0.00042128769564442337,0.0011102322023361921,0.0003518828598316759,-0.0004993739421479404,-0.0011372579028829932,0.0008009800803847611,-0.00014307699166238308,0.0005024115089327097,-0.00017257565923500806,0.0014605233445763588,0.0004899036139249802,-0.0004897303297184408,0.0012907542986795306,0.0008783249650150537,0.0002681028563529253,-5.727441384806298e-05,0.000748976890463382,0.00044443283695727587,-0.0009488883661106229,-0.0016810513334348798,-0.0008488464518450201
dose16k_B_s0,00123.png,0.0006518235895782709,-0.000242289446759969,-0.0001569500454934314,-0.0006900205626152456,0.00027535780100151896,-0.0005470263422466815,-0.0015033695381134748,0.0006101478938944638,0.0013320903526619077,0.0003387901233509183,0.0009250307339243591,-0.0006746985600329936,0.000153030501678586,-0.0003608250408433378,-0.00032687836210243404,0.0011262708576396108,0.0010732758091762662,0.0006717636133544147,-0.0017619435675442219,0.00019071657152380794,0.000737298047170043,0.000636908458545804,0.0010890584671869874,-0.00014283088967204094,-0.0011203468311578035,-0.0013191838515922427,0.0006789439357817173,0.0017080685356631875,-0.0002762927033472806,0.0008158652344718575,0.000792871112935245,0.0007913660956546664,-0.0006318868254311383,-0.001072754617780447,-0.00016140069055836648
dose16k_B_s0,00124.png,0.0006796553498134017,0.0003757038793992251,-0.00021398442913778126,-0.0012108907103538513,0.0019850837998092175,0.000199750458705239,0.000387706037145108,0.0013152367901057005,0.00211051176302135,-0.0013118366478011012,0.0008203496690839529,0.00016877531015779823,-0.0004662104183807969,-0.0002111584326485172,-0.0018665894167497754,0.0007866116939112544,-0.0007302380981855094,0.000525114475749433,0.0009002408478409052,-0.0006969348178245127,0.0009306085994467139,0.000538892054464668,0.0006250353762879968,0.0015265628462657332,-0.00014048308366909623,0.0018003234872594476,-0.0001581700926180929,-0.0004300067375879735,-0.0009886944899335504,-0.0006371053750626743,-0.0009112557163462043,0.0011057815281674266,0.000374448427464813,0.0002749783161561936,-0.0012436024844646454
dose16k_B_s0,00125.png,-0.00029406032990664244,0.00032101510441862047,0.00011621195153566077,0.0008674047421664,-0.0011702546617016196,0.0016005279030650854,0.0008823270327411592,4.3919022573390976e-05,0.0006795538938604295,-0.00026474264450371265,-0.000848008319735527,3.08267044601962e-05,0.0018221656791865826,0.0019521086942404509,-0.0006127944216132164,0.00012069469084963202,-0.00047039618948474526,-0.0005890150787308812,0.0016417986480519176,0.0010794353438541293,0.00020681066962424666,0.0019092867150902748,0.0009716282947920263,0.0006981939077377319,-0.00017085620493162423,0.00043206714326515794,-0.000793600338511169,-0.0006623169756494462,-0.00028132545412518084,0.0007629467872902751,0.00020587655308190733,-0.0012029306963086128,-0.00044619155232794583,0.0011054432252421975,-0.0011114066001027822
dose16k_B_s0,00126.png,8.357046317541972e-05,-0.0013644446153193712,0.0008253781124949455,0.0011762509820982814,-0.0007389539387077093,-7.098973583197221e-05,-0.0001226325985044241,-0.0009064876940101385,-0.001264526741579175,0.0003556450246833265,0.0003631489526014775,0.001296643982641399,-6.80054072290659e-05,-0.0012626113602891564,-0.0012859661364927888,-0.0003946719807572663,-0.0006744504207745194,-0.0023029609583318233,0.00010286690667271614,-0.0008210140513256192,0.0019477186724543571,-0.0002606108027976006,0.00012384251749608666,-0.00019839800370391458,0.002963489852845669,-9.431827493244782e-05,-0.00041227080509997904,3.619768176577054e-05,-0.0009291213937103748,-0.0011830750154331326,7.453822945535649e-06,-6.397128890966997e-05,-0.0005442010588012636,0.00028609205037355423,0.0021781916730105877
dose16k_B_s0,00127.png,-0.0005850903689861298,-0.0007363730110228062,-0.0005760848289355636,0.0011267605004832149,-0.00030899979174137115,-0.0008586538606323302,0.0007621552795171738,0.0007742224843241274,8.674681885167956e-05,-0.0015016768593341112,-0.00010719993588281795,0.00017268651572521776,-0.001408153329975903,-0.0005436656065285206,-0.0011085738660767674,-0.0016326380427926779,0.00022923781943973154,0.0019631311297416687,-0.0021637335885316133,-0.00021490230574272573,0.0022104275412857533,0.00024211729760281742,-0.001428126124665141,-0.0006971402908675373,6.0324939113343135e-05,-0.0003060923481825739,0.001914152642711997,-0.00010024556104326621,0.0009614986483938992,3.7691752368118614e-05,-0.0005163986934348941,0.0001933111489051953,0.00017017002392094582,0.001504833111539483,-0.0009480496519245207
dose16k_B_s0,00128.png,0.0014270750107243657,0.001645390992052853,0.0008030337048694491,-0.0007346967468038201,-0.0010687911417335272,-0.0016079884953796864,0.002369111170992255,-0.00010634484351612628,0.0006605118978768587,-0.0009368402534164488,-0.00016741020954214036,0.0015239627100527287,0.0005357090849429369,-0.00014074092905502766,0.0013829271774739027,0.002294433768838644,-0.0016744027379900217,0.0006427050102502108,-5.359480383049231e-06,-0.001437938422895968,0.0015498597640544176,0.0015509896911680698,0.0002465400320943445,0.0008981421706266701,0.0003471096861176193,0.001307326485402882,-0.00015057345444802195,-0.0003492150572128594,-0.0009273221949115396,0.0005497793317772448,0.00019359237921889871,0.00011696336878230795,-2.2801299564889632e-05,0.000316755409585312,-0.00023814347514417022
dose16k_B_s0,00129.png,0.0001915739558171481,0.00048202037578448653,0.0015717315254732966,0.002907909220084548,0.0027868959587067366,-0.0006388481706380844,4.691788490163162e-06,0.0006843385053798556,0.0015292026801034808,0.0009099366725422442,0.0009045983315445483,0.0003126564552076161,-0.0003772345371544361,0.0002417131036054343,7.901409844635054e-05,0.00022667908342555165,-0.0005513982614502311,-0.00048232002882286906,0.00018024012388195843,-0.0011261600302532315,3.113284765277058e-05,0.0005334622692316771,0.00013871444389224052,-0.0012181763304397464,-4.101997910765931e-05,-0.00017203018069267273,-0.0005275294533930719,-0.0007623094716109335,0.0007539120852015913,0.00015295635967049748,0.0014517956878989935,-0.0007976599736139178,-0.0011300344485789537,-0.00040949948015622795,-0.0004231414059177041
dose16k_B_s0,00130.png,0.0006332455086521804,0.00018169214308727533,3.327705053379759e-05,-0.0018810586770996451,0.00023400443024002016,-0.0004571744939312339,-0.00011129898484796286,-0.00025502609787508845,0.00021759630180895329,-0.00010703595035010949,0.0005299157346598804,-0.0009957266738638282,0.0011829318245872855,0.0005131743382662535,0.0004354239208623767,-0.001960370223969221,0.00021999466116540134,-0.002606387482956052,-0.0006553950952365994,-2.9805114536429755e-05,0.0008973701042123139,-0.00031757750548422337,-0.0005624484620057046,-0.00019550579600036144,0.0009425343596376479,0.00031987676629796624,0.0001960678637260571,0.0008246355573646724,0.00020298159506637603,0.0006802482530474663,0.0010734765091910958,0.001406681607477367,0.0009650060092099011,0.000984098995104432,0.0008737822063267231
dose16k_B_s0,00131.png,-2.0522897102637216e-05,0.0003195949539076537,0.00023515496286563575,0.0004080710932612419,0.0005444515845738351,0.0022647129371762276,-0.0013989601284265518,-0.0010881456546485424,-0.0002669168170541525,0.0002907642046920955,0.0007594680064357817,4.5094780944054946e-05,-0.0013787768548354506,0.0005416803760454059,-0.0016466444358229637,0.0002401832171017304,0.0007673951331526041,-0.001437540864571929,-0.0017167039914056659,0.00012939338921569288,0.00017488966113887727,-0.0015395700465887785,0.0004897736362181604,-0.0018056745175272226,0.0010801225434988737,-0.0006222223164513707,-0.0011812163284048438,-0.0009403806761838496,-0.0006511498359031975,-0.0007179920794442296,-0.0006925280322320759,0.0001117722422350198,-0.0009422926814295352,-0.0007957210764288902,0.0004917911719530821
dose16k_B_s0,00132.png,-0.0006878016283735633,-0.0003950134851038456,0.0006436325493268669,-0.00032487278804183006,-0.000678831769619137,0.0004475602472666651,-0.0007055042078718543,-0.0013574933400377631,-0.00023945915745571256,-7.052950240904465e-05,-0.000699048803653568,-0.0010506551479920745,-0.0006876122206449509,-0.0017244953196495771,-0.0005126017495058477,-0.0002995408431161195,-7.702071161475033e-05,9.424759628018364e-05,0.0003022579476237297,-0.0009319901000708342,-0.00042065573506988585,0.001933504012413323,-0.0008322964422404766,-0.00011484743299661204,0.00013792789832223207,0.0008027603034861386,-0.001662230002693832,-0.0008830861188471317,-0.000498667941428721,0.0019156706985086203,-0.0013819669838994741,-0.00028702212148346007,-0.0004608199233189225,-0.001127806375734508,0.0009762580739334226
dose16k_B_s0,00133.png,0.0003768015594687313,0.0014444845728576183,-0.000632897368632257,-0.0001305441983276978,0.0005927068996243179,0.0004128943255636841,-0.0014457361539825797,-0.0006560609326697886,0.0004719852877315134,0.0003975443833041936,-0.0003208387643098831,-0.00040993792936205864,-0.0009631523862481117,0.0025598688516765833,0.0011366941034793854,0.00026166922179982066,-9.084015619009733e-05,-0.0004355455166660249,-0.0003079703892581165,0.00011811008880613372,-0.00021569813543464988,0.0005906976875849068,0.0006827425677329302,-0.0012967097572982311,-0.0010447443928569555,0.0005384546238929033,-0.0007049643900245428,0.0009066722122952342,-0.0004287418269086629,-0.0005966576864011586,-0.0003151755954604596,0.001930129248648882,-0.0001285906764678657,-0.0004902369691990316,0.002759084803983569
dose16k_B_s0,00138.png,0.0014888921286910772,0.0008277858141809702,-0.0006354740471579134,0.0006135964067652822,-0.0009676222107373178,0.0002423279220238328,-0.002109740162268281,-0.0004416127922013402,7.443186041200534e-05,-0.0006916055572219193,-0.00036929966881871223,0.0010989399161189795,-0.0006645111134275794,-0.0005335977766662836,-5.862674879608676e-05,-0.000725093821529299,-3.3804211852839217e-05,0.0006783728604204953,-6.48618588456884e-05,-0.0004775128036271781,-0.0014973506331443787,1.077706110663712e-05,-0.0006671133451163769,0.0005747502436861396,0.000351131398929283,0.0010978742502629757,0.001458571758121252,-0.0008566468604840338,-0.0003935297718271613,0.0016017367597669363,-0.0007791083189658821,-0.0019989304710179567,-0.0006099579622969031,0.001437111059203744,-0.0011432492174208164
dose16k_B_s0,00139.png,0.0009418408153578639,0.0006987516535446048,-0.0001321435411227867,6.537291483255103e-05,0.0005266429507173598,-0.0015422470169141889,0.0005681785987690091,-0.00022273401555139571,0.0018163247732445598,5.7754736189963296e-05,0.0014239127049222589,-0.0017443702090531588,0.0001409794349456206,-0.0013377852737903595,0.00016349105862900615,-0.00024556225980632007,-0.0002281297347508371,0.0008128040353767574,0.00025234822533093393,-0.00035727437352761626,-0.0006418406846933067,0.0005017304793000221,0.0010691465577110648,1.6134023098857142e-05,-0.0001437284954590723,0.0005327913677319884,0.0009914545807987452,-0.0007577392389066517,0.00023854075698181987,0.0008422887767665088,-0.00045929511543363333,0.0008302645292133093,0.00035724809276871383,0.0009448205819353461,0.00025198483490385115
dose16k_B_s0,00140.png,0.0005392961902543902,0.0005212242249399424,0.00033861762494780123,-0.001902671530842781,-0.0037964535877108574,-0.0009615460294298828,0.0012060070876032114,0.0012196116149425507,0.0004769628867506981,0.0007056162576191127,0.00015000923303887248,0.0005221912870183587,0.00023167837935034186,-0.00017867494898382574,4.5778899220749736e-05,0.0011649266816675663,0.0003338198584970087,0.0010908445110544562,-0.000785976299084723,0.0002669518580660224,0.0013200560351833701,0.001526819309219718,0.0004607053124345839,3.935557106160559e-05,3.70117777492851e-05,0.0011062329867854714,0.0003098437446169555,-0.002113179536536336,0.0005232289549894631,-0.0014276031870394945,0.0008636063430458307,-0.001330636558122933,-0.0002291190467076376,-0.0008045142167247832,0.00025501003256067634
dose16k_B_s0,00141.png,0.0009709754376672208,0.00220800400711596,-0.001023429911583662,0.0014789210399612784,0.001038319431245327,0.0009528231457807124,0.001068659476004541,-0.0009153257706202567,0.00025146687403321266,0.0007421630434691906,0.0019256829982623458,-0.00014148264017421752,-0.0011013542534783483,0.000563348236028105,1.6822832549223676e-05,-0.0012297715293243527,0.0012111356481909752,4.7156416258076206e-05,-0.0001707540068309754,0.0015176000306382775,-0.0002535124367568642,0.00010583380208117887,-0.00047452334547415376,0.0010483944788575172,-3.8478916394524276e-05,-0.0007379312883131206,0.001539182965643704,0.0016323134768754244,0.000276097358437255,-0.0006018680287525058,-0.0013139049988240004,-0.0001371803809888661,-0.00022759800776839256,0.001016313093714416,-0.0007550170412287116
dose16k_B_s0,00142.png,-0.00165511853992939,-0.00222841021604836,0.0003750805917661637,-0.0010838753078132868,0.0009669304126873612,0.0006556363659910858,-0.0014265429927036166,0.0008275884320028126,0.0010907984105870128,-4.0222999814432114e-05,0.0012376363156363368,0.0009808712638914585,5.601050816039788e-06,0.0011380495270714164,0.0007257729303091764,0.001295740599744022,-6.994314026087523e-05,1.6513351511093788e-05,-0.0006931638927198946,0.001484013395383954,0.0006453276728279889,0.00029642487061209977,0.0002036598598351702,-0.00044369837269186974,-0.0004080779617652297,0.0005578925483860075,-0.0006190590211190283,0.00035817964817397296,0.0010338269639760256,0.0012212303699925542,0.0013445945223793387,0.0007903039804659784,-0.0005592236411757767,-0.0007638284587301314,-0.0003977422311436385
dose16k_B_s0,00143.png,-0.0009528737864457071,-0.0007302812882699072,-0.0013284484157338738,-0.0001410358672728762,0.0004350883245933801,-0.0008207320934161544,-0.0009262510575354099,-0.0002761453215498477,0.002996991854161024,0.0011285499203950167,-0.001886976882815361,-0.0006957662990316749,0.0009565261425450444,0.0008079528925009072,0.0009825086453929543,0.00014676613500341773,0.00045626488281413913,0.000535805884283036,0.001045528333634138,0.0005136107793077826,-0.0007679654518142343,0.000885945453774184,-8.733598224353045e-05,-0.0005383638199418783,-0.0016612227773293853,0.0017180631402879953,-0.0009371067862957716,-4.5693763240706176e-05,0.0004398447345010936,0.0019490683916956186,-0.0005823709070682526,-0.0014002741081640124,-0.0003453568497207016,-0.001845038030296564,0.0001828862150432542
dose16k_B_s0,00144.png,-0.0009899893775582314,0.0009096506400965154,0.000336355617037043,-0.00022819533478468657,0.00039570246008224785,0.0008596523548476398,-0.0005525204469449818,-0.00020294002024456859,0.0014668809017166495,-0.00043438930879347026,0.0007802521577104926,5.0588314479682595e-05,0.00021857384126633406,0.00025735271628946066,-0.0003077439614571631,-0.0009545835200697184,-0.0002913817879743874,0.0006964614149183035,-0.0004156717623118311,0.0017453186446800828,-0.0029095164500176907,0.0021373461931943893,0.0013206041185185313,0.0008302871719934046,0.0003194887249264866,-0.00021271529840305448,0.0017825658433139324,-0.0007698331028223038,-0.0001949350262293592,0.00014910557365510613,0.0005272139678709209,-0.0009408726473338902,0.0008276808075606823,0.0010455193696543574,0.0007514144526794553
dose16k_B_s0,00145.png,5.660072201862931e-05,-0.0009113269625231624,0.0012922935420647264,-3.582325007300824e-05,-0.0007771893870085478,0.0020478018559515476,0.0001229295157827437,-0.00017232948448508978,-0.00011060314864153042,0.0007335387635976076,0.0009597270400263369,-5.586537008639425e-05,-0.00022266453015618026,-0.00035920459777116776,0.00011917387746507302,0.0004374341806396842,-0.00010763925820356235,-0.00036938345874659717,0.00012880501162726432,0.0009753110352903605,0.000824852439109236,-0.0012472792295739055,0.00028593832394108176,-3.889231811626814e-05,0.001451859250664711,-0.0006570394616574049,-0.00135792454238981,0.00019326167239341885,-0.00032427243422716856,-0.000557857274543494,-0.0019030835246667266,-0.00020387012045830488,-0.0017241569003090262,0.0001287484628846869,-0.0008510258048772812
dose16k_B_s0,00134.png,-0.0007627877639606595,-0.00010224739526165649,0.0001663106813794002,0.0005980425048619509,0.00045663819764740765,-0.0002922030398622155,-0.00043244886910542846,-0.0006366233574226499,0.000672060763463378,-8.529568003723398e-05,-0.0004122737445868552,0.0007168255397118628,3.903462493326515e-05,0.00017887816647998989,0.000966278777923435,0.0004836123262066394,-0.0016799847362563014,0.0004971358575858176,0.00012057821004418656,-0.0003451071970630437,0.0011382782831788063,-0.0005344292731024325,0.0002071901981253177,-0.0006245013792067766,-0.000859052233863622,0.0006114060524851084,0.00032111542532220483,-0.0001956115011125803,-0.00018650604761205614,-0.0014474823838099837,-0.0011870419839397073,0.00010947005648631603,0.0014521837001666427,0.00030503878952004015,0.000488904828671366
dose16k_B_s0,00135.png,-0.0009879741119220853,0.00022857346630189568,0.0005978181143291295,-0.0005768007249571383,0.0006525267381221056,-0.0016979665961116552,0.0001564498816151172,0.0012617603642866015,0.0012106876820325851,0.0005091071361675858,0.0004455960588529706,-0.0005786512629128993,0.0009544370695948601,-0.0006497600115835667,-0.00018383889982942492,-0.0006824154988862574,0.0004725291219074279,0.0005590592627413571,-0.0007557581411674619,0.00016874495486263186,0.00027603632770478725,-0.00048294622683897614,0.0014313426800072193,0.000994469621218741,-0.0005311644054017961,0.0021925054024904966,-0.001217305427417159,0.0005863023106940091,0.00030395243084058166,0.00023354895529337227,-0.0009891422232612967,0.0006147455424070358,0.0003691235324367881,0.0016753406962379813,-0.0009399137343280017
dose16k_B_s0,00136.png,-0.0014606439508497715,-0.001407233881764114,-5.9731362853199244e-05,0.000578626524657011,0.0004191709740553051,-0.0006926435162313282,-0.001158012542873621,0.00015926540072541684,-0.0006598050240427256,-0.0009803100256249309,-0.0007055154419504106,0.0015254929894581437,0.0007972015882842243,-0.00012721538951154798,0.00028627473511733115,-0.000662109930999577,-0.0006412997609004378,-0.0008112895302474499,-0.0003209564310964197,0.0008104356820695102,0.00038227703771553934,-0.001047337194904685,-0.0008331279968842864,0.000293609598884359,-0.0008462881087325513,0.00025721214478835464,-0.0006434971000999212,0.001445041154511273,-0.0010727941989898682,0.0007089782156981528,-0.0002997479459736496,-2.035563375102356e-05,0.00032772120903246105,-2.985234277730342e-05,0.0011690146056935191
dose16k_B_s0,00137.png,0.00045939063420519233,-7.894782902440056e-05,0.0004110969020985067,0.0001840817421907559,0.0008465234423056245,-0.0016438377788290381,-0.0003146696835756302,0.0011886865831911564,-0.0005563564482145011,-0.0006195207824930549,0.0005407545249909163,0.0009041663142852485,-0.0013137442292645574,-0.0016267013270407915,0.0016094044549390674,-0.000627419794909656,8.681383042130619e-05,-0.0006157999741844833,0.0004643705615308136,0.0004913218435831368,0.0016869788523763418,-0.0003677939239423722,-0.00018543540500104427,0.0008371416479349136,0.0006805868470109999,-0.00028440216556191444,0.0010926452232524753,7.304150494746864e-05,-0.00014244044723454863,0.00045752295409329236,0.0007422673515975475,0.001011139014735818,0.0006650989525951445,0.0005804228712804615,0.0014623746974393725
dose16k_B_s0,00146.png,-0.0005399809451773763,-0.0009956971043720841,-0.00027811358449980617,-0.00024135902640409768,0.0001016404276015237,0.0001411553384969011,0.0005810834118165076,-0.001369105069898069,-0.0010276890825480223,0.0004657076206058264,0.0011113035725429654,0.0014311072882264853,-0.0011469208402559161,0.0002072038478218019,0.00034440457238815725,0.0002042691339738667,-0.00010481933713890612,0.0007025761296972632,-4.4626431190408766e-05,0.0005849140579812229,0.0011452008038759232,-0.0007019792101345956,0.0003295433707535267,5.46348346688319e-05,0.0006281965179368854,0.0011620813747867942,0.00010951186413876712,0.0008294129511341453,-0.0008953824290074408,-7.598581578349695e-05,0.0016718360129743814,-0.00028586029657162726,0.0008530000923201442,-0.0004080960643477738,0.0003414178208913654
dose16k_B_s0,00147.png,-0.0009280669037252665,-0.0006299764499999583,2.0500781829468906e-05,-0.00046587822725996375,-0.0006397005636245012,0.00013328356726560742,0.0015005208551883698,0.000778474030084908,0.00012855049862992018,0.00044877250911667943,-0.0003267459978815168,-0.0005628691869787872,0.0008591451914981008,0.0013101868098601699,6.339906121866079e-06,7.131843449315056e-05,0.0005760271451435983,0.0012668600538745522,-0.0020990855991840363,0.001947516924701631,-0.0001131369499489665,0.0007873586728237569,-0.0007003394421190023,3.6624831409426406e-05,0.0002252825943287462,-0.0005574177484959364,-0.0009851552313193679,-0.0002082175196846947,-0.002215013839304447,-0.0010850513353943825,-0.0003960425965487957,-0.0008891501929610968,-0.0004357105935923755,-0.0004045477544423193,0.00019967745174653828
dose16k_B_s0,00148.png,1.845449696702417e-05,3.0709736165590584e-05,0.0005834743496961892,-0.0007765988120809197,0.000180754839675501,-0.0005596766714006662,-0.0006760723190382123,-0.0011055782670155168,0.00012398806575220078,0.0009193922160193324,0.0017351771239191294,-0.00047802727203816175,0.0010027338284999132,-0.0005487971939146519,-0.00027140011661686003,-0.0007135710911825299,-0.001703944057226181,0.00032159886904992163,5.833926843479276e-05,-0.00027387775480747223,0.0019943867810070515,0.000898899685125798,-0.0010993338655680418,0.00042444272548891604,0.0006284606643021107,0.0010676714591681957,-0.0005391567829065025,-0.0006221181247383356,0.0003523516352288425,-0.0007408491219393909,-0.0008335534948855639,-0.0011259387247264385,-8.802086085779592e-05,-0.00046490132808685303,-0.0010419184109196067
dose16k_B_s0,00149.png,-0.00016869809769559652,-0.0008327053510583937,-0.0002430227177683264,-0.001176709309220314,-0.0005429484881460667,0.00024005067825783044,0.00017936789663508534,0.00011573140363907441,-0.003000170923769474,-0.00025419049779884517,0.0018071163212880492,-5.8101650211028755e-05,-2.1540448869927786e-05,-0.0008887414587661624,0.00023046038404572755,-0.0004831747792195529,-0.0006606561364606023,-0.0004016116145066917,0.0012928001815453172,0.0005750368582084775,-0.000264145084656775,0.0007556497002951801,-0.0007334022666327655,0.0011764279333874583,0.0002522983413655311,0.0008112802170217037,-0.00040859513683244586,-0.0005941265844739974,0.00018320721574127674,-0.000231055892072618,0.001190408831462264,0.0004038068000227213,0.00026817593607120216,-0.0012215509777888656,-0.0006215960602276027
dose16k_B_s0,00150.png,0.0011114232474938035,0.00040998600888997316,8.452539623249322e-05,-0.001985791604965925,0.002598267048597336,-0.0007173797930590808,-0.0007790623349137604,0.0010548389982432127,0.002205043798312545,-8.142375736497343e-05,0.0008796545444056392,0.00027581077301874757,0.00026150033227168024,0.0003753014898393303,0.00043192741577513516,-0.0002879591775126755,0.0016008577076718211,0.0015314568299800158,-0.0015249684220179915,-2.079250043607317e-05,-0.00040898367296904325,0.0009436820400878787,-0.000637402874417603,0.001221759826876223,-0.0008125669555738568,-0.0009437676053494215,0.0003483129548840225,0.0007879659533500671,-0.0003497483266983181,-2.6322515623178333e-05,0.0004069346468895674,-0.0016696014208719134,-0.00039191704127006233,0.0005358111811801791,-0.00040984965744428337
dose16k_B_s0,00151.png,-0.0003347490564920008,-6.108277375460602e-06,-0.00016262590361293405,-0.0008755531744100153,-5.986232645227574e-05,-0.0020644557662308216,1.484033236920368e-05,0.00041840894846245646,0.00043211141019128263,0.0004049807321280241,0.0014915922656655312,0.0007409703684970737,3.023546378244646e-05,0.0008690585382282734,-0.000481608381960541,-0.001728593953885138,0.0009802462300285697,-0.0007293595117516816,0.0006254288600757718,0.0011666158679872751,-0.0004498277266975492,0.0008120331331156194,-0.0012502652825787663,-0.0013877397868782282,0.0013599946396425366,-0.00025108634144999087,-0.001044599455781281,-0.0007185345748439431,0.0001226677413797006,0.0008185370243154466,0.0009298069635406137,-0.0001812726113712415,9.564576612319797e-05,-0.0014371037250384688,-0.00027916167164221406
dose16k_B_s0,00152.png,-0.0009212600416503847,-0.00026716370484791696,-0.0015590231632813811,-0.0023750290274620056,-0.0008592299418523908,8.525096927769482e-05,-0.00031993401353247464,-4.241662463755347e-05,-0.00016502583457622677,0.0011099830735474825,0.0013846500078216195,-0.0014775507152080536,0.00040585469105280936,0.0005524552543647587,0.0004353584663476795,-0.0016954734455794096,-0.0004902113578282297,-0.0015990276588127017,-0.0010919765336439013,-0.0009165452793240547,-0.0003678816428873688,-0.0005706745432689786,0.0008747770334593952,0.0008136348915286362,0.000421556003857404,-0.00023856150801293552,-0.0006183692021295428,-0.0005159821594133973,0.0019481191411614418,-0.001486784196458757,0.0011626833584159613,0.00025029858807101846,-0.0011944283032789826,-0.0010571706807240844,-0.0017305494984611869
dose16k_B_s0,00153.png,-0.0007465412491001189,-0.0011418908834457397,-0.001879289047792554,0.0023255671840161085,0.0010550467995926738,-0.0008557455730624497,-0.0003559495380613953,-0.00011559447011677548,-0.0007246272871270776,-0.0007303484017029405,0.0002933974901679903,-0.00013959260832052678,-0.00020834352471865714,0.0005833322647958994,0.000710338179487735,-0.000806142867077142,-7.919264317024499e-05,-0.0006095821154303849,-0.0001851854904089123,0.00011164954048581421,-0.0002307778486283496,0.0020931027829647064,-0.0003951131657231599,0.0002751935680862516,0.00053105887491256,0.0003650944272521883,-0.0008393041789531708,0.0003447004419285804,-0.00032025986001826823,0.000203625182621181,-0.0013369956286624074,0.00025174321490339935,-0.0009686535922810435,-0.0006954113487154245,0.0009106798097491264
dose16k_B_s0,00154.png,-0.0014258616138249636,-0.0011000186204910278,0.0002162200544262305,-0.0002778572088573128,0.0003620505449362099,-8.462294499622658e-05,0.001388859935104847,-0.00031122047221288085,-4.462993092602119e-05,-0.00015497177082579583,0.0003305032441858202,3.5480120459396858e-06,0.0006613305886276066,4.388474189909175e-05,0.0005069083417765796,-0.0010601343819871545,-0.00046181786456145346,-0.00030639488250017166,0.00014109440962783992,-0.00016824879276100546,0.0007710072677582502,-0.00033661260385997593,-1.7114996808231808e-05,-0.00014557148097082973,-0.0008555615204386413,0.000521808979101479,0.0005799463833682239,-0.0008213375112973154,0.0007383591146208346,0.00017842619854491204,-0.0018665806856006384,0.0004859507316723466,0.00038729526568204165,-9.240900544682518e-05,0.0010632388293743134
dose16k_B_s0,00155.png,-0.0012795825023204088,-0.0006146369851194322,-0.0011506597511470318,-0.0011627402855083346,0.0005024258280172944,0.0004354697302915156,0.00048673106357455254,0.0018831555498763919,0.00020047104044351727,-0.00022478913888335228,0.000953233684413135,-0.000487015611724928,0.0004582085821311921,0.00010191144974669442,0.0018084020121023059,-0.0003908077487722039,0.0010823808843269944,-0.0007166918367147446,-0.00035864056553691626,0.0007424868526868522,0.000697269628290087,0.00047091295709833503,-0.00031362572917714715,0.0013900951016694307,-0.0009607307729311287,-0.0010726283071562648,0.00021120900055393577,0.0009043650352396071,-0.001496675773523748,0.000580670777708292,-0.0014472809853032231,0.00039508327608928084,0.0004863009671680629,0.000960370700340718,-0.0006043183384463191
dose16k_B_s0,00156.png,0.0012384953442960978,0.0016648236196488142,0.0009882949525490403,-0.001098242704756558,-0.0015405971789732575,0.00040471996180713177,-0.0010859742760658264,0.0010741774458438158,0.0014507758896797895,-0.003409150755032897,-0.0015428911428898573,-0.0012097820872440934,0.0012801280245184898,-0.0020229844376444817,0.0014809508575126529,-0.0004980772500857711,-9.47341413848335e-06,0.0007809003000147641,-0.0008659700979478657,-0.0008101511048153043,-0.0009295957861468196,-0.00037659675581380725,0.0003709424054250121,-0.0003051632083952427,0.0003987149684689939,0.0002007541188504547,-0.0015898746205493808,-0.0004929985152557492,0.00042008410673588514,-0.0005521313287317753,0.00035201379796490073,-3.5030043363804e-05,0.0005567863117903471,0.0014766425592824817,0.0011841374216601253
dose16k_B_s0,00157.png,-0.000778094632551074,-0.0002219902817159891,0.0005765771493315697,-0.000336770637659356,0.0007337806164287031,-0.000864748377352953,-0.0008948271279223263,0.0008144424064084888,-0.000767451012507081,0.00011963859287789091,0.0004774238623213023,0.00018154973804485053,-0.0007002167985774577,-3.237682540202513e-05,0.000472801475552842,3.765764267882332e-05,-0.000697453913744539,-0.0005694260471500456,-6.516675057355314e-05,0.0014734858414158225,-0.0006546713993884623,-0.0006556829321198165,3.553524584276602e-05,-0.0009423010051250458,0.0006450547371059656,0.00017770251724869013,0.0009061936871148646,0.00038890319410711527,-0.0006427018088288605,0.00031241922988556325,0.000263416935922578,0.0009769051102921367,-0.0002421383687760681,0.0005791854928247631,2.1093628674861975e-05
dose16k_B_s0,00158.png,-0.0004267862532287836,0.0007429157849401236,-0.0010265244636684656,0.0013366320636123419,-0.001119893742725253,-0.00023974843497853726,-0.0011868550209328532,-0.0003384194860700518,0.0010827102232724428,-0.0001933968160301447,0.00011960938718402758,-0.0005530230118893087,-0.0009620196651667356,-0.0009792277123779058,0.00041097545181401074,0.00020902360847685486,0.0010512517765164375,-0.0004407752421684563,-0.0002611158706713468,0.0007233493379317224,-0.0007866051746532321,0.0002428982697892934,0.0016475325683131814,-0.00042613843106664717,-0.00010736718104453757,0.00011119675764348358,0.0028957242611795664,-0.0005202413885854185,-0.002134050941094756,-0.00014093895151745528,-0.000596027122810483,-0.00044094311306253076,0.0005993160884827375,-0.00031764674349687994,-0.0007576358621008694
dose16k_B_s0,00159.png,0.0006550386315211654,0.0007510868017561734,0.0017902672989293933,0.0021347596775740385,-0.0009498184081166983,0.0006122104241512716,-5.641500320052728e-05,0.0006227023550309241,-7.367067883023992e-05,0.0008590146899223328,-0.0016362719470635056,3.84269624191802e-05,-0.0014011601451784372,-0.0005232029943726957,0.0009197854669764638,-0.00035229758941568434,0.0016102185472846031,-7.647991151316091e-05,0.0004838232125621289,0.001391107216477394,-4.9557285819901153e-05,-0.0003326039295643568,-1.2967952898179647e-05,0.0008641877793706954,0.001007733168080449,4.550398080027662e-05,0.0012177651515230536,-0.0004320829175412655,-0.0014356933534145355,-0.000575025740545243,0.00041541369864717126,0.001217441400513053,0.00018644100055098534,-4.631698539014906e-05,-8.643850014777854e-05
dose16k_B_s0,00160.png,0.0005605241167359054,0.0003620921343099326,0.00011886809079442173,0.0017839038046076894,0.001010302104987204,0.00020830023277085274,0.0006174127338454127,0.0007144769770093262,0.0013175891945138574,-0.001789259142242372,-0.0009580065379850566,-0.0004255030653439462,0.0015330265741795301,0.0011518629034981132,0.0025724691804498434,0.0009725850541144609,-0.00017829395073931664,-0.0006107439985498786,-0.000754553300794214,0.00017533227219246328,0.001969368429854512,-0.0007801203173585236,0.0016094626625999808,0.000650906004011631,-0.0001958501379704103,0.001405442482791841,0.0008690498070791364,-0.0006823223666287959,-0.0005730570992454886,0.0010945789981633425,0.0003056671121157706,-0.0003702530520968139,0.0005121267167851329,-0.000640301441308111,-0.0007327754283323884
dose16k_B_s0,00161.png,0.001146793714724481,0.0013972078450024128,-0.0015516087878495455,0.000651493959594518,0.0004398775636218488,0.0003906835918314755,-0.0017471429891884327,-0.0009037567651830614,-0.0007134236511774361,-9.034516551764682e-05,0.002324784640222788,0.0019561764784157276,0.0001232680951943621,-0.001185053726658225,-0.001645000302232802,0.0011604130268096924,0.00022395767155103385,0.0007520884391851723,0.0006975802243687212,-0.0002241767942905426,-0.0004700777935795486,-0.0008167094783857465,5.3020197810838e-05,-0.001176071702502668,0.0011048000305891037,-0.0006778711685910821,0.0007827937370166183,0.0018118261359632015,-0.0015427088364958763,-0.0008411849848926067,0.00012725306442007422,0.0018273659516125917,0.000640398298855871,0.0018052741652354598,0.0006956882425583899
dose16k_B_s0,00166.png,-0.0001728434581309557,0.000344408443197608,-0.00127547443844378,0.0013478301698341966,0.0012700657825917006,-0.0011383634991943836,-0.0004445353988558054,-0.0008089102921076119,-0.0008100114646367729,-0.0009414755622856319,-4.575415005092509e-05,0.0012311529135331511,-0.0013202386908233166,0.0009628776460886002,-6.460458826040849e-05,0.0005526493187062442,-0.000450534513220191,-0.0015018845442682505,0.002122017089277506,-0.0008606850751675665,-0.00016269444313365966,0.0004319612344261259,0.0008828387944959104,0.0011399168288335204,-0.0014629573561251163,-0.00043658711365424097,0.00031295084045268595,-0.0013838107697665691,-0.00010959979408653453,0.0007137352367863059,-0.0016206915024667978,-0.0008838098146952689,-0.00024124651099555194,0.00011262039333814755,0.0003501458850223571
dose16k_B_s0,00167.png,-0.0013823877088725567,-0.0010007258970290422,0.0017332021379843354,-0.0008489592582918704,0.0001211325143231079,0.0018209666013717651,0.0004891655989922583,0.0015923375030979514,0.0009897699346765876,-9.943878831109032e-05,-0.0006356320809572935,0.0013723268639296293,-0.00013376468268688768,-0.0004183633136563003,0.001477210083976388,-0.000536295585334301,0.0008008428267203271,0.00018623977666720748,-0.0006292007165029645,0.0007162359543144703,-0.0010394274722784758,-0.0004189859319012612,-0.0005517236422747374,-0.0004773916443809867,2.7602566206041956e-06,-0.0016298701521009207,-0.000533086946234107,0.001187650952488184,0.0010848345700651407,-0.0014900917885825038,0.0003764401189982891,-0.0003417361876927316,0.00014119604020379484,-0.0011900668032467365,0.0005355284665711224
dose16k_B_s0,00168.png,0.00019642834377009422,6.036501508788206e-05,-0.0009134230786003172,-0.0004751691303681582,-0.0007312836241908371,-0.001768350601196289,-0.0018764067208394408,8.831080776872113e-05,-0.0001787023211363703,0.0003566817904356867,0.0001161573818535544,0.0008202990866266191,-0.0008769152336753905,-3.591468703234568e-05,-0.0004932156880386174,0.0006622974178753793,-0.0006701591773889959,-0.0010936857433989644,-1.929962309077382e-05,-0.0012147894594818354,-0.001189054106362164,-0.0002071879425784573,-0.0006598454201593995,-0.0001683250884525478,-0.00039544174796901643,-0.0009542130865156651,0.0014879415975883603,0.001104606781154871,0.00015496915148105472,-0.00041326272184960544,-0.0009465417824685574,-0.0008219372248277068,0.00010755917173810303,-9.714231418911368e-05,-0.001390040386468172
dose16k_B_s0,00169.png,-0.00021096762793604285,0.00010104996181325987,-0.00044720835285261273,-0.0008377776248380542,-0.00015847358736209571,0.00017009755538310856,-0.0003982318739872426,-8.677162986714393e-05,-0.0011765275849029422,-0.0009306882275268435,0.0010545904515311122,0.0007239246624521911,0.0007521208026446402,-5.020722164772451e-05,-0.00044800015166401863,-0.0006774565554223955,3.0589348170906305e-05,-0.0013205999275669456,0.00013704929733648896,-0.0007371067185886204,0.00041153994970954955,-0.0005881055258214474,0.0005083262221887708,0.00037669145967811346,0.00027147255605086684,0.0007227628957480192,-0.0022900088224560022,-0.001623266376554966,-0.00019187656289432198,0.000571517157368362,0.00043481605825945735,-0.00011358008487150073,-0.001331234467215836,-0.0016127595445141196,0.0013185871066525578
dose16k_B_s0,00162.png,-0.00024326206767000258,-0.00013802561443299055,-0.0011260726023465395,0.002904886147007346,-5.062090713181533e-05,-0.00035515829222276807,0.000253322214120999,0.00047596098738722503,-5.727465031668544e-05,-3.371182901901193e-05,0.0008234338602051139,-0.000740199233405292,0.0010024916846305132,-0.0008379594655707479,-0.0007798740989528596,0.0004216764646116644,-0.00012721681559924036,-0.00022522463405039161,-0.0005978136323392391,-0.0004376228607725352,0.0015532836550846696,-0.00048708790563978255,-0.0014143658336251974,0.000607517606113106,0.0007089238497428596,0.0001482591324020177,0.000146235222928226,0.0007182848057709634,-0.0006048469222150743,-0.0006641571526415646,7.296426338143647e-05,-0.0004744366742670536,0.00047382491175085306,-0.000396568066207692,-0.0008723573409952223
dose16k_B_s0,00163.png,0.0005999997374601662,0.0014272572007030249,0.0007878761389292777,7.573338371003047e-05,-0.003360596252605319,-0.0014831767184659839,-0.0010533134918659925,0.0016154437325894833,0.0009506184724159539,-0.000375820993212983,0.0007132834289222956,0.00038740565651096404,0.0006960377213545144,0.00026786292437464,-0.0012322039110586047,-6.253305764403194e-05,-0.0004256430547684431,0.0009219105704687536,0.00011524299043230712,-0.0011218691943213344,-0.00012036761472700164,7.12540713720955e-05,-0.0002855568309314549,-0.0008000993984751403,-0.0006839397829025984,0.0004879975749645382,-0.0007594266207888722,-0.0005407142452895641,-0.0007698667468503118,-5.306531602400355e-05,0.0010979705257341266,0.0005293342983350158,4.6553683205274865e-05,0.00015222384536173195,-5.30853467353154e-05
dose16k_B_s0,00164.png,-0.00011806592374341562,0.000984048587270081,2.537742693675682e-05,0.00035175069933757186,0.0031420912127941847,-0.0013158977963030338,-0.0007566100102849305,-0.0012334423372521996,-0.00042942975414916873,-0.0009113260312005877,-0.0011503694113343954,-0.001952228951267898,-0.0013619739329442382,0.00028565042885020375,-0.0010745846666395664,-0.000679593242239207,0.0004627057060133666,-0.00010019049659604207,-0.00012443430023267865,0.0003864806203637272,0.000533041195012629,-0.00136886490508914,0.00017370206478517503,-0.0003338172973599285,-0.000737180991563946,0.0013695285888388753,-0.0015848891343921423,-0.00010929566633421928,-3.0106317353784107e-05,0.0006109953974373639,0.0006961419130675495,-0.000755485612899065,-0.0018399202963337302,-0.002030737232416868,0.00019526419055182487
dose16k_B_s0,00165.png,0.0004729782522190362,-0.0008913031779229641,-5.917298767599277e-05,0.00029898658976890147,0.001183611573651433,-0.0006788034806959331,-0.0006956746801733971,0.0004225448064971715,-9.836568642640486e-05,-0.0004924796521663666,-0.00014925279538147151,-0.0007341491291299462,0.0003307887527626008,-0.0006521043251268566,0.000227568278205581,0.00040184397948905826,0.0017268848605453968,-0.00024120628950186074,-0.0011911565670743585,0.0020344718359410763,0.00012323391274549067,-0.0004650508926715702,0.0002474724315106869,-0.0009145312360487878,0.000136812319396995,-0.0006294525228440762,-0.0006354576908051968,0.0006336052902042866,-0.00037821257137693465,0.0019886442460119724,-0.00045241767656989396,0.0016693586949259043,-0.0008425994892604649,-0.000133462279336527,-0.0009720938396640122
dose16k_B_s0,00170.png,0.0003864913887809962,-0.00016453873831778765,0.0002087555913021788,-0.0010026306845247746,-0.0006376638193614781,0.0003822403377853334,-0.0017107240855693817,-0.0005948800244368613,-0.0014755567535758018,0.0003884024918079376,1.4981129936586512e-07,0.000737148686312139,8.13097576610744e-05,0.0013970060972496867,0.0004937569610774517,-0.0014624081086367369,6.0830254369648173e-05,-0.0013947081752121449,-0.000920950376894325,-0.0004154108464717865,-0.0006753221969120204,-0.0006037355051375926,0.0006511420360766351,-0.0010518052149564028,-0.00024879566626623273,0.0009889054344967008,0.0005539647536352277,0.0007225743611343205,0.0006287408177740872,-0.00039977289270609617,-0.0006857132539153099,0.0012749966699630022,-0.0016116361366584897,0.0005552626098506153,-0.0005889271851629019
dose16k_B_s0,00171.png,-0.0007874921429902315,-0.0002609855146147311,0.0025390738155692816,0.003924844786524773,0.0015906941844150424,0.0004918298218399286,0.0003316178044769913,0.0010057601612061262,-0.0012305577984079719,-0.0006335042999126017,0.0011757377069443464,0.0010313064558431506,-0.0007631087792105973,-0.0016950244316831231,-0.00022284407168626785,-0.0003243044775445014,-0.0005416678031906486,-0.0007583393016830087,0.0003497739671729505,-9.41498001338914e-05,0.0017078554956242442,-0.0003542584308888763,0.00016958052583504468,-0.0007472641300410032,0.0005042088450863957,0.001655070693232119,0.00026200490538030863,-0.00011990637722192332,0.00013431029219646007,-0.0004018291656393558,-0.000806868658401072,0.0015804464928805828,0.001051371800713241,-0.00036615642602555454,-0.00021111209935043007
dose16k_B_s0,00172.png,0.0006168424151837826,0.0002305967063875869,-0.000427425024099648,0.000981571851298213,-0.000914013828150928,-8.855218766257167e-05,0.002610906260088086,0.00010556422785157338,0.0003698465006891638,0.0021981573663651943,0.0017257127910852432,1.3460929949360434e-05,-0.00019745210011024028,-0.001157349906861782,-0.0010039821499958634,-7.92487189755775e-05,0.002045698231086135,-0.0011586470063775778,-0.0006897418643347919,2.9649458156200126e-05,-0.0006253945757634938,-0.00027143541956320405,-0.0003125779330730438,0.000913127965759486,0.0005451695178635418,0.00037035479908809066,-0.00036306495894677937,0.00019679816614370793,-0.0015646618558093905,0.0015611458802595735,0.00025720425765030086,-0.0006852800725027919,-0.0021916134282946587,-0.000578196020796895,0.0012666141847148538
dose16k_B_s0,00173.png,-0.0005607763887383044,0.001330056693404913,-0.0009855234529823065,-0.001592367305420339,-0.001319942413829267,1.8764527567327605e-06,0.0012578645255416632,-0.0008788767154328525,0.0002840143861249089,-0.0012153824791312218,-0.000703115132637322,0.0006098310695961118,-0.0004520273068919778,-0.0002779815113171935,-0.00046952744014561176,0.0009200884960591793,6.258163193706423e-05,-0.0024801541585475206,0.0013987493002787232,0.0005931954947300255,0.0009085828205570579,0.00026236078701913357,0.00010865250078495592,-0.0004879340121988207,0.00045330380089581013,-0.0008863933617249131,-0.001918420079164207,-0.002268998185172677,0.0016506792744621634,0.0018404339207336307,-0.0004954925389029086,0.0006621094071306288,-0.0009462177404202521,-0.00044982583494856954,-0.0011860561789944768
dose16k_B_s0,00174.png,0.00039069613558240235,-0.0007281511789187789,0.0004045859386678785,-0.0033596239518374205,-0.00013166165444999933,-0.0008814425091259181,-0.0008951539057306945,0.00013435882283374667,-0.0005214952980168164,-2.144568679796066e-05,0.00014815013855695724,0.0005777650512754917,-0.0018771252362057567,0.0013823502231389284,-0.0002755520399659872,-0.0009265540284104645,-0.00042947378824464977,0.0005030612810514867,-0.0003443540772423148,3.975204162998125e-05,0.00018982670735567808,0.0010468307882547379,0.0010358094004914165,-0.0007704312447458506,0.0017178083071485162,0.00016449809481855482,-0.0006270282319746912,-0.00014893860497977585,0.00039135292172431946,0.0012809491017833352,0.0011526269372552633,0.00023179508571047336,-0.0018463257001712918,-0.00010638439562171698,0.0007947733392938972
dose16k_B_s0,00175.png,0.000936380703933537,0.0003427618066780269,-0.000424639496486634,0.0004610761534422636,0.0011468195589259267,0.002270578406751156,0.0012819740222766995,-0.002400114666670561,0.0008477895753458142,-0.0007493204320780933,-0.00030680326744914055,0.0005420666420832276,-0.0006980850594118237,-0.0017101328121498227,8.324692316818982e-05,-0.0011192701058462262,-0.0006312811747193336,-0.0010910255368798971,-0.00046025842311792076,-0.0010480651399120688,0.001300839358009398,-6.644575478276238e-05,-0.00017172722436953336,-0.00039434662903659046,-0.00037574348971247673,-0.0005625271587632596,0.002365703461691737,-0.00020213080279063433,0.0012407541507855058,-0.0005500306142494082,-0.0011179480934515595,0.0014261361211538315,-0.00104715081397444,0.0013277319958433509,-0.0006474554538726807
dose16k_B_s0,00176.png,-0.0006003730231896043,-0.000159793344209902,-0.000552293611690402,-0.0008918042294681072,-0.0033961611334234476,-0.00023082287225406617,-0.0006744100246578455,-4.092602466698736e-05,0.001418283092789352,-0.0013173387851566076,0.000918922945857048,-0.0010654088109731674,-0.0006403630832210183,-0.00018947996431961656,-0.0010608306620270014,0.0026345145888626575,0.0011256657307967544,0.0006750416359864175,-0.0017770570702850819,-0.0001479512866353616,0.00011023162369383499,0.0005840248195454478,-0.0007775763515383005,-0.00036971966619603336,0.0014061994152143598,-0.00020087409939151257,0.0010230948682874441,-0.00020380347268655896,0.0013855434954166412,0.0003204090753570199,0.0001543266698718071,0.0006479533039964736,-0.000947818101849407,4.8999183491105214e-05,-0.001050609746016562
dose16k_B_s0,00177.png,3.43501778843347e-05,0.0009324343409389257,0.00040282425470650196,0.0001589064922882244,0.0005168024799786508,-0.0006329887546598911,0.0011028361041098833,8.87317510205321e-05,-0.00020617793779820204,0.001364782452583313,0.00026281431200914085,0.0011756789172068238,9.560823673382401e-05,-0.0007555074407719076,-0.0017236649291589856,0.00047246014582924545,0.0005023961421102285,-0.0020300785545259714,0.0014475228963419795,0.0004927547415718436,2.640516140672844e-05,0.000460630253655836,-0.0013429722748696804,0.000689346285071224,-0.0003852949303109199,0.0007160872919484973,0.0006105401553213596,8.183626050595194e-06,2.5528657715767622e-05,-0.00010190648754360154,0.0009196015889756382,-4.834355422644876e-05,-0.0006904851761646569,0.000555118196643889,-0.0007641781703568995
dose16k_B_s0,00178.png,0.00014385890972334892,0.0004887561080977321,-0.00015371193876489997,0.0008014139602892101,0.0011989723425358534,2.8786766051780432e-05,-0.0005488279275596142,0.001655398984439671,0.0008505445439368486,0.0009356664959341288,0.0013421432813629508,0.0003225997497793287,0.001314664026722312,0.0005991430953145027,0.0004830641264561564,0.0003678296343423426,-0.0002734116278588772,-0.0014662359608337283,-0.00032022770028561354,-0.0023929127492010593,0.0005475167999975383,0.00016254789079539478,0.0008007131982594728,0.0002208447112934664,0.00033871151390485466,0.0008642376633360982,-1.9923996660509147e-05,0.0011011743918061256,0.0013388346415013075,-0.0007552471361123025,0.0002997205883730203,0.00038911253795959055,-0.00019132612214889377,-0.00144270493183285,0.0001738116261549294
dose16k_B_s0,00179.png,0.0007541213999502361,0.0003891575033776462,-0.0012964516645297408,0.00037484033964574337,0.001910095801576972,-0.0003830717469099909,0.0005658056470565498,0.0013069553533568978,0.0002776637556962669,-0.0017797702457755804,0.0007031013374216855,-0.0010465149534866214,-0.000503651681356132,0.001339861424639821,0.0006188936531543732,-0.00047412101412191987,0.00022319627169054002,0.001351427985355258,0.0011595040559768677,-4.412676844367525e-06,-0.0008293085847981274,0.0007508924463763833,0.0003559164179023355,0.001226841937750578,0.0012549966340884566,0.0019337302073836327,-0.0004038589249830693,0.001950117526575923,-0.0004558342625387013,-0.000731241307221353,0.00028968366677872837,-0.0002599144645500928,-0.0012600475456565619,-6.169045809656382e-05,0.0011652548564597964
dose16k_B_s0,00180.png,0.0008506856393069029,5.48712196177803e-05,0.0002597792772576213,0.0009020486031658947,-0.00047194468788802624,-0.00042856813524849713,0.0008807250997051597,0.0016759418649598956,-0.001522338716313243,-0.00119965267367661,-0.001668171607889235,-0.001404067501425743,0.0006236735498532653,0.0010003905044868588,-0.0005815907497890294,-0.000544819631613791,-0.0007804263732396066,-0.0013640462420880795,-0.0007034174632281065,-0.00166216678917408,1.9345179680385627e-05,0.00016114952450152487,2.364559259149246e-05,0.0004948046989738941,-0.000618826481513679,-0.0007005464285612106,0.00033674968290142715,0.0017904172418639064,-0.0018369563622400165,0.0016471678391098976,0.0007680879789404571,0.0016574328765273094,0.00020637935085687786,0.0006097364821471274,0.0003633415326476097
dose16k_B_s0,00181.png,5.962353498034645e-06,0.0004531255108304322,-0.0010042836656793952,0.0013062253128737211,0.0018647725228220224,3.9725538954371586e-05,0.0008067262824624777,0.0008823476964607835,0.0006129636894911528,-0.0006704519619233906,-0.0002248330129077658,0.00028279918478801847,-0.0007339045405387878,0.001312033855356276,0.00018187832029070705,0.0005884225247427821,-0.0013692912179976702,0.00035926097189076245,-0.0014478095108643174,0.0008214152767322958,0.00044572833576239645,-0.001052830833941698,-0.00024613269488327205,-0.0006005290197208524,-0.00022427902149502188,-0.00014954512880649418,-0.0005875376518815756,-0.0003907637146767229,0.0019103203667327762,-0.0001969784207176417,-0.0008764260564930737,0.0010998471407219768,-0.0001877204776974395,0.0008170414948835969,-0.000637162069324404
dose16k_B_s0,00186.png,0.0001763367181411013,0.0004446198290679604,0.00012511508248280734,0.0002927476307377219,0.00192080601118505,-0.000988375162705779,0.0007675018860027194,0.0002708403335418552,-8.453413465758786e-05,-0.0009163568029180169,0.0007261495920829475,-0.0005810633883811533,-0.0014787983382120728,-0.00023672949464526027,-0.0002252683334518224,-0.0001775317796273157,0.00031675962964072824,-0.00026118793175555766,-3.7378911656560376e-05,0.00044487876584753394,0.0002791458391584456,-0.0011284089414402843,0.0005679197493009269,-0.0001524085964774713,0.0008228568476624787,0.00036654245923273265,0.0004999424563720822,-2.370691072428599e-05,-0.0017772575374692678,-0.0008687800727784634,-0.001019019866362214,-0.00027299512294121087,0.001071079634130001,0.00035322041367180645,0.0014192321104928851
dose16k_B_s0,00187.png,-0.0006547616212628782,0.00018226167594548315,0.00010271163046127185,0.002625697758048773,0.0025441006291657686,-0.0007788266520947218,0.0012021217262372375,0.00024177493469323963,-0.0006068810471333563,-0.0025165919214487076,0.0002937879180535674,-0.000914072385057807,-0.0003684308903757483,-0.0009720459929667413,-0.0004067639238201082,0.0003918602888006717,0.0003927324723917991,0.0007719312561675906,0.0014964762376621366,0.0003225431137252599,-0.0010372539982199669,-0.000982052180916071,0.0004532185266725719,0.0003725421556737274,-0.0015367078594863415,0.0013565372209995985,-0.0011209244839847088,-0.0009397956309840083,-0.0002900711842812598,-0.000902883184608072,0.0008675659191794693,0.00019815718405880034,0.0008957160753197968,0.00030205832445062697,5.599426367552951e-05
dose16k_B_s0,00188.png,-0.00047786778304725885,-0.0002648303343448788,0.00019381607125978917,0.0019858754239976406,-0.0007754317484796047,-0.00015476504631806165,-0.0005031716427765787,-0.0010663435095921159,-0.0010792474495247006,0.00129543780349195,-0.0002976728428620845,-0.000411482818890363,-0.0007643080898560584,-0.00018913816893473268,0.0008447977597825229,0.0011214978294447064,-0.0009002184378914535,-0.0010471203131601214,0.0017965213628485799,0.0002560301509220153,0.0010981656378135085,0.0010029413970187306,-0.0007274129311554134,0.0008995492826215923,0.0012250671861693263,-0.0006818153779022396,-8.064514258876443e-05,0.001084045972675085,-0.00017698264855425805,-0.0018228552071377635,0.0015266467817127705,0.00019307472393848002,-0.0004891179851256311,-0.00021172058768570423,-0.0009212966542690992
dose16k_B_s0,00189.png,-0.0016620996175333858,8.900826651370153e-05,-0.0011516222730278969,0.0001760600134730339,0.0005407672142609954,0.0014411810552701354,-0.0002495080989319831,0.0015319364611059427,-0.00028948590625077486,0.00022676814114674926,0.0009593658614903688,-0.0014141099527478218,-0.0007168413721956313,-0.0009326442377641797,-0.0006934264092706144,-8.744933666093857e-07,-0.0010726598557084799,-0.00041571154724806547,-0.00010569347796263173,0.00024835942895151675,-0.0004505151591729373,-0.00016991487063933164,5.817627243231982e-05,-0.0005261500482447445,-0.00016017243615351617,-0.0006315247155725956,-0.0006382565479725599,-8.573247760068625e-05,-0.0004748313804157078,0.0008650273666717112,-6.17913028690964e-05,0.0010784085607156157,-0.002514295745640993,0.0031086886301636696,0.0010770759545266628
dose16k_B_s0,00190.png,-0.00024062814190983772,0.0008034271886572242,0.0020085216965526342,0.0008685216307640076,0.0007061345968395472,-0.0012126673245802522,0.0007380288443528116,-0.0007688359473831952,-0.0001321816089330241,-0.0006754546775482595,0.00011882799299200997,-0.0005035624490119517,-0.00039417960215359926,3.2217594707617536e-05,0.0002771738509181887,-5.586173938354477e-05,-1.7145919628092088e-05,-0.0026459128130227327,0.0019310351926833391,-0.0011142091825604439,-0.0017588301561772823,-0.0002531981444917619,0.0006855824613012373,0.00033560895826667547,0.0003356279921717942,0.00011382238881196827,-0.0008749636472202837,0.0001908746489789337,-0.0013965743128210306,-1.682303991401568e-05,8.809509017737582e-05,-0.0007585873827338219,-0.000643453560769558,-0.0026630351785570383,-0.0015041012084111571
dose16k_B_s0,00191.png,-0.00041356621659360826,0.0013739758869633079,2.649323687364813e-05,0.0014849907020106912,0.0009009818895719945,-0.000611783703789115,-0.0003403113514650613,-4.345511842984706e-05,-0.00015248305862769485,0.0004900990170426667,-0.000490412290673703,-0.0003071067330893129,0.0009985851356759667,0.0014681166503578424,-0.0003531507099978626,0.0006074834964238107,0.00041552764014340937,0.0005905342986807227,0.0003683884278871119,-0.0004106603155378252,0.0017025452107191086,0.00019954216259066015,-0.001402389258146286,0.0001889747363748029,-0.00024975856649689376,0.0005418372456915677,-0.0005897207884117961,0.00010102604574058205,-0.0004889148403890431,0.00028333926456980407,-0.0005950240883976221,0.00010636279330356047,-0.0007028842810541391,0.000764391093980521,0.0008693515555933118
dose16k_B_s0,00192.png,0.0009611428249627352,4.2706626118160784e-05,0.001265149563550949,0.000277481391094625,-0.0010930952848866582,0.000746873440220952,0.0007751684752292931,-0.000973594724200666,-0.001170577947050333,0.0010783858597278595,-0.0009088669321499765,0.0009845343884080648,-0.0009452124359086156,-0.0002841111272573471,0.00019760495342779905,0.001138749299570918,0.00014901731628924608,-0.0014357200125232339,0.0003231845621485263,0.00014073046622797847,-0.00012495632108766586,0.0010280131828039885,0.0005687612574547529,-0.0006218606722541153,-0.0008594210376031697,-0.0007289742934517562,-0.00022988743148744106,-0.0006355365621857345,-0.0006960654864087701,0.0004905498353764415,0.0013557018246501684,-0.0014466088032349944,-0.0005733491270802915,-0.00011771095159929246,0.0012253513559699059
dose16k_B_s0,00193.png,-0.0006384103908203542,-0.0003552377165760845,-0.00010672152711777017,-5.195073026698083e-05,0.0009302790276706219,-0.001500190468505025,8.740367775317281e-05,0.0005939356633462012,-0.00044546835124492645,-0.0011362573131918907,-0.00065690150950104,-0.0010414263233542442,-0.0011542305583134294,-0.0010307708289474249,-0.00013025167572777718,6.935258716112003e-05,0.0006237404304556549,-0.0012073873076587915,0.0014510832261294127,0.0002258991589769721,-0.0009626792743802071,0.0007621009717695415,0.00023148057516664267,0.00048361040535382926,-0.00010936603212030604,0.000431034219218418,0.0005154116079211235,7.301053119590506e-05,0.0005860356613993645,-0.00024553920957259834,0.00020107404270675033,0.0019845522474497557,-0.00019093509763479233,0.0001969786681002006,-1.7581980500835925e-05
dose16k_B_s0,00182.png,-0.0010998089564964175,5.050237450632267e-05,0.0011842373060062528,0.0004908328410238028,0.000350946094840765,0.0005772687727585435,-0.0009914693655446172,0.001228329143486917,0.00021713833848480135,-0.002100434387102723,-0.0005816199700348079,0.0012866654433310032,0.00031505897641181946,-0.0011795083992183208,0.0003349308972246945,0.001072486862540245,0.0013981511583551764,-9.929895895766094e-05,-0.0006198638584464788,-0.0008823561947792768,-0.00036474227090366185,0.0009579164325259626,-0.0008126379107125103,0.0006237672059796751,0.0015630042180418968,0.00019830303790513426,0.0007673614891245961,-0.0001137337603722699,-0.0006131628761067986,-0.0007298848940990865,0.0005016591749154031,-0.0005489916075021029,-0.0010077141923829913,0.0014688395895063877,0.000644091865979135
dose16k_B_s0,00183.png,0.0014404542744159698,0.0016598644433543086,-0.0006743798730894923,0.000649896333925426,-0.00016197518561966717,-0.0007807603105902672,-0.0004527838609647006,-0.0002763641532510519,-0.0003937316650990397,0.0011463240953162313,0.0012308618752285838,0.0015075935516506433,0.00032853070297278464,-0.0003775904478970915,-0.0015811967896297574,-0.001797974924556911,0.00044984949636273086,-0.0005506057641468942,0.0008666743524372578,-0.000785264594014734,0.0006745402351953089,0.001482982188463211,-5.2687268180307e-05,-0.0009067105711437762,0.0003048039798159152,0.0009379081893712282,-0.00037721870467066765,-0.0006713442853651941,-0.00027437342214398086,0.0006008865311741829,0.000542179390322417,-0.0003230957954656333,0.0018036573892459273,0.0016284422017633915,0.0003758273378480226
dose16k_B_s0,00184.png,-4.3319450924173e-05,0.0013683454599231482,-0.0020946080330759287,-0.0010463246144354343,-0.0014568811748176813,0.0005150514771230519,0.0004948463174514472,0.001929750549606979,-0.0002881487598642707,0.0011571982176974416,0.00038430863060057163,-0.000946414191275835,0.0011492581106722355,4.5893932110629976e-05,-0.00021933064272161573,0.00130704534240067,0.0013742329319939017,0.00020142935682088137,0.00046123002539388835,0.000281579268630594,-0.0005150855868123472,-0.00033169283415190876,0.001338974223472178,-0.0006762612611055374,-0.00013351347297430038,0.001280620344914496,-0.0003022458404302597,0.0014637610875070095,0.0007910010172054172,-0.0011477600783109665,0.0007363789482042193,0.0017110344488173723,-0.00034199038054794073,0.0001108140277210623,-0.0010843467898666859
dose16k_B_s0,00185.png,0.0017633357783779502,0.0007518822676502168,-0.0005124654853716493,-0.0009667464182712138,-0.0009079626761376858,-0.00028092594584450126,-0.0005654466804116964,-0.00020691633108071983,0.0014564712764695287,0.0006711689056828618,-0.00021345430286601186,0.0003621648938860744,-0.00040786046884022653,0.0023699384182691574,0.0006015664548613131,0.0009324246202595532,0.00014705061039421707,-5.108641926199198e-05,0.0008009215234778821,0.0003811993810813874,0.0013879844918847084,-0.0004916015896014869,-0.0010293329833075404,0.0007145095150917768,0.00013033809955231845,-0.001335466280579567,0.0017070717876777053,-0.00098920869641006,-0.00098546058870852,-0.00045561036677099764,-0.001479403697885573,8.591955520387273e-06,-0.000470363738713786,-9.103520824282896e-06,-0.0005914971115998924
dose16k_B_s0,00194.png,-0.0002907926682382822,0.00029392712167464197,-0.0010829720413312316,2.5177942006848752e-05,0.0035657549742609262,-0.0006949289236217737,0.000813421152997762,1.2528676961665042e-05,-0.0005536159151233733,-0.0005081667331978679,-0.00036222903872840106,0.0017874669283628464,-0.0005098199471831322,0.0005951173952780664,0.00010256754467263818,-0.00044553805491887033,-0.0009231666335836053,0.0005350733990781009,-0.00016847897495608777,0.0007697610417380929,7.420083420583978e-05,-0.0002963293227367103,-0.0001621157134650275,0.0003708365256898105,0.0008167182677425444,1.9962986698374152e-05,-0.00028922411729581654,-0.0008539248956367373,0.0003755243378691375,-8.053163037402555e-05,-0.00033427999005652964,-0.001060214010067284,-0.0003634716267697513,0.00012929299555253237,-0.00011371335131116211
dose16k_B_s0,00195.png,0.0010043923975899816,0.0017169247148558497,-0.0005617054994218051,-0.0015282713575288653,0.0007214077631942928,-0.0004498468479141593,-0.0006966540822759271,0.00012933499237988144,0.000134739835630171,0.00030244930530898273,-0.000567234237678349,-0.0010645997244864702,0.0005034733912907541,-0.0011878195218741894,0.0017672281246632338,0.00015932979295030236,-0.0002970034838654101,-0.001199365477077663,-0.0009557995363138616,0.000772184575907886,0.0007966028642840683,0.0005623815231956542,0.0009716891800053418,2.3565973606309853e-05,0.000777601555455476,0.001137424842454493,-0.0011648826766759157,-0.002437807386741042,-0.0011537403333932161,0.0018252028385177255,0.0002499549591448158,-0.0004914432065561414,0.0011652250541374087,0.0008788384729996324,-0.0002865408605430275
dose16k_B_s0,00196.png,-0.0005578908021561801,-0.00027317399508319795,-0.0002899821556638926,0.0010592859471216798,-0.0012345832074061036,0.0007635647198185325,0.0009511939715594053,0.0011614072136580944,-0.0004122034297324717,-0.0006613914156332612,-0.00130007928237319,-0.0005386864067986608,0.00063165626488626,0.00047274300595745444,0.0010806370992213488,-0.00017610097711440176,0.0007396674482151866,-0.00017231809033546597,-0.0011421615490689874,-0.0007869054679758847,-0.0004320331499911845,0.00024521988234482706,8.846752461977303e-05,0.0005042869015596807,0.0005282645579427481,0.0002499122347217053,-0.0004918694030493498,0.0001470569841330871,0.000770809012465179,-0.0005389306461438537,0.001258476753719151,0.0018493239767849445,-0.0010095712495967746,0.0004062913649249822,0.0022272414062172174
dose16k_B_s0,00197.png,0.0006646802648901939,-0.00021608563838526607,-0.0011548016918823123,-0.0016964843962341547,0.0015135715948417783,0.0003128577081952244,0.0012722881510853767,0.001509126159362495,0.00010534074681345373,-6.554614628839772e-07,0.0003676189808174968,-0.0003038406721316278,0.0005205321358516812,-0.0005771617870777845,0.0014181486330926418,-0.0012450650101527572,0.0012540469178929925,-0.0010379356099292636,-0.0006152439163997769,0.0006106601213105023,-0.0015181151684373617,0.0006316914805211127,-0.0011793990852311254,0.0005402080132625997,-0.0022430906537920237,-0.00011891846952494234,-0.0023752697743475437,0.00010397257574368268,0.0007557038916274905,0.0001927066477946937,0.0005997784319333732,-2.8823676984757185e-05,0.0007554488838650286,-0.00025378921418450773,0.0011411251034587622
dose16k_B_s0,00198.png,-6.931555162736913e-06,-0.0002952696813736111,-0.0003232136368751526,0.0010766993509605527,0.00025820592418313026,-0.0006421259604394436,0.000538173015229404,-0.0007014171569608152,0.00028429768281057477,-0.001162099651992321,0.0007051844149827957,0.0004669078625738621,0.00026258142315782607,0.0001826677325880155,-0.0006003583548590541,0.0002674289280548692,0.00031325395684689283,0.00032008293783292174,0.001335355918854475,-0.00072514358907938,0.0007793464465066791,-0.0005357814370654523,-0.0015806135488674045,-0.0008134752861224115,0.0008150541107170284,0.0005430475575849414,0.0006011672667227685,-0.001125376089476049,-0.0012865036260336637,-3.29920876538381e-05,0.00013543474778998643,0.0004910717252641916,7.627916056662798e-05,6.205520185176283e-05,-0.0013414201093837619
dose16k_B_s0,00199.png,-0.0009066110360436141,-0.001135484897531569,-0.0002088601904688403,-0.001399399247020483,0.000603790336754173,2.4450908313156106e-05,-0.00016401729953940958,-0.000927105313166976,-0.00012199562479509041,0.0004982436657883227,-0.0007253690855577588,0.0013216480147093534,0.0003330205800011754,-0.0024801408872008324,-0.0002569592325016856,-0.0009446555632166564,0.0018814861541613936,-0.0005349881830625236,-0.000515508116222918,0.0010262744035571814,-0.001131471828557551,-0.0005236287834122777,0.0009537129662930965,0.0005069613689556718,-0.00021167827071622014,-0.0004334353725425899,0.0010864270152524114,0.0010037984466180205,-0.0010426448425278068,0.0011167835909873247,-0.0021873165387660265,0.000632489041890949,-0.0006995464209467173,-0.00012671720469370484,0.0012874637031927705
dose16k_B_s0,00200.png,0.0009999754838645458,0.001351211336441338,0.00014855412882752717,0.0004475528548937291,0.002370227128267288,0.000875497586093843,-0.0018183025531470776,0.000998410047031939,0.00021576018480118364,-0.0007312975940294564,-0.0008340995409525931,-0.0004446832463145256,0.00017324186046607792,-0.0007800047169439495,0.0007103459793142974,0.0007501776563003659,0.0005884419078938663,-1.1217203791602515e-05,-0.0003701309906318784,-0.00018547075160313398,0.00020991060591768473,-0.00047169861500151455,0.0013456310844048858,-0.0016004674835130572,0.0005449331365525723,0.0009289451409131289,-9.716209751786664e-05,-0.00027409143513068557,-0.00014521823322866112,-0.001735505647957325,-0.0012253952445462346,0.0020344264339655638,0.0009706128621473908,0.0005686838994733989,-0.0007650775369256735
dose16k_B_s0,00201.png,-0.0003655093314591795,0.0007965147960931063,-0.001012018183246255,-0.0012986335204914212,0.002548231277614832,-0.0004906151443719864,-0.0003764103166759014,0.0010124008404091,-0.0011740276822820306,1.1224199880643937e-07,0.0008677138830535114,0.00010560474038356915,-0.0005084953736513853,-7.097552588675171e-05,0.0018925649346783757,8.20578497950919e-05,-0.0020973251666873693,-0.00031463889172300696,-0.0013003740459680557,3.08476373902522e-05,0.0021355145145207644,-9.348899038741365e-05,0.0005851087043993175,8.621197048341855e-05,0.0010321486042812467,-0.00030926341423764825,-0.0006625168025493622,-9.40685422392562e-05,-0.0003367456083651632,0.00040124214137904346,0.0012400950072333217,-0.0003736821818165481,-0.000672216818202287,-0.00016690787742845714,-0.0015953921247273684
dose16k_B_s0,00202.png,-0.0004446274833753705,-0.0001884156808955595,0.0010615292703732848,-0.0006214899476617575,-4.2868356104008853e-05,0.0019264790462329984,-0.00037270778557285666,-0.000308996211970225,0.0003047639620490372,-0.00021159854077268392,0.0023477536160498857,0.000354782649083063,0.0006842092843726277,-0.0009816844249144197,-0.0006328544695861638,0.000830737641081214,0.00026154075749218464,0.00092821050202474,-0.00018405909941066056,0.00011168100172653794,-0.0010054432787001133,0.0002524474693927914,0.000879537605214864,-0.0003946005890611559,0.0012031430378556252,0.0004874659643974155,0.0009585627121850848,0.001635227003134787,0.00011505962902447209,-0.0003221273946110159,-0.0016407596413046122,-0.0008134306990541518,-0.001395898056216538,-0.0014040808891877532,0.0004027846152894199
dose16k_B_s0,00203.png,-0.0005713189020752907,-0.002929379465058446,0.002759879222139716,-0.0013031292473897338,0.0006130530382506549,-0.0003617992624640465,0.00031936177401803434,-0.0011878663208335638,-0.002264514332637191,0.0018872763030231,0.00044969088048674166,-0.0011732274433597922,-0.0010274945525452495,0.000638884783256799,0.0003889022336807102,-0.0015189204132184386,0.0005215691053308547,-0.0013827162329107523,-3.8302667235257104e-05,-0.00022556318435817957,-0.0002455824869684875,-0.0008825212134979665,0.0002497328969184309,0.00011695300054270774,2.9794122383464128e-05,0.0005640556337311864,-0.0003934564592782408,0.0012391500640660524,-0.00043922648183070123,0.00011377530609024689,-0.0006558663444593549,0.0003243249957449734,-0.0014317086897790432,0.0005556974210776389,0.0005791512667201459
dose16k_B_s0,00204.png,-0.00048453957424499094,-0.0002632797695696354,0.0024911719374358654,0.00081629742635414,0.00137691933196038,0.0009030220680870116,-0.0013270607450976968,0.0007413417333737016,-0.0014112674398347735,0.000743047334253788,0.0005226900684647262,-0.0006322974804788828,-0.0009947089711204171,-0.0012240736978128552,9.175474406220019e-05,0.0015637718606740236,0.000817471242044121,-0.0006323226843960583,6.554669380420819e-05,-0.0005711929406970739,0.0001677692198427394,0.0002990669454447925,2.768484227999579e-05,0.0008694478892721236,0.000365874933777377,0.00045051221968606114,0.0009539487073197961,-0.0009186336537823081,-0.00025342064327560365,-0.00042923487490043044,0.0014048906741663814,-0.0005302735371515155,-0.0008825549739412963,-0.0005756510654464364,0.00046870886581018567
dose16k_B_s0,00205.png,0.0012439609272405505,0.0013989134458824992,-9.979346941690892e-06,0.0006141462363302708,-0.0008257373701781034,-0.000979987671598792,-0.000774920335970819,0.0007688014884479344,0.00013331549416761845,0.0005898080999031663,0.0008743643411435187,-0.0006865772302262485,-0.0014488232554867864,0.00044896293547935784,0.0014979465631768107,-0.0004395623691380024,-0.0007605538121424615,0.0008139917626976967,0.0016105283284559846,-0.0006825345335528255,0.0009411225328221917,-0.00015407358296215534,-0.0003319977258797735,-0.000322484876960516,-0.000815540668554604,-0.000521891110111028,0.0013858966995030642,0.0010036359308287501,-0.00020739829051308334,-3.5239761928096414e-05,0.0009483280009590089,0.0005726349772885442,-0.0003644292301032692,-0.00028301740530878305,-0.0009672981686890125
dose16k_B_s0,00206.png,0.00011923195415874943,-0.00029757068841718137,-0.0005831721355207264,-3.1133305355979246e-07,0.00140342116355896,0.00146852049510926,0.00043470863602124155,-0.00028473464772105217,-0.0009796679951250553,0.00017710057727526873,0.0004356174904387444,3.6040673876414075e-05,0.0005797966150566936,0.0006000540452077985,0.0005028428859077394,0.00016472148126922548,0.0019642584957182407,-0.0005779864150099456,0.002707785228267312,-0.0005394252948462963,3.701918831211515e-05,0.000806058757007122,-0.0019481113413348794,0.0002681836485862732,0.000548465468455106,-0.001941912923939526,0.0004221415729261935,0.00013695823145098984,0.0004961110535077751,-0.001666857162490487,-0.0012213769368827343,2.6836563847609796e-05,0.00041628244798630476,0.00014595706306863576,0.0016092556761577725
dose16k_B_s0,00207.png,-0.0014015850611031055,-0.00020017754286527634,0.0011324826627969742,-0.002378614852204919,-0.0007668724283576012,0.0005944606382399797,-0.001283082296140492,-0.0006330581381917,-0.000505229749251157,0.0011342623038217425,-6.940920138731599e-05,0.0007212741766124964,-0.001260633347555995,-0.0004965696716681123,0.00047055320465005934,-0.0016089575365185738,-5.723604772356339e-05,-0.00019233612692914903,-0.002706061117351055,0.000784266390837729,0.0010577287757769227,0.001441198866814375,0.0014123755972832441,0.0007733667152933776,-0.00013403076445683837,-4.5726312237093225e-05,-0.0001957732019945979,0.00017918641970027238,-0.0014509132597595453,0.0005672329571098089,4.601851469487883e-05,2.708491956582293e-05,0.00034984564990736544,0.0011565412860363722,-0.0001014178924378939
dose16k_B_s0,00208.png,-0.0007252134964801371,-0.0012741679092869163,0.0006816836539655924,-0.003300969023257494,-0.0024778656661510468,-0.0005281123449094594,-7.345261110458523e-05,0.00014310247206594795,0.0013297760160639882,0.00031800984288565814,-0.0006264860858209431,0.0001923994714161381,0.0008860784582793713,0.0003716852515935898,-0.0003919254813808948,0.001334990723989904,0.0015300145605579019,-8.810913641355e-06,-0.00022545138199348003,0.0009120003669522703,0.00050796486902982,-0.0009301534737460315,0.0015466292388737202,-7.276613177964464e-05,-0.00028344272868707776,0.0009258381905965507,0.00046574213774874806,-0.0014811580767855048,-0.0007784681511111557,-0.000875915982760489,0.0007190900505520403,0.0010690719354897738,-0.0006166804814711213,-0.0006271336460486054,0.0012419107370078564
dose16k_B_s0,00209.png,-0.0004673503281082958,0.0005176838021725416,-0.0015211465070024133,-7.310496130230604e-06,0.0015185583615675569,0.0011479248059913516,0.0003551627742126584,0.001334666507318616,-7.493675366276875e-05,-0.0010680393315851688,0.0003642554220277816,-0.0006167944520711899,0.0007148213917389512,0.000978366588242352,-0.0004141674726270139,0.0009899807628244162,-0.001465858775191009,0.0004857337335124612,0.000661330355796963,-0.0007909483974799514,0.00038746133213862777,0.0007019919576123357,9.048268111655489e-06,-0.0009638172923587263,-0.00014822103548794985,0.000451212894404307,0.0021277538035064936,-0.0013608589069917798,-0.0004511522129178047,0.001051898580044508,-0.0012631140416488051,-0.0012034195242449641,-0.001408944372087717,0.0007852550479583442,0.002062101848423481
dose16k_B_s0,00210.png,0.0005325700039975345,0.0005830745794810355,-0.0005322095239534974,-0.0006809324258938432,0.001436788821592927,0.0009809860493987799,0.00020469608716666698,0.0001814896531868726,-0.002452532760798931,4.572694524540566e-05,0.0004344187618698925,0.0016733099473640323,5.024324855185114e-05,-0.0005422135582193732,0.001413315418176353,-0.0005863340338692069,0.0003800351114477962,0.000584540655836463,-0.0023714033886790276,-0.0008156175608746707,-0.0003714619670063257,-0.001590876025147736,-0.0009304301929660141,-0.00025324078160338104,-0.0006943380576558411,-0.0008310875855386257,-0.0007555757183581591,-0.0015075934352353215,-0.00020686801872216165,-0.0007174148922786117,0.000694030022714287,0.0014659386361017823,0.0006556545267812908,-0.0014472712064161897,-0.0013445449294522405
dose16k_B_s0,00211.png,0.00016704715380910784,0.0008277337765321136,-0.0018914545653387904,-0.000763372634537518,0.000652167946100235,0.0007973530446179211,-0.0002846248389687389,0.0008938572136685252,0.0013455839361995459,0.0004365476197563112,-0.0006531728431582451,0.0014682823093608022,-0.0007777299033477902,0.00031199277145788074,-0.00101753999479115,-0.0019175565103068948,-0.001268772641196847,-0.0001585058926139027,-0.0006132281268946826,-0.0005964762531220913,-0.0003795844386331737,-0.00028633198235183954,-0.0008783468510955572,-3.479416773188859e-05,0.0010338269639760256,0.0012010931968688965,-0.0005355056491680443,0.0007978546782396734,-0.000750733248423785,0.0012273854808881879,-0.0003974272112827748,-0.00044995470670983195,-0.0009658493800088763,-0.00033967994386330247,-0.00014021433889865875
dose16k_B_s0,00212.png,0.0006452355883084238,0.00047882465878501534,-0.00039166424539871514,-0.00061585265211761,0.0003473217657301575,-4.991195964976214e-05,0.0007265390595421195,0.0012720887316390872,0.0020069561433047056,0.0006527124787680805,-0.0006012123194523156,-0.00020908229635097086,0.00013075706374365836,0.001317372196353972,0.00022697272652294487,0.0003211438306607306,5.756683458457701e-05,0.0015343045815825462,-0.0004099964280612767,-0.0010952994925901294,0.0009864579187706113,-0.0011582901934161782,-0.0002819945220835507,0.0009470438817515969,-0.0004966259002685547,0.00035161373671144247,0.0006717005744576454,-0.0012070732191205025,-0.0006984233623370528,0.00046831215149722993,-0.0006943641928955913,-0.000554618367459625,-0.0005294849397614598,0.00012518407311290503,0.0006168822292238474
dose16k_B_s0,00213.png,-0.0006623404915444553,0.0014339860063046217,-0.0005365171818993986,-0.000749952276237309,-0.0011996971443295479,0.00038107787258923054,0.0016581073869019747,-0.0005583802121691406,-0.000813408347312361,-0.0005395757034420967,-0.000255456252489239,-0.000331807677866891,-0.0006638194317929447,0.00041160674300044775,4.297690975363366e-05,0.0007987180142663419,-0.00011781534703914076,0.00011752283171517774,0.000123106045066379,0.00031497885356657207,-0.0014625606127083302,0.000678282929584384,-0.001367212855257094,8.889210585039109e-05,-9.497754217591137e-05,-1.881291245808825e-05,-0.00020033158943988383,-0.0005552982911467552,-0.0008470314787700772,0.0012020618887618184,0.0013335385592654347,0.0013219602406024933,0.0009287971188314259,-0.0001542269455967471,5.8382764109410346e-05
dose16k_B_s0,00214.png,0.0009628445841372013,0.0004050832358188927,-0.0016123336972668767,-0.0004260060959495604,-0.0018930553924292326,0.0024619221221655607,0.0010911088902503252,-0.0005600497825071216,0.0002095976087730378,0.0011790518183261156,0.000258249492617324,-0.0001738820574246347,0.0014782886719331145,-0.0009969782549887896,0.0007411919068545103,0.000729571795091033,-0.0005569434142671525,0.0008089294424280524,-0.0011063828133046627,-0.000730172439943999,-0.0008199869771488011,-0.00042692350689321756,-0.0004071374423801899,0.0009038480347953737,0.0005499885301105678,0.0003342588315717876,-0.0016143935499712825,-0.0011169385397806764,9.912403766065836e-05,-0.0001387187367072329,0.0006563120987266302,-0.00036243745125830173,0.0012381556443870068,-0.001120829489082098,0.0006317304796539247
dose16k_B_s0,00215.png,-0.0026933748740702868,-0.001490126014687121,0.0006410163477994502,-0.0016307691112160683,0.000572605466004461,-0.00036539442953653634,0.0006422869046218693,-0.0005711370031349361,0.0005588275962509215,0.00020143829169683158,-6.534397834911942e-05,-0.0011732715647667646,-0.0004099223006051034,0.0005069662583991885,0.00028909987304359674,-0.00043863465543836355,0.00046827030018903315,0.0004548133001662791,-0.0003882342134602368,0.0012027007760480046,0.00032819111947901547,-5.844379120389931e-05,-0.0011649619555100799,-0.0016563415993005037,0.0007888343534432352,0.00018986429495271295,-0.0010633557103574276,-0.0018261412624269724,-0.0005297333700582385,-0.00011285388609394431,0.0010383889311924577,0.0011798996711149812,-0.0004586170834954828,-0.0005698320455849171,-0.0013849500101059675
dose16k_B_s0,00216.png,-0.0009899986907839775,-0.0006781294941902161,-0.0004596597282215953,0.002129287924617529,0.0019881685730069876,0.0006465551559813321,0.0012171000707894564,-4.566755160340108e-05,-0.0002466958248987794,0.0015015635872259736,-0.0003979337925557047,-0.0009011664078570902,0.000523713359143585,0.0001840473123593256,0.00011472361802589148,-0.0005554261733777821,0.000316644087433815,-0.0008143247105181217,-0.0005708341486752033,-0.0016586906276643276,0.0014071441255509853,-0.0004885192611254752,-0.00204974296502769,-0.000942954677157104,0.0005304454825818539,-3.811090573435649e-05,-0.0013428430538624525,-0.0009072147659026086,-0.0029459150973707438,0.0006207117112353444,0.000659837038256228,-0.00023483711993321776,-0.00012096115096937865,-0.001201273174956441,-0.00043031503446400166
dose16k_B_s0,00217.png,-0.0006687141722068191,-0.001813244540244341,-0.002055594464763999,7.360799645539373e-05,-0.0006736598443239927,-0.00011926289880648255,0.0002909407776314765,-0.00025017716689035296,-0.00044660057756118476,-0.0005564871826209128,0.0012495499104261398,-0.00033344433177262545,0.00011677578731905669,8.868899749359116e-05,-0.0006566194351762533,-0.00019401272584218532,-0.0004852115816902369,0.0005935599911026657,-0.0007021907949820161,-0.0005827419809065759,0.001376797677949071,0.0007378016598522663,0.00021609818213619292,0.0015435426030308008,0.0001292824454139918,-0.0009408664191141725,-0.001615572371520102,-0.00046396959805861115,-0.00020745978690683842,-0.0010595405474305153,0.0003590146079659462,-0.0009307360160164535,-0.0007715104147791862,0.0008970544440671802,-0.0014830552972853184
dose16k_B_s0,00218.png,-0.0017826393013820052,-0.0029243621975183487,0.0005241303006187081,-0.0001125909184338525,-0.0014447742141783237,-0.0001280014985240996,-0.00015679598436690867,-0.0008221020689234138,-0.0007358091534115374,-0.0007842578925192356,-0.0008578386041335762,0.0019271165365353227,-0.001234068302437663,-0.00018781890685204417,-0.0009880347643047571,0.0004398792516440153,-0.0004119318618904799,0.001089633209630847,-0.0006194901070557535,0.00030115179833956063,-0.001265454338863492,0.000593874603509903,0.0011190589284524322,-0.0004876027815043926,-0.00036176765570417047,-0.00030359337688423693,-0.0009748097509145737,0.00014069343160372227,0.0006196387112140656,-0.0003295200294815004,0.0009973814012482762,0.0008976813987828791,0.0009772747289389372,-0.0009488447103649378,-4.946038097841665e-05
dose16k_B_s0,00219.png,0.0007652986096218228,0.0005892642657272518,-0.0007851039990782738,1.67550279002171e-05,-0.0014359185006469488,-0.001553887384943664,-0.0006678781355731189,-0.0006112789269536734,-7.628415914950892e-05,0.00011981210263911635,-0.0008519652183167636,0.0010404953500255942,-0.00010404567001387477,-0.0012008986668661237,-6.884949107188731e-05,0.0007438669563271105,0.00010080141510115936,2.31664289458422e-05,-0.0003027038474101573,-0.00014873489271849394,0.0009619753691367805,0.0002539042034186423,0.0010430739494040608,0.0005500082625076175,0.0001494654716225341,-0.0002593738026916981,5.23201197211165e-05,-0.00023259488807525486,-0.00045381789095699787,0.000415261194575578,-0.0007300854776985943,5.507601144927321e-06,0.001116212923079729,0.0009046428604051471,0.0003705440612975508
dose16k_B_s0,00220.png,-0.0008392700110562146,0.0005614484543912113,0.000497064262162894,0.00039033908979035914,0.00021060252038296312,-0.0008556196698918939,0.0015484390314668417,-0.001281765871681273,-0.0003808693145401776,0.0012587776873260736,0.0012333214981481433,-0.0008546210010536015,-0.0009732812759466469,-0.0001744630717439577,-0.0006462013698183,-0.000220215690205805,0.0018619881011545658,-0.001979188295081258,-7.675230881432071e-05,0.00015813457139302045,-0.00019198446534574032,7.61079354560934e-05,0.0009934561094269156,-0.000443684053607285,-0.0011251023970544338,-0.00034389973734505475,6.645169924013317e-05,0.000637434481177479,-0.0005032441113144159,0.0004207228193990886,-0.0004112879396416247,-0.00048667084774933755,-0.0004132946487516165,0.0008535280940122902,0.0007015380542725325
dose16k_B_s0,00221.png,0.00028172446764074266,8.691116090631112e-05,0.0005176668055355549,-9.63728380156681e-05,-8.987818728201091e-05,-0.001103529124520719,-0.00038618568214587867,0.0006764230201952159,-0.0009446754120290279,0.0001974495389731601,0.000840021122712642,6.137799209682271e-05,0.0003192990552634001,-0.0005373906460590661,0.0006846035830676556,-0.0012292369501665235,-0.0014976832317188382,0.00030701010837219656,0.0006779828108847141,-0.0008810243452899158,4.6595050662290305e-05,0.00043847583583556116,-0.0010988683206960559,-0.00028138302150182426,0.00045514191151596606,-0.0007369996164925396,-0.0014683482004329562,0.00031388961360789835,-0.0011876681819558144,0.0013693005312234163,-0.0015191566199064255,0.0006916100392118096,-0.00016928798868320882,-0.0017861592350527644,-0.000953116687014699
dose16k_B_s0,00222.png,0.0004314414691179991,0.0009734294726513326,0.0006276154308579862,0.0026575447991490364,0.00127137650270015,-0.0010014373110607266,0.00045530381612479687,-0.00046273905900307,-0.0010667338501662016,0.0010872851125895977,0.0005161462468095124,0.0012138572055846453,0.0011362143559381366,0.00033626778167672455,-0.00011352079309290275,0.0007849850808270276,-0.0004534494655672461,-0.001404710696078837,-0.0012964983470737934,0.0010057181352749467,0.00035879251663573086,0.0004730869841296226,3.475445191725157e-05,0.0004006351809948683,0.0014445255510509014,0.00045077112736180425,-0.0015786432195454836,0.00018214569718111306,-0.0025668854359537363,-2.8351259970804676e-05,0.00020143197616562247,-1.7725600628182292e-05,0.000340960017638281,-0.0002376318589085713,-0.000982294324785471
dose16k_B_s0,00223.png,-0.0014069501776248217,0.00010891410056501627,-5.71613127249293e-05,0.00022759506828151643,0.0019909143447875977,0.0015168983954936266,0.0001395965227857232,-0.000730642641428858,0.00012556974252220243,9.461043373448774e-05,0.000250061450060457,-0.00035325673525221646,-0.0009520682506263256,-8.274085848825052e-05,-0.0013607607688754797,-0.0003032720123883337,0.0004502145166043192,9.146385127678514e-05,-0.0009755275095812976,-0.00016069439880084246,-0.00033605986391194165,0.001709671807475388,0.0007883761427365243,0.0009252167074009776,-0.0013842055341228843,-0.0010715466924011707,-0.0006804183358326554,-0.0005407542921602726,-0.0027471056673675776,-0.00026772136334329844,-0.000789606710895896,0.0005988022312521935,0.0003821770951617509,-0.0011096663074567914,-0.000608884496614337
dose16k_B_s0,00224.png,-0.0005109608173370361,-0.00031192274764180183,-0.0009564394131302834,-0.0004148713778704405,0.0017840693471953273,0.00033828685991466045,-9.072275861399248e-05,-0.0005770431598648429,-0.00021909571660216898,-0.0001895599561976269,-0.00158075918443501,0.0002818756620399654,-0.0002751156862359494,-0.001102481852285564,2.7617918021860532e-05,0.001401068759150803,-0.0013940426288172603,0.00015558527957182378,-0.00014790748537052423,0.0015422345604747534,4.13301786466036e-05,-0.000508492870721966,0.00039551075315102935,-0.0014224855694919825,0.00018712121527642012,-0.0007781857275404036,0.0009411601931788027,-0.00012304511619731784,-5.993534068693407e-05,0.0009021327714435756,0.000641998543869704,0.0006849684868939221,-0.0017622171435505152,-0.0007552645984105766,-0.0007922853110358119
dose16k_B_s0,00225.png,-0.0004444668593350798,-0.0002426377759547904,-0.000665991276036948,0.0010584208648651838,-0.0010863215429708362,0.0006855604005977511,-0.0006106028449721634,4.856900341110304e-05,3.707611540448852e-05,-0.0009228388662450016,4.134989922022214e-06,0.0003524466883391142,0.000763334333896637,0.0010269174817949533,0.0008185745682567358,0.0008267831872217357,6.46814878564328e-05,0.00015707929560448974,-0.0015976984286680818,0.00021354689670260996,0.0010335625847801566,-0.0011990434722974896,-0.00046955744619481266,-0.00035246851621195674,0.0014557833783328533,-0.00026226750924251974,-0.00043105307850055397,-0.00021641985222231597,-0.0006871715886518359,-0.00023870920995250344,-8.479927782900631e-05,-0.00034566622343845665,0.000304785295156762,-0.0010433400748297572,7.725899195065722e-05
dose16k_B_s0,00226.png,-0.00041733792750164866,0.0004673670628108084,-0.00019740911375265568,-0.0002915526565629989,0.0005192199605517089,-0.0007462819921784103,0.0005358077469281852,0.0004542291280813515,0.00015414762310683727,-0.0019753980450332165,0.0008444077102467418,-0.0006652556476183236,-1.5590843759127893e-05,-0.0019385359482839704,0.00011114544031443074,-0.0009574567666277289,0.0008880100212991238,0.001027917955070734,0.000309799681417644,-0.0016330243088304996,0.0005798882339149714,0.0007768841460347176,0.0006137491436675191,-0.0008356625330634415,-0.0001106501804315485,-0.0004332426469773054,-0.000597483420278877,-0.0003728238516487181,0.00047474136226810515,0.0011504533467814326,0.00181596539914608,-1.7159989511128515e-05,7.141708192648366e-05,-0.00035978647065348923,-0.00045868908637203276
dose16k_B_s0,00227.png,0.00109245500061661,0.0015650771092623472,-0.00021927633497398347,-0.0006138783064670861,-0.0011237476719543338,-0.00013596027565654367,0.0011229144874960184,-0.000989078893326223,0.0004208849568385631,0.0011296203592792153,-9.0689783974085e-05,-0.0016057894099503756,0.0014045936986804008,-0.0015127405058592558,-0.0008808222482912242,0.0014790104469284415,0.0002700166078284383,0.002083771163597703,-0.00021556719730142504,-0.0007684957236051559,-0.0003788578324019909,0.00035554784699343145,-0.0009806860471144319,-0.0007110995939001441,-6.997514719842002e-05,0.00023921167303342372,0.00021499015565495938,0.0025441681500524282,-0.0007835293654352427,2.5670127797638997e-05,0.0003081221366301179,0.0009708011639304459,0.00185096706263721,0.0011156384134665132,0.00038921323721297085
dose16k_B_s0,00228.png,0.0010882330825552344,0.0018791581969708204,0.0016008318634703755,0.0026755451690405607,-0.0005155863473191857,-0.0005149015923961997,0.0009702631505206227,-0.0008912065532058477,0.0010431583505123854,0.0011943348217755556,0.0005911057232879102,-0.0016876431182026863,-0.002762728836387396,-0.0003588762483559549,-0.0010728928027674556,0.0009465438779443502,3.5176464734831825e-05,-0.001911295228637755,-0.0006261992966756225,0.0004084278189111501,-0.0002180274314014241,0.001967713003978133,-0.0004242567520122975,0.0013580051017925143,-0.000912735762540251,0.0006918185972608626,0.0011917386436834931,0.0011413514148443937,0.0003432164085097611,0.0007878958713263273,0.0005509898182936013,1.8972254110849462e-05,-0.0008417387725785375,-0.0005593296373263001,-0.0008824028191156685
dose16k_B_s0,00229.png,0.001828144071623683,0.0003706789284478873,0.0016271669883280993,0.0001599972601979971,0.0003793167707044631,-0.0009815625380724669,0.00039538851706311107,-0.0010701266583055258,0.00023943836276885122,-0.0011774073354899883,0.00029646206530742347,6.846346514066681e-05,0.0007397627341561019,-0.0018034306121990085,0.0009527380461804569,0.0003803991130553186,-0.0010594517225399613,-0.0007303476450033486,0.0009680477087385952,-6.675276836176636e-06,0.0012508997460827231,-0.0013495192397385836,-0.0004414575232658535,0.0009523627231828868,-0.0012407260946929455,-8.487616287311539e-05,0.0002700342156458646,0.0012961119646206498,-0.000532135833054781,-0.0015653474256396294,-0.00014882948016747832,-0.0013252163771539927,0.00017344721709378064,0.0012563751079142094,0.0009209962445311248
dose16k_B_s0,00230.png,9.870406938716769e-05,0.0009652369190007448,-0.0005858400836586952,0.0005058944225311279,-0.0007241509156301618,0.0004375021089799702,0.0004974520998075604,-0.0008822794770821929,0.0007831769180484116,-0.00022905251535121351,0.001234424882568419,-0.002048161579295993,0.0010540754301473498,0.0006911301170475781,-0.0001930169964907691,-0.00066708168014884,-0.0010402485495433211,-0.001523991348221898,-0.0006904433248564601,-4.710831490228884e-05,-0.0024119047448039055,0.0008357391343452036,-0.0002209254598710686,0.0009512406541034579,0.0009351937333121896,-0.0009781931294128299,-3.552628186298534e-05,-0.0012767489533871412,0.0005358290509320796,0.0015651880530640483,0.00012917211279273033,0.0007031785789877176,0.000856288883369416,0.0016575861955061555,0.001197870122268796
dose16k_B_s0,00231.png,-0.000501499162055552,0.0005291998386383057,0.0002222335315309465,0.0009194107260555029,0.0006831182399764657,-0.0004843383503612131,-0.00017774493608158082,-0.0005611787782981992,0.0005098099354654551,3.729108357219957e-05,0.00012063962640240788,0.0002934489166364074,0.0009777506347745657,-0.0017143285367637873,0.001330382889136672,0.0013421267503872514,0.0008624917245469987,0.00024254524032585323,0.00011245560745010152,-2.1928564819972962e-05,0.00025346624897792935,-2.922379735537106e-06,5.308156232786132e-06,0.0008197748684324324,0.0009728794684633613,7.001486665103585e-05,-0.00069103465648368,0.001045786775648594,-0.0002159564319299534,0.0012798546813428402,0.0010824727360159159,0.0001313533866778016,-0.0008307160460390151,-0.0012414035154506564,9.74030263023451e-05
dose16k_B_s0,00232.png,-0.0008977093966677785,0.0008451401372440159,-0.000663048995193094,-9.393034997629002e-05,0.0015889945207163692,0.0009216342004947364,-0.0007067646947689354,0.0010733013041317463,0.0008502583368681371,-0.0006735656061209738,0.0008191188680939376,0.00028139224741607904,-0.0014199538854882121,-0.00044602761045098305,-0.0008901537512429059,1.8452610675012693e-05,-0.0005886225844733417,-0.0011040720855817199,-0.0006930971867404878,-0.0002165677578886971,0.0007637583184987307,-0.0003497839206829667,-0.00044532201718539,-0.0011477245716378093,-0.00011768104013754055,-0.0009027281776070595,0.0002402506215730682,6.322084664134309e-05,-0.0004957114579156041,9.611764835426584e-05,-0.000968223437666893,-0.0009755834471434355,-0.0010099472710862756,4.329987496021204e-05,4.514024840318598e-05
dose16k_B_s0,00233.png,0.0011661715107038617,0.001982487505301833,0.0010166257852688432,0.0008651603129692376,0.00016292142390739173,-0.0017218684079125524,0.0007298379205167294,0.0003562555939424783,0.0013372134417295456,0.0023224123287945986,-0.0005759847699664533,0.0005717849126085639,-0.0011669265804812312,0.0008583653252571821,0.0003532810078468174,-0.00019618378428276628,0.0003818159457296133,0.0012722122482955456,0.0015449292259290814,0.0006666557746939361,-0.00010121289233211428,0.0018120985478162766,0.00036034200456924736,-0.001141703105531633,0.00014287543308455497,-0.0002818831999320537,-0.0006398996338248253,0.0020866896957159042,0.0005754321464337409,-0.0010961259249597788,-0.0016052660066634417,0.001140704145655036,-0.00028249569004401565,0.0009998719906434417,3.024170155185857e-06
dose16k_B_s0,00234.png,0.001095380517654121,0.0008666589274071157,-0.0012686447007581592,0.00040526065276935697,0.001446116715669632,-0.0013176016509532928,-0.0008482792181894183,0.0009540491737425327,2.7953141398029402e-05,-0.0006957952864468098,-0.0008787966216914356,-0.000273697980446741,-0.0018850623164325953,0.0011354093439877033,-0.003171890042722225,0.00015870558854658157,0.0005866668070666492,0.001124109490774572,-0.000756454246584326,0.00041526262066327035,-0.0010687917238101363,-0.0005578005802817643,-0.0008889519958756864,0.0030256295576691628,-0.00020888725703116506,4.557784632197581e-05,-0.00023344840155914426,-0.0003461563610471785,-0.00082416768418625,0.0015566369984298944,-0.00033885371522046626,0.0005995708052068949,0.0018414027290418744,-0.00030117828282527626,-9.560141916153952e-05
dose16k_B_s0,00235.png,0.0005848231958225369,-2.129782160409377e-06,-5.651951869367622e-05,-0.0011879239464178681,0.002666868269443512,-5.685299765900709e-05,0.0002537654072511941,0.0015559023013338447,0.0010040447814390063,0.00020219072757754475,0.0014685634523630142,0.00018792938499245793,-0.0005351367872208357,-0.0010142674436792731,0.0017501433612778783,0.0005199736333452165,0.0010634389473125339,-0.0008928902097977698,0.0008511164924129844,0.0008265760843642056,0.0015806856099516153,6.279602530412376e-05,-0.00041632127249613404,0.0008306583040393889,-0.00013826820941176265,0.0015653165755793452,-0.0025932295247912407,-0.0012901515001431108,0.0008689204114489257,-0.0003846691397484392,-0.00022976585023570806,0.0007440975168719888,0.0019479967886582017,-0.0008531010244041681,-0.0006723401602357626
dose16k_B_s0,00236.png,0.0008863115799613297,0.0007185342838056386,-0.000326653040247038,0.0006637986516579986,0.0017817283514887094,0.0015509547665715218,0.00023087863519322127,-0.00021189202379900962,-0.0005033641937188804,0.0003597188915591687,0.0005614976398646832,0.0006240275106392801,6.972288974793628e-05,0.00037368389894254506,-0.001346040517091751,-0.0006645499961450696,0.0009525592904537916,-0.0009487999486736953,-0.000571767333894968,0.0016448306851089,0.00023021364177111536,0.0013760864967480302,-0.00028286007000133395,0.0022311247885227203,0.00019813701510429382,-0.00014744486543349922,-0.0004651871568057686,0.0012785366270691156,0.0011558913392946124,-0.0005442508263513446,-0.0001393532002111897,-0.00015986828657332808,-0.00019530243298504502,-0.0003386072930879891,-0.0023033712059259415
dose16k_B_s0,00237.png,-0.0002436422510072589,0.00036774048930965364,-0.0008615456172265112,0.0013996479101479053,-0.002052761148661375,0.0006566260126419365,0.00046282628318294883,-0.00010095562174683437,0.0009281953680329025,-0.0006062837783247232,-0.00030152397812344134,0.0013290366623550653,0.0012566406512632966,0.00045657274313271046,-0.0005955893429927528,0.0010132214520126581,0.0006694570765830576,-0.0022862476762384176,-0.0003240625956095755,-0.00042716541793197393,0.0017554849619045854,-0.0004920699866488576,-0.0009306570864282548,0.0017905514687299728,-0.0009402319556102157,-0.0007031247369013727,0.0005765077657997608,-0.00037407813942991197,0.0006057278369553387,-9.859519195742905e-05,0.0008801291114650667,0.00021187080710660666,0.00019684963626787066,0.0009882207959890366,0.00047394202556461096
dose16k_B_s0,00242.png,-0.0001859549229266122,-0.00011198594438610598,-0.0008301106281578541,7.743636524537578e-05,-0.0006267523858696222,0.0010687317699193954,0.0001568448351463303,0.00041403796058148146,0.00015235903265420347,-0.0004942077794112265,-0.0008251257822848856,-0.00011382663069525734,-0.0025173467583954334,0.0014537324896082282,-0.0011196068953722715,-0.0028636495117098093,0.0008755057351663709,0.00010129814472747967,-0.0002449493040330708,0.0008604216272942722,0.0003743763081729412,0.00027530096122063696,0.00014694892161060125,-0.0005191222880966961,0.0017983363941311836,-0.00014892219041939825,0.0001638119574636221,-0.0013901077909395099,2.0797213437617756e-05,-0.0023646154440939426,-0.00044454066664911807,0.0018416799139231443,0.0005089869373477995,0.0006692392635159194,0.000903173815459013
dose16k_B_s0,00243.png,0.0015170745318755507,0.0005169215146452188,-0.0006048614159226418,-0.0009573959396220744,-0.002114033093675971,-0.0014932614285498857,0.0005550766945816576,0.0005135349347256124,0.0018638655310496688,-0.00045515227247960865,-0.001612116931937635,-0.0016905054217204452,-1.4743512110726442e-05,-0.00017941801343113184,-0.001783822663128376,-0.0020493308547884226,-0.0003578357573132962,0.00013574890908785164,-0.0004901305073872209,-0.0017441201489418745,0.001437232713215053,0.00032768925302661955,0.0007537492201663554,-0.0010719777783378959,-0.0011699548922479153,0.00010221198317594826,0.0003231284790672362,0.0015054438263177872,2.047324642262538e-06,-0.00019363578758202493,0.0009084763587452471,0.00047522803652100265,0.00013968122948426753,-0.00040915299905464053,-0.0010149976005777717
dose16k_B_s0,00244.png,-7.409046520479023e-05,0.00012193787551950663,0.0006344927242025733,-0.0017158894333988428,0.0004601972468663007,-0.0001507305569248274,-0.0016289028571918607,0.0001745771587593481,0.0008826289558783174,0.0010698109399527311,0.001059368602000177,0.0002614566183183342,-0.0003938754671253264,-0.0009126472868956625,0.00017670200031716377,-0.0013353762915357947,-0.0005636702408082783,0.00044017034815624356,0.0006888997741043568,-0.00048133841482922435,-0.0004573302867356688,0.000807063071988523,-0.0003908595535904169,-0.0007983351242728531,-0.00015428295591846108,-0.0005311692366376519,-0.0011462167603895068,-7.726380863459781e-05,0.0001332582178292796,0.000597581674810499,-0.0013629439054057002,-0.00036449526669457555,-0.0008101307321339846,0.0004387014196254313,-7.379785529337823e-05
dose16k_B_s0,00245.png,-0.0008064924622885883,-5.088179386802949e-05,-0.0005163679015822709,-0.0010964684188365936,-0.0002718204050324857,0.001321217161603272,0.0007653869106434286,-0.000407111132517457,0.00091649463865906,0.0007883089710958302,-0.0009301324607804418,0.000781766779255122,0.0010020084446296096,0.00014050862228032202,0.0009955979185178876,-0.0009999879403039813,-0.0001783595362212509,-0.001203246065415442,0.0005718144821003079,-0.0004034304292872548,0.00024654684239067137,-0.0006720107630826533,0.00047945379628799856,2.0193927412037738e-05,0.00018489579088054597,-0.0012342501431703568,0.000581050815526396,0.0006404966115951538,0.000303250621072948,-0.0006351095507852733,-0.00013121485244482756,-0.001772286370396614,5.501449413713999e-05,0.000984745565801859,0.0009942855685949326
dose16k_B_s0,00238.png,0.00047918225754983723,0.001252230373211205,-0.0004335891280788928,0.00314839999191463,0.001831814181059599,0.00247203023172915,0.000511912745423615,-0.00031604361720383167,-0.0004956356715410948,0.0004036877944599837,0.0006105524371378124,0.0008116150856949389,0.0007483373628929257,-0.0002130481443600729,-0.001687535084784031,-0.0005615699919871986,-0.0018729139119386673,-0.0017965768929570913,0.002088302280753851,-0.0007290613721124828,0.0005233049741946161,0.00029144625295884907,0.0010850058170035481,0.00017030131130013615,-1.7379546761731035e-06,0.0016613053157925606,-0.0024421459529548883,-0.0002830249723047018,-0.0014533400535583496,-0.000659807410556823,-0.0010605548741295934,0.0014513949863612652,-0.0005785070825368166,0.0020357943139970303,-0.0012740546371787786
dose16k_B_s0,00239.png,0.0005018514348194003,0.0006399128469638526,0.0003596727328840643,0.0008959395927377045,0.0020460658706724644,-2.0706675059045665e-05,0.0011598627315834165,0.0005049340543337166,0.000589344126638025,-0.0008219917654059827,0.0010281970025971532,0.001127599272876978,-0.0006466450868174434,-0.0006907616043463349,-0.001884964993223548,0.000912410847377032,-6.946822395548224e-05,0.000768675992731005,0.000983433797955513,0.000257956882705912,-0.0009231119183823466,-0.0005527019966393709,0.00016881062765605748,0.0010173681657761335,0.00039249903056770563,-0.0017129777697846293,0.002798526082187891,-0.0005281763151288033,0.000261404289631173,0.0002583198365755379,-0.0005480219260789454,4.9688955186866224e-05,-0.0008786729304119945,0.0010165944695472717,0.0007000073092058301
dose16k_B_s0,00240.png,0.00019712047651410103,1.0531676707614679e-05,-0.0003559489268809557,0.00046123372158035636,0.00024961502640508115,0.00027448550099506974,-0.0006745297578163445,-0.0007083924137987196,0.00020647697965614498,-0.0010816267458721995,-0.0004479666822589934,6.966308137634769e-05,-0.0009586631204001606,-0.001856823917478323,0.0011059812968596816,0.00013970170402899384,0.0007115166517905891,0.001284560072235763,-0.0004864487564191222,0.00044489200809039176,0.0005148854688741267,0.0014828681014478207,0.00033171294489875436,-0.0008596469997428358,-0.0013861008919775486,0.0009658134658820927,-0.0005263389321044087,0.0007056849426589906,-0.00021415675291791558,0.0003983252972830087,0.0009476982522755861,-0.0011063627898693085,-0.001060965470969677,0.0007847245433367789,-0.0009274971671402454
dose16k_B_s0,00241.png,-0.00014223165635485202,-0.00042513906373642385,-0.00031835242407396436,0.001016208902001381,-0.0006446531042456627,1.0492526598682161e-05,0.0011539674596861005,0.00017141146236099303,-0.0014256713911890984,0.0008490834734402597,-0.0008005875861272216,0.0016749061178416014,0.001598127419129014,-4.737711788038723e-05,-0.0008225291967391968,0.0008568083867430687,0.0012646503746509552,0.00045202107867226005,0.00016594183398410678,-0.00032605190062895417,0.0006510643288493156,-0.00038539362139999866,-0.0020746237132698298,0.001457060337997973,0.0014804241945967078,0.0010074382880702615,2.848432086466346e-05,0.000850513344630599,0.0008043906418606639,-0.00015813687059562653,-0.00018468069902155548,0.00011338992771925405,-0.00037345406599342823,0.0008561671711504459,-0.0003879195137415081
dose16k_B_s0,00246.png,-1.8096714484272525e-05,0.000502425420563668,5.204198168939911e-05,-0.001521227415651083,0.000357570534106344,0.0018395427614450455,0.00144338293466717,0.00023165601305663586,-0.0001822178455768153,-0.0013732837978750467,-0.00048547558253630996,0.001097764470614493,0.00027222276548855007,-0.0005814979667775333,0.00010360711166867986,0.0012661220971494913,-0.0004710514622274786,-0.0001633911597309634,0.000124783007777296,-0.0005530848866328597,0.0001988239528145641,-0.0006553386338055134,-0.0014140232233330607,-0.0009077012655325234,-0.00010369914525654167,0.0009357451344840229,0.0005794354947283864,0.0007936914917081594,-3.362126153660938e-05,-0.00033471977803856134,-0.0004535997286438942,-0.00022423939662985504,0.00018693746824283153,-8.871472527971491e-05,0.000882346008438617
dose16k_B_s0,00247.png,0.0005606907070614398,0.0004822984919883311,-0.0014354335144162178,-0.0024011528585106134,0.0016837222501635551,0.00027365636196918786,0.00033174818963743746,-0.0015821426641196012,-0.0009650720749050379,0.00031434421543963253,-0.000611685449257493,-0.0011571685317903757,0.0004358937148936093,0.0005460984539240599,6.702148675685748e-05,0.0004997042124159634,-0.0004859467735514045,0.0015995074063539505,-0.0010149705922231078,-0.0013378685107454658,0.0013816189020872116,0.0002313405420864001,0.0006070082890801132,-0.0009240410872735083,0.0004002554342150688,-1.0744794280981296e-06,0.0004272246442269534,-0.0009753303602337837,-0.0005535378586500883,0.000710042251739651,-0.00028335110982879996,-0.00027569790836423635,-0.00021969024965073913,-0.0007970666629262269,-0.00042347831185907125
dose16k_B_s0,00248.png,0.0010510473512113094,-4.284194073989056e-05,0.0006537179579026997,-0.00019390706438571215,-0.00017840313375927508,0.0003141917404718697,-0.0014332459541037679,-0.0006096189026720822,0.0031963319052010775,-0.0014407768612727523,-8.982013969216496e-05,-0.0005069706821814179,-4.627299858839251e-05,0.0007919173804111779,-0.0010042927460744977,0.00048731963033787906,-0.0003764161083381623,0.0002661384060047567,-0.000831823970656842,-0.000516969186719507,-0.00020983887952752411,0.00020310850231908262,-0.0003881371521856636,0.0007012409041635692,-0.00011698541493387893,-0.00038833366124890745,-0.000934948620852083,0.0005321052740328014,0.0009425560128875077,-0.00013050112465862185,0.0005455408245325089,0.001174172735773027,0.0009531760588288307,0.00023588001204188913,-0.0002169692306779325
dose16k_B_s0,00249.png,0.0001241812715306878,-1.0942004337266553e-05,0.0015581356128677726,0.0018433694494888186,0.001531806425191462,0.0007679263944737613,-0.00042685092194005847,-0.0003048311918973923,-0.0006738026277162135,0.0012587928213179111,0.001346767763607204,0.00038318432052619755,-0.0006155564915388823,0.000296576414257288,-0.0004674684314522892,0.0003799644473474473,-6.969898822717369e-05,0.0013482131762430072,0.0004083601525053382,0.0018549502128735185,-0.0005938840331509709,-0.002518994500860572,-2.6807640097104013e-05,0.0009208973497152328,0.0006076288409531116,-0.00038347108056768775,0.001301865209825337,0.0005107766482979059,-0.0005556269898079336,0.0009409235208295286,-0.00018718757200986147,0.0015567055670544505,0.001480146194808185,0.0004958563949912786,-0.0002216198481619358
