arm,image,rho_M,rho_ML,rho_Mp,rho_KA,rho_KB,decoy0,decoy1,decoy2,decoy3,decoy4,decoy5,decoy6,decoy7,decoy8,decoy9,decoy10,decoy11,decoy12,decoy13,decoy14,decoy15,decoy16,decoy17,decoy18,decoy19,decoy20,decoy21,decoy22,decoy23,decoy24,decoy25,decoy26,decoy27,decoy28,decoy29
dose8k_A_s0,00008.png,-0.0004531395388767123,-2.9883269235142507e-05,0.0012649077689275146,-4.501873627305031e-05,0.0009225360699929297,-0.0009613874717615545,-0.00029261739109642804,0.00010238355753244832,-0.0007263871957547963,-0.0013434794964268804,0.000458744092611596,-0.00038549627061001956,-0.0005577242700383067,-0.00044744129991158843,0.0015001208521425724,0.001484089414589107,0.000906413362827152,9.278768993681297e-05,-0.000997332506813109,0.0002544827584642917,0.0012868259800598025,-0.00022377177083399147,-0.0007103943498805165,-0.0017607413465157151,-0.001509127439931035,0.0003236437332816422,2.9350154363783076e-05,-0.00014593778178095818,0.0005570929497480392,-0.00105485157109797,0.0007717884727753699,-0.0009504595655016601,-0.00010457685129949823,0.0002589550567790866,0.00011830926086986437
dose8k_A_s0,00009.png,-0.0006711359019391239,-0.0008658922743052244,2.1819534595124424e-05,-0.0008578859269618988,-7.263202860485762e-05,-0.0002738783950917423,0.0003781297127716243,0.0010015742154791951,0.0012887469492852688,0.00109650450758636,0.0013392642140388489,0.00164481857791543,0.0013607162982225418,0.0008693741401657462,0.0007062392542138696,0.0005251789116300642,0.0009871446527540684,0.0006241764058358967,-0.0018759770318865776,0.000758353853598237,0.000800865760538727,-0.0007823480991646647,0.0009683184907771647,-0.0005305713857524097,0.0010833436390385032,2.4854514776961878e-05,0.00010093519085785374,-0.0006209503626450896,-0.0009674130124039948,0.0009065417689271271,7.259850826812908e-05,0.0006594407022930682,-0.00258746393956244,-0.0023204456083476543,0.0006695771589875221
dose8k_A_s0,00010.png,0.0007046109531074762,0.0006451989174820483,0.00037753363722003996,0.0016356491250917315,-0.0007259171106852591,-0.0014633360551670194,-0.00039590740925632417,-0.00022170713054947555,-0.0009087978396564722,-0.0005902731791138649,0.0004794057458639145,0.0005097984103485942,-2.7727815904654562e-05,-0.0005890264874324203,-0.0002825687697622925,-0.0003772807540372014,-0.0004573282494675368,-0.0003662686503957957,-4.622746928362176e-06,-0.00020633262465707958,-0.000520316360052675,-0.0004931165603920817,-0.0003187057445757091,-0.00029980496037751436,0.00027523821336217225,0.00047895844909362495,-0.0009426891338080168,-0.00011110923514934257,-0.00015782103582751006,-0.00032387117971666157,-0.0005105494637973607,-0.0019191576866433024,0.0008494697394780815,-0.0006194688030518591,0.0010932674631476402
dose8k_A_s0,00011.png,0.0021576795261353254,0.0030477596446871758,-0.0002791337319649756,0.0007146043935790658,-0.00031758483964949846,-1.2245365724083968e-05,-0.0006998801836743951,-0.0008590529323555529,-0.000540096138138324,-0.0006162055651657283,-0.0005291952984407544,-0.00014134736557025462,0.0008853365434333682,-0.00017742073396220803,-0.002387160900980234,0.0006585220689885318,0.001726676942780614,-0.0010955000761896372,-0.0009853903902694583,-7.436913438141346e-05,0.0010264543816447258,0.0005028856103308499,-0.00020142929861322045,-0.00016480339400004596,-0.0012842946453019977,-0.0013249689945951104,0.001960302935913205,-0.00022458401508629322,0.0018762958934530616,-0.002039320534095168,0.0013671715278178453,-0.0005884940619580448,0.0001480846112826839,-0.00012176729796919972,-0.0006857768166810274
dose8k_A_s0,00000.png,-0.0006727742147631943,-0.001481790328398347,0.0013116761110723019,0.0011419628281146288,-0.00037097689346410334,0.0007507288828492165,-0.00031014069099910557,-6.740846856700955e-06,0.0010506648104637861,0.0008181820157915354,-0.0005062802229076624,0.0007400363101623952,0.00031577653135173023,-0.0013359005097299814,-2.134360147465486e-05,0.00042154279071837664,0.00011884452396770939,0.00021259010827634484,0.00039389857556670904,-0.0006390245398506522,0.0002795018081087619,0.0015826422022655606,0.0003880953590851277,0.00010617129009915516,-0.0007002052152529359,0.0007826535729691386,0.0009605060913600028,-0.0005074320361018181,-0.0005589213105849922,-0.0013704041484743357,0.00018886204634327441,0.0005134706734679639,-0.00043751136399805546,0.0011253476841375232,-0.0004550732846837491
dose8k_A_s0,00001.png,-0.0003003059537149966,-0.00018039366113953292,0.00014394181198440492,0.0009816971141844988,0.002065685112029314,-0.0007249037735164165,0.0003348656464368105,-0.0009628803236410022,0.0016848472878336906,-0.0004786126664839685,-0.0005102488794364035,0.0006014231476001441,-0.0007986589334905148,0.0005451978649944067,-6.203259204085043e-07,-0.000541559187695384,0.0007097094203345478,-0.0011099424446001649,0.0005271480185911059,0.00025560925132595,-0.001185246859677136,0.0013103402452543378,0.00039894250221550465,0.0006207500118762255,0.00021236661996226758,-0.0021475176326930523,-0.00025367343914695084,0.0006986241787672043,-0.00014023538096807897,-0.00044909861753694713,0.00023371801944449544,0.0018131828401237726,-0.0011898772791028023,0.0008261620532721281,0.0009529506787657738
dose8k_A_s0,00002.png,3.967755037592724e-05,0.000819289474748075,-0.001979699358344078,-0.001094803330488503,0.001744341105222702,-0.0005800516810268164,0.00037886545760557055,0.0004818244487978518,0.0003374853986315429,0.00028124533127993345,0.0009577726596035063,0.0026579522527754307,-0.0015127913793548942,-0.0004293664824217558,-2.6168741896981373e-05,-0.000554994388949126,9.202357614412904e-05,9.891341505863238e-06,0.0004400256439112127,-0.002172112464904785,-0.0007591022294946015,0.0005470534088090062,0.0013739982387050986,0.0012885944452136755,0.0003891911474056542,-0.0004452215216588229,0.0010759615106508136,-0.0006198970368131995,-0.0017840976361185312,-7.858613389544189e-05,0.000809820310678333,-0.00022166436247061938,0.0008556485990993679,0.0014180211583152413,0.0010832847328856587
dose8k_A_s0,00003.png,-0.00010257223766529933,0.0005329399136826396,0.0005907629965804517,4.2415489588165656e-05,0.0019924589432775974,0.002424562582746148,-0.0001955496845766902,-0.00018645491218194366,-0.00015035878459457308,0.0006866146577522159,-0.0007545516709797084,-0.0002113146911142394,0.0009204670204780996,0.0011230960953980684,-0.0012162795756012201,0.0005191322998143733,0.0009283250547014177,-0.000618145742919296,-0.0012715923367068172,0.00015022963634692132,-0.0006246978300623596,0.0012856037355959415,0.0004961347440257668,-0.0013015869772061706,-0.0008934210636653006,-0.0008892548503354192,-0.0003494671545922756,-0.000995656126178801,-0.0010591046884655952,0.001488303765654564,0.0011971024796366692,-0.0027682159561663866,0.00015113683184608817,-0.0009127006633207202,-0.0018106017960235476
dose8k_A_s0,00004.png,-0.0005079403636045754,3.42174171237275e-05,-0.0005039114621467888,0.0011343997903168201,0.0020313893910497427,-0.0017296532168984413,0.0007181777036748827,-0.0020464241970330477,0.0008190808584913611,0.001139253145083785,-0.0005121903959661722,-0.0007190856849774718,-0.0008562764851376414,0.001299313036724925,0.00019469154358375818,0.00015833773068152368,-6.604046939173713e-05,-0.00015260875807143748,0.0007755675469525158,-0.0009715361520648003,-5.827161294291727e-05,-0.00029028955032117665,0.0019061447819694877,0.000506098207551986,0.0002553779340814799,0.0004506726691033691,-0.0004614154458977282,-0.0010395781137049198,-0.0016918332548812032,-7.163473492255434e-05,0.0015276566846296191,0.0001554586924612522,-0.0020318988244980574,0.0010324203176423907,0.00023082178086042404
dose8k_A_s0,00005.png,-0.0006568068056367338,-0.0006456944975070655,-0.0006218391354195774,0.0032795050647109747,0.003321991069242358,-0.0003169818955939263,0.000703006109688431,-0.00046504553756676614,-0.00015617521421518177,-0.0007199806277640164,0.0006502620526589453,0.0006415022071450949,-0.0024854957591742277,0.0009219945059157908,0.00012838309339713305,-0.0008485176367685199,-0.0012699667131528258,0.0002892447228077799,0.0007054103189148009,0.000620539765805006,-0.0009089900413528085,0.0004454159061424434,0.0013010440161451697,0.0005871575558558106,-0.00031670136377215385,0.00019968603737652302,-0.00020933723135385662,8.868724398780614e-05,-0.002512641716748476,0.0003859359712805599,-0.00013527490955311805,0.0002598437131382525,-7.575323252240196e-05,-0.00039150379598140717,-0.0004549752047751099
dose8k_A_s0,00006.png,-0.0009760808316059411,-0.0006930942181497812,0.0001238683908013627,0.0002736519672907889,0.0005054580979049206,-0.0003131591947749257,-0.0022881675977259874,-4.745048499898985e-05,0.0012328866869211197,-0.0015702183591201901,0.00019696280651260167,-0.0017432053573429585,-0.00041019695345312357,-3.2869764254428446e-05,0.0007411417900584638,-9.056333510670811e-06,0.0004788610094692558,6.390857743099332e-05,-0.0006387162720784545,0.0002055903896689415,-0.00010406989167677239,-0.00020817009499296546,-0.0017947637243196368,0.0003381590358912945,0.0005242211627773941,0.0003985452640336007,0.00045245111687108874,-0.0007020605262368917,0.00044694161624647677,0.0011738373432308435,0.0026655455585569143,-0.0012098989682272077,0.00041468211566098034,-0.00033019736292771995,-0.0003257865901105106
dose8k_A_s0,00007.png,-0.0008634515688754618,-0.0013376137940213084,0.00033462067949585617,0.00011227929644519463,8.433051698375493e-05,0.0003862722951453179,-0.0006081822793930769,0.001498592086136341,0.000888376496732235,-0.0008220354211516678,0.0012300722301006317,-0.000979939941316843,0.0007704111048951745,0.00041811526170931756,-0.0010197615483775735,-0.001586205675266683,0.0006559887551702559,-0.0015584273496642709,0.0007718031411059201,-0.00033075507963076234,-0.0004506956902332604,-0.0005515911034308374,-0.0011873714393004775,0.0008977294783107936,0.0016513090813532472,0.00041377704474143684,-3.5466391636873595e-06,-0.0017521549016237259,0.00041028359555639327,-0.001443573273718357,-0.0005787064437754452,-0.0008468336309306324,0.0017052942421287298,-0.0002531931095290929,-0.0015904308529570699
dose8k_A_s0,00012.png,0.00015628519759047776,0.00033550409716553986,-4.004239599453285e-05,0.0026725311763584614,0.0012190629495307803,0.0013113949680700898,-0.0010145563865080476,-0.0007120189839042723,-0.0024125762283802032,-0.0006911499076522887,-0.00113598199095577,0.0008701546466909349,-0.0006665775435976684,0.0009159499895758927,0.00012727010471280664,0.0010243015130981803,-0.00016404397320002317,-0.00016993073222693056,-0.00011092035128967836,-0.0006265752599574625,-0.00014767656102776527,0.00043808616464957595,0.0008024722337722778,-0.001683278358541429,-0.0008321616915054619,-0.0021710670553147793,0.00048640972818247974,-0.0012008427875116467,0.0009725826093927026,0.0013431310653686523,0.00023346766829490662,0.0007403302006423473,-0.001301701762713492,0.0008428635192103684,0.0009390642517246306
dose8k_A_s0,00013.png,-0.00015103384794201702,0.00037598228664137423,0.00030711101135239005,-0.0006883046589791775,-0.0008104376029223204,0.00022374163381755352,-0.0008908393792808056,0.0009614892187528312,-0.00042530123027972877,0.0007119924994185567,0.0010853735730051994,-0.0005321461940184236,0.0011067547602578998,-0.0008471199544146657,-0.00020666552882175893,-0.0004862149653490633,0.0007135068881325424,2.14068722925731e-06,-0.0005276402807794511,0.0009821633575484157,0.0018672541482374072,0.0002623086329549551,0.0006428321357816458,-0.00026034758775494993,0.0010091235162690282,-0.0003500375314615667,6.590510747628286e-05,0.0007956878980621696,-0.0002863322733901441,0.0002713873400352895,-0.0029911946039646864,0.00051445746794343,-0.0009315409697592258,0.0006543011404573917,-0.0006321721593849361
dose8k_A_s0,00014.png,-6.920532177900895e-05,0.0011761488858610392,0.00013050420966465026,0.0010963731911033392,-0.0008352433214895427,8.918008825276047e-05,-0.0007930210558697581,-0.0002740281051956117,0.0006053551915101707,-0.0006722398684360087,0.00011784625530708581,0.0012117251753807068,0.0016503112856298685,-0.0010566402925178409,-3.068339719902724e-05,-0.0003604391822591424,0.00033728001290000975,0.0003715883649419993,-8.3294311480131e-05,0.000154309076606296,-0.0005410715821199119,0.00061793316854164,0.0006589115946553648,0.0011892589973285794,-0.0006587589741684496,0.00042135195690207183,-0.0008227549260482192,-0.0001439606858184561,0.0018445935565978289,-0.0007706472533755004,-0.0013875983422622085,-0.0015377915697172284,0.0004401040787342936,0.0004250406345818192,0.0014903637347742915
dose8k_A_s0,00015.png,-0.0003086059296038002,0.0011832461459562182,0.0006930853123776615,0.001539785647764802,0.00025488369283266366,-0.00018965458730235696,-0.0005833047907799482,0.00026259387959726155,0.00041538383811712265,1.6052401406341232e-05,0.00016822907491587102,0.0003054160624742508,0.0007086246623657644,-0.0010743484599515796,-0.00025815010303631425,8.974241063697264e-05,-0.0021736728958785534,-0.000730086350813508,0.000545545422937721,0.0012021971633657813,-0.0011460590176284313,0.00017110872431658208,0.0010724823223426938,0.00014237269351724535,3.250096051488072e-05,-0.00023895179037936032,-0.0026926451828330755,-0.0010878037428483367,-0.0006463216850534081,0.0004056631005369127,-0.00019708636682480574,0.0003013741516042501,0.00022254226496443152,0.002654668176546693,-6.577129533980042e-05
dose8k_A_s0,00016.png,0.0023182297591120005,7.895250018918887e-05,-0.001154953264631331,0.0002466798759996891,-0.00034248543670400977,-0.000836120278108865,-3.587551327655092e-05,-0.00010228290921077132,-0.001496842480264604,0.0011336448369547725,0.0017197112319990993,0.0007534330943599343,-0.0008166147163137794,-0.0001656965323491022,9.049515938386321e-05,0.0005030870088376105,0.0006607379182241857,0.0005731551791541278,0.0006349909235723317,-0.0008053971687331796,-0.0007897657342255116,-0.0008374432800337672,0.0009628697298467159,0.0018094918923452497,-0.0003077216097153723,4.728381827590056e-05,-0.0010218190727755427,0.0019441880285739899,-0.0002499510592315346,0.0001941849768627435,0.00016784916806500405,-0.000850253680255264,-5.447775038192049e-05,0.0016962576191872358,-0.0011039837263524532
dose8k_A_s0,00017.png,0.0011015544878318906,-4.3459916923893616e-05,0.0008410419104620814,-0.0005662446492351592,-0.002390461042523384,0.00035238731652498245,0.0014774961164221168,0.0002947396133095026,0.0013136976631358266,0.001210785936564207,-0.0011720883194357157,0.0007293299422599375,0.0011101248674094677,-0.0020429054275155067,0.0013935393653810024,-0.0005390631267800927,0.0020531187765300274,-0.0007639110554009676,4.202659329166636e-05,0.000699121505022049,-0.00031179803772829473,-0.0009576113661751151,-0.0011456344509497285,0.00010832619591383263,0.0011724773794412613,-0.0018163796048611403,-0.0012580757029354572,-0.0002950217458419502,-0.00029059918597340584,-0.000676578376442194,0.00037397726555354893,-0.0011640599695965648,-0.0004074448370374739,0.0007526914123445749,1.104281545849517e-05
dose8k_A_s0,00018.png,0.0007203854620456696,0.0005258166347630322,-0.0006377402460202575,0.0012238906929269433,-0.00014103122521191835,-0.000477608700748533,0.00013269470946397632,-0.0001737964485073462,0.00032703205943107605,-0.0014977303799241781,-0.0007608757587149739,-0.0007857767632231116,-0.001115491148084402,0.00043605180690065026,0.0010002285707741976,0.0008730815025046468,-0.0009049779619090259,0.0006428902852348983,-0.00012473830429371446,-0.0007177297957241535,0.0005679434980265796,-0.0013632547343149781,-0.0004486368561629206,-0.00045630167005583644,0.00016012287233024836,0.0013427921803668141,-0.0003033143584616482,7.90985141065903e-05,-0.0005692965351045132,0.0017111855559051037,-0.0006267307908274233,0.00019783461175393313,0.001279501593671739,-0.0005963668809272349,0.0004776200221385807
dose8k_A_s0,00019.png,-0.0007564774714410305,0.00043436733540147543,-0.002123842015862465,0.0009925274644047022,-0.000876468257047236,0.001074019935913384,0.00028763245791196823,-0.0019220925169065595,0.00010573810141067952,0.0008643011096864939,0.000737857015337795,0.0009621061035431921,0.0006945721688680351,0.0008530026534572244,6.0002355894539505e-05,0.0005281507619656622,2.68028634309303e-05,0.0002838673535734415,0.00018294283654540777,-0.0007595769129693508,-0.0012902222806587815,-0.0009981715120375156,-0.00021136572468094528,-0.00040046803769655526,-0.001553296227939427,-0.000837269879411906,-0.00045396306086331606,0.0015641157515347004,-0.00015586926019750535,-0.0010941748041659594,-0.0011037513613700867,0.0014369708951562643,-0.00020254173432476819,-0.00019447668455541134,-0.0005243858322501183
dose8k_A_s0,00020.png,-0.00018280313815921545,0.00011794894089689478,0.0001791679678717628,0.0006341030821204185,0.00015839067054912448,-0.0006524085765704513,-0.00024499360006302595,-0.0007593925693072379,0.0010024976218119264,-0.0006991249974817038,-0.00016477769531775266,-0.0005086709861643612,0.00017813791055232286,-0.0009344638674519956,0.001773951924405992,-0.0001918374910019338,0.0007368119549937546,-0.001775439246557653,-0.0009588432149030268,-0.0005834709154441953,-0.0019525112584233284,-2.711320121306926e-05,-0.0014724528882652521,-0.0002181518211727962,0.00015833694487810135,-0.0004435348673723638,-0.00027309084543958306,-0.001355969114229083,-2.7318978027324192e-05,-0.0011803113156929612,-0.0013095310423523188,-0.0004062172956764698,0.0012086133938282728,-0.0014093283098191023,-0.0009498464642092586
dose8k_A_s0,00021.png,0.0011924415593966842,0.0004852046549785882,-3.514886702760123e-05,0.0001801105245249346,-0.0005283724167384207,0.0015083398902788758,-9.281675011152402e-05,-0.000314362405333668,0.0008159704157151282,3.6429177271202207e-05,-0.00025588893913663924,-0.00032182311406359076,0.0005771284340880811,0.00041376930312253535,-0.00021084316540509462,-0.0009189632255584002,0.001136413193307817,-5.809728099848144e-05,-0.0009449159842915833,-0.00040221080416813493,0.0002726729435380548,-0.00045700353803113103,0.0011369558051228523,9.96380258584395e-05,-0.0005090099293738604,0.0006424896419048309,-4.217668902128935e-05,0.0004346572677604854,0.001300255535170436,0.0012769419699907303,0.001360011869110167,-0.0005671324906870723,-0.0001286911719944328,0.000697391398716718,-0.00012025833711959422
dose8k_A_s0,00022.png,0.00034938319004140794,0.001533804344944656,-0.0003368297475390136,-0.0007173302583396435,-0.0003588014515116811,-0.0005653920234180987,0.0007617724477313459,0.0010559037327766418,-6.768968887627125e-05,-0.0001671743084443733,-0.0012487159110605717,-0.000845558475703001,-0.0002692823181860149,0.0006357140373438597,-5.525234155356884e-05,0.0010841035982593894,-0.0005751377902925014,0.00024425351875834167,-0.000584964407607913,0.0007023441139608622,-0.0011536243837326765,-0.0011668557999655604,-0.0008774499292485416,7.056292815832421e-05,0.0005780598148703575,0.0008450917666777968,-0.0006576240411959589,0.0007315979455597699,-0.001165255205705762,1.3113681234244723e-06,-0.001204947242513299,0.0003839183191303164,0.00016006633813958615,-0.0013409912353381515,-0.00022318013361655176
dose8k_A_s0,00023.png,-0.0005173920071683824,-0.0010158356744796038,-0.0003100487228948623,0.00012854454689659178,0.00017622696759644896,-0.0005026175058446825,0.0005325531237758696,3.7024496123194695e-05,-0.000994642497971654,0.00036417998489923775,0.0005140998400747776,-0.0012867475161328912,0.00040944386273622513,-0.0009098455193452537,0.0006019509746693075,-0.0004310467920731753,-0.00016528267588000745,-0.0006474385736510158,-0.0017946298466995358,0.0004259158158674836,0.0005983571754768491,0.0008149785571731627,0.0002561268920544535,-0.0011823178501799703,-0.0001714916288619861,0.0006570706609636545,-1.6541594959562644e-05,0.0008169144857674837,-9.64480932452716e-05,-0.00015895043907221407,0.0011001009261235595,-0.0007658275426365435,4.725504550151527e-05,1.6593950931564905e-05,-0.0005240764003247023
dose8k_A_s0,00024.png,-0.00048401657841168344,0.00017346769163850695,-0.0007929663406684995,0.0001526793057564646,-0.0010718199191614985,-0.000319172628223896,-0.00012132121628383175,-0.0008741366327740252,-0.0007539998041465878,-0.00014947382442187518,-6.348964961944148e-05,-0.0006963990163058043,-0.00103353604208678,-0.00043438980355858803,0.00043726409785449505,0.00030198413878679276,0.0006238277419470251,0.0009513694676570594,0.00029361865017563105,-0.0005589952925220132,-0.0023480497766286135,-0.00015234193415381014,0.0009262384846806526,0.0001827731030061841,-0.0008717748569324613,-0.00026536721270531416,0.001549198990687728,0.001350473496131599,0.00011793201701948419,0.000536755018401891,-0.0006471257074736059,0.0010775193804875016,-6.276045314734802e-05,0.0006717884680256248,2.3390839487547055e-05
dose8k_A_s0,00025.png,-7.757890853099525e-05,-0.0004910354618914425,0.0012467877240851521,0.0013123768148943782,-0.0007793806144036353,-0.0010138273937627673,0.0016258530085906386,-0.0010492894798517227,0.0016326159238815308,-0.0011748411925509572,0.0004354091652203351,-0.0010553359752520919,0.0011259925086051226,-0.00024015454982873052,0.0010665260488167405,0.0008594809332862496,-0.0018310362938791513,-0.001070796512067318,-0.00022181720123626292,-0.0009792736964300275,-0.0016688468167558312,-0.0005711925332434475,-0.00028009750531055033,0.00033761237864382565,0.0012934942496940494,0.0023946899455040693,0.000447712664026767,-0.0013125300174579024,0.0005239662132225931,-0.0008794594905339181,0.0001836466690292582,0.0014087759191170335,-0.0011868757428601384,0.0015745371347293258,-0.0013158224755898118
dose8k_A_s0,00026.png,-0.001871299697086215,-0.0017150896601378918,-0.0017908868612721562,0.0013397062430158257,-0.0009045390179380774,-0.0008546058088541031,0.00040784612065181136,-0.0023870980367064476,0.0015155948931351304,-0.0005618805880658329,0.0009422439616173506,0.0004994056653231382,-0.0015707004349678755,0.001361772185191512,-0.0006637547630816698,0.0007909683044999838,-0.00011804109090007842,-0.001152886776253581,-0.00017772660066839308,0.0011860036756843328,-0.0006513239350169897,-0.0010632426710799336,4.118216020287946e-05,0.001378457061946392,0.0005283484933897853,0.0005219972808845341,-0.00017054883937817067,-6.667438810836757e-06,0.0003757611848413944,0.00041217985562980175,-0.0008310317643918097,0.000586450332775712,-0.001536550116725266,0.0012605428928509355,0.0006033873651176691
dose8k_A_s0,00027.png,-0.0006448787171393633,-8.096960664261132e-05,0.001278152223676443,0.0016284575685858727,0.0009641805081628263,-0.00041843295912258327,5.550682180910371e-05,-0.00012461782898753881,-0.0009709630394354463,-0.00093064148677513,-0.0008338041952811182,-0.0017352865543216467,0.0002620202722027898,0.000516269588842988,0.0004645925364457071,-0.00088875787332654,-0.0006041282904334366,0.001957016997039318,0.0006076255231164396,-6.544446659972891e-05,-0.0005488368915393949,-0.000923474901355803,0.0011294640135020018,6.556470907526091e-05,0.0001386486110277474,8.457659714622423e-05,-0.0008975322125479579,0.001375432126224041,0.0003623455122578889,0.0007193382480181754,2.1946510969428346e-05,0.00029200746212154627,0.0013374157715588808,0.0010010674595832825,0.00032049749279394746
dose8k_A_s0,00028.png,-0.0004824365605600178,-0.001850498141720891,-0.0010562916286289692,0.001458140672184527,0.0014450475573539734,0.00011174051905982196,0.0002666523214429617,-0.0005103565054014325,0.0007308797212317586,0.00012158246681792662,0.0017036281060427427,-0.00029409455601125956,-0.0006314577185548842,-0.0008185001788660884,6.231213046703488e-05,-0.0001885765086626634,-0.0008406488923355937,-0.0003280936216469854,-0.001798959099687636,0.0019374142866581678,-0.0004811951075680554,-0.0004147943982388824,0.0006466021295636892,-0.000869138864800334,0.0006765854777768254,0.0010954913450405002,0.0003224859538022429,0.0001182078558485955,-0.0006565001676790416,-0.002056075958535075,0.0005928935133852065,-0.00016758835408836603,0.0003352542989887297,0.0007960856310091913,-0.0007530521834269166
dose8k_A_s0,00029.png,0.0014565220335498452,0.002332434058189392,0.00016054064326453954,0.0007937531336210668,-0.0008838280919007957,-0.00017316250887233764,0.0009281145757995546,-0.00010112001473316923,-0.0006750389002263546,-0.0008375045144930482,-3.460606239968911e-05,0.0002979175478685647,-0.00041783947381190956,0.0011953733628615737,-0.0024763501714915037,-9.47782609728165e-05,-0.0003081780450884253,-0.0008632280514575541,-0.0012850402854382992,-0.0004690460627898574,0.00028016898431815207,-0.0009850905044004321,0.00012527492071967572,-0.0010173245100304484,0.00032344707869924605,0.0011162406299263239,-0.00026905190316028893,-1.2715914635919034e-05,-0.00018433707009535283,1.5107375475054141e-05,-0.00045623068581335247,0.0010906574316322803,0.0011854592012241483,0.00033428717870265245,0.001809059758670628
dose8k_A_s0,00030.png,6.388952169800177e-05,-0.00039940301212482154,-3.711773024406284e-05,6.325829599518329e-05,-0.0014047088334336877,-0.0004215035296510905,0.00025016520521603525,-0.0009409281192347407,-0.0012384431902319193,0.0007133865728974342,0.0012893250677734613,-0.0009518364095129073,-0.000353093579178676,-5.5537715525133535e-05,-0.0008877874352037907,0.002291484735906124,-0.0002794044266920537,-0.00013619505625683814,-0.00022535845346283168,-0.0011418600333854556,-0.000646643282379955,0.0010228639002889395,-0.0005954226362518966,-0.0008059421088546515,0.0012706784764304757,4.315260230214335e-05,-0.0012670514406636357,-0.0007037735776975751,-0.0006141782505437732,0.00012007063924102113,0.0003554585564415902,0.0010341410525143147,0.00039966418989934027,0.0017152177169919014,-0.0008489296888001263
dose8k_A_s0,00031.png,-0.0007747884374111891,-0.00020308037346694618,-0.0013715323293581605,0.00154311943333596,0.0009908510837703943,0.0010616391664370894,0.000575310259591788,0.0009456997504457831,0.0008762996876612306,0.0002568996569607407,-0.0001197237434098497,4.382476254249923e-05,-0.0002106695610564202,-0.0016265237936750054,-0.001076000859029591,-0.00018763972911983728,0.0005690160905942321,-0.0001166730435215868,-0.0004946360713802278,0.0002826624840963632,-0.0008284860523417592,0.0003581734490580857,0.00010755682160379365,0.0007911925786174834,-0.0009194057201966643,0.002218719106167555,0.00038562624831683934,9.426064025319647e-06,0.0008513218490406871,-0.0007891326094977558,0.0008947406895458698,0.0012520136078819633,-0.0003723991976585239,0.00029988426831550896,-0.00027979110018350184
dose8k_A_s0,00044.png,-0.0012671893928200006,-0.0023538691457360983,0.0006518016452901065,0.0007357840077020228,0.0004689800553023815,0.00318765826523304,0.00025941699277609587,0.0010931926080957055,0.001136995735578239,-0.0007453259895555675,-0.0015010301722213626,-0.0016997313359752297,0.00020515952201094478,0.001263648853637278,-0.0016759805148467422,-7.215654477477074e-05,0.0008415654883719981,0.0006105374195612967,0.0007796601275913417,0.0010394606506451964,-0.0007720327121205628,-0.0017998948460444808,0.0009244813700206578,-0.00022916383750271052,-0.00029029519646428525,-0.0009580248733982444,0.0003752750635612756,0.0008095473749563098,-0.0014805501559749246,0.0004165989230386913,-0.0007629684405401349,-0.00043683673720806837,-0.0013386940117925406,0.0022596002090722322,-8.682406041771173e-05
dose8k_A_s0,00045.png,0.00013434306310955435,0.00013068843691144139,-0.0007090175640769303,-0.00259551708586514,-0.0008407360292039812,0.0007191981421783566,0.0007322045275941491,-0.0010907539399340749,0.0005634414264932275,-8.029805030673742e-05,-0.0010092773009091616,0.001092691090889275,-0.0005132765509188175,0.0002211819082731381,-0.001499087898992002,-0.0015765591524541378,-0.0019954454619437456,-0.0003193873562850058,0.0005666278302669525,-4.480083589442074e-05,-0.0006470392690971494,-0.0012771644396707416,-0.00043388191261328757,0.0003695748164318502,0.0008254402200691402,-0.0008180426084436476,-0.0008961031562648714,-0.0014094581129029393,0.00034022211912088096,0.0002444222045596689,-0.00035025645047426224,9.957495785783976e-05,-0.00010809102968778461,-3.3951841032831e-05,-0.000778383924625814
dose8k_A_s0,00046.png,-0.0013916308525949717,-0.0018077290151268244,0.0013130787992849946,-1.904699092847295e-05,0.0016912699211388826,0.0005087508470751345,0.00021189753897488117,-0.0004908904666081071,7.73896390455775e-05,0.0006873648380860686,0.000715358299203217,0.0007306438055820763,0.0005599107826128602,0.00067715352633968,-0.0007066253456287086,0.0006093736155889928,0.0010535384062677622,0.0014619907597079873,2.6272584364051e-05,-0.00048035019426606596,-0.00011774646554840729,-0.0003666797711048275,0.00043428275967016816,-0.0011862703831866384,0.00017471624596510082,-0.00015356569201685488,-0.0004693424270953983,0.0007591265602968633,-0.00011585099127842113,0.002031929325312376,0.00028450824902392924,-0.002249813638627529,-0.00026523752603679895,-5.3770494560012594e-05,-0.0003370623162481934
dose8k_A_s0,00047.png,8.76193298608996e-05,0.0007337526767514646,5.5893186072353274e-05,0.00019693138892762363,-0.0009331962210126221,0.0008290818077512085,0.00010439920151839033,0.0008209688821807504,9.947813668986782e-05,3.711803583428264e-05,-0.0016930443234741688,-0.0010086881229653955,-0.0018950456287711859,-0.0004604685236699879,0.0010384293273091316,-0.0020232158713042736,0.000786357035394758,-6.778319220757112e-05,0.002043670043349266,-0.00031009005033411086,-0.0004897486651316285,-5.824104300700128e-05,-0.00047959876246750355,0.0005677467561326921,0.00036250054836273193,0.001174671109765768,0.0009722390095703304,0.00041455458267591894,0.000285843329038471,-0.0002168054779758677,-5.7239427405875176e-05,0.00019459101895336062,0.00104400550480932,0.001427477807737887,-0.0002473358472343534
dose8k_A_s0,00032.png,7.416780135827139e-05,4.620890103979036e-05,-0.0005195250851102173,0.0013097644550725818,-0.0001874315639724955,0.0019137256313115358,-0.0003355821827426553,-0.0019495382439345121,-6.229056452866644e-05,-0.0013974151806905866,0.00017741518968250602,0.0012918863212689757,-0.00047500847722403705,0.0006372934440150857,-0.0012190506095066667,0.00040777199319563806,0.0005577620468102396,0.00019829750817734748,-0.001497899298556149,-0.0007413200801238418,-0.0008751372224651277,0.00011185916082467884,0.0002864395210053772,-0.00036767966230399907,0.0012276072520762682,0.0006653104210272431,0.0002497386303730309,0.00024340096570085734,-0.0013135141925886273,-0.0010360906599089503,-7.591221219627187e-05,0.0006595075246877968,0.0010532389860600233,0.0006534416461363435,-2.71851422439795e-06
dose8k_A_s0,00033.png,1.9167688151355833e-05,0.0005097525427117944,-0.0005879257223568857,-0.0007453903672285378,-0.002429395914077759,-9.566546214045957e-05,-0.0013749169884249568,-0.0003954706771764904,0.0007231346098706126,-0.0008179596625268459,6.453812966356054e-05,1.5469178833882324e-05,0.00047932169400155544,0.00038798287278041244,-0.0008940156549215317,0.000817934051156044,0.0011458308435976505,-0.0014034509658813477,0.001660203211940825,-0.0005891092587262392,-0.0002675152209121734,-0.000190681719686836,0.0005207229405641556,0.0009757199441082776,-0.00015434989472851157,-0.0006141067133285105,0.0004303641617298126,0.0005218836013227701,-0.0010955424513667822,-0.001548663480207324,-0.0010190090397372842,0.0005436160136014223,-0.0013045268133282661,-0.0009415386593900621,2.325977766304277e-05
dose8k_A_s0,00034.png,0.001467913156375289,0.0016536765033379197,-0.0001801093458198011,0.0019284201553091407,0.001241703750565648,-0.00027099548606202006,0.000850241573061794,0.00043497548904269934,-0.0002424402628093958,0.0006333222263492644,0.0010262536816298962,4.757083297590725e-05,-0.0005260826437734067,-0.0015286961570382118,-0.002000129781663418,-0.00012944891932420433,0.0014625299954786897,-0.0004055877507198602,-0.0005579806747846305,-7.092444866430014e-05,-0.001596927409991622,-0.0011942374985665083,-0.0004170241882093251,-0.0006805728771723807,0.0009149780380539596,-0.00018044184253085405,-0.00010563211253611371,0.0012190500274300575,-0.0015091040404513478,-0.002542407251894474,0.00020884897094219923,0.00030961635638959706,-0.0006503646145574749,0.0011021776590496302,-0.0011520226253196597
dose8k_A_s0,00035.png,-1.0603535884001758e-05,0.0010109362192451954,-0.0010091742733493447,0.0001252290967386216,0.0016439794562757015,0.0003466758062131703,-0.0012121063191443682,-0.0003759683750104159,5.104532465338707e-05,0.0003497227735351771,-0.0010976820485666394,0.0005719172186218202,-4.563892798614688e-05,0.0002785928372759372,0.0010575680062174797,-0.00029532890766859055,-0.0004507252015173435,-0.0006300500244833529,-0.0017809985438361764,-0.0009595517185516655,-0.00044482885277830064,-0.0014014918124303222,-0.0013184120180085301,0.0002817725180648267,0.002175051486119628,0.0007705106982029974,-0.0001380451285513118,1.2365553629933856e-06,0.0002647859510034323,-0.000792220002040267,0.001135086640715599,0.00046697957441210747,0.0015155569417402148,0.0005585192120634019,-0.0005304627120494843
dose8k_A_s0,00036.png,-0.00045030805631540716,0.000506435171701014,-0.0007664439617656171,0.00039674679283052683,-0.0006915893172845244,0.000318135047564283,0.00044846796663478017,-0.0001982393441721797,-9.906709601636976e-05,-0.0009111140971072018,-8.171962690539658e-06,-0.0007430512923747301,0.0007214952493086457,-0.000479267502669245,-0.0007577513461001217,-0.001380798639729619,-0.0010215055663138628,0.001378188724629581,1.1447111319284886e-05,0.0018993994453921914,-0.001173507422208786,-0.0008428080473095179,0.001568694831803441,0.002241803565993905,-0.001968290889635682,0.0005954110529273748,-0.0019433846464380622,0.0011769137345254421,0.0008659620070829988,0.0020128621254116297,-0.00014624842151533812,0.0017494431231170893,0.0005268004024401307,-9.85749557003146e-06,-0.001280606840737164
dose8k_A_s0,00037.png,-0.0018289538566023111,-0.0034761729184538126,-0.00162874860689044,-0.00012724439147859812,-0.0005760191124863923,0.0009896302362903953,0.0003914489643648267,-0.0005751352291554213,0.00036104675382375717,-0.0016967103583738208,-0.0004981681704521179,-0.0007781205349601805,-0.0001453420118195936,7.00737364240922e-05,0.0003103136841673404,-0.0005367210251279175,-0.0011831073788926005,-0.0012086412170901895,0.0006462035817094147,0.0005515359225682914,6.108761590439826e-05,0.0009767538867890835,0.0009096579160541296,-0.00015745694690849632,0.0015114403795450926,-0.0008218930452130735,-0.0006815687520429492,0.00024974255939014256,0.0008965780725702643,-0.0003708499134518206,-0.00047393751447089016,0.0012425268068909645,0.00031171689624898136,-0.0005169776850380003,0.00029065506532788277
dose8k_A_s0,00038.png,-0.0009057535789906979,-0.0028081340715289116,-0.0015638387994840741,0.0002534952946007252,0.0008574374369345605,0.00012777099618688226,-0.0009946884820237756,0.0008271900587715209,0.0012742005055770278,0.0017387536354362965,-0.0011537820100784302,-0.0016068278346210718,0.0005907720187678933,0.0008095771772786975,-0.0005540635320357978,-9.887242049444467e-05,-3.7905151657469105e-06,-0.0022602039389312267,-0.0002495506778359413,0.0009287986904382706,0.0005456700455397367,-0.0014097352977842093,-0.0002808168064802885,0.0010213201167061925,2.832972086252994e-06,0.0011521497508510947,-0.0006302761612460017,0.0008128203917294741,0.00016464937652926892,-1.5062063539517112e-05,0.00019679885008372366,0.0013687059981748462,-0.00018996500875800848,0.00031466790824197233,-0.0008938757819123566
dose8k_A_s0,00039.png,0.0008116939570754766,0.001138147315941751,-5.411305028246716e-05,0.0014516841620206833,0.0005715396837331355,0.000716715061571449,-0.0005102225695736706,3.0932733352528885e-05,0.00024353813205379993,-9.488191608397756e-06,0.002935531549155712,0.0008924088906496763,-0.0002364076062804088,-2.0648618374252692e-05,-0.0001720860309433192,0.00048534254892729223,0.0009944161865860224,-0.0010635209036991,0.0004032289725728333,-0.0022997274063527584,0.0001323940814472735,-0.0008677153382450342,-0.0004825426440220326,0.00010548938007559627,0.0007424019859172404,0.0010466303210705519,-0.0007641349220648408,-0.0004066574911121279,-0.0005999787827022374,-0.0001874255685834214,0.0011495932703837752,0.00034361635334789753,0.0009438616689294577,-8.987919136416167e-05,-0.0009599206387065351
dose8k_A_s0,00040.png,0.0005166545743122697,0.0015322348335757852,-6.737418152624741e-05,0.00020478047372307628,0.0016129633877426386,-0.00013272807700559497,0.00037225891719572246,0.0002551398065406829,-0.00018835827358998358,-6.491840031230822e-05,0.0008412180468440056,0.00046400766586884856,0.0008066992741078138,0.00027593219419941306,0.0007948481943458319,-0.0008624591282568872,-0.0017981153214350343,-0.00012863399751950055,-0.0013310601934790611,-0.0003769280156120658,-0.00027410799521021545,-8.203033939935267e-05,-0.0005510022747330368,-0.0021811125334352255,0.0018824650906026363,0.0010816449066624045,0.00019028624228667468,-6.764355930499732e-05,-0.0007860845071263611,0.0012882708106189966,-0.0005659345770254731,0.0003001475997734815,5.970944584987592e-06,-0.001293211942538619,-4.296189217711799e-05
dose8k_A_s0,00041.png,0.0002689977700356394,0.0005766210961155593,-0.001303148572333157,-0.0007780534215271473,-0.0003507514193188399,-0.0007420289912261069,-0.00068261957494542,0.001532881986349821,-0.0014574023662135005,-0.003926416859030724,0.001101616071537137,-0.0011981731513515115,-0.00032523550908081234,0.0010454229777678847,0.0006623286171816289,7.290014764294028e-05,0.0014603006420657039,0.0002168341598007828,-0.0004824675270356238,-0.0007772090029902756,0.001615914050489664,-0.0006945914938114583,-0.0010213444475084543,-0.00040089525282382965,0.0012688079150393605,-0.001103610498830676,0.001368648954667151,-0.00017256855790037662,-0.0009848923655226827,-0.0002672429254744202,-0.0002905799774453044,-0.0009708486613817513,-0.00012471468653529882,-0.0001367720979033038,-0.0007466895622201264
dose8k_A_s0,00042.png,0.00036631294642575085,-0.0012763330014422536,-0.0009640131611377001,0.0014153573429211974,0.0002471941406838596,0.0006400463171303272,0.0004626844893209636,0.00020554747607093304,-3.87697946280241e-06,-0.0005570037174038589,-0.0003440302098169923,-0.00010465022933203727,-0.0018702388042584062,-0.000290951895294711,0.00017473558546043932,0.00028073388966731727,-0.0008862892864271998,0.00013822010078001767,0.0008488714229315519,0.001743022003211081,-0.0011735893785953522,0.000355360476532951,-0.0015106897335499525,0.0014086284209042788,0.0001118325162678957,0.000947406399063766,-0.0005843607941642404,-0.0013348257634788752,0.0006696247728541493,-0.0009056852431967854,0.00059980753576383,0.0009184540249407291,0.0006341853877529502,0.0002763106022030115,0.0006484328187070787
dose8k_A_s0,00043.png,-0.0006920187151990831,-0.0006552270497195423,-3.625113458838314e-05,0.00046323827700689435,-0.00025769395870156586,-0.0012328174198046327,0.0006207445403560996,-0.0007901748758740723,-0.0004615960060618818,0.0013424624921754003,0.0008790111751295626,0.0013676058733835816,-0.0005713910795748234,-0.00014030047168489546,0.00014554955123458058,0.00019253201026003808,-0.00034969818079844117,0.0016404618509113789,0.0011127847246825695,0.0002548032789491117,0.0007929427083581686,-0.001634666696190834,0.001488181995227933,0.00022439648455474526,0.0005253261770121753,-0.00030086166225373745,-0.00025975561584345996,0.0010201741242781281,0.0008018472581170499,0.0013727385085076094,0.0005517793470062315,0.0006825802265666425,9.776921069715172e-05,0.0018199930200353265,0.0007625700673088431
dose8k_A_s0,00048.png,0.000802559545263648,-0.0009056981652975082,-9.949157538358122e-05,0.00028895787545479834,-0.00025802067830227315,-5.400670852395706e-05,-0.0007226743036881089,-0.0005028343293815851,0.0009013453382067382,0.0012919064611196518,0.0010816846042871475,-0.0014260179596021771,-0.0008456914220005274,0.00012479159340728074,0.0012536854483187199,-0.0010104177054017782,0.00010064438538393006,-0.00017042443505488336,-0.0004814711573999375,0.000800316920503974,-0.0002386066480539739,-0.0020138712134212255,0.0003073754778597504,0.0016067343531176448,-0.002280185930430889,-0.0007459595799446106,-0.0010976161574944854,-0.001296327100135386,-4.06654980906751e-05,-0.000371021858882159,-5.836323180119507e-05,-0.0006005375180393457,-0.0009058372233994305,-0.0011632986133918166,-0.0010248201433569193
dose8k_A_s0,00049.png,-0.00036725387326441705,0.0008907623123377562,0.0006950878887437284,-0.0008311678539030254,-0.0007674104417674243,-0.0005977502441965044,0.0005775084136985242,-0.0005572309019044042,2.96669386443682e-05,-0.0005994058446958661,-0.0002940300910267979,0.0018372753402218223,0.0016944027738645673,-0.0017387864645570517,0.00013193173799663782,-0.0014462783001363277,-0.0005765969399362803,-0.0006716329953633249,0.0004469685081858188,-0.0007168503361754119,-4.6407927584368736e-05,-0.0003378146793693304,0.0011253389529883862,0.0003946528013329953,0.0001487264089519158,0.002055397955700755,-0.0004617276426870376,-0.001032289699651301,-0.0013967842096462846,-8.393947064178064e-05,-0.0012663584202528,0.0007773424149490893,0.0005039058742113411,0.00021126461797393858,0.00031923159258440137
dose8k_A_s0,00050.png,-0.00033157068537548184,0.000542806985322386,0.0003052866377402097,0.0014926573494449258,-0.0006567045347765088,0.000606171612162143,4.423079371917993e-05,0.0002763944794423878,-0.0004291198856662959,-0.00024549340014345944,0.0009582501370459795,5.271427653497085e-05,0.00026090280152857304,0.000811261183116585,-0.0008486274164170027,0.00239123054780066,-0.00017370206478517503,0.0002441570977680385,-0.001082796254195273,0.0006029395153746009,-5.17510598001536e-05,-0.000507328484673053,-0.0006461396114900708,0.00030263367807492614,-0.0011692576808854938,0.00174771249294281,-0.0007288128254003823,0.0008776742615737021,-0.0008166342740878463,0.0019642459228634834,0.0007163623813539743,0.00018585029465612024,2.8071170163457282e-05,-0.0007354083936661482,-0.0005318572511896491
dose8k_A_s0,00051.png,-0.0013158679939806461,-0.0012363712303340435,-0.0002780467621050775,-0.000598861020989716,-0.0013875028816983104,-0.0005160951986908913,-0.0006994659197516739,-0.0018587387166917324,-9.16522549232468e-05,7.685119635425508e-05,9.039585711434484e-05,4.702307705883868e-05,3.772792115341872e-05,-0.0004080042417626828,-0.0007925236714072526,0.0005291407578624785,9.377180685987696e-05,-0.00054442003602162,0.0014289750251919031,0.0015914423856884241,0.0007769517251290381,1.111012534238398e-05,-0.0008187859784811735,8.256122237071395e-05,-0.0014188105706125498,-0.0009016763651743531,0.0007511799922212958,-0.0001276373805012554,-6.25370375928469e-05,-9.81972407316789e-05,0.0008400374790653586,0.00020742685592267662,-0.00025787155027501285,0.00014966476010158658,-0.0016396050341427326
dose8k_A_s0,00052.png,0.0002794232277665287,-0.00023625291942153126,-4.10557804570999e-05,-0.0013531121658161283,0.0009445237228646874,0.0001834595313994214,0.0023091076873242855,-5.6110925470420625e-06,-0.001930582569912076,0.00041811095434240997,-0.001378637389279902,0.0017077726079151034,-0.001322676776908338,0.0007184493006207049,0.00017965295410249382,-0.00031319455592893064,-0.0015334261115640402,-0.0005552895017899573,-0.00115943793207407,-0.0006888337666168809,0.00041959635564126074,0.0013973322929814458,-0.00027318240609019995,-0.0001442815555492416,0.0015461082803085446,-0.00046793711953796446,0.0009154633153229952,0.0010474980808794498,-0.0032734537962824106,-0.0006254755426198244,-0.0009180145571008325,0.00024168963136617094,-0.0005972611252218485,0.0003904645564034581,-0.000624781649094075
dose8k_A_s0,00053.png,-0.0007697749533690512,-0.001091343117877841,-0.001927517936564982,0.0013953355373814702,0.00014255434507504106,-0.0006283264374360442,-0.0012075828853994608,-0.0005461651599034667,-0.0015923823229968548,0.0005074719083495438,0.00020117773965466768,-0.0006587939569726586,0.0018520406447350979,-0.0007421026821248233,0.00043599866330623627,-0.0011443889234215021,-0.00026104465359821916,-0.0006893965182825923,-0.0007283906452357769,0.0005889061139896512,-0.0010470770066604018,-0.0016662291018292308,-0.0004883624496869743,-0.00098206358961761,0.0009086176287382841,0.0005745907546952367,0.0005636022542603314,0.000883900502230972,0.0004349293012637645,-0.0014056040672585368,-0.00013417712762020528,0.0003793075156863779,-0.0004910663119517267,0.0012503525940701365,-0.0003888902720063925
dose8k_A_s0,00054.png,0.00029823603108525276,0.00022805595654062927,-0.0004041200445499271,-0.0010612545302137733,0.001157446880824864,-0.0009966845391318202,0.0012439168058335781,0.0010372952092438936,-0.0007265217136591673,-0.0006256223423406482,-0.0009739583474583924,-0.0005178921855986118,-0.0015483553288504481,-0.0008099398692138493,-0.0011747442185878754,-0.000343206716934219,0.0004122625105082989,0.0003932992403861135,0.0003142869099974632,-0.0011332917492836714,5.675874854205176e-05,0.0003722473047673702,0.00018250492576044053,0.000795879343058914,-0.00024685359676368535,-0.00030132924439385533,-0.0006721818936057389,-0.0014214447000995278,-0.0012450447538867593,-0.0008115888922475278,0.000784875825047493,4.804289710591547e-05,0.00017250824021175504,0.0009386127348989248,-0.0005457277875393629
dose8k_A_s0,00055.png,-0.0007671350031159818,-0.00021415528317447752,-0.00041312366374768317,0.0014231192180886865,0.001125926966778934,-0.0002965696912724525,0.00015037191042210907,-0.0004162475815974176,-0.000883332104422152,0.0016772308154031634,-0.00015721343515906483,0.00019814381084870547,-0.00010281237337039784,-0.00022204894048627466,-0.00028139245114289224,-0.0013739514397457242,0.0007501685759052634,-5.341092673916137e-06,0.00022996784537099302,0.0002452454646117985,-0.0015307003632187843,-0.00017855521582532674,-0.0004887614049948752,-0.001859838142991066,0.000803102389909327,0.0009932608809322119,0.0012184585211798549,-0.00020489486632868648,0.0008152449736371636,0.001786738634109497,4.630163311958313e-05,-2.7690717615769245e-05,-0.0008894664351828396,0.0016133758472278714,-0.0003990850818809122
dose8k_A_s0,00068.png,-0.0012691329466179013,-0.0019070004345849156,-0.0008344743982888758,0.0016013024142012,-0.00017789936100598425,-0.0017626930493861437,0.000307942129438743,-0.0005178014980629086,-0.0001425007649231702,-4.5540054998127744e-05,-0.0001728416100377217,-0.0003483039326965809,0.0001667824835749343,-5.7619177823653445e-05,-0.0003306151193100959,0.000815601262729615,-0.00043616979382932186,-0.000504811352584511,-0.0008594107930548489,0.0010502684162929654,-0.0010800124146044254,-0.00028083351207897067,0.00011556068056961522,-0.00017098560056183487,-0.002240631030872464,0.00042869249591603875,-1.50296364154201e-05,-0.0007377169677056372,-0.0015440537827089429,-0.00038357204175554216,-0.000824439455755055,0.0006368316826410592,0.0002818586362991482,-0.00019804298062808812,0.0010297858389094472
dose8k_A_s0,00069.png,0.001083620823919773,0.001274759299121797,0.00044366790098138154,-0.00014625316543970257,-0.003499845741316676,0.0006744056008756161,0.0005340605857782066,-0.00175382848829031,0.0016091323923319578,-0.0004894029698334634,-0.0006232056766748428,0.00018009352788794786,-0.00044144754065200686,0.000541763729415834,0.00020190412760712206,-0.00010119696526089683,-0.0007220997358672321,1.3814118574373424e-05,-0.00026197388069704175,0.0003286240971647203,-0.00012014474486932158,0.0023339081089943647,0.00023190121282823384,-0.0004313160025049001,0.0009699387010186911,0.0001685501483734697,0.0011023763800039887,-0.0003847831685561687,0.0006128097302280366,0.0002749718842096627,-0.0010845130309462547,0.0003906616475433111,0.0002762691583484411,0.0010879677720367908,0.0013721502618864179
dose8k_A_s0,00070.png,0.0005959399859420955,0.0013110826257616282,-0.0003218481142539531,-0.0032986633013933897,-0.0011059015523642302,-0.0003517174336593598,-0.00018817046657204628,0.0004178312956355512,0.00043408729834482074,-0.00039894357905723155,-0.00010427506640553474,-0.001416181679815054,0.0018732615280896425,-0.00017584061424713582,0.000758585287258029,-0.00043044390622526407,0.0006521324976347387,-0.00047439790796488523,-0.0015561655163764954,0.00046571411076001823,0.0004604100831784308,0.00012752685870509595,-0.0012498825090005994,0.0003821382124442607,-0.0001231010683113709,0.0001982354442588985,0.00010874120926018804,0.0018617628375068307,8.799038914730772e-05,0.00027948824572376907,-0.00033647974487394094,0.0006851531798020005,0.00045106749166734517,0.0011327246902510524,-0.001205467153340578
dose8k_A_s0,00071.png,-0.00034152003354392946,-0.0012093739351257682,0.00022520871425513178,0.0009402137948200107,0.0011443578405305743,0.00040248301229439676,0.0009349890169687569,-0.0008229675004258752,-0.0005356317851692438,-0.00022015225840732455,0.00016334361862391233,0.0009284988045692444,-0.0010732955997809768,0.0005179547588340938,3.5077991924481466e-05,0.001057261135429144,0.0016124752582982183,0.0009875178802758455,-0.0003756722726393491,-0.0012275392655283213,-0.0004264297604095191,-0.0013274378143250942,-0.0010395835852250457,0.0008000339148566127,0.0011829411378130317,0.0001082376329577528,0.0003114296414423734,-0.00043954167631454766,-0.001011813641525805,-0.0007493682787753642,0.00012863216397818178,-0.0010693041840568185,0.00015293664182536304,-0.0005221901228651404,0.0016704489244148135
dose8k_A_s0,00056.png,-0.0012170826084911823,0.00030084114405326545,0.0004407135129440576,-0.0012606835225597024,2.161768134101294e-05,-0.000145763682667166,0.0006113235140219331,5.283302016323432e-05,-0.0004041369538754225,-0.0002229767560493201,-0.0017654699040576816,0.00022486290254164487,-0.0004949719877913594,-0.0002654282143339515,-0.0009537120349705219,-0.0006195026217028499,0.0006565818330273032,0.0007231082418002188,-0.0005683938506990671,-0.0014399266801774502,-0.0008079914841800928,-0.001908187405206263,-0.001647238153964281,-0.0007700826390646398,0.00017616739205550402,-0.001472401199862361,-0.001072416198439896,-0.0008775501628406346,0.001329960534349084,0.0003693820326589048,0.0011414405889809132,0.001280852360650897,0.001280117896385491,-0.002040874445810914,-0.0004968715365976095
dose8k_A_s0,00057.png,0.0004154914931859821,0.0012465995969250798,0.0005535289528779685,0.0005449529853649437,-0.00023056035570334643,0.0011556396493688226,0.0011103884316980839,-0.0014905263669788837,0.0014071209589019418,-0.000924818916246295,-0.00043253321200609207,-0.00011321608326397836,-0.0005188410868868232,0.0006313808844424784,0.0005686121294274926,7.226302841445431e-05,-0.0002899005194194615,0.0008003406692296267,0.0003519124584272504,-0.0003539384051691741,0.0008826280827634037,-0.00022727205941919237,8.47013943712227e-05,-0.0008934385841712356,-0.00022175164485815912,-0.00036978491698391736,0.0018216210883110762,0.0010750803630799055,0.0010442814091220498,0.0005161847220733762,-9.43150298553519e-05,-0.0015528850490227342,-0.0004917365731671453,-0.0007851168629713356,-0.00012468091154005378
dose8k_A_s0,00058.png,-0.0008609347278252244,-0.000986528117209673,-0.0010875603184103966,-8.928153692977503e-05,-0.0011778270127251744,-0.0014385577524080873,0.00029934351914562285,0.0009124149801209569,-0.0006915064877830446,-0.00027593623963184655,0.00011334048031130806,0.00015143136261031032,-0.00025698798708617687,-0.0006385647575370967,-0.0008154772222042084,-0.002063532592728734,0.00048382487148046494,0.0002414019691059366,0.00040133052971214056,2.946900531242136e-05,0.0007779927109368145,-0.00035112324985675514,-0.00028835778357461095,0.0011599924182519317,0.00029206176986917853,-0.00011658087896648794,3.704733899212442e-05,0.0007212373311631382,-0.0005362616502679884,-0.00021053184173069894,-0.00047903964878059924,0.00024120316084008664,0.0005791722796857357,0.0005565817700698972,-0.0008977475226856768
dose8k_A_s0,00059.png,-0.000610172632150352,0.0009381345007568598,0.000437946553574875,-0.001346380333416164,-0.000740296090953052,-0.001271150424145162,-0.000256997998803854,0.00015624424850102514,0.0014043435221537948,-0.0001597589289303869,0.0016392379766330123,0.0001302040764130652,-0.00035648266202770174,-0.0011887353612110019,-0.0008290528203360736,0.001174155273474753,0.0005430225864984095,0.0001278632989851758,-0.00033477693796157837,-0.0008090885821729898,0.0013815120328217745,-0.0006481052259914577,0.0011297627352178097,0.00012351891200523823,0.00028287916211411357,-0.00017647029017098248,-0.0006733887130394578,-0.0005885055288672447,-0.0009435190004296601,0.0007414015126414597,-0.0010615703649818897,-0.0008866881835274398,0.0014781876234337687,0.0007594159687869251,-0.0008609899668954313
dose8k_A_s0,00060.png,0.0005461732507683337,0.0005181163433007896,-0.0004442892095539719,-0.0013391929678618908,0.0007148654549382627,0.00022328420891426504,0.00034642001264728606,0.0008736817399039865,0.0019478475442156196,8.99364567885641e-06,-0.0001886668906081468,0.00016083895752672106,-0.0012569818645715714,0.001290626241825521,-0.0009255650220438838,-0.0007798434235155582,0.0016572766471654177,0.002803599927574396,0.0004091194423381239,-0.0015511357923969626,-0.0007916100439615548,0.00037473966949619353,0.00025483869831077754,0.0021273652091622353,-0.00035498273791745305,0.00017321207269560546,0.001195050892420113,0.00036591579555533826,0.00110637245234102,0.0006161515484564006,-0.0005509265465661883,-0.0014427518472075462,8.133429219014943e-05,0.0008524113218300045,0.0008756719762459397
dose8k_A_s0,00061.png,0.0012700367951765656,0.0004476307949516922,0.0006122866761870682,0.002163810422644019,-0.00019517511827871203,0.000395474664401263,0.0009157247259281576,-0.000471690931590274,-0.0009825772140175104,-0.0003707721480168402,0.000206708864425309,-0.0009198560728691518,4.213332067593001e-05,-0.0016830147942528129,-0.0010215227957814932,-6.629186100326478e-05,0.00010724408639362082,0.0007255343371070921,-0.00014376187755260617,0.00031047966331243515,-0.001038470072671771,0.0012949412921443582,-0.0006439517601393163,-0.0016188130248337984,0.0007921356591396034,0.0002459286479279399,0.0008345059468410909,-0.0010352664394304156,0.00029041251400485635,0.0018430069321766496,0.00039989498327486217,-0.0004406234947964549,-0.0003443983441684395,-0.0013419118477031589,0.00048169089131988585
dose8k_A_s0,00062.png,0.001413478166796267,2.396230775048025e-05,-0.00022407057986129075,-0.0006080035818740726,0.0011885500280186534,-0.0004945584805682302,-0.0007563724648207426,-0.0016435933066532016,0.0009435077081434429,-0.001154242199845612,2.7906669856747612e-05,9.820848845265573e-07,0.0005341080250218511,-0.00014251570974010974,-0.00013718275295104831,0.00010950201249215752,-0.0005925096920691431,-0.00012178587348898873,0.00045936100650578737,-0.00013245665468275547,0.000607657537329942,-0.0003821454884018749,-0.0005732312565669417,0.0005726272938773036,-0.0003947793447878212,0.00043082638876512647,7.155056664487347e-05,-0.0010573968756943941,-0.00014948825992178172,-0.0003813734510913491,0.0005425337003543973,-5.456772123579867e-05,0.0024777925573289394,-0.0001030329440254718,4.341904059401713e-05
dose8k_A_s0,00063.png,0.0001867619575932622,-0.000603153370320797,0.0013384856283664703,0.0003995975712314248,0.0015124441124498844,0.0018292596796527505,0.0006221233052201569,-0.001220319070853293,-0.0008293663850054145,-0.00037654113839380443,0.00030851669725961983,0.000993436318822205,0.0017643800238147378,0.001036801259033382,-0.000914147705771029,0.002118848031386733,-0.0009566041408106685,0.0007326880004256964,-0.0002030811010627076,-0.0003750398464035243,0.0008027798612602055,-0.0006488038343377411,-0.00037772455834783614,-0.0009576352313160896,0.00039781880332157016,0.0005565598839893937,-0.000587297254242003,-0.0018738164799287915,0.00041689127101562917,-0.0007820476894266903,-0.0004787944199051708,0.0010034648003056645,0.00011870235175592825,-0.0006643934757448733,6.879404827486724e-05
dose8k_A_s0,00064.png,-0.0007875976734794676,-0.0011001296807080507,-0.000732551037799567,-0.0004565963172353804,0.0010125094559043646,-4.175717549514957e-05,-0.0016220282996073365,0.0016514766030013561,0.0009498113649897277,0.00022842847101856023,-0.000373327755369246,0.0023170015774667263,0.0004947660490870476,-2.1129369997652248e-05,0.0008951456402428448,0.0007714242092333734,0.0011216948041692376,0.001100805471651256,0.0001893551234388724,0.00032703354372642934,5.492234413395636e-05,0.0007602671976201236,-0.0001750323863234371,0.001694451435469091,-0.0014183360617607832,0.0010897362371906638,-0.0006678260397166014,0.00027847642195411026,0.0002587707422208041,-0.0004366150824353099,0.0012482627062126994,-0.00020448739815037698,0.00048229581443592906,-0.0002775062748696655,0.0006641169893555343
dose8k_A_s0,00065.png,0.0007808879017829895,0.0013654681388288736,0.0008876936044543982,0.0020573590882122517,0.003418075619265437,0.0002937953395303339,-0.001920763636007905,0.0005813865573145449,0.0006624573725275695,0.00042511778883636,-0.00013954061432741582,-0.0003968694945797324,0.0010604775743559003,0.0008468393352814019,-0.0006548396777361631,-0.0003889196377713233,0.0013390766689553857,-0.00136385892983526,0.00146106060128659,0.0010948857525363564,-7.683508010813966e-05,1.8614860891830176e-05,-0.0003187717229593545,0.000952686823438853,0.0006054231780581176,0.0015313016483560205,0.0016634169733151793,0.0011052333284169436,5.024342317483388e-05,0.00013563342508859932,0.0007594093331135809,0.00046219895011745393,0.0009185593225993216,0.0007146741263568401,-0.0009743500268086791
dose8k_A_s0,00066.png,-0.0007735558319836855,-0.0016660719411447644,-0.0010568202706053853,-0.0007567956345155835,0.0005946627352386713,-0.0010871844133362174,3.969885437982157e-05,0.0005742697976529598,-3.1342089641839266e-05,-0.0006953146075829864,0.0001385276555083692,-0.0005969760823063552,0.001125034410506487,-7.8342827691813e-06,0.00027559464797377586,-0.00011562519648578018,-0.00019321026047691703,-0.0001802353945095092,0.0004817241569980979,-0.002407804597169161,-0.0006251275190152228,0.0014226284110918641,0.0001681751455180347,-6.15815952187404e-05,0.00015815318329259753,0.001209353213198483,-0.0007456134189851582,0.0004215903172735125,-0.00010333798127248883,-0.0005281097837723792,0.00047421769704669714,-0.00048299707123078406,-0.00038083241088315845,-0.0016821364406496286,-0.00020507168665062636
dose8k_A_s0,00067.png,-0.0005645920755341649,-0.0005611043306998909,-0.0007402381161227822,0.0006210925639607012,-0.00011172275844728574,-0.001515369163826108,0.00041326519567519426,-0.00031896462314762175,0.0005475808284245431,-0.0005922219716012478,-0.0007630640175193548,-0.0004522319359239191,-2.199307709815912e-05,-0.0018413502257317305,-0.0006266830605454743,0.0012244520476087928,-0.0009380984120070934,-0.0014034596970304847,-0.0007880768971517682,-0.0002838739601429552,0.0011350899003446102,-0.0018423888832330704,0.0004540863155853003,0.0001812455157050863,-0.0003531909314915538,0.0009977836161851883,-0.0013079949421808124,0.0005494919023476541,6.270664016483352e-05,-0.00021170068066567183,5.91637672187062e-06,0.0003341841802466661,0.0005451049073599279,0.001050913124345243,0.0013705382589250803
dose8k_A_s0,00076.png,0.00024672344443388283,-0.000526451098266989,-0.0009587528766132891,0.0013102111406624317,-0.002614033641293645,0.0014657186111435294,-0.000853208766784519,0.0001527045387774706,-0.0005170170334167778,-0.0001469895796617493,0.0007437493186444044,0.0011842838721349835,-0.0037389062345027924,-0.0009150177938863635,0.0012899177381768823,0.0018540493911132216,-0.00018251805158797652,0.0009695912012830377,-0.0012694718316197395,0.00015848330804146826,-0.00013144563126843423,0.00030090773361735046,0.0009567909291945398,0.0012825491139665246,0.0005599452997557819,-0.0004543777904473245,-0.001921863411553204,-0.00034693526686169207,5.688536839443259e-05,7.686494427616708e-06,0.00024979692534543574,0.0001187592206406407,-0.0005371781880967319,0.0006618303013965487,0.00031505123479291797
dose8k_A_s0,00077.png,-0.0001242645230377093,-0.00014183393795974553,-0.0005259173340164125,-0.0019164500990882516,-0.0008526940364390612,-0.0010770915541797876,0.0008981096907518804,-0.0005338304908946157,-0.0019142850069329143,-0.0016014630673453212,4.424241342348978e-05,-0.0005848046275787055,-0.0012108602095395327,0.0007354541448876262,0.0001471742580179125,0.00024937171838246286,0.0005421003443188965,0.001629625796340406,-0.0010060096392408013,-0.00031352537916973233,0.0003664941468741745,-0.0009476481354795396,-0.001032058848068118,-9.238909115083516e-05,0.0011782583314925432,0.0006333266501314938,0.0005711875855922699,0.00035523524275049567,0.0003844015300273895,-4.334160621510819e-06,0.001392371254041791,-9.996247536037117e-05,0.0002107745094690472,-0.00011509085015859455,0.000185245051397942
dose8k_A_s0,00078.png,-0.0013199447421357036,0.00013163873518351465,0.00024920221767388284,-0.0008592572994530201,0.0007715974352322519,0.0007839284371584654,-0.001177578466013074,0.0020236391574144363,-0.0005915294168516994,0.00041798126767389476,-0.0017343881772831082,0.00019601749954745173,-8.351680298801512e-05,1.5057652262839838e-06,-0.000134829810122028,-0.0008229665691033006,-0.00047386533697135746,-0.0019269715994596481,0.0010011792182922363,0.00029858105699531734,0.0013440112816169858,0.0017927406588569283,0.0007528852438554168,-0.00028432055842131376,0.0015929536893963814,7.390369864879176e-05,0.00020674457482527941,2.781079092528671e-05,-0.0006033289828337729,-0.0008172256639227271,0.00040628243004903197,0.001558798598125577,-0.0007466607494279742,0.0005721133202314377,-0.00010542975360294804
dose8k_A_s0,00079.png,2.654660784173757e-05,-0.0007506012334488332,-0.0005643958575092256,-0.0010909693082794547,-0.000684571685269475,-0.0012519690208137035,-0.0009850846836343408,0.0012436604592949152,0.0018019794952124357,0.0004795542627107352,0.0012273385655134916,1.0852269952010829e-05,0.00034304565633647144,-0.0004343506589066237,0.0008729951805435121,-0.0008801380754448473,-0.00036303128581494093,0.001016095164231956,0.0001125203343690373,-0.0005181795568205416,-0.0011995352106168866,0.0012374457437545061,0.0015807038871571422,-0.0004068761190865189,0.00016158564540091902,0.0011290563270449638,-0.0007110997685231268,0.0018515174742788076,-0.0019112823065370321,-8.392929885303602e-05,0.000470666098408401,0.0002529967459850013,-0.0008189267828129232,5.748600960941985e-05,-0.00038931763265281916
dose8k_A_s0,00072.png,0.0005498959799297154,0.0006391014321707189,-0.0003422620357014239,0.0011739376932382584,-0.0005515242810361087,-6.25069224042818e-05,-6.873694655951113e-05,0.00021490624931175262,0.0013109819265082479,-0.0011041580000892282,0.0006342582637444139,-0.0002851354656741023,-0.00022384419571608305,0.0007188700255937874,0.0006728466833010316,0.0017264476045966148,-0.0010599863016977906,-7.837041630409658e-05,0.0006300312234088778,0.0018115636194124818,-9.806079106056131e-06,0.0006790189072489738,0.000639529840555042,0.0003419839486014098,-0.0004132164758630097,-0.00024368363665416837,-0.0012483588652685285,0.0010406121145933867,0.0006202120566740632,-0.00033158890437334776,0.0006410597707144916,0.0008477602386847138,-0.00017361018399242312,-0.00024062524607870728,0.0011089626932516694
dose8k_A_s0,00073.png,0.0007272074581123888,0.000923472864087671,0.0007770457305014133,-0.002000129083171487,-0.0014030670281499624,-0.001109769567847252,0.00017131394997704774,-0.0012897892156615853,0.0008595138788223267,0.0005641584284603596,0.0007465147064067423,-0.0004917701589874923,0.00042370002483949065,-0.0005504896980710328,0.0004145189595874399,-0.0004607140435837209,0.0003047133213840425,-1.3922565358370775e-06,-9.528563168714754e-06,-0.001161589752882719,-0.00016005842189770192,0.0008122851140797138,-0.0018820437835529447,0.00019514033920131624,-0.001372774364426732,-0.00048648021765984595,-0.0004878386971540749,0.001568437903188169,-0.00014129055489320308,-0.0005284104845486581,-0.0009497269638814032,0.0015848528128117323,0.0006428349297493696,0.00021378308883868158,0.001588318613357842
dose8k_A_s0,00074.png,-0.0010083933593705297,0.0007738943677395582,-0.0006129491375759244,-0.0018754519987851381,-0.0014616650296375155,-0.002135274466127157,-0.00013810666860081255,-0.0007867648964747787,-0.00025410973466932774,0.0005676732398569584,0.0006140139885246754,0.0013546888949349523,-9.523167682345957e-05,-0.00047963744145818055,0.00013385007332544774,0.0014238891890272498,-0.0002553342201281339,-0.00011836822523036972,0.0008394199539907277,0.00012756112846545875,-0.00041998218512162566,-0.0011488405289128423,-0.0014922302216291428,-0.0004681324935518205,0.0003296682261861861,-0.0012800735421478748,0.0011311123380437493,-0.0008829020080156624,-0.0006680808146484196,-0.00014976000238675624,-0.0011765304952859879,0.0003335110086482018,0.0014627666678279638,-0.0006520029855892062,-0.00013410611427389085
dose8k_A_s0,00075.png,0.0005095056840218604,0.0007688242476433516,0.00045691829291172326,-0.0001415374135831371,-0.00043279692181386054,0.0006502579781226814,-0.0010567810386419296,0.0008709909743629396,0.0006147195817902684,-0.0002969890192616731,-0.001851858920417726,0.0019911364652216434,0.0005320459604263306,-0.0004804054042324424,-0.0010293873492628336,0.0006392384530045092,0.0009978676680475473,-4.155398710281588e-05,0.0008107290486805141,0.00042465090518817306,-0.0007935352623462677,0.0012642903020605445,0.0007263945299200714,-0.0015552020631730556,0.0003367821336723864,0.0010550752049311996,-6.637378646701109e-06,-0.0005819419748149812,-0.00023965592845343053,-0.0005528543842956424,-0.00031226774444803596,-0.0006687010172754526,-0.0017797774635255337,0.00036902326974086463,-0.0015592832351103425
dose8k_A_s0,00084.png,-0.0006850576610304415,0.0004638398822862655,0.00015926957712508738,-0.0014208725187927485,0.001117878477089107,-0.0007177626830525696,0.0006338740349747241,0.00015571586845908314,-2.9986575100338086e-05,0.0002984901366289705,0.00017291925905738026,-0.00044638532563112676,0.0007987800054252148,0.001175088924355805,0.00012419871927704662,0.0017195745604112744,0.0007458283216692507,5.2555427828338e-05,0.001081057358533144,0.0023123244754970074,-0.0011299954494461417,-0.0003409236087463796,-0.0013388122897595167,0.00022889269166626036,-0.0008695767028257251,-0.0006174433510750532,-0.00026752299163490534,0.0012329427991062403,0.0004674317315220833,0.0012270617298781872,-0.0005312811699695885,-0.0015786625444889069,-0.0012172125279903412,0.00024332515022251755,-0.00029675988480448723
dose8k_A_s0,00085.png,-0.00019114132737740874,0.00036478109541349113,-0.0005094617372378707,-0.0017323982901871204,-0.0021477353293448687,-0.00024817147641442716,0.0014824409736320376,-0.0001494125899625942,-0.0006705977721139789,0.0009713319013826549,0.00043304168502800167,2.028318340308033e-05,-0.0005793508025817573,0.0021581484470516443,-0.0009829066693782806,7.005014776950702e-05,6.016613406245597e-05,0.0011172271333634853,-0.001466425834223628,0.0007451062556356192,-0.00016807351494207978,-0.0008387244888581336,0.0005428314325399697,-0.0004667240718845278,-0.00036673425347544253,-0.001241976860910654,0.0008796886540949345,0.0007901040953584015,-0.00038590130861848593,0.00031566061079502106,0.0002415701310383156,-0.001113687176257372,-0.00011580453428905457,4.0907681977842e-05,0.0004764650366269052
dose8k_A_s0,00086.png,0.0013225271832197905,0.0012515996349975467,0.0001546866405988112,0.00015776889631524682,0.001433954224921763,-0.0006695293122902513,0.0003591478744056076,-0.0008138738921843469,0.0008451775065623224,-0.0006419244455173612,0.001064812415279448,-0.0008106029126793146,0.0013189379824325442,-0.0009315426577813923,5.281219273456372e-05,0.0005342201911844313,0.0006992887938395143,-0.0006356483791023493,-0.0012227460974827409,0.001087220385670662,-0.0015631193527951837,-6.0512247728183866e-05,4.272269507055171e-05,0.0009210101561620831,-0.0011611060472205281,-0.00042985149775631726,-0.0007569667068310082,0.0003960798785556108,-0.00016799125296529382,0.001114948303438723,0.0011893302435055375,-0.00012906557822134346,-0.0006653597229160368,-0.0017893812619149685,-0.0012549633393064141
dose8k_A_s0,00087.png,-0.0017671704990789294,-0.0006636755424551666,-0.0004331335367169231,0.0009678324568085372,5.979754132567905e-05,0.0010273598600178957,0.00015079410513862967,0.0005250318208709359,0.0007488850969821215,-0.0017656084382906556,-7.046938844723627e-05,-0.0005439308006316423,-0.0006513205589726567,0.0005277058226056397,-0.0004331178788561374,0.00018037173140328377,-0.00017230560479220003,-0.0010019264882430434,-0.0010453935246914625,0.0002513640793040395,-0.00031697354279458523,0.0008728520479053259,0.0012279278598725796,0.00040632043965160847,0.0005384890828281641,-0.0010752722155302763,6.828259211033583e-05,0.0005121236317791045,-0.0005740082706324756,0.00045047065941616893,0.00035041768569499254,0.00040956278098747134,0.0003514161508064717,0.0010751349618658423,-0.00021458411356434226
dose8k_A_s0,00080.png,-0.0006446206825785339,-0.0009478673455305398,0.0003466889029368758,9.47825174080208e-05,0.0012854981468990445,0.0011523393914103508,-0.0006083299522288144,0.0012757937656715512,0.001206103595905006,-0.00014319711772259325,0.0019295965321362019,0.0004783187760040164,-0.0020917493384331465,0.00021846138406544924,-0.0010778360301628709,0.0004400380712468177,4.390226604300551e-05,-0.001084472518414259,0.0012807409511879086,0.00010073665180243552,-0.0009592158603481948,-9.555488941259682e-05,0.0004922673106193542,-0.00011822841770481318,0.0011167078046128154,0.00017607989138923585,0.0008645493071526289,4.82567775179632e-05,-0.000637451303191483,-0.0004897701437585056,-0.00037873012479394674,-0.0013036092277616262,-0.0014250201638787985,0.0009385431185364723,0.0006035641999915242
dose8k_A_s0,00081.png,0.00015099304437171668,0.00021551191457547247,0.0008618677966296673,-0.0025696775410324335,-0.004407085012644529,-0.0008909279713407159,-0.00045906714512966573,-0.0004185764992143959,-0.0011627578642219305,-0.0002097437682095915,0.0013793222606182098,0.0009593175491318107,0.00022114867169875652,2.2635786081082188e-05,0.0009100146126002073,-0.0009254078031517565,-0.00028725963784381747,0.00019306906324345618,0.0004977357457391918,0.0002211695973528549,0.0002498686662875116,0.00017981347627937794,0.00073734309989959,0.0004669118206948042,0.0009650424472056329,0.00015581260959152132,0.0010924098314717412,0.0007284502498805523,-2.0537963791866787e-06,0.00014133634977042675,-0.0008400790975429118,0.0007193704368546605,0.000363216910045594,0.000893187359906733,0.0006143859354779124
dose8k_A_s0,00082.png,-0.00017779323388822377,-0.002132762223482132,-0.000557049410417676,0.0003720712848007679,-0.00220709596760571,-0.0004940761136822402,4.916810939903371e-05,-0.0003297174989711493,-0.0004589955206029117,0.00024544837651774287,0.0004609950410667807,-0.0005066680023446679,0.0013083553640171885,-0.00014390241994988173,-0.0002645369968377054,0.00027442327700555325,0.00103957939427346,-0.000290229101665318,0.0019761116709560156,-0.00048130584764294326,-0.0011263982160016894,0.00025310053024441004,0.00011528410686878487,0.0006668991991318762,-0.0010414909338578582,-0.0004146732680965215,-0.0010739482240751386,-0.0016717537073418498,-0.0012011256767436862,-0.00037593551678583026,0.00044236666872166097,-0.000995683716610074,-0.00041558287921361625,-0.0003907357167918235,0.00043733883649110794
dose8k_A_s0,00083.png,0.00010009589459514245,0.0004989173030480742,0.000702521821949631,-0.0006399464909918606,0.0006771291955374181,0.0017431972082704306,0.00011924171121791005,-0.0009279886144213378,-0.0003628743579611182,-0.0018018680857494473,-0.0003750236355699599,0.002401016652584076,0.0021566932555288076,-0.000918970035854727,-0.0006903482135385275,-0.0007903184741735458,0.0016674768412485719,-0.000994161469861865,-0.000162342912517488,0.0008201260934583843,0.0008049773750826716,0.0004311853845138103,-1.4810551874688827e-05,-0.0007890074048191309,0.000736930756829679,0.0009514829143881798,-0.00033093764795921743,-9.765537834027782e-05,-0.00072742800693959,-0.00046191923320293427,-0.0004168240702711046,0.0008041877299547195,-0.0005317390314303339,0.0010406846413388848,0.00032036975608207285
dose8k_A_s0,00088.png,0.0020377044565975666,0.001646004500798881,-0.0001005229278234765,0.0006486676866188645,0.0023000154178589582,0.0009431232465431094,0.000787562457844615,0.0009315590723417699,-0.0002910851617343724,-0.00032852348522283137,4.233490926708328e-06,0.0003254648472648114,0.000744153861887753,-0.0006822808063589036,-0.0006345146684907377,-0.000548737240023911,5.063223579782061e-05,0.0004056103643961251,7.053764420561492e-05,0.0005627896753139794,-0.0014846116537228227,-0.001856970484368503,0.0011129315244033933,0.000523013120982796,0.0013522164663299918,-0.00016462946950923651,0.0006660913350060582,0.0011230336967855692,0.0017258725129067898,0.0010112525196745992,-0.0004810254031326622,0.00016234094800893217,-0.00025594589533284307,-0.00016440736362710595,-0.0008363670785911381
dose8k_A_s0,00089.png,0.0005778892082162201,0.000587181537412107,-0.0013745588948950171,-0.0009212964796461165,0.0020901174284517765,-0.0017785766394808888,-0.0020428455900400877,0.0007625184953212738,0.0015436428366228938,-6.257005588850006e-05,-0.000493513245601207,-0.0016139704966917634,0.0003456359263509512,-0.00011580099817365408,0.0001308718929067254,-0.001198616693727672,0.0005305978120304644,-0.003089127130806446,-0.00036448080209083855,-0.0002165758633054793,-0.0013173542683944106,-0.0003194236778654158,0.0006978079327382147,8.967408211901784e-05,-0.0006785466684959829,0.00020525307627394795,0.00033246021484956145,0.00014496724179480225,-0.0008726879023015499,-0.00018381478730589151,0.0009426178876310587,-0.0009527362999506295,0.0012480547884479165,0.0011714445427060127,-7.800433377269655e-05
dose8k_A_s0,00090.png,-0.0009314492926932871,-0.00014924269635230303,-0.0011217028368264437,0.0008922437555156648,-6.035753904143348e-05,-8.269768295576796e-05,0.0010081143118441105,-1.7606846540729748e-06,0.0010094970930367708,8.205114863812923e-05,-0.00046030234079807997,-9.848057743511163e-06,-0.000895797333214432,-0.0017719600582495332,-2.9849015845684335e-05,4.029459159937687e-05,-0.0013989474391564727,-0.0009912127861753106,0.000971842382568866,0.0017636959673836827,-0.00041658245027065277,0.0004597351362463087,-0.0007422298076562583,0.0003429767966736108,-0.00013584802218247205,0.00019435829017311335,0.0015175562584772706,-7.215252844616771e-05,0.0007956119370646775,-0.00024612259585410357,-0.0006665599648840725,0.00019990676082670689,-0.0008183963946066797,0.0005264032515697181,-0.00021390260371845216
dose8k_A_s0,00091.png,9.231280273525044e-05,0.0007866296218708158,0.00109481206163764,0.002750808373093605,-0.0010399373713880777,-0.0005516082746908069,-0.0021607072558254004,0.00014579868002329022,0.0018370600882917643,0.00027260708156973124,-0.0005049444152973592,-0.001027671038173139,-0.0002389272121945396,0.00023951439652591944,0.0009749368764460087,0.0003119338070973754,0.00024847802706062794,-0.00144343136344105,-0.001292301807552576,0.0005249977693893015,0.00031357345869764686,0.0010084044188261032,0.0012080274755135179,-3.959479363402352e-05,0.00010933029261650518,-0.00023258739383891225,-0.0004270190838724375,7.084936805767938e-05,-0.0004201146075502038,-0.0019732967484742403,-0.0017183766467496753,-0.0007911432767286897,2.8361451768432744e-05,-0.00039731559809297323,0.0006121589103713632
dose8k_A_s0,00092.png,7.938895578263327e-06,0.0006969903479330242,0.0011812137672677636,-0.002787743927910924,-0.0020564128644764423,-3.445495167397894e-05,0.0010033858707174659,0.00011066947627114132,0.00025579455541446805,0.0011425622506067157,-0.0016301641007885337,7.298210402950644e-05,-0.001325193210504949,0.0006047794013284147,0.0005795483593828976,-0.0010076930047944188,0.00047408282989636064,-0.00039485833258368075,0.000715375121217221,-3.477068821666762e-05,0.0008908638847060502,-0.0004785008495673537,0.001146069378592074,-0.0006898074643686414,-2.7300984584144317e-06,-0.0012322802795097232,-0.0014094479847699404,-0.000900191836990416,0.0003756073710974306,0.0003153265279252082,-0.0004956533084623516,-0.0006488183280453086,0.0008608965435996652,0.001518412958830595,-0.0011492898920550942
dose8k_A_s0,00093.png,9.10665257833898e-05,0.0014021405950188637,-0.00015768296725582331,-0.00040565518429502845,-0.001337931607849896,-0.0005507343448698521,-0.00012162629718659446,-0.00042097773985005915,0.0007278191042132676,-0.0012422878062352538,0.0010153285693377256,0.0010864888317883015,0.00040613539749756455,-0.0002114091330440715,-0.0014617213746532798,-0.00036745480610989034,-0.00014140186249278486,-0.0010269148042425513,0.001695559243671596,0.0015842700377106667,-0.0009326147264800966,0.00032008212292566895,-0.0007293046801351011,0.0018067891942337155,0.0015048956265673041,0.0012515757698565722,-0.00136808049865067,0.0008005501586012542,-0.0007801228202879429,-0.0003181939828209579,-0.0013314277166500688,0.0008491608896292746,-0.001346154254861176,0.0017998495604842901,-0.00047865885426290333
dose8k_A_s0,00094.png,-0.0011297306045889854,-0.0007803285261616111,5.2569666877388954e-05,0.002533702878281474,0.0007849307148717344,0.00042487040627747774,0.002185126068070531,0.0007262792205438018,-0.0001504179963376373,-0.00033523430465720594,0.0005089393234811723,-4.7959783842088655e-05,-0.0020870910957455635,0.00043473602272570133,0.0008507695165462792,0.0010140459053218365,-0.00014739373000338674,-0.0011946770828217268,0.0003660219081211835,-0.0009436417603865266,0.001249915105290711,0.001099680783227086,0.00042609369847923517,-0.00045347242848947644,-0.00046349986223503947,-0.0013908431865274906,-0.0009226427646353841,-0.0017093961359933019,0.0013083777157589793,-0.0004537218192126602,-0.00030961487209424376,0.00064031285000965,0.00047487326082773507,-0.000253062869887799,-0.0004932883894070983
dose8k_A_s0,00095.png,-0.0005863349651917815,-8.156529474945273e-06,0.0003963247290812433,-7.769220974296331e-05,-0.0008943440625444055,-0.0002273324062116444,-0.0010802310425788164,0.0010554599575698376,0.001736968755722046,0.0016529340064153075,-0.00033189242822118104,-0.00032554531935602427,-0.0006658391794189811,0.0005533102084882557,-0.0009079462615773082,-0.0008394066826440394,-0.0006121663027442992,-0.0006053202669136226,-0.0009088409715332091,0.002469634870067239,-0.0012069048825651407,-0.00017618222045712173,-0.0004812650731764734,0.0015657676849514246,0.00015584428911097348,-0.0007683854200877249,0.0012676720507442951,0.0007773624383844435,0.0011360554490238428,0.0011320316698402166,0.0013049151748418808,-0.0008845213451422751,0.0001282154262298718,0.0006356076919473708,5.349069397198036e-05
dose8k_A_s0,00096.png,-0.0005750272539444268,0.000880521722137928,-0.0006831192295067012,0.00038936868077144027,6.770348409190774e-05,0.00139092025347054,0.0003914016124326736,0.001577864633873105,0.0011722436174750328,-0.0003819319244939834,-0.0015985398786142468,-0.000564818037673831,-0.00033620253088884056,0.0015620311023667455,-2.9119224564055912e-05,-0.00011453314073150977,0.00022442689805757254,0.0006679127109237015,-0.00014443197869695723,-0.00014180225844029337,0.00047882809303700924,-0.0008260533213615417,0.0007072178414091468,-0.0010389562230557203,0.0007473485893569887,0.00044169664033688605,-8.436234566033818e-06,-0.0001326690980931744,-0.00013174254854675382,0.001034820917993784,-0.00037036207504570484,0.0014202608726918697,-0.00229438953101635,0.00047434226144105196,0.00010458997712703422
dose8k_A_s0,00097.png,0.0002134108799509704,0.0006807000027038157,-0.0004908186965622008,0.0010259986156597733,-6.916427810210735e-05,-0.0012159819016233087,-0.0004109801957383752,-0.0018681949004530907,-0.0005216433200985193,-0.0005729050608351827,0.00044223235454410315,-0.0011624277103692293,-0.00011378677299944684,0.00031274589127860963,-0.00010373591794632375,-0.0006613305886276066,0.00028532816213555634,0.00010276511602569371,-0.0001377837179461494,-6.932819087523967e-05,-6.0363479860825464e-05,-0.002790451282635331,-0.000692930945660919,0.0011644922196865082,0.00121917889919132,0.00027642358327284455,-0.0014772210270166397,-0.0007549502188339829,0.0007325424230657518,0.0005119596607983112,-0.0014380146749317646,-0.0009418032132089138,0.0025668609887361526,0.0009385304874740541,-0.0006594826118089259
dose8k_A_s0,00098.png,-0.0006688018329441547,0.0006978757446631789,-0.0007472287397831678,-4.549436198431067e-05,-0.0005546701140701771,-0.0004438503528945148,0.0005236777360551059,-0.0020246647763997316,0.00030737160705029964,0.0008940935949794948,-0.0005501926643773913,-0.0011549930786713958,0.0003932813706342131,0.0010822635376825929,-0.0010744250612333417,0.00021051675139460713,-0.0008109859190881252,-0.0011342773213982582,0.00040202439413405955,0.0012155373115092516,-0.0012870877981185913,-0.0010762573219835758,-0.00043040819582529366,-0.0014648180222138762,-0.0014616603730246425,0.00011687246296787634,0.0005809796275570989,0.00023090218019206077,0.00033827414154075086,0.0007117960485629737,-0.0003668379213195294,-0.0003950005630031228,-0.00034319853875786066,0.001252860063686967,-6.509636023110943e-06
dose8k_A_s0,00099.png,0.00038203239091672003,0.0014284325297921896,-2.6480645828996785e-05,0.00014165211177896708,-0.0009818407706916332,-0.0011813502060249448,-0.0007973978645168245,0.00014609945355914533,0.00018632161663845181,-0.0004083832318428904,0.0006254268810153008,0.0027458942495286465,-0.0011418497888371348,-0.0002369612775510177,-0.0008304982911795378,0.00038171408232301474,-0.00172899616882205,-0.002072491217404604,0.0017383474623784423,0.00021055291290394962,0.0006163978832773864,0.0006841995054855943,0.0006932328687980771,-5.4997202823869884e-05,0.00030759250512346625,0.0010877377353608608,-0.00046851622755639255,-0.0010405146749690175,-0.0006760781980119646,0.0012526202481240034,0.00036338716745376587,0.0017921290127560496,-9.335274080513045e-05,0.001009842730127275,0.00016762202722020447
dose8k_A_s0,00100.png,-0.000551770266611129,-0.0015315021155402064,0.0011779257329180837,0.00043184973765164614,0.0012560486793518066,-0.0017097011441364884,0.00043351316708140075,0.0003139033215120435,0.0003934345440939069,-0.0012721022358164191,0.0003577462921384722,0.0007103918469510972,0.0005244271596893668,-0.001024124794639647,0.0020609803032130003,0.00046186792314983904,-0.0002469719329383224,-0.0005204889457672834,-0.000592949625570327,0.0003277655050624162,0.00013347472122404724,-0.0012688463320955634,0.0037068179808557034,0.0002377760538365692,-0.0004543905961327255,-0.000142043994856067,-0.0009172873687930405,-0.0004568973381537944,-0.0013438778696581721,0.00027194098220206797,0.00018632886349223554,-0.00020202579617034644,-0.00022452710254583508,0.0005476961960084736,5.672317638527602e-05
dose8k_A_s0,00101.png,0.00039315721369348466,-3.657307752291672e-05,0.0013595446944236755,0.0004863871436100453,0.0019578873179852962,0.0009825358865782619,0.0002051975898211822,-0.001459459774196148,-0.0010584116680547595,0.00011251788237132132,-0.0003492640389595181,-0.0007492648437619209,-0.00042960679274983704,0.0011213381076231599,-0.00038338094600476325,-0.0013600134989246726,0.0012701955856755376,0.001343709765933454,0.0001128654766944237,-0.0013414928689599037,9.162914648186415e-05,0.0003382175345905125,-0.000297335151117295,0.0003891378582920879,-0.0007023202488198876,0.0022250786423683167,0.0006925183697603643,9.463156311539933e-05,3.725151691469364e-05,0.0003528874658513814,-0.0008010865421965718,-0.00021924277825746685,0.0010187998414039612,0.001780074555426836,-0.0007884992519393563
dose8k_A_s0,00102.png,-0.000243952454184182,-0.0004908781847916543,-0.0016277810791507363,-0.001852931920439005,-0.002097433665767312,0.0010022150818258524,-9.391085768584162e-05,0.0015241155633702874,0.0002301949862157926,0.0014257680159062147,0.00029696946148760617,-0.000480590300867334,-0.00024433978251181543,0.0005406558630056679,0.00038147970917634666,-0.00024580719764344394,0.0012185133527964354,0.0008556111715734005,0.00018176295270677656,0.0005583727615885437,-0.0004882540088146925,-0.0018576475558802485,0.0003059586160816252,0.0014531598426401615,0.0007852205890230834,0.0006742984405718744,-0.0003789497714024037,-0.0003971318365074694,-0.0013932260917499661,-4.214290311210789e-05,0.00111918686889112,-0.0004246527678333223,0.00024045450845733285,0.0009391376515850425,-0.0014477015938609838
dose8k_A_s0,00103.png,-0.0007074585882946849,-0.0008116436074487865,-0.001245484920218587,0.0033950689248740673,0.0034830193035304546,2.464529825374484e-05,0.00035523035330697894,0.000326581735862419,-0.0006025321199558675,-0.0006084933411329985,-0.0025412768591195345,-0.00044496540795080364,0.0009340125834569335,-0.0006780290859751403,-0.0012167670065537095,0.00014963185822125524,-0.00022549771529156715,0.0005515925586223602,-0.000828397402074188,0.001558553776703775,0.00027926868642680347,-0.0007860198384150863,-0.0009753996855579317,-0.0014116466045379639,-0.0008207797654904425,-0.00017971554188989103,-0.0004171750624664128,-0.001105280825868249,-0.0010047969408333302,0.0005409347359091043,0.00021408066095318645,0.0005932656931690872,0.0025673164054751396,0.0011347397230565548,-0.0007969778380356729
dose8k_A_s0,00112.png,0.0010638776002451777,0.0007351955282501876,0.0015053291572257876,0.0022939930204302073,0.0006805604207329452,0.00048113285447470844,-0.0008296711603179574,-0.0007124595576897264,0.00010842019401025027,7.04600170138292e-05,-0.00046316158841364086,0.00076226209057495,0.0003983582719229162,0.0004888764815405011,-0.0003670694131869823,-0.00020342681091278791,-0.00020480927196331322,-6.990650581428781e-05,0.0003431585500948131,-0.0002689447719603777,0.0005541719729080796,-0.0003705620765686035,-0.0005213402910158038,0.0004633949720300734,0.0003385765594430268,-0.0005331687279976904,0.0008016715291887522,-0.0008331200224347413,-0.0005351747386157513,0.0004602113622240722,0.00020148542535025626,-0.0006614801823161542,0.0016088313423097134,0.000529085227753967,6.210980063769966e-05
dose8k_A_s0,00113.png,-0.0007974363397806883,-0.0004930971772409976,0.0005565868341363966,-0.0019554700702428818,0.0017366725951433182,0.000902279163710773,-0.0004321445885580033,0.00022148930293042213,0.0003127186209894717,-0.00026611422072164714,0.0002288836258230731,0.00174911564681679,0.0005319438641890883,0.0006071043899282813,8.430132584180683e-05,0.00019228074233978987,-0.0003064528573304415,-0.0002823531103786081,-0.00054692238336429,-0.0021075760014355183,-0.0004528218414634466,-0.0002493655774742365,0.0015053491806611419,-4.6038876462262124e-05,-0.0016530926804989576,8.562226867070422e-05,0.0004244103329256177,0.0005748264375142753,0.000734963221475482,2.7355959900887683e-05,-0.0008338672923855484,0.0003677893546409905,-0.0017271058168262243,0.0007073677843436599,-0.0008719235775060952
dose8k_A_s0,00114.png,-0.0010638366220518947,-0.001214503776282072,0.0009301875834353268,-0.0006866539479233325,0.0014008863363415003,0.0005655729328282177,-0.00032757536973804235,0.00012124772911192849,9.192257857648656e-05,-6.651628063991666e-05,0.000352238304913044,0.0009506422793492675,0.00131982599850744,-0.000811469741165638,0.00011887236178154126,0.0008274856372736394,-0.0012250111903995275,0.0006099205347709358,-0.003057704772800207,0.0012806724989786744,-1.897273978102021e-05,-0.0008682847255840898,0.00023923406843096018,-0.0016727092443034053,0.0008304115617647767,0.0008362823282368481,-8.588525088271126e-05,-0.0014175169635564089,0.00104337721131742,-0.0010285762837156653,-0.0016556441551074386,0.0010942426742985845,-0.0015014971140772104,-0.0016765870386734605,-9.532759008834546e-07
dose8k_A_s0,00115.png,0.0013326494954526424,0.001605876488611102,0.0005238783196546137,0.001137683866545558,-0.00024580108583904803,-0.0008543044095858932,0.00043540133628994226,0.0015625968808308244,0.0008469769963994622,0.0005739021580666304,0.00011441840615589172,-0.00015513246762566268,-0.000984812155365944,0.0012892441591247916,0.0007784278132021427,0.0004618949897121638,-0.0003611887223087251,1.4023626135895029e-05,0.0005695513100363314,0.000744250079151243,-0.0005967015167698264,-0.0014763971557840705,-0.0005027365405112505,-0.0009505423367954791,-0.0002993158414028585,0.0011376396287232637,-0.00031973980367183685,-0.0019171105232089758,-0.0006132957641966641,-0.0003343162243254483,-0.00022166727285366505,-0.000372002279618755,-0.00042587993084453046,-0.000316073012072593,0.0011418347712606192
dose8k_A_s0,00108.png,-0.0005979460547678173,-5.663827323587611e-06,-0.0013151179300621152,0.0012747457949444652,-0.00010737004777183756,-0.00023146194871515036,0.0008094894583337009,0.0010320221772417426,0.00036543048918247223,0.0006477097631432116,-0.0007033551228232682,-0.0002645911881700158,-0.0006093221600167453,-0.00030050004716031253,-0.0008680189494043589,0.001734549063257873,0.0004707838234025985,0.00048345373943448067,-0.0009018084965646267,0.00025374125107191503,-0.00029818518669344485,-0.0007441093330271542,-0.00033754255855455995,0.0014146928442642093,0.0009693028987385333,0.0013375275302678347,-0.001716213533654809,-0.0011693353299051523,-0.0003587320097722113,-0.0009359063114970922,-0.0014462380204349756,0.0002443749690428376,-0.0005005523562431335,0.000271416938630864,0.0011017224751412868
dose8k_A_s0,00109.png,-0.00021843677677679807,-0.00029338919557631016,8.11819190857932e-05,-9.960178431356326e-05,-0.0016910540871322155,0.00017300539184361696,0.0006616788450628519,0.001265889499336481,0.000548236130271107,-0.0016201662365347147,-0.0005621633026748896,0.0015155867440626025,-0.0001053431915352121,0.0005084117874503136,0.0014351066201925278,0.0009378699469380081,0.0012998133897781372,-0.0007915336755104363,0.0011162436567246914,-0.0011926816077902913,-5.021559263695963e-05,0.00047524741967208683,-0.0007590552559122443,0.0008545922464691103,0.0004550329176709056,-0.0002536275133024901,0.0011785549577325583,-0.002173523185774684,0.00010663492867024615,-0.0001225162559421733,-0.0008471656474284828,-0.0004536726919468492,-0.0007136806380003691,-8.172218076651916e-05,0.001053932006470859
dose8k_A_s0,00110.png,-0.001030678628012538,0.0012004132149741054,0.0009513003169558942,0.0017989318585023284,0.0018390006152912974,0.00013905958621762693,0.0019683875143527985,0.0011961954878643155,0.0020023814868181944,-0.0004302728339098394,0.0007687013130635023,0.0004972025053575635,-0.0007421871996484697,0.00022456306032836437,0.0003446288756094873,-0.0013216282241046429,0.0018379632383584976,0.00200219196267426,0.0006610641139559448,-0.0009877956472337246,-0.001326021272689104,-0.0007349697989411652,-0.0004904305096715689,0.0005762123037129641,-0.0005051069310866296,0.0007323186728172004,-0.0005015977076254785,0.00024987582582980394,0.0012540218885987997,0.0008887755102477968,-0.0009290371090173721,0.00037948833778500557,-0.00028619731892831624,0.0010244190925732255,2.5288616143370746e-06
dose8k_A_s0,00111.png,-0.00038057586061768234,-0.0015608662506565452,-0.0002892679476644844,0.0006465582991950214,-0.0005879864911548793,0.0012910914374515414,0.0007433450664393604,0.0006932449759915471,0.0010209832107648253,0.00011473826452856883,7.018770702416077e-05,0.0006376035744324327,0.0004812307597603649,-0.0001792261900845915,0.0003540310135576874,0.0003359875117894262,-0.0009958264417946339,0.0012954487465322018,8.378746861126274e-05,0.0009721870301291347,-0.0010622725822031498,0.0008464445127174258,0.0006969436071813107,-0.0007812510593794286,0.00073282141238451,0.0004393510171212256,0.0007437080494128168,-0.0024423752911388874,-0.0006385878659784794,0.0011939667165279388,0.0016240287804976106,-0.0007168118027038872,-0.0011397326597943902,0.00010286074393661693,-0.0010087977861985564
dose8k_A_s0,00104.png,0.00010171283793170005,0.0016622396651655436,-0.0010178908705711365,0.0007255644304677844,0.00036421604454517365,-0.00026381065254099667,-0.0009758686646819115,-0.0001089538709493354,0.0015335226198658347,-0.0004198407114017755,0.0010030657285824418,-0.0008334443555213511,-0.0014718142338097095,0.00019135148613713682,0.001250907895155251,0.0008928069146350026,-0.0004045034875161946,-0.00124768924433738,-1.879931119219691e-06,-0.0021764023695141077,-0.00043709890451282263,0.0005981716094538569,-0.00012585475633386523,0.001965908333659172,-0.000468810903839767,0.0010936444159597158,0.0008464361890219152,0.0003346725134178996,-0.0008726552478037775,0.0029992794152349234,0.0008453938062302768,0.001133791753090918,2.9350470867939293e-05,0.0014876837376505136,0.0017119991825893521
dose8k_A_s0,00105.png,-0.0001558566582389176,0.0012186724925413728,0.0008681637700647116,0.0009303634869866073,0.0030171531252563,-0.0005456126527860761,-0.00028428222867660224,-0.002814545528963208,0.000600494327954948,0.0004227313620503992,0.00013434419815894216,-0.00016071030404418707,0.000777314999140799,0.000612485280726105,-0.00010958863276755437,0.0004970130976289511,0.002149011008441448,0.00010302687587682158,-0.0005009429878555238,0.0007896971656009555,-0.0012730952585116029,-0.0007227652822621167,-0.0013568074209615588,0.0006258406792767346,0.0016253965441137552,3.490238304948434e-05,-6.752095214324072e-05,0.00011457792425062507,-0.0006084770429879427,0.001271356944926083,-0.0007982993847690523,-0.00033650841214694083,0.0005876559298485518,-0.0011713175335898995,-0.0004216707602608949
dose8k_A_s0,00106.png,0.0004789213417097926,-0.0008816944318823516,0.0005034530186094344,0.0008116799290291965,0.0011286071967333555,-0.0013317449484020472,-0.0008673662669025362,0.00037060113390907645,0.00027265032986178994,-0.0014954096404835582,-0.0001126116985687986,0.0015287864953279495,-0.00044938322389498353,0.0005869118613190949,0.001260171877220273,-0.000621494313236326,0.000626022694632411,6.297838262980804e-05,-0.000728839950170368,-0.00018755464407149702,0.0010223526041954756,0.0013099387288093567,0.0003962603223044425,0.0002441838150843978,0.00021735287737101316,-0.0010948621202260256,0.001103718183003366,0.0010114567121490836,-0.00099512271117419,-0.0010440192418172956,-0.0006387364701367915,-0.000640461512375623,-0.0005792798474431038,-0.0007840203470550478,0.000789477548096329
dose8k_A_s0,00107.png,-0.00025848657242022455,-0.00046955625293776393,-0.00015528326912317425,-0.0008551495266146958,0.0007735828403383493,0.00010657307575456798,0.0008982581784948707,-0.00027806946309283376,0.0007629460305906832,5.283366408548318e-05,-0.000303679087664932,-0.00043087106314487755,0.0003955450374633074,0.0004610020841937512,-0.0007854899158701301,2.38059237744892e-05,0.0007690077763982117,-0.0013479270273819566,-0.002589916344732046,-0.0011918408563360572,0.0009072183747775853,-0.0024156963918358088,-0.00018225543317385018,-4.33893228546367e-06,0.0006658593192696571,0.0014420043444260955,0.00046895304694771767,4.5529559429269284e-05,-0.0008727528620511293,0.001278972951695323,0.00029491086024791,0.0009872920345515013,-0.000223393872147426,-0.00017701342585496604,-0.0012923730537295341
dose8k_A_s0,00116.png,-0.00026555030490271747,-0.0001452006254112348,0.00026024546241387725,-3.0534785764757544e-05,-0.0002447778533678502,0.00087643665028736,-0.0012096328428015113,1.2899499779450707e-05,-0.00039206742076203227,-0.00017446631682105362,0.00029381061904132366,-0.0006902527529746294,0.0007882939535193145,-0.0010147959692403674,0.0009684325195848942,-3.3544551115483046e-05,0.0005613695830106735,1.6408916053478606e-05,0.0012104507768526673,0.0012407407630234957,0.0009008136112242937,-4.3188856579945423e-07,-1.4576764442608692e-05,-0.0016172440955415368,-3.622529038693756e-05,-0.0002912416821345687,-0.0026439239736646414,-0.0011583142913877964,-0.003204961307346821,0.0007243373547680676,-0.0011678421869874,0.0008117047837004066,-0.00039117905544117093,0.00012000241986243054,0.00013108138227835298
dose8k_A_s0,00117.png,-0.001957355532795191,-0.0015431996434926987,-0.00039614373235963285,-0.0017018632497638464,0.0005942740244790912,0.0019651022739708424,0.0002926177403423935,0.000795618339907378,0.0003563270438462496,-0.0003920085437130183,-0.0003594487498048693,0.001141352578997612,0.00036831016768701375,-0.0007878317846916616,0.0018176494631916285,-0.0004173839115537703,-0.00014184431347530335,-0.000339081569109112,0.0003782196145039052,-0.0010583199327811599,0.0003680060908664018,-0.0017889686860144138,0.0009265515836887062,-0.00027327649877406657,-0.001076239044778049,-0.0015998022863641381,0.0010330262593925,-0.002727602142840624,-0.0007233874057419598,-0.0001563938712934032,0.0010971325682476163,-0.001286289538256824,-0.0012254542671144009,0.0008067517774179578,-0.0006874119862914085
dose8k_A_s0,00118.png,0.00014803241356275976,0.0010411812691017985,-0.0014503945130854845,0.0009567751549184322,0.0015022681327536702,-0.00130827771499753,0.00036201332113705575,-0.001275234273634851,0.001499153207987547,0.0027459771372377872,0.0003522960178088397,-0.00037369842175394297,-0.0007626775768585503,-0.0004339004517532885,0.0010797498980537057,-0.0003446877817623317,-6.253572792047635e-05,0.0005665234057232738,-0.0008952537318691611,-8.878673543222249e-05,-0.00044901680666953325,-0.0005616659764200449,0.0005260825855657458,0.00010701952851377428,-0.00037406801129691303,-0.00029715787968598306,-0.000985204242169857,-0.0009465417242608964,0.00044472081935964525,0.0002151938242604956,-0.0014092373894527555,0.001487304107286036,0.0004281388537492603,-0.0001997900108108297,-0.0016860483447089791
dose8k_A_s0,00119.png,0.000694989925250411,0.0009913212852552533,5.9965081163682044e-05,0.003340517170727253,0.001005022320896387,0.0010095125762745738,-0.0002758570481091738,-0.0006648634443990886,-1.5558705854346044e-05,0.0013874854194000363,-0.000879803323186934,0.0013500158675014973,0.0012498815776780248,-0.00037702987901866436,-2.816384039761033e-06,0.00031699775718152523,0.0008016670471988618,0.0007435701554641128,0.00020021539239678532,0.0002820192603394389,-0.0009407700854353607,-0.0001888745027827099,-0.0010336219565942883,0.0005363457021303475,0.00048706686357036233,0.0005394703475758433,0.0007102504605427384,-0.0009681399096734822,-0.0002979912387672812,-0.00034584462991915643,0.00032172046485356987,-0.000360148202162236,7.886338426033035e-05,0.00017570200725458562,-0.00010037490574177355
dose8k_A_s0,00120.png,-0.00013833490083925426,0.0005495015066117048,0.0003133248828817159,-0.00025029981043189764,0.00048674739082343876,5.109167432237882e-06,0.0009789098985493183,8.03287184680812e-05,0.0010091986041516066,-0.001213091891258955,0.0013407059013843536,-0.0012027216143906116,5.767422408098355e-05,0.00020769501861650497,-0.0015219595516100526,0.00043955777073279023,0.0004177397640887648,-0.0007546325214207172,-0.0003373447398189455,-0.0008630527299828827,0.00029823603108525276,0.0008106733439490199,-0.00023390696151182055,0.0005591078661382198,-0.0010192415211349726,-0.002141536446288228,-0.0004849194665439427,-0.001211797702126205,0.0014638606226071715,2.6463862013770267e-05,6.0980033595114946e-05,-0.0007006946834735572,0.00024597166338935494,-0.00020000482618343085,0.00010521119111217558
dose8k_A_s0,00121.png,0.000524876348208636,0.0007904571830295026,-0.00018287160492036492,-4.787151192431338e-05,0.0006316641811281443,-8.603328751632944e-06,0.0004661342827603221,-0.0001480854843975976,-0.00029915387858636677,0.0005688487435691059,0.0018228564877063036,0.0003963673079852015,-0.0016235755756497383,0.00012279412476345897,0.002674959134310484,0.0004007551178801805,-0.0007353248656727374,-0.00019288565090391785,-5.330066414899193e-05,-0.0004150300519540906,-0.0003890677180606872,1.8248745618620887e-05,0.00015170268306974322,0.0012658495688810945,0.0011911597102880478,0.0007777765276841819,-6.071866664569825e-05,-0.00017780311463866383,-0.0005222341860644519,-0.0011809885036200285,0.0005675982101820409,-0.0009054215624928474,-0.00021607433154713362,-0.0013411218533292413,-1.6547721315873787e-05
dose8k_A_s0,00122.png,-0.0005447776638902724,0.00014382235531229526,0.00040722443372942507,-0.000981200486421585,2.6966272343997844e-05,-5.686637814505957e-05,-0.00017159042181447148,-0.00037004388286732137,0.00019005985814146698,0.0010640331311151385,-0.0019309093477204442,0.0003715853381436318,-0.0007915998576208949,0.0005175961996428668,-0.00032561790430918336,0.00038478992064483464,-0.001687623793259263,-0.00022519320191349834,-0.00014880781236570328,0.0005135530955158174,-0.0006845578900538385,-0.0011497543891891837,-0.0009376014349982142,0.0009927917271852493,0.00018049903155770153,0.001390272518619895,-5.853152833878994e-05,-0.0008496086811646819,0.002053665928542614,0.00019560700457077473,0.0005038121598772705,0.00037581645301543176,-0.000668325403239578,-0.0006382554420270026,0.0005445631104521453
dose8k_A_s0,00123.png,0.0018265872495248914,0.0011639900039881468,-0.0007913165609352291,-0.0010029460536316037,-0.0002837542269844562,-0.0010110592702403665,-0.000781577022280544,0.0007891702698543668,-0.0008202836033888161,0.0021070006769150496,0.0016792513197287917,0.0025926067028194666,-0.000613838667050004,-6.982629565754905e-05,0.00139235844835639,0.0010914934100583196,-0.0010449840920045972,0.0009087159996852279,-0.001760364044457674,0.0020826312247663736,-0.002332662232220173,-0.0004251709033269435,0.0007918225019238889,0.0008450269233435392,-0.0003083893097937107,-0.0002658730954863131,-0.0011473932536318898,0.00012934432015754282,0.00011623969476204365,-0.0007438305183313787,-0.00047541415551677346,0.0007215533405542374,-4.87948018417228e-05,0.00070260523352772,-0.0018416743259876966
dose8k_A_s0,00124.png,-0.00111001159530133,-6.868269338156097e-06,-0.0013958433410152793,4.6624896640423685e-05,0.0005386351840570569,0.0009253870812244713,3.0176612199284136e-05,0.00070504768518731,0.0007411714759655297,0.0005298592732287943,0.0005194930708967149,0.0010797970462590456,-0.0005635010311380029,-0.0013165876735001802,-0.0010430027032271028,0.0011812127195298672,-0.0008928468450903893,0.0008492773631587625,0.0015967832878232002,-0.00010117883357452229,-0.00032461504451930523,0.0008134495001286268,-0.0005990868667140603,0.0021791548933833838,-4.8534297093283385e-05,0.0021045070607215166,-0.0004166967701166868,-0.0022026796359568834,-0.0017171092331409454,0.0004333637189120054,-0.0005942115094512701,-0.0006169973057694733,0.0009582587517797947,0.0004829021345358342,-0.0018923206953331828
dose8k_A_s0,00125.png,-9.292583126807585e-05,0.0012271614978089929,-0.002088076202198863,-0.0008433601469732821,0.0004231797356624156,0.00046834987006150186,0.0008844921248964965,0.00012042793969158083,0.0002973838709294796,0.0005172353121452034,-0.0007538024219684303,-0.0006492567481473088,0.0015159533359110355,0.0021674258168786764,-0.0013143334072083235,0.0003566635714378208,-0.0008113884250633419,0.0012690138537436724,0.002874537371098995,0.0012481054291129112,-0.00029307682416401803,0.0008321713539771736,0.000866617716383189,-0.001461596810258925,-2.6667819838621654e-05,0.00110167998354882,-0.00010152197501156479,0.0015132389962673187,0.0007728883065283298,-0.00013068139378447086,0.0007991759921424091,-0.0016103318193927407,-0.0006091099348850548,-7.729464414296672e-05,-0.0012282012030482292
dose8k_A_s0,00126.png,0.0019196451175957918,0.002212108811363578,0.0012325700372457504,0.0019978389609605074,-0.0018350800964981318,-0.00041545345447957516,-0.000341756094712764,-0.0004324568435549736,-0.0006948112277314067,-0.00029780316981486976,-0.001376454601995647,0.0008831196464598179,-8.005943527678028e-05,0.0009275007760152221,-0.001313335495069623,-0.0004525083058979362,0.0008556751417927444,-0.0011239927262067795,0.000313411233946681,-0.000579305284190923,0.001535777235403657,0.00020131318888161331,-0.00041304665501229465,0.0006503649055957794,-0.00028018010198138654,-0.0008279187022708356,-0.00025218052905984223,0.00040611348231323063,0.0008813480962999165,0.0003425568575039506,0.0004684066807385534,-0.0010703851003199816,0.0017537625972181559,-0.0006092236726544797,0.0014770623529329896
dose8k_A_s0,00127.png,0.0007643864955753088,-0.0009361947886645794,-0.00018203625222668052,0.00237901764921844,0.0004841802583541721,0.0010364654008299112,-0.00010928620758932084,-0.0008014400955289602,0.00033975124824792147,-0.0007955991313792765,-0.0005831261514686048,0.0008797310292720795,-0.001122753950767219,0.0006763894925825298,0.00022160926891956478,-9.282689279643819e-05,0.0001836932497099042,0.0008559598936699331,-0.0016530521679669619,0.001333144842647016,0.00015221793728414923,-1.4781324352952652e-05,-0.0006527803489007056,0.00033042236464098096,-0.0010878739412873983,-0.0005705205840058625,0.0013107064878568053,-9.911811503116041e-05,-0.0005763450753875077,-0.0007192218909040093,0.0012308760778978467,-0.0009360781405121088,-0.0012447094777598977,0.0011370840948075056,-0.00017915209173224866
dose8k_A_s0,00128.png,0.00042950388160534203,1.9712695575435646e-05,-0.0005968059995211661,0.0010700603015720844,0.0006994139403104782,-0.0014441350940614939,0.000855816644616425,0.0005911142216064036,0.0010070555144920945,-0.0017106480663642287,-0.001582563971169293,0.002136611146852374,0.0007916244794614613,0.0002338802005397156,0.0009836188983172178,0.0026357832830399275,0.0005603970494121313,0.0009055288974195719,0.00010992156603606418,-3.4284283174201846e-05,0.0007227822788991034,0.0001764370099408552,0.00012721667008008808,0.0013673080829903483,-0.0009302402613684535,0.0009482332970947027,0.00042404886335134506,8.09468183433637e-05,2.8845155611634254e-05,0.0008773527224548161,0.0004986264393664896,0.0004741329757962376,-0.0018115397542715073,1.5076406043590396e-06,0.0008964306325651705
dose8k_A_s0,00129.png,-0.0007414072169922292,0.0002914325159508735,0.0009817838435992599,0.0030245580710470676,0.0020745284855365753,0.0009035558323375881,-0.0005033042398281395,-0.00019633884949143976,0.001802819431759417,0.002875669626519084,-0.0004516629851423204,2.975462848553434e-05,2.285539812874049e-05,0.00024164812930393964,-0.00023272696125786752,0.0011763237416744232,-1.4956241102481727e-05,0.00043291528709232807,0.00025844841729849577,-0.0012693594908341765,0.000658395525533706,-0.0003584361111279577,2.360635517106857e-05,-0.0002129941713064909,0.001259130658581853,-0.0006983187631703913,-0.0008769786800257862,-0.0014211516827344894,0.0006182939396239817,1.281392059127029e-07,0.0021169637329876423,-0.0009048301144503057,-0.000974520924501121,-0.0006975053693167865,-0.000952970003709197
dose8k_A_s0,00130.png,0.0005013819318264723,0.0007730186334811151,0.0004902859218418598,-0.0005346723482944071,0.00016496184980496764,4.4874825107399374e-05,-0.0010032010031864047,-0.00018599657050799578,3.8836802559671924e-05,-1.4657968677056488e-05,-0.0009543615742586553,-0.0004177476221229881,-0.0001196318626170978,-0.0009802498389035463,0.0004721790610346943,0.0003963641356676817,-0.0005033596535213292,-0.001773584634065628,-0.00022503510990645736,0.0008575711981393397,0.0012393129291012883,-0.0015722053358331323,0.0014441355597227812,-0.00023331939883064479,0.0002839679364115,-0.00029295304557308555,0.0018688918789848685,0.001802631071768701,-0.00044775448623113334,-0.00013359785953070968,0.0009740870445966721,0.0012743861880153418,-0.00037779135163873434,0.0008810193976387382,0.0005173374083824456
dose8k_A_s0,00131.png,-0.0004086658591404557,-0.00016359469736926258,-0.0012981323525309563,6.972051050979644e-05,-0.0005658020963892341,0.0016164275584742427,-0.001301343203522265,-0.0007181332330219448,-0.00036205182550475,0.0002380567602813244,0.00013209292956162244,-0.00011050044849980623,-0.0018459738930687308,0.0016440078616142273,-0.0015670385910198092,0.0008036319632083178,-0.0011052197078242898,-0.0009535132558085024,-0.0011583952000364661,-0.001377395703457296,-0.0006234191823750734,-1.5991485270205885e-05,-0.002841715235263109,-0.0002498659596312791,-4.1746072383830324e-05,-0.00041987907025031745,-0.0007403031922876835,-0.0005640532472170889,0.0001742658787406981,0.0004367590881884098,-0.0007246758323162794,0.00010360924352426082,0.00056888023391366,2.4883518563001417e-05,0.001076816231943667
dose8k_A_s0,00132.png,-0.00024975588894449174,-4.856777741224505e-05,0.0002733281289692968,0.0006853386876173317,-0.0010498006595298648,-0.0004011625424027443,8.530182094546035e-05,-0.0017398684285581112,0.00019157696806360036,-0.0017509576864540577,-0.0001472347939852625,-0.001040956238284707,-0.00042619617306627333,0.00034761845017783344,-0.0002873315243050456,0.00017516204388812184,0.0002588909410405904,4.1399332985747606e-05,0.0011524191359058022,-0.0009992069099098444,-0.00048774367314763367,0.001350271631963551,-0.0005814462201669812,-6.391080387402326e-05,-9.970721293939278e-05,0.00028278533136472106,-0.000272187840892002,8.149183850036934e-05,-4.2899475374724716e-05,-0.0002216835564468056,-0.0010749552166089416,0.0006096502766013145,0.00013056257739663124,0.000293258810415864,0.0005917581729590893
dose8k_A_s0,00133.png,6.252161256270483e-05,0.0007900664932094514,-0.0013113663299009204,0.0002965685853268951,-0.00018755451310425997,0.002014095662161708,-0.0002843244874384254,0.0005649360246025026,0.0005557273398153484,-0.00041345550562255085,0.0006289986777119339,0.00027028651675209403,-0.0012277333298698068,0.0017980745760723948,0.00032223231391981244,0.0010574483312666416,-0.0005634407862089574,0.0007059346535243094,0.0008334863814525306,-0.00017720473988447338,-0.0010664359433576465,-6.483230390585959e-05,0.0008907506708055735,-0.002464783377945423,-3.268152067903429e-05,-0.00036355917109176517,-0.0009813251672312617,-0.0007995088817551732,0.0006271618767641485,-0.0002925325243268162,0.000767213583458215,-0.00023191000218503177,0.0017485908465459943,-8.9267261500936e-05,0.0005352582666091621
dose8k_A_s0,00134.png,-0.0014059437671676278,-0.0012016550172120333,0.0018063553143292665,9.25975400605239e-05,-0.0010164782870560884,-0.0001432619319530204,-0.00017645135812927037,0.0001890710846055299,0.0004435793380253017,4.4824464566772804e-05,-0.001174110104329884,0.001227834727615118,0.0010040713241323829,-0.0008356296457350254,0.00048817333299666643,-0.00016174516349565238,0.00023602950386703014,0.0003038427676074207,-0.0003680966328829527,-0.000657048134598881,0.0008470384054817259,-0.0010985920671373606,0.0013976774644106627,-0.0009183905203826725,0.0004471519496291876,-0.0006759373936802149,-6.059237784938887e-05,0.0007827496738173068,-0.000256399653153494,0.00010508715058676898,0.001325105899013579,-0.0012658028863370419,-0.0005974277155473828,-0.0002136037073796615,0.00023169592896010727
dose8k_A_s0,00135.png,-0.001100058201700449,0.0002795972104649991,0.0008419357473030686,-0.0002627676003612578,-0.0005017085932195187,-0.001046111574396491,0.0014372651930898428,7.280417048605159e-05,0.0009007355547510087,-0.0007150261662900448,0.0003504939377307892,-0.0008844592957757413,0.0003229784779250622,-0.0012544365599751472,-0.0001964662951650098,3.065735290874727e-05,-0.00047578924568369985,0.0017909619491547346,-0.0011036532232537866,-0.00020678389410022646,-0.000513881619554013,-0.00048150765360333025,0.003160283900797367,-3.869369538733736e-05,-0.00048607628559693694,-0.00016397684521507472,-0.0008483039564453065,0.0019970491994172335,0.0011147564509883523,-0.00048695827717892826,0.0004403151397127658,-0.0011398240458220243,0.0023924277629703283,0.0015096126589924097,-0.0007725896430201828
dose8k_A_s0,00140.png,-0.0008469196036458015,-0.00045255443546921015,-0.0005798856727778912,0.0016082009533420205,-0.0007469392730854452,-0.0010832069674506783,-0.0007672162028029561,0.0007518682978115976,-0.00010380429739598185,0.0027586237993091345,-0.00010550802835496143,0.000398875679820776,0.0009174764272756875,-0.0002629479276947677,0.0008022928377613425,0.0008744506048969924,-0.0022109178826212883,0.0006623179651796818,-0.0012067642528563738,-0.0005856355419382453,-4.139300654060207e-05,0.00033314633765257895,0.0002337447222089395,0.0014208570355549455,0.0004012610879726708,0.0007376228459179401,0.0011339584598317742,-0.0007638956885784864,0.0018405800219625235,0.0001225608866661787,0.0018186261877417564,-2.0726705770357512e-05,-0.0016087056137621403,0.001603611628524959,-0.00041956055792979896
dose8k_A_s0,00141.png,0.00045120983850210905,0.0001039913622662425,9.164619405055419e-05,0.002773627871647477,0.0013841224135830998,-0.00029380188789218664,-7.868816283007618e-06,-0.00019342916493769735,0.0009456092375330627,0.0010312121594324708,-0.00014366969116963446,-0.0012101512402296066,-0.0019403987098485231,-0.0003698570071719587,-0.0015604908112436533,-0.0008881631656549871,0.0008539016707800329,-0.0011211443925276399,-0.00015656887262593955,2.5507847567496356e-06,0.0016616866923868656,0.00021161462063901126,-0.0004562369722407311,0.0010128006106242537,-0.001579649280756712,-3.797139288508333e-05,-0.0015281825326383114,3.9992806705413386e-05,0.0005003301193937659,-0.0015474241226911545,0.0005784378154203296,0.001159314182586968,0.0008185317856259644,0.0007251551141962409,-0.0005069900071248412
dose8k_A_s0,00142.png,-0.0017970186891034245,-0.002249722834676504,0.0014441238017752767,-0.000472679064841941,-0.0018172587733715773,0.0009526218636892736,-0.0010454441653564572,0.0007295985124073923,-1.766180866979994e-05,-0.00025296362582594156,0.0011529400944709778,0.001406415249221027,0.0014639470027759671,0.0020477070938795805,-0.00022782896121498197,-0.000574529985897243,0.001265832339413464,0.002366218715906143,0.0004693410301115364,0.0005285096121951938,0.00017765785742085427,0.00016692408826202154,-0.00012157260061940178,0.0007618209929205477,0.0006177796167321503,-0.0006932741962373257,1.298774623137433e-05,-0.0007442570058628917,0.0005941336858086288,0.00021184084471315145,-9.935580601450056e-05,-0.00045214450801722705,0.0004461357893887907,0.0013296178076416254,0.000900908256880939
dose8k_A_s0,00143.png,-0.0009911911329254508,-0.0019437111914157867,-0.0005703623173758388,0.0007326373015530407,-0.0009443547460250556,-0.0012742959661409259,-3.599624687922187e-05,0.0015661477809771895,0.0008697109878994524,0.00040860785520635545,-0.0018012635409832,-0.0015839168336242437,-0.002855504397302866,0.0002961867139674723,0.0002362463710596785,6.067604772397317e-05,-0.00010769326763693243,-0.0007926782127469778,-0.0006955795688554645,-0.00037318034446798265,-0.0009750925237312913,-0.0012886235490441322,0.0016755065880715847,0.000198351131984964,-0.0006776256486773491,0.0019441074691712856,-0.00012228952255100012,8.435700146947056e-05,-0.00015658124175388366,0.00013382213364820927,-0.0004422817728482187,-0.0015077205607667565,-0.0009429828496649861,0.00043385656317695975,0.0004234850639477372
dose8k_A_s0,00136.png,-0.0012448373017832637,-0.0022902116179466248,-0.0007136637577787042,0.00016518538177479059,-0.0003377745160833001,5.831019007018767e-05,0.000333678035531193,-0.00011822048691101372,-0.0010824303608387709,-0.0009657525224611163,0.0006008249474689364,0.0015071266097947955,0.0006512338877655566,0.0011203533504158258,-0.0019303078297525644,0.0007337583811022341,-3.150958218611777e-05,-0.0013016548473387957,0.0007832074188627303,-0.0004750644729938358,0.0003203804953955114,-0.0005378786008805037,0.001022382639348507,-4.070215072715655e-05,0.00029621730209328234,0.00033830959000624716,0.0006700758240185678,0.0004737558192573488,-0.0009406309691257775,-0.0005552808870561421,-0.0007148481090553105,3.9037771784933284e-05,0.0014581012073904276,-7.493994780816138e-05,0.00037555673043243587
dose8k_A_s0,00137.png,-8.74995967024006e-05,-0.0005417122738435864,-0.0002087853499688208,-0.0015022419393062592,9.448951459489763e-05,-0.0005230428068898618,9.23972693271935e-05,0.00148480711504817,-0.00024920867872424424,0.00010967074922518805,0.000640331709291786,0.0008756592869758606,0.0018116211285814643,-0.001831850386224687,0.0009568710229359567,6.855432729935274e-05,0.00033651303965598345,-0.00012924015754833817,0.0007965046097524464,0.0014213159447535872,0.00015457543486263603,-0.0003267092106398195,0.00021966485655866563,-0.00031947719980962574,0.0014571294886991382,-0.0017121740384027362,0.0005440450040623546,0.0005378703353926539,5.487887392519042e-05,-2.5480392650933936e-05,0.00014627177733927965,0.0014433859614655375,0.0010464168153703213,-0.0009337954688817263,-0.0016847634688019753
dose8k_A_s0,00138.png,-0.00027094047982245684,-0.0005540460115298629,-0.0006166311213746667,-0.003150998381897807,-0.00040891626849770546,0.00018182788335252553,0.0005223720800131559,0.0006657828344032168,0.00012183029321022332,-0.0009602315258234739,-8.332987636094913e-05,0.0006996677257120609,-0.0001901735959108919,0.00048247454105876386,-0.0005136064137332141,-0.0005628497456200421,2.8894459319417365e-05,0.00013320962898433208,-0.0016514104790985584,-0.0005591103108599782,0.0016816395800560713,-0.0013475674204528332,0.0002825992996804416,0.0004209152248222381,0.00021771284809801728,0.0006473020766861737,-0.0011858821380883455,0.0004972451715730131,0.00048643225454725325,0.000684030877891928,-0.0018578903982415795,-0.00018622128118295223,-0.0011530218180269003,0.000625037238933146,-0.00043797693797387183
dose8k_A_s0,00139.png,0.0006299650412984192,0.0010492459405213594,-0.0009353538625873625,0.0005418956861831248,0.0015342728001996875,0.0006350555340759456,-0.00021407968597486615,-0.00037501391489058733,0.0005977011751383543,-0.0007651389460079372,0.0010585739510133862,-0.0004889390547759831,-0.001130312797613442,-0.0013878244208171964,-0.0006607160321436822,0.0006365288863889873,0.0006146657397039235,0.0010442998027428985,-0.00018950735102407634,0.00047058332711458206,-0.0007401378243230283,-0.0005853812326677144,0.0008509724284522235,0.0008120063575915992,0.0015473085222765803,0.0004431804991327226,0.0013797243591398,-0.0009246895206160843,2.1790572645841166e-05,0.00010127258428838104,-0.0007766163325868547,-0.0017206115880981088,-0.0010332221863791347,-0.000241115631069988,0.00033926169271580875
dose8k_A_s0,00144.png,0.00016663836140651256,-0.00022384320618584752,0.00022521645587403327,-0.000831525307148695,-0.0005802193190902472,0.000501527392771095,0.0003278083459008485,-0.0006573168211616576,-0.00042624009074643254,-0.00010716647375375032,-0.0009529663948342204,-0.0008151303045451641,0.0010730401845648885,-8.078505925368518e-05,0.001324026263318956,-0.0004222216084599495,0.00013427977683022618,-8.160495781339705e-05,0.00021831787307746708,0.0009772349148988724,0.00010212099005002528,0.0007257902179844677,0.0005895477952435613,0.0009926845086738467,0.0010037183528766036,-0.00021841500711161643,0.0012987559894099832,0.00017124270380008966,0.0010612334590405226,-0.0011162020964547992,0.0015416519017890096,-0.00018712776363827288,9.809389302972704e-05,0.0009359793039038777,-0.0005978686385788023
dose8k_A_s0,00145.png,0.000197836387087591,0.0003758800448849797,-0.00011676282883854583,0.00011130604252684861,0.0007811683462932706,0.003012007102370262,-0.0004418279277160764,0.00030854003853164613,0.0003501775790937245,0.00033372672623954713,0.0018262455705553293,0.0006421519792638719,-0.000837501953355968,-0.0005740469205193222,0.00012430676724761724,0.0009340085671283305,0.0017498076194897294,-0.00012434380187187344,0.0009414986125193536,-3.8636131648672745e-05,-0.0005438822554424405,-0.0012607512762770057,0.0010161915561184287,0.0009219751227647066,0.0016176828648895025,-0.00028980313800275326,-0.0006748118321411312,0.00045124374446459115,-0.0018110590754076838,-0.0004228695179335773,-0.0015617175959050655,0.0012609411496669054,-0.0022278043907135725,-0.0011222019093111157,-0.0016858258750289679
dose8k_A_s0,00146.png,0.00013168416626285762,0.0005071508348919451,-0.0008868865552358329,0.001293084234930575,-0.0003937693836633116,-0.001116297673434019,0.00228575780056417,-0.0006051179952919483,0.00028829934308305383,-0.0004479103663470596,0.0012594921281561255,-0.0005444565904326737,0.0005663215415552258,0.0006953784031793475,-0.0007621124386787415,0.002891057636588812,-0.0008720213081687689,6.253330502659082e-05,-0.0013293628580868244,-0.0008072206983342767,-0.0006017015548422933,-0.0006652012816630304,0.00010655009100446478,-0.00010241343989036977,-0.00023347418755292892,0.0002820890804287046,-0.0002015115023823455,0.0007505525136366487,-0.000935627962462604,-0.0017476403154432774,-3.140557601000182e-05,-0.002058040350675583,-0.0003901278832927346,0.0005724899820052087,-0.0009534711134620011
dose8k_A_s0,00147.png,-0.0009059293079189956,0.0003027869388461113,-5.510795745067298e-06,-0.0003119979810435325,0.0010652514174580574,0.00035594499786384404,0.0005917822709307075,0.00024324757396243513,-0.0005531770875677466,-0.0005538615514524281,0.0006273137987591326,-0.0015040026046335697,0.0021173630375415087,0.0005676288274116814,-0.0014807945117354393,0.0002419420488877222,0.0008971028728410602,-0.0008265425567515194,-0.0002714025613386184,0.0009440853609703481,-0.0003066846984438598,0.0013001589104533195,-3.0370234526344575e-05,-0.0005334516754373908,0.0009350304608233273,0.0004121992678847164,-0.0013444002252072096,0.0011482953559607267,0.00035407085670158267,-0.0005862886901013553,-0.0009941785829141736,-0.0002945861779153347,0.0008533754735253751,-0.00039447340532206,-0.0005383514217101038
dose8k_A_s0,00148.png,-0.0007391712279058993,-0.0010409509995952249,-0.0006036566919647157,-0.002458021743223071,0.0007292238879017532,-0.00028014814597554505,-0.0004900422063656151,-4.30216095992364e-05,0.000592048920225352,0.0007379516609944403,0.0010309243807569146,0.0010358159197494388,0.001635307795368135,-0.0018821472767740488,0.0003498248406685889,0.0017853782046586275,0.0007488630362786353,-9.548737580189481e-05,-8.915738726500422e-05,-0.0005387854762375355,0.00032350688707083464,0.0007967420388013124,-0.0006386149325408041,2.648064310051268e-06,-0.0007593457703478634,0.0001735810365062207,0.0011023776605725288,0.00010185517021454871,-0.0025528990663588047,0.00043618245399557054,0.001482019666582346,-0.0012325044954195619,-0.00039184174966067076,0.0003571298730093986,0.0006218261551111937
dose8k_A_s0,00149.png,0.0004117387579753995,0.0010600496316328645,-0.000734784291125834,-0.0012062700698152184,0.0006338675157167017,0.00047181747504509985,0.0006380449049174786,-0.00017415473121218383,-0.000551624340005219,0.0006174261216074228,8.295616862596944e-05,0.0005373246385715902,0.00010715008102124557,0.0016476199962198734,-0.0008401438244618475,-0.0007972645689733326,-0.0003857213887386024,0.0008351689320988953,2.714207766985055e-05,-0.0012138396268710494,0.0005313443252816796,0.00021737512724939734,0.0004998051444999874,-0.00030179618624970317,0.00011474348866613582,0.00029536537476815283,0.00033032349892891943,0.00015739008085802197,-7.343506877077743e-05,-0.00014488433953374624,-0.000564847607165575,0.00033359468216076493,0.000103651502286084,0.0002927257737610489,-0.0004400520701892674
dose8k_A_s0,00150.png,0.00013144846889190376,-0.0012398995459079742,0.00043559863115660846,0.0015799890970811248,0.0023141149431467056,-0.0004247459874022752,-0.0008846321143209934,0.001607860205695033,0.0011076846858486533,0.0011479336535558105,0.00045581895392388105,-0.0011712550185620785,0.0010358641156926751,0.0004334704717621207,0.000840935215819627,1.504952524555847e-05,-0.0007038011099211872,-0.0013598257210105658,-0.0007172779296524823,0.000832364778034389,-0.00030551545205526054,-0.0012760793324559927,-0.0009207843686453998,0.0005345632089301944,-0.0007219822145998478,0.0004432380956131965,-0.0005805855616927147,-0.0014346244279295206,0.0004631911579053849,0.0007650122279301286,-4.486980287765618e-06,-0.00010640285472618416,0.0005748709081672132,0.000427039252826944,-0.0010087692644447088
dose8k_A_s0,00151.png,9.616653551347554e-05,6.717308860970661e-05,0.0009906027698889375,-0.00025597287458367646,-0.0015978353330865502,0.000209800957236439,-0.0012814190704375505,0.0010768119245767593,-0.0009305462008342147,0.0009021848090924323,0.0019416905706748366,0.001850808854214847,-0.0009073299006558955,0.00033251967397518456,0.0007578071672469378,-0.0014685401692986488,0.0012347777374088764,-0.0020400788635015488,0.0014013618929311633,0.0008007989963516593,-0.0005937282112427056,0.0007174449856393039,1.1522726708790287e-05,0.00025744023150764406,0.0001607471494935453,-0.0006328352028504014,-0.0013305956963449717,-0.0005339240888133645,-0.0012258372735232115,-0.00015391901251859963,4.7831952542765066e-05,-0.0001913780433824286,-0.0007524365209974349,0.00025867309886962175,0.0010017319582402706
dose8k_A_s0,00160.png,0.0010215539950877428,0.0011791682336479425,0.0008918280946090817,0.0014144956367090344,-0.0008414564654231071,-0.0006577624590136111,0.0006025016773492098,-1.4966919479775243e-05,0.0005132370279170573,0.0009952535619959235,-0.0015411342028528452,-0.0005377584020607173,0.0006437500123865902,-0.00035991278127767146,0.0006687281420454383,-0.00024420570116490126,0.0007996384520083666,-8.42873050714843e-05,-0.001580098527483642,-0.0005417033680714667,-0.0006567318341694772,-0.0002007551956921816,5.93496260989923e-05,-0.00010165332059841603,0.0001671772333793342,-0.00042036327067762613,0.00011864644329762086,0.0002514230727683753,-0.0004008700489066541,0.0001230164198204875,-0.00011264842032687739,-0.0019953215960413218,-0.0005939988186582923,-0.00039836467476561666,0.00011072472989326343
dose8k_A_s0,00161.png,0.0028010627720505,0.0016295819077640772,-0.0019011012045666575,-2.0690285964519717e-05,-0.0010685290908440948,-0.0011469053570181131,-0.00033207409433089197,-0.0016252376371994615,-0.0009850750211626291,0.0011055328650400043,0.0010838432935997844,0.00042389286682009697,0.00045977384434081614,-0.00014867800928186625,0.001357940142042935,-0.002376110292971134,0.0003812588984146714,2.6918427465716377e-05,0.0005637277499772608,-0.0007825858192518353,-0.0007129504228942096,-0.001156769460067153,0.0012250990839675069,-0.0011653616093099117,0.00015426297613885254,0.0007931289146654308,-0.0005453253397718072,0.0010657827369868755,0.0008624793845228851,0.0001625939621590078,0.0004883400397375226,0.0007416068692691624,-0.0007326883496716619,0.0005366469267755747,0.00016313378000631928
dose8k_A_s0,00162.png,0.0008110018679872155,0.001740406034514308,0.0008345914538949728,0.00011778418411267921,-0.0012719176011160016,-0.00047945036203600466,0.00016438802413176745,-0.000542852736543864,-0.0007150601013563573,-0.00016477782628498971,0.0015895572723820806,-0.0014753418508917093,0.0011964587029069662,0.000420555064920336,0.00017684568592812866,0.00013537098129745573,0.00010407786612631753,5.656877692672424e-05,-0.0006282335962168872,-2.329955577806686e-06,-0.00042750281863845885,-0.0021966395433992147,-0.001109505188651383,-9.924002370098606e-05,-0.0002915233199018985,0.0006796953966841102,-0.0004916531033813953,0.0004942225641570985,-0.0003487425565253943,0.00019925709057133645,-0.0003817664401140064,0.0002665660867933184,-0.0002309412375325337,-0.0006824448355473578,-0.00042177512659691274
dose8k_A_s0,00163.png,0.0003236803750041872,0.00011166377953486517,0.0010332746896892786,0.0003676263149827719,-0.0005230012466199696,0.0002512325590942055,-0.0014642503811046481,0.0017043399857357144,0.0013637450756505132,0.0005580771248787642,-0.00090009969426319,-0.0006196032627485693,0.000159737333888188,-0.00013263410073705018,0.000971226196270436,-4.202550189802423e-05,-0.0006116766016930342,-0.0012309923768043518,-0.0016999759245663881,-0.002144532511010766,0.001676736632362008,-0.00043914210982620716,0.00031877303263172507,-0.0003577676834538579,0.0005041689146310091,0.000185082433745265,-0.001545315608382225,-0.0013120458461344242,0.00038726459024474025,6.043240864528343e-05,-0.0011425511911511421,0.0005875417264178395,0.0004272755468264222,0.0004565686103887856,0.0003171654243487865
dose8k_A_s0,00156.png,9.979880996979773e-05,0.0008106688619591296,0.0011159327114000916,-0.00021340242528822273,-0.0014778760960325599,-7.30194296920672e-05,0.00038439425406977534,0.0009466906194575131,-0.00030780117958784103,-0.002577557461336255,-0.0005658033769577742,9.242707892553881e-05,0.0022131011355668306,-0.0005957465036772192,-0.0005449168966151774,-3.4679280361160636e-05,-0.0015915102558210492,0.0009431238868273795,5.228335430729203e-05,-0.0005325664533302188,2.025590765697416e-05,0.00039900190313346684,0.0005439575761556625,-0.0002927422756329179,0.0015288841677829623,0.0014006496639922261,0.0014942929847165942,-0.0008408280555158854,0.001155351405031979,0.00034284350113011897,-0.00015678495401516557,-0.00021088754874654114,-0.00013741638395003974,-0.0006279428489506245,0.0019390431698411703
dose8k_A_s0,00157.png,-0.0011770558776333928,-0.0017059175297617912,0.000546977506019175,-0.0004316504637245089,0.0008813987951725721,-0.0009448425262235105,-0.0005134897073730826,0.0012311007594689727,0.00014346321404445916,-0.0006406211759895086,0.0006773010827600956,-0.0005887731094844639,-0.0004908200935460627,-0.00019073796283919364,0.00036734066088683903,-0.00021329229639377445,0.00026993558276444674,-4.754645851789974e-05,-0.0006164052174426615,0.001018195296637714,-0.00030599135789088905,-0.0023879101499915123,-0.0008090024348348379,-5.244140629656613e-05,0.0005710756522603333,-0.00017437095812056214,6.486028723884374e-05,-0.0016022460767999291,-0.0013750537764281034,0.0004179781535640359,8.971693750936538e-05,0.0009952005930244923,-0.0004111137823201716,0.0009930938249453902,-0.000470361061161384
dose8k_A_s0,00158.png,0.00036640139296650887,0.000722141470760107,-0.001808120752684772,-0.0006061437889002264,-0.001564573496580124,0.0003391173086129129,-0.0005147398915141821,9.381280506204348e-06,0.0008490323671139777,-0.00038782472256571054,0.0012393390061333776,0.0008755608578212559,0.00028669563471339643,-0.001043307944200933,9.77381132543087e-05,-0.00027275856700725853,0.0007027526735328138,-0.00047720156726427376,-0.00030113221146166325,-0.0006593978032469749,0.0002465068537276238,-9.706728451419622e-05,0.0019988794811069965,0.0013893046416342258,0.000846821058075875,0.0013342498568817973,0.0022666419390589,0.00030455493833869696,-0.001175848301500082,0.00033739354694262147,-0.0003254553012084216,0.0007923610974103212,0.0003419108979869634,-0.0003243331448175013,-0.0006434873212128878
dose8k_A_s0,00159.png,-6.450253567891195e-05,0.00019549226271919906,0.00017224067414645106,-0.0013009210815653205,-0.001282324898056686,-0.0006096810684539378,-0.0007886047242209315,0.0012936178827658296,-9.496702114120126e-05,0.00010402041516499594,-0.0009538591839373112,-0.0012353536440059543,-0.0011381672229617834,-0.0009563381900079548,-0.0006835339590907097,0.00022596796043217182,0.0011809933930635452,-0.000262584158917889,-0.0005504052387550473,-0.0007265182211995125,0.0002938297111541033,0.00017158110858872533,-0.0007261575665324926,-0.001183164305984974,0.002274569356814027,0.00029940580134280026,0.0002652072871569544,-0.0012245896505191922,-0.0009864778257906437,0.0006099720485508442,0.0013995160115882754,-0.0005095010856166482,0.0028807460330426693,0.0010515893809497356,0.0012755043571814895
dose8k_A_s0,00152.png,0.0006020018481649458,0.0007990427548065782,-0.0001860211486928165,0.0010963167296722531,-0.0007723094895482063,-0.000583849789109081,-0.00048626374336890876,0.0014008961152285337,0.0007781246094964445,-0.0006464613834396005,-7.821250619599596e-05,-0.0006234879256226122,0.0002950557100120932,0.0007915921742096543,-0.00039925918099470437,-0.0005740076303482056,-0.0004396023286972195,-0.0007977655041031539,0.0005771841388195753,8.07827600510791e-05,8.647167851449922e-05,-0.0003887977509293705,-0.001122477580793202,0.0013278096448630095,-4.594115125655662e-06,0.001414199359714985,6.51250229566358e-05,-0.0004521188384387642,0.0012104789493605494,-0.0007485896348953247,-0.0004437369352672249,-7.554300100309774e-05,-0.0009268930880352855,-0.0019166491692885756,-0.0009957198053598404
dose8k_A_s0,00153.png,-0.000331484159687534,-0.00042326466063968837,-0.0012958471197634935,-0.00012810915359295905,0.0008705491782166064,0.0001117082720156759,0.0006588254473172128,-0.0005923336721025407,2.4172817575163208e-05,-0.00012393834185786545,0.00035094155464321375,0.0004090665315743536,-0.0006279012886807323,-0.000935227784793824,-0.0003640423819888383,-0.0007827370427548885,-0.00032452825689688325,7.559095683973283e-05,-0.0015899910358712077,0.00026081345276907086,-8.489516767440364e-05,-0.00046677381033077836,8.266659278888255e-05,-0.0009098201408050954,-0.0008770862477831542,-0.00044687214540317655,0.00016247988969553262,-0.0005050762556493282,0.0004262170987203717,0.0006765761063434184,0.00014687437214888632,0.00043175159953534603,-0.00035799830220639706,0.0006968089146539569,0.00031335631501860917
dose8k_A_s0,00154.png,-0.0009266679990105331,-0.0017290462274104357,0.0010621161200106144,0.0005926089361310005,0.002656502416357398,-0.0010968911228701472,0.0004075529286637902,-0.00015470270591322333,0.0003198568010702729,-0.00022011066903360188,0.0006581246852874756,0.002177710412070155,0.0007063680677674711,-0.0006366905872710049,0.0007180832326412201,-0.0009744282579049468,-0.0004071533039677888,0.0007910176063887775,-0.0002745988022070378,-0.00014872162137180567,-0.00014617072883993387,-0.0002723360375966877,0.0007185285212472081,-0.0006121518672443926,0.00069937709486112,-0.00028312139329500496,-0.0005776649340987206,-8.457637159153819e-05,-0.0008169442298822105,-0.0007091485313139856,-0.001822192338295281,0.001188998343423009,0.0016379281878471375,-9.608032996766269e-05,0.000533569953404367
dose8k_A_s0,00155.png,0.0008462666301056743,0.00020688418589998037,-0.0021846387535333633,-0.00058908382197842,-0.0007992362952791154,-0.0011979388073086739,-0.0006980018806643784,0.000549419317394495,-0.00041672162478789687,-0.001379351015202701,0.0007299270946532488,-0.0009540382889099419,0.0006266170530579984,-0.00168801995459944,0.00021697324700653553,-0.0011143309529870749,0.000511275022290647,0.0011605401523411274,-0.0006016521947458386,0.0002683828060980886,0.0019991465378552675,0.00015982441254891455,0.0007287007756531239,0.00016909123223740608,0.0022553170565515757,-0.0003832563816104084,-0.0009568679961375892,0.0009503185283392668,0.0005631869425997138,-0.0019761323928833008,-0.0010843494674190879,-6.446765473810956e-05,0.00018633046420291066,0.00013670872431248426,-0.0007267806213349104
dose8k_A_s0,00164.png,2.5433411792619154e-05,0.0005898031522519886,0.0005061286501586437,-0.00018279576033819467,0.0019289277261123061,-0.0013279200065881014,-0.002029897877946496,-0.0015213567530736327,0.0018280410440638661,-0.00017701111210044473,0.0006479462026618421,-0.0014227604260668159,-0.0010992034804075956,0.0001553818437969312,-0.0005474978243000805,-0.0011246148496866226,-0.0006594914011657238,-0.00032971156178973615,-0.0005105174495838583,-0.002049601636826992,-0.00013513291196431965,0.00021109594672452658,0.0011289993999525905,0.001425672904588282,0.0003323557903058827,0.0002753104781731963,-0.0007677770918235183,-0.0003085807547904551,0.0007819891325198114,3.7141226130188443e-06,0.00028325081802904606,0.00015616981545463204,-0.0007340090232901275,-0.0021565163042396307,0.0024551290553063154
dose8k_A_s0,00165.png,0.0013897139579057693,0.0011387451086193323,-2.953986040665768e-05,-0.0008416268974542618,0.001465151086449623,0.00019975808390881866,0.00024052208755165339,0.001480034552514553,0.0010114089818671346,-0.0012556853471323848,0.00014292937703430653,0.00016589903680142015,0.00042380584636703134,-0.0005642039468511939,0.0008647475624457002,0.0008370294235646725,0.0005408332217484713,0.0010684133740141988,-0.002203561132773757,0.001825162093155086,0.001777728321030736,0.0011544370790943503,0.0013927360996603966,-0.0003611552237998694,0.00023239980509970337,-0.0004133491311222315,-0.0013132082531228662,0.00017983901489060372,-0.002615245059132576,0.0006052721873857081,0.0001772435352904722,0.00021484856551978737,-0.0017094379290938377,0.0001773969124769792,0.0001467378024244681
dose8k_A_s0,00166.png,0.0003807063039857894,-0.00012981808686163276,-0.0007894717273302376,0.00034513158607296646,5.0979797379113734e-05,-0.0008558363770134747,0.0012229790445417166,-0.0006516099092550576,0.0017335795564576983,0.0002191196399508044,0.0017099378164857626,0.0014725805958732963,-0.0006281543173827231,-0.0006276129861362278,-0.00031831779051572084,-5.261147452984005e-05,0.0021648381371051073,0.00019392382819205523,0.001702419831417501,-0.001193133881315589,-0.0002977258700411767,0.000185758966836147,-0.00036478330730460584,0.00037583685480058193,-0.00019422764307819307,0.0009350486798211932,0.00019473001884762198,0.0009900553850457072,-0.0017219225410372019,0.0005156995612196624,-0.0005059498944319785,9.682481322670355e-05,-0.0010714569361880422,3.367964018252678e-05,-0.00039510036003775895
dose8k_A_s0,00167.png,-0.000591208110563457,-0.0007217075326479971,0.0005010527092963457,-0.0005291827255859971,0.001212037866935134,-5.939072434557602e-05,0.00029060422093607485,0.0011703887721523643,-0.00014317002205643803,-0.00040294972131960094,0.000678710755892098,0.0003482494503259659,7.794449629727751e-05,-0.00016895646695047617,0.0009289795416407287,-0.0007383927004411817,0.001952161779627204,0.0002462299889884889,-5.138763299328275e-05,0.00023631184012629092,-0.00035539601230993867,-0.00014478810771834105,-0.0008329672273248434,-0.0011422383831813931,0.00039804543484933674,-0.0004878829640801996,-3.352790008648299e-05,0.0012633648002520204,0.001055598258972168,-0.0008128255722112954,0.0010091657750308514,-0.0018017005641013384,-0.0008115281816571951,-0.00014751660637557507,3.625898898462765e-05
dose8k_A_s0,00168.png,-0.00010357554128859192,-0.0006707751890644431,0.0006585266091860831,-7.58263049647212e-05,0.0016891524428501725,-0.0013011489063501358,0.0006839098641648889,-0.0010531563311815262,0.00036357203498482704,0.0005769378039985895,0.0001323019969277084,-0.00032988490420393646,-0.00044738539145328104,0.00011845157132484019,0.00012314619380049407,-0.000312027899781242,-0.0010266692843288183,0.0004232979263179004,-0.00011095128138549626,-0.00047644603182561696,-0.00014653554535470903,-0.0004490698629524559,-0.0005891714245080948,0.00046981943887658417,-0.0006997531745582819,0.0005151357618160546,-0.00042661611223593354,-0.00038858779589645565,-0.00028201035456731915,0.0009699751390144229,0.00019916176097467542,0.0002664272324182093,-0.0005311425775289536,-0.0007304890896193683,-0.0009606194798834622
dose8k_A_s0,00169.png,0.00016998732462525368,-0.0008710281690582633,7.25125428289175e-05,-0.001407747738994658,3.968365490436554e-05,3.482388274278492e-05,-0.0011561980936676264,0.001290785614401102,0.0002600420266389847,0.000561596651095897,-0.00024055571702774614,0.0005836886703036726,0.0015957847936078906,0.0006032989476807415,-0.0014742553466930985,9.898731514113024e-05,0.0003070447128266096,-0.0010934858582913876,0.00042259751353412867,0.0009321932448074222,-0.0002319948689546436,0.001796929631382227,0.0003690917801577598,0.0009303780389018357,-6.076463978388347e-05,-0.00012308188888709992,-0.0018214586889371276,-4.2037718230858445e-05,9.193186269840226e-05,0.0006092094117775559,0.0015623696381226182,0.0002530776837375015,-0.001133513986133039,-0.00036312377778813243,0.0006666668923571706
dose8k_A_s0,00170.png,0.0003487302747089416,0.0005130182253196836,2.4201150154112838e-05,-0.00011014859046554193,0.0002749310224317014,0.0003763600252568722,0.0008666441426612437,-0.0006207035039551556,-0.00012336041254457086,0.00044994414201937616,0.0013486230745911598,-0.0016374806873500347,-0.0004372417170088738,-0.00018266669940203428,1.1487902156659402e-05,-0.0007092799060046673,0.0017758492613211274,-0.0007428803364746273,-2.536916326789651e-06,0.0004810793907381594,-0.00023338223400060087,-0.0017771057318896055,-0.0006031249649822712,0.0011869649169966578,-0.0013425637735053897,0.0008355822646990418,-0.0009790919721126556,0.000802048307377845,-0.0007095442269928753,-0.0011700689792633057,-0.0001334849075647071,-0.00046247494174167514,-0.0013359900331124663,-0.0025907799135893583,-0.0006619016057811677
dose8k_A_s0,00171.png,0.0004014809674117714,0.0013686142629012465,0.0013682057615369558,0.0023697554133832455,0.0002883069682866335,-0.00043417149572633207,0.0005580580909736454,0.00047425818047486246,-0.0011977322865277529,-0.001839519594796002,0.0002728610998019576,0.00040275079663842916,-3.134197413601214e-06,-0.00015317241195589304,-0.0003565863589756191,-0.00032579066464677453,-0.00033999979496002197,-0.0011761862551793456,0.0010837811278179288,0.0009920961456373334,0.0010220245458185673,0.00031539774499833584,-0.00045581418089568615,0.001122326240874827,0.0008385765249840915,0.0011891579488292336,-0.0014477594522759318,0.0014677807921543717,-0.001828965381719172,0.00014736292359884828,-0.0003194811288267374,0.00023491265892516822,0.00040649593574926257,-9.529377712169662e-05,-0.0007984917610883713
dose8k_A_s0,00172.png,-0.0018314822809770703,-0.001664229086600244,-0.000769270583987236,-8.902604895411059e-05,-0.002048803260549903,0.00031510271946899593,0.0011510748881846666,0.0011918960371986032,-0.00024882907746359706,-0.0012555767316371202,2.1070771254017018e-05,-0.0002946890890598297,-2.4678864065208472e-05,-0.0009870523354038596,-0.0002830104494933039,-0.0010223130229860544,-0.0004536312189884484,0.0007702138973399997,0.00079319067299366,-0.000299760460620746,-0.00012028453784296289,-0.000865708920173347,-0.0009942761389538646,0.00022866200015414506,0.00010074241436086595,0.001307666883803904,0.0013821267057210207,-0.0005095176165923476,-0.0004419072938617319,0.000658832082990557,5.559382407227531e-05,-0.0012886576587334275,0.0009132929844781756,0.0005957249086350203,0.00022945798991713673
dose8k_A_s0,00173.png,0.0003133081190753728,-7.333234680118039e-05,-0.00046921585453674197,-0.0015035992255434394,-0.00021896680118516088,-0.00041160237742587924,-0.0005458060186356306,-0.0014568952610716224,0.0004184851422905922,0.0004905276582576334,0.001188240828923881,-8.615737169748172e-05,0.0007009816472418606,0.0005744585068896413,0.0004121786914765835,0.002119518583640456,0.00021722652309108526,-0.0005990041536279023,0.0013109652791172266,-2.2880274627823383e-05,0.0015144040808081627,-0.0003226597618777305,-0.0003422532172407955,0.0013516494072973728,-0.0007728321943432093,-0.0003167474642395973,-0.0007109848666004837,-0.0018264675745740533,9.598679025657475e-05,-0.0014978948747739196,-0.0004006617236882448,0.0011408394202589989,-0.000389318069210276,-0.0007134390179999173,-0.002347096800804138
dose8k_A_s0,00174.png,0.0003327240119688213,0.00040124007500708103,-0.0001474436721764505,-0.000891523843165487,-0.00019152981985826045,-0.00036702599027194083,-0.0003381935821380466,-0.0005985612515360117,7.392795669147745e-05,0.0016416587168350816,0.0006668109563179314,-9.576648153597489e-05,-0.001024742261506617,0.0005374295869842172,0.0007816643919795752,0.0005941776325926185,-3.152309363940731e-05,0.001129593700170517,-0.0002476224326528609,-0.0003642445954028517,-0.001288925064727664,-0.0006410644855350256,7.630247273482382e-05,0.00043151722638867795,-0.0016809311928227544,0.0016412277473136783,-0.0001539421355118975,-0.0009431616053916514,-0.00039596104761585593,4.2024821595987305e-05,-0.0004916461766697466,-0.0005276310839690268,-0.0025596879422664642,0.0013292308431118727,0.0004466421087272465
dose8k_A_s0,00175.png,0.0005312947323545814,-0.0010348137002438307,0.0006120923208072782,-0.0016272020293399692,-0.0005758926272392273,0.0010837074369192123,0.00041876896284520626,-0.002110903151333332,0.00035734157427214086,0.00041341461474075913,-0.00015634314331691712,2.7769108783104457e-05,0.0009742172551341355,-0.0004845105577260256,-0.0006497744470834732,0.0007208919269032776,0.0002329685230506584,0.0004426001978572458,0.00042540597496554255,-0.00011811692093033344,0.0005211409879848361,-0.00045155780389904976,0.0009047609055414796,-0.0007296115509234369,0.0004806535434909165,-7.035853195702657e-05,0.002443397417664528,-0.0006774258217774332,-0.0005279684555716813,7.746032497379929e-05,0.000763690855819732,-0.0001435648591723293,-0.0006404899177141488,0.001729506067931652,0.0009858962148427963
dose8k_A_s0,00176.png,-0.00041748315561562777,0.0002555560495238751,-0.0012494169641286135,0.0014784542145207524,4.755954068969004e-05,0.0006548355449922383,-0.001291844411753118,-0.0003885300538968295,0.0010894613806158304,-0.0016050452832132578,0.00030484708258882165,-0.0022216711658984423,0.00016551722364965826,0.0009896630654111505,0.0006047526840120554,-4.703675222117454e-05,0.002163640223443508,7.752227975288406e-05,0.0008743730140849948,0.0018446723697707057,-0.0007218221435323358,-2.711287379497662e-06,0.0013959631323814392,-0.0004320213047321886,0.0013056510360911489,0.00011113888467662036,-0.00025326755712740123,0.00049814727390185,0.0018786549335345626,0.00041657648398540914,-0.0009473388781771064,0.000142046352266334,-2.7957181373494677e-05,0.0008787800325080752,0.0005810314905829728
dose8k_A_s0,00177.png,0.0009492263197898865,0.0014112560311332345,-0.0005772276199422777,-0.0021223847288638353,-0.005774366669356823,-0.0005828700959682465,-0.0003472325624898076,-0.0008981148712337017,0.0005884550628252327,-0.00044619207619689405,0.0012487998465076089,-9.333564230473712e-05,-0.0008963410509750247,0.000516870932187885,0.00027812630287371576,0.0008313644211739302,-0.0008942708955146372,0.00020916032372042537,0.00040806829929351807,-0.0003537778975442052,0.0007903585210442543,0.0005519118276424706,-0.00025710812769830227,0.0004916003090329468,-0.0014510705368593335,0.0003358400135766715,-0.0003417975385673344,0.0010232878848910332,0.00038942694664001465,-0.0009859439451247454,0.0003611069987528026,-0.00039639015449211,-0.00034043387859128416,0.0005604654434137046,0.00018438362167216837
dose8k_A_s0,00178.png,0.0016752735245972872,0.0004029060946777463,-0.00013124897668603808,0.0004814898711629212,0.0015775966458022594,-0.0015913884853944182,0.00025958303012885153,0.00037207448622211814,0.00045070424675941467,0.00024409079924225807,0.002395552583038807,-0.0003809215850196779,0.002305334899574518,-0.0002877925871871412,0.0001610030885785818,-0.0005677383160218596,-0.0003171338466927409,-0.0006178910844027996,-0.0014578243717551231,-0.0003583765064831823,0.00039835527422837913,0.0007655228255316615,-0.0011288769310340285,-0.0009575045551173389,0.0008941767737269402,-0.00022283443831838667,-3.689577351906337e-05,-0.0009220042848028243,-0.0013993083266541362,-0.0013316295808181167,0.0008096634410321712,-0.0006034713587723672,0.0005695694126188755,-0.0005646563949994743,0.0014209958026185632
dose8k_A_s0,00179.png,0.0019843359477818012,0.0017701450269669294,-0.002069714944809675,0.0024342730175703764,0.00032925375853665173,2.8383075914462097e-05,0.0006537015433423221,0.0009490646771155298,0.0018509082728996873,-0.0004670779744628817,0.0009642434888519347,-0.0005686411750502884,-2.4376345209020656e-06,-7.561975507996976e-05,0.0009782355045899749,-0.0015531658427789807,-0.0001166512884083204,-0.0004427898093126714,-0.00012706384586635977,5.1004364649998024e-05,-0.0005898824892938137,0.0007079429342411458,0.0007484022644348443,0.0013713603839278221,0.0010142395040020347,0.00036338515928946435,0.001363640301860869,0.00023153274378273636,-0.0006589856930077076,0.0013497122563421726,-0.0007506008259952068,-0.00034180853981524706,0.0016082074726000428,-2.1833451683050953e-05,-0.00010991031740559265
dose8k_A_s0,00180.png,0.0011321750935167074,0.00022283571888692677,-0.0006938788574188948,0.0007236968376673758,-0.0010646675946190953,0.0006959531456232071,0.0005517923273146152,0.0009156808955594897,0.0011071169283241034,0.0009941930184140801,0.0007062869844958186,0.0009240746148861945,-0.0005013772170059383,-0.001046382705681026,-3.600316995289177e-05,-0.00044053656165488064,0.0008350759162567556,-0.001343616284430027,-0.0008053496712818742,-0.0005541349528357387,-0.0007320093573071063,-0.000828768010251224,-0.0001460485509596765,0.0002812210295815021,-0.0011518063256517053,0.0002464171848259866,-0.000920405553188175,-0.0003763740824069828,7.707958138780668e-05,0.00013029336696490645,0.0013654964277520776,0.0006355319637805223,0.0011900010285899043,0.0004732265661004931,0.0015590563416481018
dose8k_A_s0,00181.png,0.0003472461539786309,3.5987410228699446e-05,0.0004923209198750556,0.0032675517722964287,0.0010446757078170776,-0.0011466863797977567,-0.0009871768997982144,-0.00014535730588249862,-0.000558935571461916,0.00026775687001645565,0.00020117028907407075,-0.0013736661057919264,0.0008831169689074159,-0.0006192106520757079,0.0008774778107181191,0.0005013856571167707,-0.0012136254226788878,-0.0006926764035597444,-0.0025330991484224796,0.000573266705032438,-5.2895564294885844e-05,0.00039276230381801724,-0.00021338621445465833,3.378046312718652e-05,-0.0008242467883974314,-0.0005294979200698435,-0.000523640017490834,7.56940571591258e-05,-0.0004596534126903862,-0.0012043798342347145,7.132437895052135e-05,-0.0006262943497858942,-0.00030282780062407255,0.0007812748663127422,0.0007474533631466329
dose8k_A_s0,00182.png,-0.0002718510804697871,0.000168141647009179,0.0003859046846628189,0.0007670684717595577,0.00012235042231623083,-0.00027268403209745884,0.0016898775938898325,4.010480915894732e-05,0.0005886799190193415,0.0003313182678539306,-0.0004108862776774913,3.975215076934546e-05,-0.0008552385261282325,0.0014001639792695642,-0.0008597901905886829,0.002032858319580555,0.0007613096386194229,-0.00042113004019483924,-0.00011393130262149498,-0.0013757457491010427,0.00012399989645928144,0.0006822454743087292,-0.0009689920116215944,-0.0009996452135965228,-0.0005176694830879569,-0.0007514847093261778,0.0011094611836597323,-0.0004717542033176869,0.00028484637732617557,0.00024070667859632522,0.0005475602811202407,-0.00048501594574190676,9.372265049023554e-05,-0.0004520940419752151,-0.0005939821130596101
dose8k_A_s0,00183.png,0.0011946088634431362,0.001584901474416256,-0.00017652948736213148,-0.0002526175230741501,2.581855733296834e-05,-0.0007944112876430154,-0.0005829464644193649,-0.00040118800825439394,0.0003434418758843094,0.00010893556463997811,0.0005580608849413693,0.0007982712704688311,-0.0005099890986457467,0.0004983172984793782,-0.0017263017361983657,-0.00023044289264362305,0.0004306151531636715,-0.00043650020961649716,-0.0021181406918913126,-0.0016543111996725202,-0.00017381580255459994,0.00011000916856573895,0.0010306501062586904,0.0004028775147162378,0.00036011397605761886,0.0005219617742113769,-0.0012808020692318678,-0.0008349500130861998,0.0007238544058054686,0.0015801915433257818,-0.0004575829079840332,-0.0002912570780608803,0.0006601657369174063,0.0015286941779777408,-0.0006237021880224347
dose8k_A_s0,00188.png,-0.0006137307500466704,-0.0008690537652000785,0.00030447254539467394,0.0008733951253816485,0.00021223656949587166,7.215080404421315e-05,0.001114647020585835,-0.0003944790514651686,0.0005750148557126522,0.0011242887703701854,-0.00028770623612217605,0.0009155241423286498,-0.0019079113844782114,-0.0006655004690401256,7.624796126037836e-05,0.0007617492810823023,0.001275444170460105,-0.0008717087912373245,-0.00032231720979325473,0.00021519178699236363,0.00013747785123996437,-0.00018003600416705012,-0.0005582142039202154,0.0012057822896167636,0.0010319690918549895,-4.738575080409646e-05,0.001632104511372745,0.00041769485687837005,-0.0001400012115482241,-0.00015532360703218728,0.0007738510612398386,0.0003566766681615263,0.0004118076467420906,0.0015043969033285975,0.00011869807349285111
dose8k_A_s0,00189.png,-0.0006734126945957541,-0.0006793892825953662,-0.0013175212079659104,-0.0005412388127297163,0.0015159908216446638,-0.00038601382402703166,0.0002501200942788273,0.0004142088582739234,-0.0005196029087528586,0.0007285106694325805,0.0026033378671854734,-0.001829570042900741,-0.0006007081246934831,-0.0002678240416571498,-7.174155325628817e-05,-0.0009326163562946022,0.00041517510544508696,0.0002745904785115272,-0.00039538234705105424,0.00019540751236490905,-1.4797436051594559e-05,-0.0009606197709217668,0.0012088342336937785,-0.0019460322801023722,0.0008392745512537658,-0.0021019065752625465,-0.0003343286516610533,0.0006241544615477324,0.00010357683640904725,-0.00011829932918772101,0.0019773757085204124,0.00013565400149673223,-0.0010722997831180692,0.0005827815039083362,0.0013271475909277797
dose8k_A_s0,00190.png,-0.00028668312006630003,-0.0008852994069457054,-0.0003479493607301265,-0.0003274406772106886,0.0007472773431800306,-0.0005649551167152822,-0.0006775159272365272,0.0001526085688965395,-0.00039142195601016283,-0.0015443781157955527,-0.00020742967899423093,0.0007126959972083569,-0.0014706882648169994,-0.00028939114417880774,0.00034555920865386724,-0.0012354059144854546,0.0001686585892457515,0.0004968768334947526,0.0017301318002864718,-0.001107770949602127,-0.0008943318389356136,-3.929340891772881e-05,0.0023464648984372616,-0.00042654562275856733,0.0014459941303357482,0.0018322040559723973,-0.0010614385828375816,0.000149482351844199,-0.0007502539083361626,-0.0005623379838652909,-0.0010123027022928,0.0012816673843190074,0.0014408092247322202,0.0005058458191342652,-0.00014792750880587846
dose8k_A_s0,00191.png,0.0005982369184494019,0.0008004550472833216,-0.0007933322340250015,-0.0010830829851329327,0.0021037952974438667,-0.0018511507660150528,0.0008766512619331479,-0.0004304118047002703,0.0006540239555761218,-0.00020377177861519158,-0.0005826932028867304,-0.00059817626606673,0.0007486570975743234,0.00019576551858335733,-0.0009174447041004896,0.0006747003644704819,0.00015852665819693357,0.0007427986129187047,0.0005878835218027234,-0.0007879210170358419,-0.00047088967403396964,0.0005827177665196359,-0.0009427272016182542,-0.0008633712423034012,-0.0020780381746590137,0.0009404699667356908,-0.0004657968529500067,-0.0006790779298171401,-0.0009490572265349329,3.4179554404545343e-06,0.00048650227836333215,0.0016599028604105115,-7.698842091485858e-05,0.0002792864106595516,-0.00018689720309339464
dose8k_A_s0,00184.png,0.0008697293233126402,0.0001354529376840219,-0.002029071096330881,-0.0009581181802786887,-0.0014234916307032108,0.00038771575782448053,-8.160458673955873e-05,-4.896086466033012e-05,-0.0010428735986351967,0.0012253107270225883,0.0004060056817252189,-0.0002535824023652822,0.0009199705673381686,0.0005228797090239823,0.00022162303503137082,0.000900371465831995,0.0004310297663323581,-0.0005037995870225132,-0.0008276748121716082,-0.0003866625193040818,-0.00044913365854881704,-4.0338130929740146e-05,-0.0007044351659715176,-0.00038990547182038426,-0.00022854021517559886,-0.0011290240800008178,-0.0006823004805482924,-0.0006944673368707299,0.0004822275077458471,0.0010034533916041255,-0.001057045883499086,0.00033807879663072526,-2.4540588128729723e-05,0.000176254179677926,-0.001617422909475863
dose8k_A_s0,00185.png,0.0006913771503604949,0.000397772848373279,-0.00032792382990010083,1.5352316040662117e-05,0.0020156383980065584,-0.0011061449768021703,0.00017660458979662508,-0.0004946715198457241,0.00215902435593307,0.0005048970342613757,0.000703612226061523,-0.00014690359239466488,-0.0015780560206621885,0.0005833216710016131,-0.0008300704648718238,-0.00148383725900203,9.885800682241097e-05,0.0009970074752345681,0.0016118981875479221,-0.0002348755660932511,0.0006080003222450614,0.0003317279915791005,-0.0007870965055190027,0.0012029244098812342,0.0005200016312301159,0.00030348339350894094,0.0006425309111364186,-0.00037081391201354563,-0.0016309708589687943,-0.00018898776033893228,0.00034148502163589,-0.0003506615466903895,-0.0004654427175410092,0.0016110610449686646,-0.00025259863468818367
dose8k_A_s0,00186.png,0.00037874586996622384,0.0007444462389685214,0.001148886396549642,-0.001085796277038753,-0.000523712660651654,-0.0017332045827060938,-5.530242560780607e-05,0.0010723595041781664,-0.00034535862505435944,-0.00039262816426344216,0.0011799290077760816,-0.00046286749420687556,-0.0016288928454741836,-0.001162832253612578,-0.0006425267783924937,0.0004723341844510287,0.0007392297266051173,7.545050902990624e-05,-8.478129166178405e-05,0.0005189162911847234,0.0002743433287832886,-0.001671857200562954,0.0002690904657356441,-0.0005913059576414526,-0.00041353824781253934,0.0007903733057901263,0.00012322395923547447,0.000598633661866188,-0.00030974845867604017,-0.0013808024814352393,0.0006323097040876746,-0.0014739757170900702,0.002044939436018467,-0.0009444194729439914,0.0005529113113880157
dose8k_A_s0,00187.png,0.00010636747174430639,-0.0014781767968088388,-0.00013595815107692033,0.002323309425264597,1.92733978110482e-06,-0.0004436278832145035,0.00010514221503399312,-0.0005034820642322302,0.0005668512894771993,-0.0013307388871908188,0.0010055754100903869,-0.0003817459219135344,0.0006826937315054238,-0.0011774883605539799,0.00016147212591022253,9.49439563555643e-05,0.0019125230610370636,0.0007743228925392032,-0.00012616867024917156,0.0020802230574190617,-0.0013557028723880649,-0.001452892436645925,0.001474400283768773,-0.000572078104596585,-0.0001699940039543435,-0.0005600302829407156,-0.0020428223069757223,-0.0012617668835446239,0.00029288814403116703,0.0004959639045409858,0.000481957831652835,-0.0007743430323898792,0.0008093288051895797,-0.0002961128775496036,-0.0008450393797829747
dose8k_A_s0,00192.png,-0.0011684481287375093,-0.0010901319328695536,0.00046330931945703924,0.0008304198272526264,-0.0006141844787634909,-0.0014634637627750635,0.0004038469342049211,0.00046124504297040403,0.0012989116366952658,0.0009374719811603427,-0.001231635920703411,-0.0021588183008134365,0.0017139505362138152,-5.1484570576576516e-05,-4.929706483380869e-05,-0.0007187321316450834,0.0022572483867406845,0.0006391381029970944,-0.0002224986965302378,1.468721075070789e-05,-0.00031856296118348837,-0.0007489798590540886,0.001138698193244636,-0.0010348950745537877,-0.0016994685865938663,0.0008736797026358545,5.8460333093535155e-05,0.0003906952333636582,-0.00020054960623383522,-0.0002484703727532178,0.001488527050241828,-0.0004964609979651868,0.00036602464388124645,-0.00020760523329954594,8.255431748693809e-05
dose8k_A_s0,00193.png,0.0011547862086445093,0.0012975893914699554,0.00027794757625088096,-0.0019849343225359917,0.0015526098432019353,-0.0006445483304560184,9.96689559542574e-05,0.0013635754585266113,0.0006802830612286925,-0.001195885124616325,0.00034214684274047613,-0.0002788551209960133,-0.00033861841075122356,-0.00026541418628767133,-0.0009976589353755116,0.00013930787099525332,-0.00035036253393627703,0.0008130808128044009,0.000810835394077003,0.0017329467227682471,-8.228747901739553e-05,0.0012549111852422357,-0.0002234919520560652,0.0004857081803493202,-0.00035683365422300994,0.0009877473348751664,0.0005775992758572102,0.0010946993716061115,0.0008696385193616152,0.0005271404515951872,0.00015922434977255762,0.0008520239498466253,-0.0004664538137149066,0.0012366966111585498,0.0003133800928480923
dose8k_A_s0,00194.png,-0.0007874468574300408,-0.0010197915835306048,0.0002281273336848244,0.0006943944026716053,0.003002751152962446,-0.002006684197112918,-3.484636181383394e-05,0.00017638993449509144,-0.0003969315439462662,0.0010074025485664606,-0.000889651186298579,-0.00018210551934316754,0.00041753455298021436,-9.346436854684725e-05,-0.0007556264754384756,-0.0006479467847384512,0.0002738318289630115,0.0008977424004115164,-0.00026809057453647256,-0.0007174136699177325,-0.001125693554058671,-0.00016243287245742977,0.0012657619081437588,0.0003177135658916086,8.244421769632027e-05,0.0002737166651058942,-0.0004967226996086538,0.00016998001956380904,0.00020056670473422855,0.000734678702428937,-0.00018608514801599085,0.0005328597035259008,-0.0016812897520139813,0.0006877475534565747,-0.0005521274288184941
dose8k_A_s0,00195.png,0.0016512806760147214,0.001214506570249796,-0.000634441792499274,-0.000243631424382329,0.0011904430575668812,0.0009091009851545095,9.216426406055689e-05,-0.0001252384827239439,-7.572201866423711e-05,3.1468971428694203e-05,-0.0010966062545776367,-0.0005195975536480546,-0.0003137810854241252,-0.0009205317473970354,0.0018961565801873803,-5.345614772522822e-05,0.0005256300210021436,0.0008818100322969258,0.0003974151040893048,0.0012156306765973568,-2.0296301954658702e-05,0.00027145733474753797,0.0012254019966349006,0.0007219610270112753,0.001230768975801766,0.0012994399294257164,-0.00039056758396327496,-0.0009350203326903284,-0.0008170114015229046,0.000532002653926611,0.00019698207324836403,-0.0005116470856592059,0.0007168347365222871,-0.0003752550692297518,0.0005938448593951762
dose8k_A_s0,00196.png,0.0007834334392100573,-0.0011312400456517935,-0.0001516174670541659,0.0003277613141108304,-0.0007521684747189283,0.001475367695093155,0.00017620727885514498,0.00038207240868359804,-0.000537326093763113,0.0003680111840367317,-0.00028079209732823074,0.00033046965836547315,-0.0004514805623330176,0.0017068138113245368,0.0003056761051993817,0.00012222745863255113,-0.002434431342408061,-3.585514423321001e-05,-0.002134565729647875,5.072816202300601e-05,0.002380023943260312,0.00038469809805974364,6.728510925313458e-05,0.001552514499053359,0.0002688947133719921,-0.00040047435322776437,-0.00031668387237004936,0.0001092723396141082,1.9413391783018596e-05,0.0005391973536461592,7.779994120937772e-06,0.0007856449228711426,0.0001886046229628846,0.0003668297140393406,0.0014378163032233715
dose8k_A_s0,00197.png,0.0011820107465609908,0.0005094702355563641,-0.0009043945465236902,-0.0005439345259219408,7.517662015743554e-05,-0.0006579349283128977,0.0007714121602475643,0.0016728483606129885,0.0006709247245453298,-0.0002005026617553085,0.0009577126475051045,-0.000793726765550673,0.0001536854833830148,0.000873152690473944,-0.0004998479853384197,1.054460426530568e-05,-4.006425660918467e-05,0.0011100171832367778,-0.002097349613904953,0.0016407532384619117,0.0008122329600155354,0.0002616149140521884,0.0008545819437131286,2.7400874387240037e-05,-0.0012831463245674968,-5.3474504966288805e-05,-0.001048510312102735,-0.0012505869381129742,-0.000830675708130002,-0.00020702017354778945,-6.501191819552332e-05,0.0002525585878174752,0.0012643751688301563,0.000772502738982439,0.0002746214158833027
dose8k_A_s0,00198.png,-0.00016609956219326705,-0.0013187164440751076,-0.0013895613374188542,-0.0006629006238654256,0.0003114380524493754,0.0007566190324723721,0.000577357190195471,-0.0002928391331806779,-0.0005738616455346346,0.0008319918415509164,0.0006272900500334799,0.002137375297024846,0.0017211387166753411,0.0003253237809985876,-0.0010687904432415962,-0.0009255154873244464,-0.00034489226527512074,0.0013410974061116576,0.0005141631118021905,0.0012381116393953562,-0.001344587653875351,0.0003541101759765297,-0.001807502587325871,-0.002168794395402074,0.0001213193972944282,0.000923201791010797,0.0003912673855666071,0.0011214761761948466,8.767515100771561e-05,-6.127599044702947e-05,0.0013483307557180524,-0.0007350390660576522,-0.0008125078165903687,0.0009660060168243945,-0.0009735943167470396
dose8k_A_s0,00199.png,-0.0016541407676413655,-0.003414098871871829,-0.0007894685841165483,-0.0005235495627857745,-0.0005203417968004942,-0.0007180226384662092,0.002347031608223915,-0.0009883304592221975,1.1432700375735294e-05,-0.00017985081649385393,0.0006363341235555708,0.000278232095297426,-0.0008213125984184444,0.0006535981083288789,-0.00137989385984838,-0.0009415732347406447,0.000650559552013874,0.0010342926252633333,7.547711720690131e-05,0.0016050819540396333,0.00014958513202145696,0.00040743337012827396,0.00021998757438268512,0.0010785289341583848,-7.622283010277897e-05,-0.0013849996030330658,0.0008639598963782191,-0.00033305061515420675,-0.0004755811532959342,-0.0009243270033039153,-0.00053207523887977,0.000395819399273023,-0.001486241235397756,-0.0016345223411917686,-0.001263393322005868
dose8k_A_s0,00204.png,-0.00031180711812339723,-0.002251837868243456,-0.0003126430092379451,0.001985220704227686,0.002406334737315774,0.0003024268662557006,0.0008056926308199763,-0.00029544613789767027,-0.00021756651403848082,-0.0014353158185258508,0.00011497265950310975,-0.0002520752896089107,-0.0006695679621770978,-0.0002363764651818201,-0.0005159358261153102,8.139263809425756e-05,0.001128906267695129,0.000550242024473846,-0.0007830137619748712,5.477832382894121e-05,-0.0022290179040282965,-0.0010420333128422499,0.00046874076360836625,0.00023682975734118372,0.0013055242598056793,0.001020618830807507,0.0003988328389823437,3.929779995814897e-05,-0.00019711126515176147,-0.0007344668847508729,-0.00034327711910009384,1.668723598413635e-05,6.127367669250816e-05,-0.00040222948882728815,-0.00034007293288595974
dose8k_A_s0,00205.png,0.0009899045107886195,0.001002433244138956,-0.001246956642717123,-0.00047045983956195414,-0.002028433606028557,0.0005380760412663221,0.00030079137650318444,-0.0015242444351315498,0.0007910414133220911,-7.614855712745339e-05,0.0004733751411549747,-0.0009670969448052347,-0.00024822555133141577,-0.0015956658171489835,0.00021203489450272173,0.0011973981745541096,0.0006187550607137382,0.00032632259535603225,-0.0007779636653140187,-0.0016955845057964325,0.0010463522048667073,-0.0013989857397973537,0.0005540854763239622,0.0008134033996611834,0.001846169587224722,-0.00023802016221452504,0.0005287349340505898,0.001000621123239398,0.000676104798913002,0.001194652053527534,0.0011513374047353864,0.0009522858308628201,0.0002734160516411066,2.3263213734026067e-05,0.0004095632175449282
dose8k_A_s0,00206.png,-0.0015906384214758873,-0.0010597460204735398,-0.0014957694802433252,0.0021850471384823322,-0.0007518449565395713,0.0005315871094353497,0.00013795537233818322,0.001167571870610118,-0.00263190153054893,-0.00025473590358160436,0.000674800481647253,0.00028236338403075933,0.0005201177555136383,-0.0010543138487264514,0.0002222412877017632,0.0011362445075064898,0.0011615067487582564,0.0001736729172989726,0.0007528161513619125,0.00015428078768309206,0.0008228576625697315,0.0005036534857936203,-0.0010995717020705342,-5.899780444451608e-05,-0.0007438726024702191,-0.0010766974883154035,0.0003892848326358944,-0.00010165882849832997,0.0005623312317766249,-0.0009723911643959582,-0.0014327529352158308,0.0006217971094883978,0.0009270037990063429,-4.61920426459983e-05,0.0004165654245298356
dose8k_A_s0,00207.png,-0.0013782636960968375,-0.0012705517001450062,0.00021724293765146285,-0.0010881173657253385,-0.00015709629224147648,0.0004974608891643584,-0.001227588509209454,0.0002446607977617532,0.0006568576209247112,0.001715969992801547,-0.0002461612457409501,0.00012100469029974192,-0.0011633624089881778,-0.0016917336033657193,7.667946192668751e-06,-0.00012942447210662067,3.460242078290321e-05,-0.0007015879382379353,-0.0009147188393399119,-0.0007235676166601479,0.0008819090435281396,-0.0006519176531583071,0.0003145520749967545,2.5179513613693416e-05,0.000469630875159055,-0.0007838718011043966,0.0008252483676187694,0.0006485959165729582,-0.0002858893421944231,-0.0008646560600027442,0.0003605070523917675,-0.0009139775647781789,0.0006628434639424086,0.0020143073052167892,-0.0004620137333404273
dose8k_A_s0,00200.png,0.0004966522101312876,0.00019795389380306005,0.00024011192726902664,0.0003708435979206115,-0.0007843960775062442,-0.0003152241697534919,-0.0006794123910367489,0.00031809284701012075,0.0003206931287422776,-0.0005400904337875545,-0.0009768243180587888,0.001501148333773017,0.0002025322028202936,-0.00027067336486652493,0.00026706737116910517,0.0004458189068827778,0.0004341411404311657,-0.0002809403813444078,-0.0015128765953704715,0.0005067669553682208,-0.0001790599781088531,0.0006749773165211082,0.0015985899372026324,-0.0009031273075379431,-9.440231224289164e-05,0.0005624000332318246,-0.0005287661333568394,0.0004177943919785321,0.00010007969103753567,0.0002546351170167327,-0.0005392730236053467,0.0014004583936184645,-0.0005935992230661213,-0.0005710230907425284,-0.00015133246779441833
dose8k_A_s0,00201.png,-0.0002938514808192849,0.0006797224632464349,0.0009464466129429638,-0.0036042456049472094,-0.0005284968647174537,0.0022792001254856586,-0.0006921144668012857,0.0009124670759774745,8.741982128412928e-06,0.0003862719750031829,-0.00035640905844047666,-0.0005287286476232111,-0.0004732357047032565,-0.0011710007674992085,-0.000743545067962259,-0.0002370573056396097,9.355917427456006e-05,0.0007055027526803315,-0.0013175129424780607,0.0008038568776100874,0.0008608064381405711,-0.0003573828435037285,0.0015539830783382058,0.0010624198475852609,0.0012514314148575068,4.678901314036921e-05,-0.00031976448372006416,-0.0008485413272865117,-0.0001181203406304121,0.0005743647925555706,-0.0004994894261471927,-0.0007092970772646368,-0.0010115975746884942,-3.0370338208740577e-05,-0.0001746076886774972
dose8k_A_s0,00202.png,0.0006000084104016423,-0.0002706523227971047,0.0008266480290330946,-0.00027605664217844605,0.000867085880599916,-0.0008866354473866522,0.0005570503999479115,-0.0008066484588198364,-0.0002619241422507912,-0.0013527724659070373,0.0005449390155263245,-8.386838453589007e-05,0.0006467406637966633,0.0011976808309555054,0.00034107634564861655,-0.00045154528925195336,0.00027845537988469005,-3.42599450959824e-05,-0.00030494952807202935,-0.0015433121006935835,-0.00220300629734993,-3.753545388462953e-05,0.001999208005145192,-0.0005052256165072322,0.0006572164711542428,0.0005980902351438999,-0.000923216575756669,-0.0006730186869390309,0.0002708368410822004,-0.000830871460493654,-0.0018742636311799288,-0.0009330249158665538,0.0007684037555009127,-0.00010458768520038575,0.0003804757434409112
dose8k_A_s0,00203.png,0.0006134494906291366,-0.0009102147887460887,0.0009606067906133831,-0.00025163328973576427,0.00036144821206107736,-0.0007990284357219934,-0.0012248645070940256,0.00047276297118514776,-0.0009452805388718843,0.0011473125778138638,8.511459600413218e-05,-0.0002480045077390969,-0.0006864960887469351,-0.0006729987217113376,-0.00010619012755341828,0.00030839332612231374,-0.0006388867041096091,-0.00030852167401462793,-2.287024472025223e-05,-0.0009077410213649273,0.0011011675233021379,-0.0012162553612142801,0.00021123708575032651,-0.0009134224383160472,-0.0005497970851138234,0.000733671011403203,-0.0006715480121783912,-0.0002558992709964514,-0.0010660173138603568,0.0011011268943548203,-0.0006633129087276757,0.0008540489361621439,-0.00039277804899029434,-0.00047897707554511726,0.000929512782022357
dose8k_A_s0,00208.png,-0.0017608071211725473,-0.0019308095797896385,0.0005798202473670244,-0.0010202921694144607,-0.001682895002886653,-0.0013429773971438408,0.0001222194405272603,-0.0006571459816768765,0.0010301904985681176,6.766259321011603e-05,-0.0008274175343103707,0.0006893803947605193,0.001648323959670961,0.0002681618498172611,0.0006864642491564155,-0.0007009995169937611,0.0018973813857883215,0.0015525619965046644,-0.0004153167246840894,-0.00039772296440787613,-0.0017095761140808463,-0.00025666048168204725,-0.00017448530707042664,-0.00183100625872612,-0.0011103838915005326,-0.0003515012504067272,-0.0001636288216104731,-0.0004566062125377357,-0.0017661378951743245,3.3980013540713117e-05,0.0006709773442707956,0.00029834205633960664,-0.0013914931332692504,-0.00019122587400488555,-3.914650733349845e-05
dose8k_A_s0,00209.png,0.00023223579046316445,-0.00036349130095914006,-0.0002590816293377429,0.0004896530881524086,0.0004524333926383406,0.0008162324666045606,0.0004635833902284503,0.0011359242489561439,0.0008011186728253961,-0.0008325611706823111,0.0012892999220639467,-0.0007041281787678599,0.0004314606194384396,0.0006375866942107677,-0.0009875755058601499,0.0010590838501229882,-0.0006291802856139839,0.0018551429966464639,0.00039345372351817787,-0.0015722376992926002,-0.0014311893610283732,0.0005485503352247179,-0.0006160819320939481,-0.00041676481487229466,-0.0012499609729275107,9.021408186526969e-05,0.0003290499735157937,6.86809144099243e-05,0.0014552224893122911,-0.0005426945281215012,-0.00018459372222423553,-0.00025140895741060376,0.0014655876439064741,-5.363402669900097e-05,0.0017802149523049593
dose8k_A_s0,00210.png,-3.845684841508046e-05,0.001640509464778006,0.0013043633662164211,0.00043729893513955176,0.002453648019582033,0.0003075971035286784,0.0016018175520002842,-0.0004347600624896586,-0.0005945663433521986,-0.00017258092702832073,-0.0011159713612869382,-0.0012226070975884795,-0.001193464733660221,-0.0008519242401234806,-0.0003086791548412293,0.0011135070817545056,0.0013560069492086768,0.001382017508149147,0.00047890888527035713,-0.0007287321495823562,0.00016388132644351572,-0.00122105423361063,-0.00048315271851606667,-0.0009400089620612562,-0.0008830555016174912,-0.0007907980470918119,0.0014375171158462763,-0.0006616752361878753,-0.0019507956458255649,0.0011131042847409844,0.0003295127535238862,0.0011854752665385604,0.0003012486849911511,-0.0012968037044629455,-0.0008594351238571107
dose8k_A_s0,00211.png,-0.0018006677273660898,-2.2927054033061722e-06,-0.0003927447251044214,-0.0012955456040799618,-0.0009137322776950896,-3.142105197184719e-05,-0.0010651019401848316,0.001376077882014215,-8.209412771975622e-05,0.0008222572505474091,-0.0005396273918449879,0.000868146657012403,-0.0006971369148232043,-0.0009319485398009419,-0.0001406029477948323,0.00038935424527153373,-0.0009847423061728477,-0.0002514659136068076,-0.0014775509480386972,0.00033848852035589516,-0.0015243926318362355,0.0004506028490141034,-0.0009754550992511213,0.00025205311249010265,0.0001946231204783544,0.0008174168178811669,-0.0006503577460534871,0.0019485603552311659,-0.0005372583982534707,0.0006613752339035273,0.0003486734349280596,-0.0019113763701170683,0.00025048060342669487,0.00038844626396894455,-0.0017689847154542804
dose8k_A_s0,00212.png,-0.00012883976160082966,-0.00016228303138632327,-0.00017775926971808076,0.000766777666285634,-0.0014352998696267605,0.0005526759196072817,-0.00022607765276916325,-0.0006142408819869161,0.00046828624908812344,0.0011287956731393933,-0.0005610075895674527,0.0003631958388723433,-0.0006581082125194371,4.979903678759001e-05,0.0006385500309988856,0.0009212425211444497,0.0006862198933959007,0.0010410170070827007,-0.0011318193282932043,-0.0010635665385052562,0.0003887344500981271,0.0004021921777166426,-0.0005050748004578054,0.0009664545068517327,-0.00021511194063350558,0.0015653605805709958,-0.0008024497656151652,0.0004946620902046561,-5.231680188444443e-05,-0.000618188118096441,-0.00042727618711069226,-0.0006887293420732021,0.00014944912982173264,0.0001015997986542061,0.001377949258312583
dose8k_A_s0,00213.png,-0.0009827747708186507,-0.0003955550491809845,-9.378534741699696e-05,0.0017285021021962166,0.0010516660986468196,0.0007593337795697153,-0.0001705760369077325,0.00011808746057795361,0.0007453623111359775,-0.0012927493080496788,0.0010663745924830437,0.0004513619642239064,0.0004693823284469545,-0.0004669110930990428,0.00018050662765745074,0.0010016277665272355,0.0002065985754597932,0.0007334595429711044,-0.0009792569326236844,0.0003543120692484081,-0.0007770080701448023,-0.0012396477395668626,-0.0003149784170091152,-0.0009488401119597256,-0.0018309993902221322,3.3409731258871034e-05,-0.0016406421782448888,-0.00039520187419839203,0.000916245044209063,0.00012809073086827993,-0.0004401781188789755,-0.00033694723970256746,-0.0004474801826290786,-0.00037670129677280784,-0.0002773676533252001
dose8k_A_s0,00214.png,0.0009490528609603643,0.00032386407838203013,-0.0012709250440821052,6.270690937526524e-05,-0.0003202431835234165,0.0007872309070080519,-0.0015615186421200633,-0.00035984834539704025,0.0013838489539921284,0.00023278449953068048,0.0010291174985468388,-4.7136327339103445e-06,0.0014432987663894892,-0.0011944088619202375,7.517525955336168e-05,0.0008702685590833426,-0.00047939392970874906,0.0006441879668273032,-0.0003616463509388268,-0.0007525021210312843,-0.00029535256908275187,-2.707820021896623e-05,0.0022659734822809696,0.0004090069851372391,0.000667445594444871,-0.0012563243508338928,-0.001230875146575272,-0.0006316403741948307,-0.0004526835400611162,0.00038436244358308613,0.0006705680279992521,-0.00042000782559625804,-0.0009298361255787313,-0.0008086858433671296,0.00010799986921483651
dose8k_A_s0,00215.png,-0.0010435833828523755,-0.0011454364284873009,-0.0012228393461555243,-0.0018997908337041736,-0.0021977145224809647,-0.0001687416370259598,-0.00012087373761460185,-0.0010878279572352767,-0.0015046518528833985,-0.0010646136943250895,-0.000305614696117118,-0.0017362481448799372,8.302517380798236e-05,-0.0014349536504596472,0.00015715787594672292,0.0002358350611757487,0.001417606370523572,-0.00017326146189589053,-0.0007056018803268671,-0.00035855956957675517,5.111882728670025e-06,-0.0009103212505578995,-0.0006920526502653956,-0.0020277705043554306,8.173101377906278e-06,-0.00029250781517475843,3.510759779601358e-05,-0.0006784159922972322,-0.0011332486756145954,-0.00011008088767994195,0.00122363050468266,-0.0003245443804189563,-0.001309543731622398,0.0006308688898570836,-0.0013136817142367363
dose8k_A_s0,00216.png,-0.0008434952469542623,-0.0008540820563212037,-0.00023219849390443414,0.0003996092127636075,0.0010969548020511866,0.0013402866898104548,-0.0001594485220266506,-3.121110057691112e-05,-0.0006784521392546594,0.0015889732167124748,0.00019747666374314576,-0.0012332119513303041,0.0008977697580121458,-0.00043699319940060377,-0.0004883446381427348,-0.0014206347987055779,0.0007915138849057257,-0.0004158676601946354,-0.0012214743765071034,-0.0002138968848157674,0.0014068442396819592,-0.0010161868995055556,-0.0002622415777295828,-0.0009885967010632157,0.0004264935851097107,0.00011096978414570913,-0.00022288892068900168,0.00038256242987699807,-0.0011191059602424502,0.0005521646235138178,-0.0005698833265341818,0.0010125578846782446,0.00012814474757760763,-0.0016429448733106256,7.445900700986385e-05
dose8k_A_s0,00217.png,-0.00038638239493593574,-0.00048105494352057576,-4.118073047720827e-05,0.0022297424729913473,0.0008652053656987846,0.0013232817873358727,0.0007098529604263604,-0.001072170794941485,-0.0003343602002132684,7.391176768578589e-05,0.00029702475876547396,0.0007194048375822604,-0.0011790379649028182,0.0011611550580710173,-0.0010198579402640462,0.00011063066631322727,0.00021498733258340508,-0.0004181532422080636,0.00018116552382707596,0.0012068659998476505,0.0011348073603585362,3.1792103982297704e-05,0.0005566019099205732,0.0010400931350886822,0.0007547495770268142,-0.0003779954568017274,-0.0011840726947411895,-0.0008095311932265759,-0.0005258904420770705,0.00012137704470660537,-0.0009156168671324849,-0.0011371931759640574,-0.0005461234832182527,-0.00023916280770208687,-0.0012923779431730509
dose8k_A_s0,00218.png,-0.0006900980952195823,-0.0007618541130796075,-0.0005385325057432055,-0.0010308078490197659,-0.0026232863310724497,-0.001013146131299436,-0.0014020611997693777,0.0005167226190678775,0.0007662299904040992,0.0012114157434552908,-0.0005500906845554709,-0.0004286553885322064,-0.0014677640283480287,-3.3845346479211e-05,0.0012530273525044322,0.0005772892036475241,-0.0008697821758687496,0.0006666771369054914,-0.00016138848150148988,0.0017880923114717007,-0.0010317431297153234,0.0007566789863631129,0.0017742778873071074,-0.0011275868164375424,0.000275339261861518,-0.0004358759324532002,-0.0008500789408572018,-0.0008446553256362677,-0.0002948974724858999,-0.0003399669367354363,0.001110580051317811,-9.90195621852763e-05,9.701959788799286e-05,0.0008333954028785229,-0.000169035280123353
dose8k_A_s0,00219.png,-0.000672740105073899,0.00070833635982126,-0.0008831003797240555,0.0015046891057863832,-0.0008540136623196304,-0.0006299196975305676,-0.00013810103700961918,2.299506559211295e-05,0.001106244046241045,-0.00042267123353667557,0.0009572565322741866,0.0006741635734215379,0.0002395586489001289,0.0004429136461112648,-0.0002422569232294336,-0.00017079187091439962,-7.912884029792622e-06,0.00042499936535023153,-0.0004722885205410421,7.688436016906053e-05,4.24114587076474e-05,-0.0003757829254027456,4.5811684685759246e-05,0.00021168972307350487,-0.0006933574331924319,0.0017975738737732172,0.0014346109237521887,0.0013811179669573903,-0.001030973857268691,-0.00025264511350542307,0.0008462831610813737,-0.0023088413290679455,0.0016681611305102706,0.0005644370685331523,-2.5900792024913244e-05
dose8k_A_s0,00224.png,0.0016403219196945429,0.0009888751665130258,0.0002611080417409539,-0.0005832494352944195,-0.0003206433029845357,-0.0006536539876833558,-0.0006591590354219079,1.4793867194384802e-05,0.0010496986797079444,0.0014187967171892524,0.0007935789180919528,-0.0011474452912807465,6.406686588888988e-05,-2.22516646317672e-05,-0.00040795523091219366,0.0005437637446448207,-0.00012379605323076248,-0.0003826203173957765,-0.0006145907682366669,0.0009471216471865773,-0.0004456616297829896,-0.001004568301141262,-0.0013422470074146986,0.0012246356345713139,-0.0008724013459868729,0.0001149277959484607,0.0005441468674689531,-0.0011161891743540764,0.0010842425981536508,0.00020508603483904153,0.001706254668533802,0.0024537136778235435,-0.0006029344513081014,0.00039823795668780804,-0.0005181629094295204
dose8k_A_s0,00225.png,0.001322051975876093,0.001604124205186963,-0.0013334290124475956,0.0014022074174135923,-0.0006972791743464768,0.00032028203713707626,-0.0007734595565125346,0.0002286079979967326,-0.00014948088210076094,-0.00020504367421381176,0.00083417963469401,-0.0003248810535296798,0.0003575226874090731,2.0513400158961304e-05,-0.00016028647951316088,-0.0006714490009471774,0.0003849157365038991,0.00029113510390743613,-0.0005181110464036465,7.622673001606017e-05,-0.00038592267083004117,-0.0008295438601635396,-0.0005137455300427973,-0.0004762301396112889,-0.0010306688491255045,0.0004879482730757445,-0.0015310196904465556,0.0005875839269720018,-0.0003648079000413418,-0.0003512320981826633,-0.0008049882017076015,-0.0012474580435082316,0.0008955507073551416,-0.0004411282134242356,-0.0019581203814595938
dose8k_A_s0,00226.png,-0.0009305269923061132,-0.0003607013786677271,-0.00021449473570100963,0.0014762843493372202,-0.00023015642364043742,0.0011061421828344464,0.0010248010512441397,0.0010624454589560628,2.7796148060588166e-05,-0.0010445357766002417,0.0010691458592191339,-0.0016455844743177295,0.001338098431006074,0.00019247279851697385,-0.0013234926154837012,-0.0005267816013656557,0.001958854030817747,0.00030572808464057744,0.000954698130954057,0.0012499071890488267,0.00018677519983612,0.0018537734868004918,0.0022402263712137938,0.00042934055090881884,0.000615754455793649,-0.0010261178249493241,0.0006525171920657158,0.0013866403605788946,0.0013077683979645371,0.0006792586063966155,0.0005197337013669312,0.0010027193930000067,-0.0009172754944302142,3.531535912770778e-05,-0.0003635561733972281
dose8k_A_s0,00227.png,-3.227911292924546e-05,0.0008575270185247064,-0.0015224892413243651,0.0011114790104329586,0.002325307112187147,-0.0005478867678903043,0.0017479932866990566,-0.0011809886200353503,-0.0005867251311428845,0.0008954262593761086,0.0010234089568257332,7.779653969919309e-05,0.0018340166425332427,-2.169636900362093e-05,-0.0004895032034255564,0.0007805993664078414,-0.00035353339626453817,0.0006187691469676793,-0.0013598072109743953,0.0004617608792614192,0.0018959802109748125,-0.0006619611522182822,-0.0005659522139467299,0.0008108704350888729,4.227617409924278e-06,0.0006693150498904288,-0.001410913304425776,0.0009720910456962883,0.0012166823726147413,0.0016872663982212543,-0.000635366712231189,-0.00031840335577726364,-0.0014048998709768057,-2.3239816073328257e-05,0.0013976217014715075
dose8k_A_s0,00220.png,-0.0011395851615816355,-0.00026918487856164575,-0.00034384516766294837,-0.0004956544726155698,0.0012996651930734515,-0.0003422367153689265,0.0004748324863612652,0.0004227320314384997,-1.676730244071223e-05,-8.802784577710554e-06,0.0006311459583230317,-0.0016744411550462246,0.0004133041366003454,0.00048618612345308065,-0.0006826884928159416,0.0003892063978128135,0.0006559499888680875,-0.0003416778636164963,0.000284855515928939,-0.0003114946302957833,0.0014221001183614135,0.001605382887646556,-0.0006785161676816642,-0.001046911347657442,7.75920671003405e-06,-0.00013080106873530895,-0.0004486885154619813,0.00036825070856139064,-4.3626823753584176e-05,0.000832153542432934,0.0005505207809619606,0.00040688487933948636,-9.435207903152332e-05,0.0006432665977627039,0.0001848568208515644
dose8k_A_s0,00221.png,0.0013912535505369306,0.0005314339650794864,0.00017638028657529503,0.0020107030868530273,-0.0004212630447000265,-0.0005790473078377545,0.00026389892445877194,-0.001787278801202774,-0.0006909606163389981,0.0008320086053572595,-0.00010686125460779294,-0.0004075935867149383,-0.000631948234513402,-0.0012361833360046148,0.0009541921317577362,-0.0009481959859840572,0.0004776193527504802,-0.00030690591665916145,0.0004696224059443921,0.00016005596262402833,-0.0008740591583773494,-0.002523944713175297,-0.0009504922782070935,0.0015415599336847663,0.0009862595470622182,-0.0009180349297821522,-0.0007221008418127894,-0.00017414992908015847,-0.0012995925499126315,7.784019544487819e-05,-0.0009692092426121235,0.00023486574355047196,0.0003094518033321947,-0.0002783558738883585,-0.0016098335618153214
dose8k_A_s0,00222.png,0.0020767420064657927,0.0015226064715534449,0.0005111033096909523,0.0001430048287147656,-0.001898659160360694,-0.0008752414723858237,-0.0005923407734371722,0.0006744890124537051,-0.0009993348503485322,0.0003645217511802912,0.0017534655053168535,2.4884369850042276e-05,0.00015108546358533204,0.0005162053275853395,-9.440847861696966e-06,-0.0002492852509021759,-0.0013884886866435409,0.00047815582365728915,-0.0015015798853710294,-0.00026144724688492715,0.0003306876460555941,-0.0009522823966108263,-0.0002905771543737501,0.0007462459616363049,0.0011648184154182673,0.0011148806661367416,0.00044062238885089755,-9.23223196878098e-05,-0.001454717363230884,-0.0010040089255198836,0.0003401970025151968,1.5446956240339205e-05,0.0011620003497228026,-0.0013777961721643806,-0.0035569940228015184
dose8k_A_s0,00223.png,0.0005099286790937185,0.001144259120337665,-0.0008977720863185823,0.0002641627215780318,0.0012936072889715433,-0.0006617775652557611,0.0017142756842076778,-0.0008100863778963685,0.00016486403183080256,-0.00030159775633364916,0.0003011203953064978,-0.0003277029318269342,-0.00038289104122668505,-0.0007040702039375901,-0.000886047026142478,-0.0017973133362829685,8.030980825424194e-05,-0.001509210211224854,-0.0006314616766758263,-0.0012407448375597596,0.0010777913266792893,0.001505804480984807,-0.00017217047570738941,-0.0004923490341752768,-0.0006680887890979648,-4.410087422002107e-05,-0.0008354760357178748,0.0008640000596642494,-0.001175879267975688,-0.0007651959313079715,6.942378240637481e-05,0.0003060193848796189,-0.00035571775515563786,-6.28486814093776e-05,-0.0008023672271519899
dose8k_A_s0,00228.png,-0.0012038827408105135,-0.00038888872950337827,0.001624913653358817,0.0017399955540895462,-0.00021624861983582377,0.0002608975919429213,0.0009554846910759807,-0.00037105640512891114,0.00022893854475114495,0.00017349758127238601,-0.00019014401186723262,0.0004558175278361887,-0.0016417871229350567,0.00017131508502643555,-0.00035410316195338964,0.0008081824635155499,4.55272092949599e-05,-0.000887661415617913,0.00028065728838555515,0.001277635688893497,-0.0012051316443830729,-0.0005405676201917231,0.00028175520128570497,0.0006749459425918758,3.322656630189158e-05,0.0008969546761363745,0.0004996535135433078,0.0015647612744942307,-0.0021729785948991776,0.0005428748554550111,-0.0001255746028618887,-0.0003472598909866065,-0.0005979288253001869,-0.0015779671957716346,-0.0002919996331911534
dose8k_A_s0,00229.png,0.0020210244692862034,0.00025395615375600755,-0.0006736756768077612,0.0024607521481812,-0.0008797181071713567,-0.0015908319037407637,-0.00039482954889535904,0.0009009726345539093,0.0005884716520085931,-0.0012277261121198535,0.0006522108451463282,0.00016760578728280962,0.000330096750985831,1.3310140275279991e-05,-0.0005062678246758878,-0.0008093856740742922,-0.001721267937682569,0.0002903806744143367,0.0007667674799449742,0.0006177868344821036,0.0005424271221272647,-0.0027932252269238234,-0.0007736962288618088,0.0010017273016273975,0.0007767901988700032,0.0010729526402428746,-0.00026213639648631215,0.0012034327955916524,9.970190876629204e-05,-0.0025442412588745356,-0.0007960188086144626,-0.0003955556021537632,-0.001296226168051362,0.0021528552751988173,-0.0001880015042843297
dose8k_A_s0,00230.png,0.0008712945273146033,-0.00020358309848234057,-0.00090167170856148,-0.0005135199171490967,0.0016932596918195486,0.00046675358316861093,0.0005117605905979872,-0.0004960374208167195,0.0007769945659674704,0.0001227245811605826,-0.00015321304090321064,-0.0021389774046838284,-0.0013073302106931806,-0.0001039912094711326,-0.0004253861552570015,-0.0009977648733183742,-1.0126352208317257e-05,-0.0006405082531273365,-0.0015069474466145039,-0.001618251670151949,-0.0007945107645355165,0.0005214887787587941,9.8785589216277e-05,0.001052511972375214,0.0016319103306159377,0.00028203395777381957,0.0002898082311730832,-0.0006022042944096029,-7.318542338907719e-05,-0.0006992931012064219,-0.0010410359827801585,0.0012651663273572922,0.0005391790764406323,0.000530556368175894,0.001099434681236744
dose8k_A_s0,00231.png,0.0009937352733686566,0.0014837890630587935,0.0012924544280394912,0.00026512242038734257,-0.0005302366334944963,0.00038365600630640984,0.0009916211711242795,0.00019931813585571945,-0.0009154584258794785,0.000102981946838554,0.0016776069533079863,0.0007952758460305631,0.00024231338466051966,0.0008117510005831718,5.026454527978785e-05,5.899382085772231e-05,0.0007130296435207129,0.0013057617470622063,-0.0010458038887009025,0.001246938481926918,0.001616072840988636,0.0009584143408574164,-0.00027164729544892907,0.00040714890928938985,-0.0021022434812039137,0.0005961745046079159,-0.0007747557247057557,-0.00011646387429209426,-0.00027668577968142927,-0.00035215637763030827,0.0004097007913514972,0.0011038020020350814,-0.0019399930024519563,0.0004969031433574855,-0.0006087643560022116
dose8k_A_s0,00232.png,0.000841449131257832,0.00029850471764802933,-0.000448000559117645,-0.0010221477132290602,0.0014701569452881813,0.00239761546254158,-0.0010869496036320925,0.0024715091567486525,3.394407394807786e-05,-0.0005896483198739588,-0.001398011576384306,-0.0010382527252659202,0.0001250125205842778,0.0010185131104663014,-0.0007105954573489726,-0.0005164823960512877,0.0001253350783372298,0.0019477128516882658,-0.0012420587008818984,0.0016690624179318547,-0.00019625907589215785,0.0009574909927323461,-0.00061434117378667,-0.0013193513732403517,-0.0008364542736671865,-0.0012988796224817634,0.00026670569786801934,0.0008381043444387615,-0.0009348508901894093,0.000157248301547952,-0.0004979693912900984,-0.0003799326659645885,-0.00018987162911798805,-0.0006635093013755977,-0.00012954197882208973
dose8k_A_s0,00233.png,0.0005362873198464513,0.0013319635763764381,-0.00020627223420888186,0.00033729098504409194,-0.0006141992635093629,0.0002847215801011771,0.000361401354894042,-0.00046378400293178856,-0.00013663657591678202,0.00037301171687431633,-0.0010988982394337654,0.0004476514004636556,-0.001250106724910438,0.00033305672695860267,0.0007863120408728719,-0.0014915922656655312,0.0009922555182129145,-1.3175329513614997e-05,0.0006313362973742187,0.0011131406063213944,0.00019158136274199933,0.0005892252665944397,-0.0001051151193678379,3.644993557827547e-05,-0.00031632816535420716,0.00047222294961102307,-0.0007482650107704103,0.0014268462546169758,0.00048201478784903884,-0.000554621045012027,-6.66794294374995e-05,7.642330456292257e-05,-0.0010210812324658036,-0.0001484799140598625,-0.0003858623967971653
dose8k_A_s0,00234.png,0.0009498882573097944,0.0009498745203018188,-0.0011542204301804304,-0.0006554509745910764,-0.0005058676470071077,0.00020405826217029244,0.00010999363439623266,0.0011356585891917348,-0.00030703318770974874,0.0007405489450320601,-0.0002855784841813147,-0.00104445219039917,-0.0005758818006142974,-0.0010866610100492835,-0.0006094155251048505,-0.0006630531861446798,0.0012699534418061376,-0.0007430323748849332,0.0018558591837063432,0.0021347692236304283,-0.0008526204037480056,-0.0003493696276564151,-0.0028165276162326336,-0.0004320309089962393,0.00044512501335702837,0.0008430261514149606,-0.0003216518962290138,-0.0002980959543492645,-0.00045834999764338136,0.0011287867091596127,-0.00044908514246344566,0.0009551029652357101,0.00041378018795512617,0.0010461549973115325,6.511143874377012e-05
dose8k_A_s0,00235.png,0.0005123674054630101,0.0008260720642283559,-0.0004938459023833275,0.001288010971620679,0.0008529159822501242,-0.00020204359316267073,-0.0014586597681045532,0.0020762162748724222,-0.00021025371097493917,0.0005149194621481001,-0.00041261306614615023,-0.00021047407062724233,-0.000323071755701676,6.066976965257709e-08,0.0004895270685665309,0.0006162382196635008,0.0008974785450845957,0.00019043195061385632,0.0006867152405902743,-0.0016804100014269352,0.00016276974929496646,0.0007542520761489868,-6.048876457498409e-05,-0.001443097717128694,0.0006354621727950871,-0.0004947891575284302,0.0017147943144664168,0.0011121410643681884,0.0010879029287025332,-0.0007151241297833622,0.0016662857960909605,0.0010660862317308784,-0.0006926677888259292,-0.000436182483099401,-0.001571198459714651
dose8k_A_s0,00236.png,-0.00026273750700056553,-0.00047560298116877675,-0.00023099547252058983,0.0005199259030632675,-0.00038554807542823255,-0.0005543571896851063,-0.00042416341602802277,-3.6914167139912024e-05,0.00011866091517731547,0.0002615745470393449,-0.0014554883819073439,0.0008151835645548999,-0.00015297312347684056,0.0006371057243086398,-0.0015841543208807707,-0.0001921494404086843,0.0010693089570850134,-0.0006369745824486017,-0.0009416979737579823,0.0003065302153117955,5.065139339421876e-05,-0.0006354785291478038,-0.0011106135789304972,-0.0007353223627433181,0.0002924210566561669,-0.000991292530670762,0.0002543959126342088,0.00020745277288369834,3.13577547785826e-05,0.0008516215020790696,-0.0008544961456209421,0.002064359840005636,0.002277878113090992,-0.001976574072614312,-0.0016474395524710417
dose8k_A_s0,00237.png,0.0014825251419097185,0.0028143778908997774,-0.0005065127043053508,0.0014814554015174508,-0.0009987328667193651,0.000958108517806977,0.0009148236713372171,-0.0005576414405368268,0.000882210151758045,-0.0005606783088296652,-0.0007377507863566279,0.0017455600900575519,0.0001859324547694996,-0.0021481127478182316,1.3535832295019645e-05,0.00042138140997849405,0.0016290568746626377,-0.001478175981901586,-0.00019788135250564665,-0.0006310321623459458,3.899037619703449e-05,-0.0006443962920457125,-0.0024296334013342857,0.0017517178785055876,0.000302188127534464,0.0008677196456119418,-0.0008876965148374438,8.516355592291802e-05,5.9307916671968997e-05,-0.0005894991918466985,6.135943840490654e-05,-0.0012487537460401654,-0.0004339528677519411,0.0005161598091945052,-0.0015697750495746732
dose8k_A_s0,00238.png,-0.0014474735362455249,0.0001091448575607501,-0.0004647538880817592,-0.0005866630817763507,0.0013220957480370998,0.0010453929426148534,0.001277670031413436,-0.0008094874792732298,0.00036586253554560244,0.0005195588455535471,0.0005150442593730986,-5.5318032536888495e-05,0.00016639617388136685,-0.0005924247088842094,-0.0008841791423037648,-0.0001238672703038901,-0.0005275565781630576,-0.0006050349911674857,9.356119699077681e-05,-0.001518183620646596,0.0002951448259409517,0.00043400670983828604,0.002192925428971648,-0.000597048201598227,0.00017379333439748734,0.0015249106800183654,-0.0012617581523954868,0.0008913204073905945,-0.0004464584053494036,0.00040107264067046344,-0.000357022974640131,0.0008876100182533264,0.0004902206128463149,0.00046885930350981653,-5.787810096080648e-06
dose8k_A_s0,00239.png,0.0008907454903237522,0.0011224737390875816,0.0007479541236534715,0.000174680317286402,0.002272759098559618,-0.0007307835621759295,0.002082600025460124,0.00072249467484653,0.0014212309615686536,0.00010039250628324226,0.0007812189869582653,-0.00032894895412027836,0.0009905857732519507,-0.0011899096425622702,-0.0014936239458620548,-0.0001458156475564465,0.00017362579819746315,0.001258129021152854,0.0011229249648749828,-2.6794743462232873e-05,0.0004732286324724555,-0.0007895292364992201,-0.0004434817819856107,-0.00013732114166487008,-0.001219038967974484,-0.0005746714887209237,-4.657221143133938e-05,-0.0002363766252528876,-0.0016797754215076566,0.0001929660065798089,-0.0006114940624684095,0.0013486170209944248,-0.0008836786728352308,-0.001637488603591919,0.0013058901531621814
dose8k_A_s0,00240.png,0.0009393055806867778,0.0009246286936104298,0.0005320868804119527,0.0012198204640299082,0.0005387408891692758,0.000891904637683183,0.000580980209633708,-5.390532533056103e-05,-0.00039465821464546025,-0.0005845542764291167,1.379139121127082e-05,0.00026632531080394983,0.0009803806897252798,-0.0020242759492248297,0.0003629197890404612,0.0005886289873160422,0.0005303306388668716,-5.465498907142319e-05,-0.001309651997871697,-0.0008809326100163162,-0.000969331304077059,0.0003192084259353578,-0.00010317846317775548,-0.00016215328651014715,0.0006341582629829645,-0.0006362174754031003,-0.00014669833763036877,-0.00012060320295859128,0.000297391670756042,-0.00012262696691323072,0.000767454388551414,-0.0015334563795477152,-4.0979111872729845e-06,-0.00041029302519746125,0.00031692482298240066
dose8k_A_s0,00241.png,0.00015253762830980122,-0.0005094282678328454,-0.0004970246809534729,-0.0007651150226593018,-0.0005018243682570755,0.0008492988417856395,0.000974290887825191,0.0013298379490152001,-0.0012426699977368116,0.0007532466552220285,-0.00024026812752708793,0.0022179135121405125,0.0015623096842318773,-0.0011909805471077561,-0.00018433590594213456,0.001056349603459239,-0.00013739429414272308,0.0013702854048460722,0.0005645509227178991,-0.0013884706422686577,-0.0006857659900560975,-0.0017018646467477083,-0.0001074243409675546,-0.0004159926320426166,0.0008969057817012072,0.000984330428764224,-0.0005839568912051618,0.0005247257649898529,0.0004261179128661752,0.00018030540377367288,-0.0021567600779235363,0.00038833130383864045,-0.0021478282287716866,-3.834163362625986e-05,-0.0003218144702259451
dose8k_A_s0,00242.png,-0.0001335536944679916,-0.0002961797872558236,-0.0009072215179912746,0.0007521131192333996,0.000796544540207833,0.00191386672668159,0.000606100948061794,0.0013577647041529417,-0.00023742543999105692,-0.0005187580245546997,-0.003270104294642806,0.0011309987166896462,-0.0008974486263468862,0.000733035325538367,0.0006717692012898624,-5.5123666243162006e-05,0.0015726039418950677,-0.0013071219436824322,-0.0017140129348263144,-0.0002617261779960245,-0.0005503767752088606,0.00030459114350378513,6.890326039865613e-05,-0.001467015128582716,0.0018449816852807999,-0.0009187727118842304,0.0008950664196163416,-0.0008684461354278028,0.0017328965477645397,-0.0025393804535269737,0.00042088169720955193,-0.00010427983943372965,-0.0009426572942174971,0.001021474483422935,0.0006842760485596955
dose8k_A_s0,00243.png,-0.0005337422480806708,-0.0006880807923153043,0.00033683719811961055,0.0006949795642867684,-0.0016409175004810095,-0.0018862992292270064,-0.00032464819378219545,-0.0004815479333046824,0.0017910153837874532,0.0003362364659551531,-0.001214143936522305,0.001180407591164112,0.0003055175475310534,-0.0010824224445968866,0.0005066900630481541,7.864983490435407e-05,0.001256491057574749,-0.0010737378615885973,-0.0019477464957162738,-0.0012039694702252746,-0.00022038391034584492,0.0015175006119534373,-0.0010117966448888183,-0.0008304918883368373,0.0010622020345181227,-8.276197149825748e-06,0.0002388348220847547,-0.000608693459071219,-0.00026421606889925897,0.0017879287479445338,0.00045432779006659985,0.000735262525267899,0.0009806941961869597,0.0002606934867799282,6.98367366567254e-05
dose8k_A_s0,00244.png,-6.552683771587908e-05,0.000455030967714265,-0.0009576267329975963,-0.0012352262856438756,0.0013923373771831393,0.000186051576747559,0.0008900679531507194,0.0013529574498534203,0.0004890055279247463,-0.0010732983937487006,0.00023770488041918725,0.00019001158943865448,-0.00026530816103331745,-0.000324511289363727,-3.2567673770245165e-05,-0.0004939772770740092,-0.0007273388910107315,-0.00032073224429041147,0.00042213231790810823,0.0013575238408520818,-0.0015316245844587684,-0.0014725145883858204,-0.000289204646833241,-0.0013298048870638013,-0.0010843347990885377,0.0011422005482017994,0.00040831422666087747,0.00036771796294488013,-0.0008756121969781816,0.0005963863804936409,-0.00019596832862589508,-0.0013164355186745524,-0.000911590235773474,-0.0009534872369840741,-0.0005024661077186465
dose8k_A_s0,00245.png,-0.00021322198153939098,-0.0018083874601870775,0.00034188388963229954,-0.0013477171305567026,-0.0016977305058389902,0.0003162126522511244,0.001062149414792657,0.0012983224587514997,0.001554843271151185,-0.00028221451793797314,-0.0009632097790017724,0.0008909243042580783,0.00038106137071736157,0.00023443349346052855,-0.0006199105991981924,2.96454436465865e-05,-0.0006931918323971331,0.000251437711995095,0.000616649747826159,-0.0007451714482158422,0.00023032116587273777,-0.000271525263087824,0.0010428791865706444,0.0005032619228586555,-0.0005521236453205347,-0.0017698563169687986,-0.0014314650325104594,0.0017949962057173252,0.0006629483541473746,-0.00017578424012754112,6.720781584590441e-06,-0.00021708414715249091,-0.0009127409430220723,0.0011545417364686728,0.000565145630389452
dose8k_A_s0,00246.png,0.0002474038046784699,-0.0006998023018240929,0.0014081915142014623,0.0011626044288277626,0.0011326089734211564,0.0003476442361716181,-0.0005196935962885618,-0.0002966623578686267,-0.0005751531571149826,-0.001573345041833818,-0.002158581744879484,-0.000538649212103337,-0.0009617991745471954,-0.0006932989927008748,-0.0001294693793170154,0.0018907127669081092,-0.0008165573235601187,0.0007981019443832338,0.0010602612746879458,-0.0012047534110024571,-0.00024371413746848702,-0.0004475263995118439,0.0009057749412022531,0.0006042862660251558,8.385658293263987e-05,0.0006975866854190826,0.00020935559587087482,0.0007321356097236276,-8.951876225182787e-06,-0.0009559401078149676,0.0002877397055272013,-3.655114414868876e-05,0.0007657624664716423,-0.00042605921044014394,0.0016098591731861234
dose8k_A_s0,00247.png,0.0011431480525061488,0.0017107066232711077,-0.0018916118424385786,0.00046522129559889436,-0.00017714301066007465,2.2050769985071383e-05,-0.0009179853368550539,-0.0012831080239266157,0.00019309269555378705,-0.0011369828134775162,0.00048403418622910976,-0.0009908718056976795,-0.00023374331067316234,-0.0009765605791471899,0.00015500611334573478,-0.0006275991327129304,6.947700603632256e-05,0.001577084301970899,0.0002867562579922378,-0.0008764092926867306,-0.0009398278780281544,-0.0005068061291240156,0.0003958189918193966,-0.00040737405652180314,0.0011766821844503284,-0.0002657803415786475,0.00010010544792748988,-0.001285306760109961,0.000412734632845968,-5.17629632668104e-05,-0.0002589490613900125,0.0009121631737798452,0.00046448377543129027,-0.00020255234267096967,-0.0012146019143983722
dose8k_A_s0,00248.png,0.00010998124344041571,-0.0008620680309832096,2.229930214525666e-05,0.0019455795409157872,-0.00028245736029930413,-0.00040424487087875605,-0.0007814838318154216,0.0010849316604435444,0.0012635939056053758,-0.0013189584715291858,0.0016416610451415181,0.0012046584160998464,0.0007584210834465921,0.0011663510231301188,-0.0009087368962354958,0.00020901113748550415,-0.00030352070461958647,0.0003437175473663956,-0.0013219164684414864,-0.0007979845395311713,-0.00012197774049127474,0.0008262879564426839,0.0009463484748266637,-0.001124630682170391,0.0003709691809490323,0.00022157789499033242,0.0002688818785827607,-0.0008277828455902636,-0.00028889247914776206,-0.0010884769726544619,-6.961190592846833e-06,0.0016464822692796588,0.0007729341741651297,-8.075775258475915e-05,-0.0003184529487043619
dose8k_A_s0,00249.png,-0.001073069404810667,-0.0003824707237072289,0.0025309536140412092,0.001324482960626483,0.0004929704591631889,-0.00012537157454062253,0.0008533873478882015,-0.0006804440636187792,-0.001030913321301341,-9.662299271440133e-05,-0.000330409879097715,0.000685261795297265,0.0009760485263541341,-8.151063229888678e-05,0.0005605935584753752,8.950989285949618e-05,0.0005259630852378905,0.0010121902450919151,7.514985918533057e-05,-0.00010491226566955447,0.0006674174801446497,-0.0018638132605701685,0.0011659921146929264,3.921549068763852e-05,0.0019834593404084444,0.00038770161336287856,-0.0008912384510040283,0.00015847923350520432,-0.00041433257865719497,3.619620838435367e-05,0.0008254912099801004,0.001417222316376865,0.001515328185632825,0.00022227289446163923,-0.0013049436965957284
dose8k_A_s1,00000.png,0.00043101131450384855,-0.0009217364131473005,0.000940095866099,-0.0010025195078924298,-0.0011242530308663845,0.0004899607156403363,-0.0008897563675418496,-0.00026891427114605904,3.540715260896832e-05,-0.0008022703696042299,0.00017993623623624444,0.0005608015926554799,-0.00016278968541882932,0.0005476074875332415,2.2567326595890336e-05,0.001952426042407751,-0.0008451590547338128,0.0011498959502205253,0.0003813226940110326,0.0002116779360221699,-0.000282278866507113,0.00206465064547956,0.00032802519854158163,-0.0004091494483873248,-0.0008813148597255349,-0.0007571536116302013,0.0014751626877114177,-0.0006438724813051522,-0.0002096913813147694,-0.0003028037608601153,9.330431203125045e-05,0.0011654538102447987,-0.0007563075050711632,0.00016626108845230192,-0.00021718599600717425
dose8k_A_s1,00001.png,-0.0007048338884487748,-0.0008140102145262063,0.0013273372314870358,-0.001856957795098424,0.00013848998059984297,-0.001165718655101955,0.0014675963902845979,-0.0008391260053031147,0.0012533378321677446,-0.0008610028307884932,-9.001146827358752e-05,0.0021002725698053837,-8.088480535661802e-05,8.192972745746374e-05,-0.0014390721917152405,-0.0016933772712945938,0.0017104002181440592,-0.0006612126599065959,0.001559297670610249,-0.0001265794999198988,-0.0011933076893910766,0.0006720983074046671,0.00028465568902902305,0.0012835105881094933,0.0005353524466045201,-0.001223204773850739,-0.0004904434317722917,0.0014196188421919942,0.00033045056625269353,-0.001031424617394805,0.00026313099078834057,0.0008963210857473314,-0.0005630929954349995,5.2128361858194694e-05,0.0010763329919427633
dose8k_A_s1,00006.png,-0.0010967114940285683,0.0008174410904757679,0.00018309353617951274,-0.0006435559480451047,0.002234360668808222,-0.0002079332189168781,-0.00037773308577015996,-4.754702786158305e-06,0.0012799419928342104,-0.0004419904435053468,0.0008405944099649787,-0.002361138816922903,0.0017406534170731902,0.0007921527721919119,0.0017423393437638879,0.0011387779377400875,0.000917579629458487,-0.00012949100346304476,-0.001068649347871542,0.0016061416827142239,-0.0007516053155995905,-0.000811890116892755,-0.000627104367595166,0.00017731705156620592,0.00034228572621941566,0.0002074441290460527,-0.0004385480424389243,0.0011634310940280557,0.0010115733603015542,9.179756307275966e-05,-0.00012591347331181169,-0.0006180359632708132,4.8305544623872265e-05,-0.0006467550410889089,0.00012338811939116567
dose8k_A_s1,00007.png,0.0004126506391912699,-4.326664566178806e-06,0.00041598762618377805,-0.0004941113293170929,0.00041711641824804246,0.0002750946150626987,-0.0003711146709974855,-0.0005521368002519011,-0.0011693041305989027,0.00028463455964811146,4.62679645352182e-06,6.97379291523248e-05,0.0004835131112486124,-0.000870096089784056,-0.0007954584434628487,-0.00019727608014363796,-0.00014107917377259582,-0.0015877907862886786,-0.00035554938949644566,-2.6046363927889615e-05,0.0003622878575697541,-0.0006385635351762176,-0.0007389231468550861,0.00015603993961121887,-0.0005122671136632562,-0.0007073570741340518,0.0003953951527364552,-0.0015332391485571861,0.0001739161234581843,-0.0010379402665421367,0.0005037260707467794,-0.0011156288674101233,-4.8070138291222975e-05,-0.0007555112824775279,-0.0014223132748156786
dose8k_A_s1,00008.png,-0.001103777438402176,2.2881675249664113e-05,0.0007920613279566169,0.0007160052773542702,-0.0002944178704638034,-0.0006172217545099556,-0.0003327453159727156,-0.00022711491328664124,-0.0004247795441187918,-0.0005570477806031704,0.0002735682646743953,-0.0004519993672147393,9.389076149091125e-05,-0.0009553725249134004,0.0015534431440755725,0.001287783612497151,0.000651370151899755,-0.00018358735542278737,-0.00011933953646803275,0.0004677886317949742,0.0009592579444870353,-0.0005109485355205834,-0.0003952565311919898,-0.0012435622047632933,5.941665222053416e-05,-0.000283760076854378,0.0010568774305284023,7.381829345831648e-05,-0.0003422205336391926,-0.0012800986878573895,0.0005177931161597371,-0.0002563728776294738,0.0003132300334982574,-0.00022051783162169158,-0.0003329837927594781
dose8k_A_s1,00009.png,0.00025643722619861364,-0.001011351472698152,-0.00013009026588406414,-0.00027628743555396795,0.00043741369154304266,-0.0007351405802182853,-0.0010182984406128526,-3.9744092646287754e-05,1.5893209592832136e-06,0.0007795295096002519,-3.491951065370813e-05,1.7489985111751594e-05,-0.0004160443495493382,-0.0006206587422639132,0.0005897338269278407,0.00012614809384103864,0.001381326699629426,-0.0009846610482782125,-0.0010848076781257987,-0.001150198862887919,0.0024502857122570276,0.00042910524643957615,-0.0020718739833682775,-0.0013108671410009265,0.0014909690944477916,-0.0014851908199489117,-0.0008415923221036792,0.0007332541281357408,0.0010566618293523788,0.001524462248198688,-0.000717709306627512,0.0017827111296355724,0.0012466656044125557,0.0001212595307151787,0.0010194944916293025
dose8k_A_s1,00002.png,0.001190074486657977,0.0009326214203611016,-0.0009819953702390194,-0.001195985940285027,0.0019153396133333445,0.00019078711920883507,-0.0004519417998380959,0.0022825226187705994,-0.0008002023678272963,0.00037788943154737353,0.0026294535491615534,0.0022079567424952984,-0.0008114581578411162,0.001570994732901454,-0.0002703027566894889,-0.0005075684166513383,-0.00010734632087405771,-0.0018315734341740608,-9.8279575468041e-05,-0.0018977875588461757,-5.914629582548514e-05,0.0009607640677131712,0.001032028696499765,0.0006457811105065048,0.0006119112949818373,-0.0012207413092255592,0.0005011194152757525,-8.42440131236799e-05,-0.00018081313464790583,-0.000572060002014041,0.00039529515197500587,-0.001381361042149365,0.0006278650253079832,0.0015646531246602535,0.0003034929104615003
dose8k_A_s1,00003.png,-0.000371419417206198,0.00024158641463145614,0.00013594492338597775,0.00027984532061964273,0.0018081467133015394,0.0011292070848867297,0.0010731329675763845,-0.0009967148071154952,0.0004241348069626838,-0.0006421630969271064,-0.0012058339780196548,-0.0015912441303953528,0.0006188396946527064,0.0016663552960380912,-0.0008168767672032118,0.0012836199020966887,0.0009702343377284706,-0.0028812361415475607,-0.0016246027080342174,-0.00013491694699041545,-0.0007756644627079368,-0.0004222026327624917,0.0006415985990315676,-0.0006611017743125558,-0.00013815016427543014,-0.0008269167738035321,-0.0008078668615780771,-0.0006994919385761023,-9.868880442809314e-05,-0.00048634412814863026,0.0014738235622644424,-0.0022407444193959236,0.0002973708033096045,-0.0009142981725744903,-0.0011280726175755262
dose8k_A_s1,00004.png,-0.0004000494664069265,-0.0007254760712385178,-9.998519999498967e-06,0.0006945146596990526,0.001962701790034771,-1.1205630471522454e-05,-0.00042302595102228224,-0.001446398557163775,0.00011663950863294303,0.0015936556737869978,0.00039598532021045685,-0.0006326364236883819,0.0005175780970603228,-0.0002272108686156571,-0.0004914411692880094,-0.0003274241753388196,0.0015202792128548026,0.0013939625350758433,1.0767366802610923e-05,-3.891868254868314e-05,-0.0004052424046676606,-0.0018297013593837619,0.0016241465928032994,0.0005549933412112296,-0.00047938580974005163,0.00014896804350428283,0.00034790392965078354,0.0007811611285433173,0.0002169205981772393,-0.0006356817902997136,-0.00018806835578288883,0.0007439248729497194,-0.00042083533480763435,0.0006910011288709939,0.0007321074954234064
dose8k_A_s1,00005.png,-0.00022890916443429887,-0.0016128425486385822,0.0004231603816151619,0.001927928882651031,0.004604934714734554,0.00019469977996777743,0.0021053869277238846,-4.115523915970698e-05,-0.0005470338510349393,-0.0007322028395719826,-0.002020346699282527,-0.0011667849030345678,-0.0018224071245640516,-0.0005125924944877625,0.0001977637584786862,-0.00030405406141653657,-0.00035348773235455155,0.0007193055935204029,0.0014559844275936484,0.0012171922717243433,-0.0005453667254187167,0.0004691339854616672,9.82368437689729e-05,0.0004295711114536971,0.00022105219250079244,0.0003996874438598752,-0.0001239670382346958,-0.000576899794396013,-0.0017006912967190146,0.0007340259617194533,-0.0003428859927225858,-0.0011440679663792253,0.00029694646946154535,0.0006512865074910223,-0.0004769882361870259
dose8k_A_s1,00010.png,0.0002177114220103249,0.000700599339324981,-0.000491970800794661,-0.0002670049434527755,-0.0021385475993156433,-0.0007126222481019795,0.00029696436831727624,-0.0004373585106804967,-0.0008075665682554245,-0.0004899391205981374,3.822782673523761e-05,-0.00042538484558463097,-0.000318746839184314,-0.0010684191947802901,-0.0012674405006691813,-0.0014723680214956403,-0.00017724196368362755,-0.00010177330841543153,-0.00019258196698501706,0.0003177582402713597,0.0018471281509846449,-7.843412458896637e-05,0.00012298785441089422,0.0001358925801469013,3.678771827253513e-05,-0.0007817320292815566,-0.00016795445117168128,0.0005493267672136426,0.0018435930833220482,-0.0003516617289278656,-0.00031879046582616866,-0.003113674931228161,0.0014839315554127097,9.28127919905819e-05,2.1762468804809032e-07
dose8k_A_s1,00011.png,0.003138857427984476,0.0029875091277062893,0.0023251452948898077,0.001318696653470397,-0.00028237668448127806,0.00035917520290240645,0.0001296309201279655,0.0006949782255105674,7.260918209794909e-05,0.00039565059705637395,-0.0006213142187334597,9.087997023016214e-05,0.0009739173110574484,0.0005116056418046355,-0.0010768241481855512,0.0014176723780110478,-0.00015973291010595858,-0.0013543125241994858,-0.0010863888310268521,0.001583614619448781,0.00046525956713594496,0.0009787104791030288,-0.0006588898249901831,0.0008586962358094752,0.00035797382588498294,-0.002374939853325486,0.0004883676883764565,0.0014702508924528956,-0.0005894512869417667,-0.0006993265124037862,-0.0006557570304721594,0.0008449127781204879,-9.603403304936364e-05,0.00044513511238619685,0.0008380723302252591
dose8k_A_s1,00012.png,0.0006056652055121958,0.0005827443092130125,3.7084500945638865e-05,0.0034853320103138685,0.0012381173437461257,0.0020108530297875404,-0.001793757895939052,-0.0018706313567236066,-0.001997810322791338,0.0003732750192284584,-0.0008709349785931408,0.0009212871664203703,-0.0015257754130288959,0.0011751179117709398,0.0009594185394234955,0.0010285299504175782,0.0006644523818977177,0.00014465574349742383,-0.00020352477440610528,-0.0004978954093530774,-0.0008817126508802176,-4.6580666094087064e-05,0.0008753465954214334,-0.0013562446692958474,-0.0018678548512980342,-0.000646255852188915,-0.0004187338054180145,-0.0011975883971899748,-0.000163666729349643,0.00165238615591079,-0.0004629899049177766,0.0006949053495191038,-0.0017677389550954103,0.0007159003871493042,0.0010856083827093244
dose8k_A_s1,00013.png,-0.0007005695952102542,-0.0008192101959139109,-0.0003789424372371286,0.0001478927442803979,-0.0005507689784280956,-2.6781033284350997e-06,0.000351910013705492,-3.0249899282353e-05,0.0006888135685585439,0.00015334146155510098,-0.00012712199531961232,-0.0009285607375204563,0.0006629609852097929,0.000780183938331902,-0.0005075377412140369,-0.0002608109498396516,0.0014286654768511653,0.0004087559937033802,-0.0007843562634661794,0.00045420267269946635,0.0006466819904744625,-0.0007426806259900331,0.0004671686328947544,-0.0018404361326247454,0.0010242981370538473,-0.0010242287535220385,-0.0011331186397001147,0.0012149218237027526,0.0006223322707228363,0.0005209082155488431,-0.00042065230081789196,-2.5864642339001875e-06,-0.0002006467111641541,-0.0006990417605265975,0.0007209017057903111
dose8k_A_s1,00014.png,0.00015100796008482575,0.0008146952022798359,-1.4800019926042296e-05,-8.544502634322271e-05,-0.0014420996885746717,5.1429720770101994e-05,0.0003926140198018402,-0.0006069938535802066,0.0006103355553932488,-0.0006319378735497594,0.001474836957640946,0.002810374367982149,0.0013162273680791259,-0.0012902898015454412,0.0010208539897575974,-0.0002890410542022437,0.0002073356881737709,-0.0013292852090671659,-0.00025152790476568043,0.001112218014895916,0.0005217816797085106,0.0009965559002012014,-0.0013425004435703158,0.0005149479839019477,0.0002945013402495533,0.00020340486662462354,-0.001118017127737403,0.0006459964206442237,0.0018009021878242493,-0.0014571528881788254,0.0003799438418354839,-0.0004122663813177496,-9.003899322124198e-06,0.0011538129765540361,0.00209861365146935
dose8k_A_s1,00015.png,0.0005422316608019173,0.00258617103099823,-0.00022015113790985197,4.306346454541199e-05,-0.000976600218564272,0.0009464580216445029,-0.0015944289043545723,0.00043369323248043656,-0.0004909971030429006,-0.0012599572073668242,5.180091648071539e-06,0.0008960956474766135,-0.0004736089031212032,-0.0009536818834021688,-0.0008317482424899936,-0.001079305773600936,-0.0002773638116195798,0.0005433158366940916,3.281254612375051e-05,0.0003066089702770114,0.00010883370850933716,0.00036290546995587647,0.0002623626496642828,0.00016179792874027044,0.0009837392717599869,0.00037481621257029474,-0.0011196855921298265,-0.001895601162686944,-0.0004151690809521824,-5.127911936142482e-05,0.00031473347917199135,-0.0006757394876331091,0.00038589033647440374,0.002940696431323886,-0.00020169642812106758
dose8k_A_s1,00016.png,0.0012794004287570715,0.000349658279446885,-0.0005452130571939051,0.0012798529351130128,0.00040855578845366836,-8.295739826280624e-05,6.331739132292569e-05,-0.00024409941397607327,-0.0012462199665606022,0.0006294703925959766,0.0012515487615019083,0.0008415294578298926,0.0010829335078597069,0.0003344341239426285,0.00021805442520417273,0.0002787423727568239,0.0012356850784271955,0.00020524373394437134,0.0006947031943127513,-0.0019255196675658226,-0.0006748928572051227,8.982991857919842e-05,0.0006748079904355109,0.0001995790662476793,-0.000991899985820055,0.0011150758946314454,-0.000540314125828445,0.00041493549360893667,-0.0007210779003798962,-0.0002792289014905691,-0.00014959460531827062,-4.7074907342903316e-05,0.00038424896774813533,0.0007596317445859313,-0.00031260622199624777
dose8k_A_s1,00017.png,-0.00017864687833935022,-0.000916780496481806,0.0014544391306117177,-0.0005716074956580997,-0.0021123611368238926,-1.1642565368674695e-05,0.0005925358273088932,-0.0002882390981540084,0.000860974658280611,0.00029968394665047526,-0.0008949749171733856,0.0016100327484309673,-0.000261603738181293,-0.0009476965642534196,0.0018475959077477455,-0.0015229489654302597,0.0007584196864627302,-0.0006364686414599419,0.0006401652353815734,0.0016074947779998183,-0.0015853643417358398,-0.0005795456236228347,-0.0002513084327802062,-0.0011029788292944431,0.0012493428075686097,-0.000884413137100637,-0.001127975177951157,2.6731298930826597e-05,6.476951239164919e-05,-0.0016120100626721978,0.0012359314132481813,-0.0007021333440206945,-7.176794315455481e-05,0.0005483683198690414,-0.0009966781362891197
dose8k_A_s1,00018.png,0.001230077468790114,7.96402819105424e-05,0.0006494781118817627,0.0001929640566231683,-0.0010611152974888682,0.0008639210136607289,-0.00026501345564611256,0.000979461707174778,-0.0007457523024640977,-0.0007916740141808987,-0.0009978130692616105,-0.0002635244163684547,0.0003426155017223209,0.0011741549242287874,0.0008668326772749424,-0.00016552378656342626,-0.0004236043314449489,-0.0005042524426244199,0.00041332555701956153,-0.0010564378462731838,0.0011929243337363005,-0.0010755321709439158,0.0007024570950306952,0.0006087960209697485,-6.248419231269509e-05,0.0018604526994749904,-0.0006268915603868663,-0.00019250658806413412,-0.000468545506009832,0.0010202069533988833,-0.0010939136845991015,-0.0007079472998157144,-0.0006343275890685618,0.00030468497425317764,0.000398711534217
dose8k_A_s1,00019.png,-0.0003364856820553541,-6.0453319747466594e-05,-9.849880734691396e-05,0.0013212795602157712,-0.0011495318030938506,-0.00017714263231027871,-0.000837182451505214,0.00019209757738281041,0.00022910656116437167,0.0021430125925689936,0.001675104140304029,5.908033563173376e-05,-0.000464384735096246,0.0004185317666269839,-0.00018897901463788003,-0.0007725761388428509,0.001470143673941493,0.0005197585560381413,0.000246584095293656,-0.0006310344324447215,-0.00014199296128936112,8.366214024135843e-05,0.00014962987916078418,-0.002102189464494586,-0.0019286293536424637,-0.0008228414808399975,-0.00020780520571861416,0.00017074972856789827,-0.0003012917877640575,-0.0004972960450686514,-0.0011354924645274878,-0.00010943452798528597,-2.50341745413607e-05,-0.0013919385382905602,0.0006511234096251428
dose8k_A_s1,00020.png,-0.00027264156960882246,-0.00026782703935168684,-0.0018614522414281964,0.0003751113545149565,-0.00011169906065333635,-0.000512710481416434,4.2654814023990184e-05,-0.0010051117278635502,-0.0008956272504292428,0.0004743301251437515,0.0002672203700058162,-0.0012199444463476539,0.00031891962862573564,-0.0017364313825964928,0.0015494832769036293,0.0009251086157746613,0.0009594733128324151,4.7710316721349955e-05,-0.0005396282649599016,-0.0006635604077018797,-0.0002906464214902371,0.0006759361131116748,-0.0005865494022145867,-0.0004288827767595649,0.0002811383455991745,-0.0005495899822562933,7.619069219799712e-05,-0.0012189168483018875,-0.00042737991316244006,-0.0014232571702450514,-0.00047953741159290075,0.0010932089062407613,-0.00020262066391296685,-0.0011250736424699426,0.0005423663533292711
dose8k_A_s1,00021.png,0.0012176551390439272,0.0013554845936596394,-3.606144673540257e-05,0.0022853934206068516,-0.0012167423265054822,0.001322292722761631,0.0005999777349643409,-0.0012741703540086746,0.0014629702782258391,-0.0005263732164166868,-0.0006211283034645021,5.890143074793741e-05,-0.0005686248186975718,0.0018818126991391182,-8.824383985484019e-05,-0.0008856210042722523,0.0005591314984485507,-0.0010141326347365975,-0.00019580559455789626,-0.0008222688920795918,-0.00014923060371074826,0.0013485581148415804,-0.00015558571612928063,0.00023662492458242923,-0.0007850037654861808,-0.0005379442009143531,0.0011858472134917974,-0.0004941370571032166,-0.0008252406842075288,0.0008137827971950173,0.001132186851464212,0.0007067408296279609,-0.0018268005223944783,0.0012670978903770447,-0.0008336823666468263
dose8k_A_s1,00022.png,0.0005065785953775048,0.0004153843328822404,-0.0016010560793802142,1.0687414942367468e-05,0.0011998018017038703,-0.0004384840140119195,0.0004264029557816684,0.0006730258464813232,-0.0001612511114217341,0.0007027573883533478,-0.0013303259620442986,-0.000515613064635545,0.000704882200807333,0.00044828353566117585,-0.0009781676344573498,-0.0006209122366271913,0.0012370379408821464,-0.001156090758740902,-0.0003470393712632358,-5.221936589805409e-05,-0.0007360596209764481,0.0003872856905218214,0.0004603463166859001,0.00016104974201880395,0.0012427796609699726,0.0011781001230701804,-3.569936961866915e-05,0.0009131176047958434,-2.312529250048101e-05,-0.00026118982350453734,-0.0007687818724662066,2.2350064682541415e-05,-0.0004021216882392764,-0.0007984430412761867,-0.000561604043468833
dose8k_A_s1,00023.png,-0.000991670647636056,-0.0017139277188107371,0.00019453943241387606,-0.0004552459577098489,0.0009254915057681501,-0.0005983432638458908,-0.0008175552356988192,-0.0011202067835256457,-0.0005055734654888511,-0.0009072288521565497,0.0005954870721325278,-0.0013646767474710941,0.0013087708503007889,-0.001021132105961442,0.0002016735525103286,-0.0023060208186507225,7.818842277629301e-05,-0.0007386757642962039,-0.0015025712782517076,0.0016342262970283628,-0.0009642012882977724,0.0007815221324563026,0.0007692899089306593,0.00023548182798549533,-0.00046050336095504463,-5.126519317855127e-05,-6.286732968874276e-05,-0.00034784036688506603,0.0003612040600273758,-0.0011794562451541424,0.0017467618454247713,-0.0015395184746012092,-0.0002726262900978327,0.0009637682815082371,-0.001305997371673584
dose8k_A_s1,00024.png,-0.0007904252270236611,0.0008724768413230777,-0.0007521306979469955,0.000601696374360472,-0.0005865268758498132,-0.0013689501211047173,-0.00039606422069482505,-0.0014795525930821896,-0.0005097709945403039,-0.0013529580319300294,-0.0004126356798224151,-0.00025300358538515866,-0.0011135308304801583,0.0004727465857286006,-0.00024328543804585934,0.0006468548672273755,0.00016307558689732105,0.00021067136549390852,0.000317299593007192,-0.0007061645737849176,-0.002540184184908867,-0.0012930248631164432,0.00017595113604329526,0.0014611579244956374,-0.00020606489852070808,-0.00013898423640057445,0.0006662911036983132,1.225835603690939e-06,-0.00019511458231136203,0.00020131187920924276,-0.0006432951195165515,0.00025499516050331295,-0.00018732079479377717,-0.0003455478581599891,-0.0007823808118700981
dose8k_A_s1,00025.png,-0.0004111619491595775,-0.000569615513086319,0.0012232274748384953,0.0009599257027730346,-0.002287199953570962,-0.0006884083268232644,0.0017415564507246017,0.0002997792907990515,0.0019396874122321606,-0.0033493111841380596,0.00041131547186523676,7.987714343471453e-05,0.0018125746864825487,-0.0010174487251788378,0.0005459588137455285,0.0006140846526250243,-0.0029213849920779467,0.0013290720526129007,-0.00020235935517121106,-0.00015947951760608703,0.0009189245174638927,-0.00024137400032486767,-0.0005291567649692297,0.00037854359834454954,0.0010371984681114554,0.0029087020084261894,0.0006692114984616637,-0.000248409021878615,0.0005693031125701964,-0.0003704907139763236,0.0017484996933490038,-0.00031110283453017473,-0.0012691273586824536,0.0009393728105351329,-0.0011464226990938187
dose8k_A_s1,00030.png,-0.00020283032790757716,-0.002654411131516099,-0.00014269966050051153,0.0009695483604446054,-0.0020822687074542046,-0.0015320201637223363,-0.0007391611579805613,-0.0001003573925117962,-9.501452586846426e-05,0.000651369511615485,0.0006859690765850246,-0.0007071354193612933,-2.5547295081196353e-05,0.00037901807809248567,-0.000637382734566927,0.0010487925028428435,0.0008374730823561549,-0.0003407097246963531,-0.0017744788201525807,-0.0015120449243113399,-0.00017601899162400514,-0.0013644275022670627,-0.0003388000186532736,0.00022073753643780947,0.00036273442674428225,-4.808209268958308e-05,-0.0014359168708324432,0.00010569641744950786,-0.0014207861386239529,0.00016736316320020705,0.0012543379561975598,-3.0739520298084244e-05,-0.0008600035216659307,-0.0004069189599249512,-0.000772814208175987
dose8k_A_s1,00031.png,-0.00013225637667346746,0.00024180958280339837,-0.0012460299767553806,0.0014966317685320973,0.00034777383552864194,0.001124109490774572,0.0008431981550529599,3.983049828093499e-05,0.0020944427233189344,-0.0004521460796240717,0.0006189873092807829,-0.000754923967178911,-0.0009390917257405818,-0.001158426282927394,-0.0005809467984363437,-0.0014305715449154377,0.0003240649530198425,-0.0013042455539107323,-0.0002686552470549941,0.0006829972844570875,-6.880322325741872e-05,0.0007244804874062538,0.0004406081570778042,1.4811708751949482e-05,-0.0014954116195440292,0.0015136045403778553,-0.0011882120743393898,0.0004421997582539916,-0.000528237025719136,0.000505138945300132,0.0002344799431739375,0.0017418666975572705,-0.0002960068522952497,-0.0004045907990075648,-0.0017793760634958744
dose8k_A_s1,00032.png,-0.00021506428311113268,-0.00026210577925667167,0.0009011569200083613,-0.0018032612279057503,-0.001799039775505662,0.0002484322467353195,-0.0004881668137386441,-0.0020343540236353874,-0.0005415732739493251,-0.001806794898584485,0.00035724203917197883,0.00026803751825354993,-0.0008165324106812477,-5.734887963626534e-05,-0.0007973234169185162,-0.0009406671742908657,0.00014533358626067638,-0.0010392109397798777,-0.0008492590859532356,-0.0016881616320461035,0.00012078867439413443,-0.00039352220483124256,0.0015599767211824656,0.0003400846035219729,0.0010399979073554277,-4.34404682891909e-05,0.0009271911112591624,0.0002333061129320413,-0.000414549169363454,-0.002366394503042102,-0.0011115340748801827,-0.00023559058899991214,0.0013360370649024844,0.00025637896033003926,-0.0003133197606075555
dose8k_A_s1,00033.png,0.0006184487137943506,0.0002568066120147705,0.0012253884924575686,-0.0015888799680396914,-0.0012187899556010962,0.0004611628537531942,-0.0005729765398427844,-0.0008084692526608706,0.0010390414390712976,0.0011474760249257088,-0.0005079389084130526,0.00016033221618272364,-0.0011171813821420074,-0.0007152267498895526,0.0008186338818632066,-0.00039463286520913243,0.0010515402536839247,-0.00017110182670876384,0.00035541545366868377,-0.0004016137681901455,0.0002051077171927318,0.00016008761303965002,0.0003382692229934037,0.0015384770231321454,-0.000411721266573295,-0.0007205615402199328,-0.0016942479414865375,0.0005099915433675051,-0.0004994395421817899,-6.756161747034639e-05,-0.0019178000511601567,0.0008240778697654605,-0.0006646902184002101,-0.0001357660221401602,0.000568849325645715
dose8k_A_s1,00026.png,-0.0004106784181203693,-0.0007834779680706561,-0.0013202809495851398,0.0020893686451017857,0.0007143099210225046,-0.0006686400738544762,0.0003750031173694879,-0.0008253765990957618,0.00024006585590541363,-0.0004844057548325509,0.00037166610127314925,0.0012070353841409087,-0.0013086845865473151,0.0011754372389987111,-0.0005107848555780947,-0.0007533824536949396,0.0009531609830446541,-0.0008524983422830701,-9.241557563655078e-05,0.0005469844909384847,-0.0009952295804396272,-0.0015035560354590416,0.0001850295957410708,0.0005235060816630721,0.0006876749685034156,0.00034649597364477813,-0.0006860741996206343,0.00030979636358097196,-0.0004167336446698755,-0.0004869123222306371,-0.0009028766653500497,0.00011031876056222245,-0.0006891306838952005,0.0004892809665761888,0.00017054894124157727
dose8k_A_s1,00027.png,-0.00021118111908435822,7.566482054244261e-07,0.0014658193103969097,0.0034002638421952724,0.0012305798009037971,-0.0005694300052709877,0.0008631160017102957,-0.0011192522943019867,-0.0011709009995684028,-0.0006502349278889596,-2.425991442578379e-05,-0.0017556542297825217,-0.0005754955345764756,0.0007613325724378228,0.00027049757773056626,-0.0011329128174111247,-0.00039323591045103967,0.0012179032200947404,-0.0009829606860876083,-0.00045260379556566477,0.0006644783425144851,-0.0006809041369706392,0.0006275734631344676,2.858054358512163e-05,0.00029584835283458233,-9.036539995577186e-05,-0.0014645358314737678,0.00020716627477668226,5.279658944346011e-05,0.00014818784256931394,-0.000852344383019954,-0.0003571000706870109,-0.00040849519427865744,0.0004771229869220406,-0.0008860282250680029
dose8k_A_s1,00028.png,-0.00041366787627339363,-0.0018959776498377323,-0.0005408732686191797,0.0014004434924572706,0.0008080175030045211,0.0003270227462053299,0.0009041510056704283,0.0001342579344054684,0.001388407195918262,0.0014786351239308715,-0.0004416638985276222,0.00011425410048104823,-0.0012464801548048854,-0.0012587043456733227,0.0002700805780477822,-0.0011054037604480982,-0.0009985427604988217,-0.0008249594829976559,-0.0007485041860491037,0.0006251417216844857,-0.00020080216927453876,3.6407882362254895e-06,0.0004979325458407402,-6.255251355469227e-05,8.5269013652578e-05,0.0016418462619185448,-0.0007459143525920808,0.000711810018401593,-0.0008414298063144088,-0.0011616767151281238,-0.0003702289250213653,-0.0016927131218835711,0.0004740013391710818,0.0009104891214519739,-0.0005752634024247527
dose8k_A_s1,00029.png,9.675602632341906e-05,0.00016638959641568363,-0.0002867487783078104,0.0012176018208265305,-0.0008639193256385624,-0.00012317279470153153,0.0007039827760308981,6.686936103506014e-05,0.00021850786288268864,0.00015924569743219763,-0.0009976974688470364,-0.0004853692080359906,0.0005120984278619289,-0.000741251278668642,-0.003041556803509593,0.0005065200966782868,-0.0010892426362261176,-0.0012720163213089108,-0.0008700822945684195,6.025321999914013e-05,0.00078590027987957,-0.0011087814345955849,-0.00044858132605440915,0.0002712648711167276,8.175130642484874e-05,0.0019699314143508673,-0.00019937209435738623,0.00029446888947859406,-0.0011734539875760674,-0.00017547183961141855,-0.0011112100910395384,0.0017950751353055239,0.0013013161951676011,0.001261303317733109,0.0014514311915263534
dose8k_A_s1,00034.png,0.0011130324564874172,0.001971706748008728,-0.0007034416776150465,0.0005924714496359229,-0.0011036836076527834,-0.0005643601762130857,0.0004497236805036664,-0.0004883098299615085,0.00034455888089723885,0.00022776475816499442,0.0004836853186134249,-0.0007764679612591863,-0.00013098093040753156,-0.001979546621441841,-0.0005544270970858634,-0.0006249778671190143,0.0015550857642665505,4.675600939663127e-05,-0.00040101446211338043,0.00031844311160966754,-0.0007332587265409529,-0.00041585080907680094,-0.0016122872475534678,0.00048492237692698836,0.0009954676497727633,-0.0005805303226225078,-0.0012194139417260885,0.0019212113693356514,-0.0010660053230822086,-0.0020298680756241083,0.0008281227783299983,0.0009882035665214062,-0.000576435006223619,0.001235252246260643,-0.00035014195600524545
dose8k_A_s1,00035.png,-0.001342526520602405,0.0001549751905258745,-0.0004728408239316195,-0.00036168392398394644,0.0013109465362504125,-0.00042084837332367897,-0.0009317867807112634,0.0009415014646947384,-0.0012390405172482133,0.0016239816322922707,0.0004058328631799668,-0.00024553609546273947,-0.0012440704740583897,0.0012875829124823213,0.0008630614611320198,-0.0014150087954476476,0.0006752110202796757,-0.0019472007406875491,-0.0006476715207099915,-0.00028289665351621807,-9.271468297811225e-05,-0.0008202738245017827,-0.0005851997411809862,-0.0006788248429074883,0.002581924432888627,0.0007992151076905429,0.00041463790694251657,-0.0002461014373693615,0.0009039165452122688,-0.00013420985487755388,0.0008976461249403656,9.828976908465847e-05,0.000528720032889396,0.0005268896347843111,-0.00041178526589646935
dose8k_A_s1,00036.png,-0.001335092936642468,-0.00010148617730010301,0.00011641072342172265,0.00031903735361993313,-0.0005717622116208076,-0.00011737487511709332,-0.00010933016164926812,-0.000597402744460851,-0.0005699601024389267,0.0006577917956747115,-0.000700414995662868,-0.0010807623621076345,-0.000693223555572331,-0.0003964086063206196,-0.0002993027155753225,0.00017843698151409626,-0.0010316238040104508,0.000392861693399027,-8.053646160988137e-05,0.00196027266792953,-0.0006420630379579961,-0.0005211884854361415,0.0011737638851627707,0.0003959981841035187,-0.0013324026949703693,0.0005729738040827215,-0.00040239322697743773,-0.0006719818338751793,-0.0009284305851906538,0.0008818702190183103,-7.244756125146523e-05,0.001622703275643289,0.0006753788911737502,-2.0317704183980823e-05,0.00014048581942915916
dose8k_A_s1,00037.png,-0.0006184367812238634,-0.0012817103415727615,-0.0010944806272163987,0.0019197547808289528,0.0023114224895834923,0.0005246251239441335,0.0004928397829644382,-0.0002797195047605783,9.321127436123788e-05,-0.001493467134423554,-0.00048706246889196336,-0.0005559939309023321,-0.0003790181363001466,3.367209137650207e-05,-6.935911369509995e-05,-0.0008742008358240128,-0.001206468790769577,-0.00015620875637978315,-0.00121904572006315,0.0008883674163371325,0.0018289296422153711,0.0008589518256485462,-0.00015046678890939802,0.0007977954810485244,0.0016643941635265946,0.0002592004893813282,-0.00034638747456483543,0.0006072473479434848,-0.0002652503608260304,-0.0008083878783509135,5.777469777967781e-05,0.00041189725743606687,0.0013092728331685066,-0.0003552495618350804,-0.0002386815904174
dose8k_A_s1,00038.png,-0.001720909494906664,-0.002250452060252428,-0.0009907577186822891,-0.0009118220768868923,0.0004957203636877239,0.0003481660969555378,-0.0008602906600572169,0.00010619604290695861,0.0008364762761630118,0.0009983859490603209,-0.0007111747399903834,-0.0006291382596828043,6.213403685251251e-05,0.0006973677664063871,-0.0014653096441179514,0.0010364822810515761,0.0005176127888262272,-0.0008703881176188588,-0.0008560888818465173,0.0011517067905515432,0.00159366091247648,-0.0007166375289671123,-0.0005811231676489115,-0.000308629940263927,-0.0012112907133996487,0.0004533166065812111,0.0010760276345536113,0.0004168057639617473,-6.403472798410803e-05,0.0009098184527829289,0.000609298178460449,0.0008093941141851246,0.0004016621387563646,0.0004132050380576402,-0.0014125860761851072
dose8k_A_s1,00039.png,0.0008334706071764231,0.0016716347308829427,-0.000595342309679836,-1.8673088561627083e-05,0.00043625442776829004,0.0005020801327191293,0.00031313105137087405,0.0009534755372442305,0.0003428997879382223,-1.897288348118309e-05,0.0026279990561306477,0.0009156312444247305,-0.0007701971917413175,0.00019422652258072048,-0.00013894947187509388,0.0004811037506442517,-0.0007785120396874845,-0.0007742000743746758,-0.00019269308540970087,-0.001032271538861096,0.001198262209072709,-0.0001814296265365556,-0.0009519023587927222,0.0005478919483721256,0.0008156053372658789,0.0013056746684014797,-0.0011497606756165624,-0.0009070686646737158,-0.0004127975844312459,-0.0010420545004308224,0.00043040531454607844,-0.000539718137588352,0.0014706419315189123,-0.0006128976820036769,-0.0009646422695368528
dose8k_A_s1,00040.png,0.00041606422746554017,-6.42451923340559e-05,0.0006142847123555839,-0.00011528794129844755,0.002353435382246971,-0.000564336369279772,0.0009446810581721365,0.002378132427111268,8.756676834309474e-05,0.000184921664185822,0.001017489586956799,0.0006219730130396783,0.0006938987644389272,0.0007316386327147484,0.0006591462879441679,0.0003281397221144289,-0.0007158495136536658,-0.00010728538472903892,-0.0007612709305249155,0.0004997937357984483,-1.2547683581942692e-05,-0.0009864040184766054,-0.0009337596129626036,-0.0008026215946301818,0.001461039879359305,0.0007847309461794794,0.0003030201478395611,0.0001865671220002696,-0.0004423410282470286,-0.000899621460121125,4.1102543036686257e-05,0.0003323008131701499,0.0008601682493463159,-0.0003122733614873141,1.6093799786176533e-06
dose8k_A_s1,00041.png,-0.0003180751227773726,0.0005943101132288575,-0.0013313536765053868,0.00021552338148467243,0.0012541046598926187,-8.540652197552845e-05,-0.0010111768497154117,0.0006701954989694059,-0.0017403694801032543,-0.0019920256454497576,0.001234778668731451,-0.0004031023127026856,0.0006313188932836056,-0.00013980739458929747,1.955013067345135e-05,-3.6753175663761795e-05,0.00043698004446923733,-0.0007078673806972802,-0.0013156995410099626,0.0003914653498213738,0.0004613880591932684,0.00065011833794415,-0.0010108756832778454,-8.682017505634576e-05,2.651341856108047e-05,-0.0009405153687112033,0.0007746090414002538,-0.0003577476891223341,-0.0013657506788149476,0.00039484078297391534,0.00132477143779397,-0.0006651532603427768,2.150459295080509e-05,-1.9740131392609328e-05,-0.0009148023091256618
dose8k_A_s1,00054.png,-0.0006428796332329512,-0.0001584677374921739,-0.0007912795408628881,-0.0005673210835084319,0.0015990129904821515,-0.001183443469926715,0.0011192811653017998,0.0007902244688011706,-0.0008246431825682521,5.4885433200979605e-05,8.782458462519571e-05,-0.0004986462299712002,-0.0020286296494305134,-0.00045354687608778477,-0.0006371732451952994,0.0003953680570703,0.000868181639816612,0.0002021930558839813,0.0009127965895459056,-0.00104300316888839,-0.0008697187877260149,-0.0007672697538509965,-0.00018667153199203312,0.0007952347514219582,0.00015182777133304626,0.00018670278950594366,-0.0009488118230365217,-0.00121938600204885,-0.0016813925467431545,0.0002647498913574964,-0.0003425586619414389,-0.0011963292490690947,-0.00038698335993103683,0.0011739704059436917,0.0007611018954776227
dose8k_A_s1,00055.png,-0.000482809089589864,-0.0005954841035418212,-0.0010609893361106515,-0.0003868024505209178,-0.0006264713010750711,-0.0004898507613688707,0.0006811213097535074,0.00014636335254181176,-0.0008555364911444485,0.0015933873364701867,0.001011487329378724,-0.0002963334263768047,0.0009449741337448359,0.001037908368743956,0.0006448136991821229,-0.0005566112231463194,-0.0007615688373334706,2.6770258045871742e-05,-0.000947444757912308,7.824203203199431e-05,-0.00033135077683255076,5.21856163686607e-05,0.0011889860033988953,6.406223837984726e-05,0.0010629472089931369,0.0006172521389089525,-0.0008712366106919944,0.0018293234752491117,-8.768077532295138e-05,0.0006794168148189783,-0.00042044668225571513,0.00013478529581334442,-0.0018154006684198976,-0.00027242599753662944,-0.0016797640128061175
dose8k_A_s1,00056.png,-0.0016759145073592663,-0.0012679275823757052,-0.0005119473789818585,-0.0004049176932312548,-0.0009575407020747662,-0.0008756599272601306,-0.0004560885136015713,-0.0008921686094254255,-0.0013996359193697572,4.8834888730198145e-05,4.651300696423277e-05,-0.0007417923770844936,0.00027765188133344054,0.0002464289718773216,-0.000885019195266068,0.0003589626867324114,-0.00010989272414008155,0.0009863447630777955,-0.00035078704240731895,-0.0011048351880162954,-2.7031515855924226e-05,-0.0005976232350803912,-0.0003358248504810035,-0.00036626600194722414,-0.00026053283363580704,2.9496059141820297e-06,-0.000626474036835134,0.0011013629846274853,0.0004509066347964108,-0.0003566285886336118,0.0011355517199262977,0.0005478595267049968,9.075608977582306e-05,-0.00043903806363232434,0.0006903625908307731
dose8k_A_s1,00057.png,4.773681575898081e-05,0.0015798573149368167,0.0008541235001757741,-2.1396384909166954e-05,0.0007879718323238194,0.0012248605489730835,0.0004621329135261476,-0.0009390005725435913,0.00232325098477304,-0.0019709356129169464,0.0008566628093831241,0.0008895192295312881,0.00012893491657450795,0.001620253548026085,0.0003456010890658945,1.2065260307281278e-05,0.0004142507677897811,0.0011789408745244145,-0.0005665144417434931,0.00014744682994205505,0.0008449475280940533,0.0005136667168699205,0.0005463501438498497,-0.00017686010687611997,-0.0003842850273940712,-0.0010411825496703386,0.0014831142034381628,0.001084270654246211,0.000796432897914201,0.001633813139051199,-0.0002800195070449263,-0.0016511615831404924,0.00013930404384154826,-0.0009950646199285984,6.122281774878502e-05
dose8k_A_s1,00046.png,-0.0012786241713911295,-0.002077877288684249,0.0013071127468720078,0.000597734353505075,0.0008348905830644071,-0.0005608510109595954,0.0007148890872485936,0.0007738309213891625,-0.0006478727445937693,0.00022992819140199572,8.673765114508569e-05,-0.001107391552068293,0.0013503071386367083,0.0006526157958433032,-0.0010681736748665571,0.0015598878962919116,0.0003886909398715943,0.0008230927051045001,0.0001015806628856808,-0.0018127915682271123,2.6236091798637062e-05,0.00025259528774768114,7.247417670441791e-05,-0.0017664594342932105,0.0010357043938711286,0.0009389813058078289,-0.001942190108820796,0.0013750633224844933,-0.0009851079666987062,5.219002196099609e-05,0.00110836629755795,-0.002397329779341817,-0.0011518492829054594,0.0009213520679622889,-0.00020730281539727002
dose8k_A_s1,00047.png,0.00111604284029454,0.00013609685993287712,0.0007277258555404842,0.00035032746382057667,-0.0001164931891253218,0.0006828286568634212,3.5384093735046918e-06,0.0008114630472846329,1.1999944945273455e-05,-0.0007836556760594249,-0.0007713026716373861,-0.0005293077556416392,-0.0021400682162493467,-0.00021267346164677292,0.0008070429903455079,-0.0022970461286604404,0.00013856610166840255,0.0008635263075120747,0.0014782426878809929,-0.00033839134266600013,-1.7829801436164416e-05,0.00020950064936187118,0.00014937485684640706,-0.0003156414022669196,0.00013667379971593618,0.0008954372024163604,0.0008449608576484025,8.442633406957611e-05,0.0012532243272289634,-0.000928462715819478,-0.0007942965603433549,0.0010022135684266686,0.0005396585329435766,0.0003280575037933886,0.0007016740273684263
dose8k_A_s1,00048.png,0.0008003977709449828,-4.4925935071660206e-05,6.460537406383082e-05,-0.001607184181921184,-0.0008254455169662833,0.0009018724667839706,-0.001192502910271287,0.0010160936508327723,-0.00023225393670145422,0.001770538161508739,0.0006270069861784577,-0.0007210600306279957,-0.00021205964731052518,0.0003045657358597964,0.0014797584153711796,-0.0006683827377855778,-0.0013078144984319806,-0.0013231105403974652,-0.0004186109872534871,-2.8257802568987245e-06,-0.00030839929240755737,-0.0005822839448228478,-0.0004048593691550195,0.0009203856461681426,-0.0010737103875726461,-0.00015894642274361104,-0.0005467866430990398,-0.0018413601210340858,0.00032051486778073013,-0.0007608154555782676,4.146157152717933e-05,1.357131804979872e-05,0.00012054227408953011,-0.0003053843101952225,-0.0014695307472720742
dose8k_A_s1,00049.png,-2.6115418222616427e-05,0.0003726236172951758,0.0010201294207945466,-0.0017459040973335505,-0.001963675720617175,-0.0008773063309490681,0.0001841172343119979,-0.0004026666283607483,-0.0004305145994294435,-0.0012798710959032178,0.0007911836146377027,0.0008183677564375103,0.0020233935210853815,-0.0006365875015035272,0.00038896166370250285,-0.0006531617254950106,0.0006812569336034358,-0.0006774547509849072,0.0009338962263427675,-0.0007334589026868343,-0.0006422690930776298,0.00025757658295333385,-0.00039826062857173383,0.00017822059453465044,0.00022844423074275255,0.0009891202207654715,-0.000946042244322598,-0.000802206399384886,-0.0024679016787558794,7.274196832440794e-05,-0.0021535044070333242,-6.774939720344264e-06,-0.0006560744950547814,0.0007083562668412924,0.0005378740024752915
dose8k_A_s1,00042.png,-0.00039269786793738604,-0.001571571920067072,-0.0010512977605685592,-0.00029669617651961744,-0.0005839198711328208,0.00012002510629827157,0.0004588318115565926,-0.0005202270112931728,0.00034363201120868325,-0.00011884290870511904,-0.001357450382784009,0.0006110143149271607,9.76600858848542e-05,-0.0006198438932187855,-0.0012124328641220927,-0.0004933782038278878,-0.0010782855097204447,-0.0009679154027253389,-0.00038981574471108615,0.00011371824803063646,-0.0003321216208860278,0.00010364891932113096,-0.0006960316095501184,-0.000675578776281327,0.001281840493902564,9.879808931145817e-05,0.0013843673514202237,-3.9707716496195644e-05,0.0014529719483107328,-0.0008693792624399066,-0.0005738234613090754,-0.0014404025860130787,0.0006339678075164557,-0.0001528104767203331,0.00015766384603921324
dose8k_A_s1,00043.png,-0.0018106300849467516,-0.001296847010962665,-0.0007986494456417859,0.0019270223565399647,0.00022585771512240171,-0.0012750520836561918,-0.00021500597358681262,-0.0010327493073418736,0.00023412753944285214,0.0008132294751703739,0.0006507606012746692,0.0003404715098440647,-0.0011505945585668087,-0.0006473687826655805,0.00011271241965005174,-0.00027217381284572184,-4.9392641813028604e-05,0.001900962321087718,-0.00017224959447048604,0.0003459714644122869,-0.0016037641325965524,-0.0026707507204264402,0.0011792328441515565,-0.0005240924656391144,3.0963681183493463e-06,0.0005632361862808466,-0.001607195590622723,0.001247786800377071,0.0015578784514218569,0.00039355919579975307,-0.0004334017576184124,-0.0010362528264522552,0.0005169741343706846,0.0013888746034353971,0.0009890999644994736
dose8k_A_s1,00044.png,-0.00021245625976007432,-0.0013268435141071677,0.0009044766775332391,0.0007365686469711363,0.0009541432373225689,0.0019049926195293665,-0.0005283401696942747,-0.00031472306000068784,0.000482298550195992,7.867773092584684e-05,-0.0001313242391915992,-1.1275664292043075e-05,0.001049540122039616,6.956081779208034e-05,-0.00015792821068316698,0.00022189530136529356,0.0009942270116880536,0.0005327683757059276,-0.0001553506444906816,0.00048024574061855674,0.00038448884151875973,-0.0014938163803890347,-0.0008173049427568913,-0.0009270515874959528,-0.0003634867607615888,-0.0018221422797068954,-0.0010564097901806235,-0.00020626504556275904,0.00010962559463223442,-0.00018458260456100106,-0.0003552737180143595,0.00050328578799963,-0.0014479566598311067,0.001555615570396185,0.000581506930757314
dose8k_A_s1,00045.png,0.0016853054985404015,0.0014100888511165977,-7.74831059970893e-05,-0.0005856303032487631,0.00035488157300278544,-1.7660835510469042e-05,0.0006647379486821592,-0.0020292748231440783,0.0001589278836036101,0.0007644520374014974,-4.169984458712861e-05,-0.00022299870033748448,-0.0022389893420040607,0.00018847471801564097,-0.0008536336245015264,-0.0014226476196199656,-0.0005757902399636805,-0.0005547934561036527,0.0012780044926330447,0.00031969588599167764,-0.0011771382996812463,-0.0004226181481499225,-0.00041785594657994807,0.000259855471085757,0.0003947677614632994,-0.0018878474365919828,0.0002821242087520659,0.00045735936146229506,-0.0005475402576848865,-0.0012729910667985678,-0.0016955176834017038,0.0008432280155830085,-0.0006166460807435215,-0.0006386612658388913,-0.0008048527524806559
dose8k_A_s1,00050.png,0.00040355639066547155,0.0017127301543951035,0.001040346920490265,0.001593678374774754,-0.0012799033429473639,0.0006047389470040798,-0.0003610225103329867,0.0007376392604783177,-0.0003586184175219387,-0.0009826063178479671,-0.0003432799712754786,0.0002235255524283275,0.0006008083582855761,-6.903938628965989e-05,-0.0012052940437570214,0.0008157234988175333,0.00012463687744457275,-0.0001420509215677157,0.0007315721013583243,0.00022277561947703362,-0.00016192584007512778,-0.0014974462101235986,-0.0011763855582103133,-6.493257387774065e-05,-0.0003639250062406063,0.0004128451400902122,-0.0009250302682630718,0.000866544374730438,-0.001151164178736508,0.0007755839033052325,0.0007330718799494207,5.06176074850373e-05,0.00040701107354834676,-0.00031463714549317956,-0.001116252038627863
dose8k_A_s1,00051.png,0.0003510891692712903,0.00014982510765548795,-0.000788190751336515,0.0005589040811173618,0.000906363595277071,0.0002254439314128831,-0.0001876102469395846,-0.0008890143362805247,0.0008564565796405077,0.0002600119332782924,0.0010245881276205182,0.0011026476277038455,-0.0013736434048041701,3.563260906958021e-05,-0.0016749553615227342,-0.0008434592164121568,-0.000611985451541841,0.0002435158094158396,0.0006332217017188668,-0.0003968978417105973,-0.001316088018938899,0.0006229295977391303,-0.0004204411234240979,-0.0009456189582124352,0.0002587870985735208,3.524700514390133e-05,0.0008914037025533617,-0.00037538359174504876,0.0013478066539391875,0.0008364507812075317,-0.0009056093404069543,0.0002986147883348167,0.00019701753626577556,0.0004655290103983134,-0.00027812772896140814
dose8k_A_s1,00052.png,-0.0010226453887298703,-0.0006087728543207049,-5.7487082813167945e-05,-0.0013327630003914237,-0.0010866966331377625,0.000340854050591588,0.002927199238911271,0.0003234510659240186,-0.001911148545332253,0.0008533824002370238,0.0003070866805501282,0.00180091115180403,-0.0016271733911707997,-0.0005794332246296108,5.631440217257477e-06,-0.0005425303825177252,-0.001393545768223703,-0.0006951075047254562,-0.0013924790546298027,-0.0003686195705085993,0.0016307719051837921,0.0016400659224018455,-0.0009121779003180563,0.00016013732238207012,0.0019448313396424055,0.00034483388299122453,0.0019242593552917242,0.0006889930227771401,-0.0012820858974009752,0.00021290926088113338,-0.00038138541276566684,0.0006149618420749903,0.0008461144752800465,-0.0010730415815487504,-0.0006305811693891883
dose8k_A_s1,00053.png,-0.001590946689248085,-0.0009006249019876122,-0.0011302900966256857,0.0012742795515805483,-0.0016336524859070778,-0.0005008092848584056,0.00046164897503331304,0.00022022658959031105,-0.0012488217325881124,-0.0001317221758654341,0.0012012138031423092,-8.580431313021109e-05,0.002761518582701683,0.0009301520767621696,-0.0006472166860476136,0.0006087048095650971,6.195563764777035e-05,-0.0018428302137181163,-0.00010218383249593899,0.000950594199821353,-0.0005882179830223322,0.0009063734905794263,-0.0002792413579300046,-0.0016929564299061894,0.00021653481235262007,0.00022163438552524894,0.00011372504377504811,0.0008664281340315938,0.0014434325275942683,-0.00019814437837339938,-4.310052827349864e-05,-0.00028014718554914,-0.00043134819134138525,-0.00031782820587977767,0.0004567813884932548
dose8k_A_s1,00058.png,-0.0004233109939377755,-2.102640428347513e-05,-0.00018293086031917483,-0.0012054602848365903,-0.001308048376813531,-0.0005137372645549476,0.00019301871361676604,0.00017602031584829092,-0.00037296387017704546,-0.0006897947168909013,-0.0006921375752426684,0.0017433150205761194,-0.0008959432016126812,0.00035855412716045976,0.0008062426932156086,-0.002206699689850211,-0.0002768957056105137,0.00013105910329613835,0.000534650927875191,-0.0002320343191968277,-0.0005483651184476912,-0.00068847113288939,-0.0007254217052832246,0.0010089540155604482,8.246854122262448e-05,-0.00014334890875034034,-6.931499683560105e-06,0.0016402853652834892,-0.00011232054384890944,-0.0001286738843191415,0.00044748003710992634,-5.2506831707432866e-05,0.0006333691999316216,-0.00021370260219555348,-0.0007722559967078269
dose8k_A_s1,00059.png,-0.0005055398214608431,-0.0008532372303307056,0.0005853336188010871,-0.0020479101222008467,0.0004564524570014328,-0.0003747277951333672,0.0018542826874181628,0.0011914095375686884,-8.274301217170432e-05,0.0008393321186304092,0.0009005459141917527,-9.852094990492333e-06,0.00010647041199263185,0.0007648164755664766,0.00022563128732144833,0.0019922975916415453,-0.0001240674318978563,0.0005356116453185678,-0.0011098235845565796,-0.0011743375798687339,0.0013707950711250305,-0.0018945609917864203,0.0006841702852398157,0.000566341623198241,0.0011187903583049774,0.00048222587793134153,-0.002314363606274128,-0.0004746589402202517,-0.0006764497957192361,0.0005728684482164681,-1.8594540961203165e-05,-0.000808144046459347,0.0010505266254767776,0.0011951199267059565,-0.0012886765180155635
dose8k_A_s1,00060.png,-0.0004157730145379901,0.0010804448975250125,-0.0004627408634405583,-0.0010135832708328962,0.00013876971206627786,0.0012025877367705107,6.86934290570207e-05,0.001345257624052465,0.001631777617149055,0.0002970710629597306,-0.00045518248225562274,0.0002649930538609624,-0.0009051098022609949,0.0006428040796890855,-0.00029852145235054195,0.0007915578316897154,0.001008327235467732,0.0018684094538912177,1.6168096408364363e-05,-0.0015274172183126211,0.0004355978744570166,0.00010516293696127832,-0.0004835852887481451,0.0013999918010085821,-0.00041379741742275655,-5.2775463700527325e-05,-0.0001994111662497744,0.0001766960631357506,0.0003435065154917538,-0.00024607221712358296,-0.0008028735755942762,-0.001317955320701003,0.0012751779286190867,0.0009339977405034006,0.0007532425224781036
dose8k_A_s1,00061.png,0.0002856702485587448,-0.0007975677726790309,0.0004527723358478397,0.0005048151360824704,-0.0001350189559161663,-0.0012818322284147143,0.0014025357086211443,-2.4317581846844405e-05,8.245094795711339e-05,5.595948459813371e-05,0.0011503536952659488,-5.684816642315127e-05,-8.126074681058526e-05,-0.0008786270627751946,-0.00024674474843777716,-0.00039163048495538533,-0.0006459873984567821,-0.0004670137423090637,0.00032319151796400547,0.00013149298320058733,-0.0009876423282548785,0.0002709123073145747,0.00055785255972296,-0.0005913011846132576,1.2489911568991374e-05,-0.0006250257138162851,0.0012081894092261791,-0.00033852728665806353,-0.0002680770412553102,0.0007135167252272367,-1.3279443010105751e-05,-0.000837600149679929,0.0013463619397953153,-0.0010117859346792102,-0.00022977533808443695
dose8k_A_s1,00062.png,0.0007370773237198591,0.00010204530553892255,-0.0007689950871281326,-0.0012326007708907127,0.0013946599792689085,-0.0014945089351385832,-0.001686076750047505,-0.0010313348611816764,-0.00013576250057667494,-0.0007648593746125698,-0.0003184142697136849,0.0009027025080285966,-0.00015700123913120478,-0.0015361804980784655,-0.0014027865836396813,-0.001465078443288803,7.910320709925145e-05,0.0004362271574791521,0.00014483914128504694,0.000140129413921386,0.0012845317833125591,0.00066162901930511,-0.0005631858948618174,3.489621667540632e-05,0.0006661126972176135,0.0006884454633109272,0.00021709702559746802,0.00010483701043995097,-0.0003243049141019583,0.0002639390295371413,0.000287370610749349,-0.00042457872768864036,0.002095041796565056,0.0001979086664505303,-0.0002359972131671384
dose8k_A_s1,00063.png,0.0009551094262860715,0.0005654878914356232,0.00035576827940531075,0.0010652117198333144,0.00032123635173775256,0.0005036568618379533,0.0010913073783740401,-0.0012618879554793239,-0.0007103477255441248,-0.0007581626414321363,-0.0008786959224380553,0.0006246204720810056,0.0012623475631698966,0.0007042951765470207,0.0007064628298394382,0.0010461584897711873,-0.0006417172262445092,-0.0004408297245390713,0.0002112888323608786,0.0002540018467698246,-0.0012603725772351027,0.0007389932870864868,-0.0015754129271954298,0.0006005638279020786,0.0006347933667711914,0.0011677131988108158,0.00020124163711443543,-0.0001635460212128237,0.0005009837332181633,-0.0014478415250778198,0.0007068038685247302,0.001471178256906569,-6.28591951681301e-05,-0.00029057683423161507,-6.686776032438502e-05
dose8k_A_s1,00064.png,-0.0005610433290712535,-0.0005871683824807405,0.0004461946082301438,0.001071177190169692,0.00010696949175326154,0.0005716540035791695,-0.0003257363860029727,-0.000876566453371197,0.0008155946270562708,0.0007917467737570405,-0.000520773814059794,-0.000274990510661155,-0.0004456619790289551,-0.0002501526614651084,-0.0010531276930123568,4.9842114094644785e-05,-0.00041502955718897283,0.000925661064684391,0.0002581856388133019,0.001058647409081459,0.0012216225732117891,-0.00039076487882994115,0.0031342164147645235,0.0017686689971014857,-0.0021693557500839233,-0.0003607393882703036,-0.0013617449440062046,0.000764588126912713,0.0010818294249475002,0.0006380827981047332,0.0005556526593863964,0.0006734124617651105,0.00035623391158878803,0.0004243116418365389,0.0005500476690940559
dose8k_A_s1,00065.png,-0.0013550111325457692,0.0006707744905725121,-0.00016114961181301624,-0.000769242353271693,0.0008413693867623806,0.0002950709022115916,-0.0012602052884176373,-0.00033754599280655384,7.50286562833935e-05,0.00029307728982530534,0.0007270761416293681,-0.0005797895137220621,0.0003546238876879215,-0.00011832837481051683,0.00041548346052877605,-0.0012936751591041684,0.0005213415715843439,-0.001935605308972299,0.0010639762040227652,-0.0007271708454936743,-0.00024719489738345146,-0.00025762259610928595,0.0006281943060457706,0.0007657347596250474,0.002001614309847355,0.001380157540552318,0.00030397213413380086,0.0022998079657554626,-0.0005523105501197278,-0.0005549062043428421,-0.0005168987554498017,2.7672136639012024e-05,0.0005007746513001621,-0.0016881058691069484,-0.0016086469404399395
dose8k_A_s1,00066.png,-0.0014888799050822854,-0.002015124773606658,-0.0007471591816283762,-0.001451390446163714,-0.0016550717409700155,-0.0005386557895690203,0.000374352908693254,-0.0006521115428768098,0.0001332705869572237,-0.0007380374008789659,0.0001472020521759987,0.0005583782913163304,3.928609294234775e-05,0.000560915214009583,-0.0005705617368221283,0.0004582114634104073,0.0003645867109298706,-0.0009158256580121815,-0.0007009428227320313,-0.001479862374253571,0.00014387319970410317,0.001223834347911179,0.0005550674977712333,0.0014163305750116706,0.0015041069127619267,0.0006388252950273454,0.00017120335542131215,0.00065034773433581,-0.0009743221453391016,-0.00017309168470092118,0.0010666806483641267,4.091532900929451e-05,-0.0009066000930033624,-0.0001777276920620352,-0.00034987638355232775
dose8k_A_s1,00067.png,-0.0009843993466347456,-0.00041164900176227093,-6.816079576310585e-07,0.00018817772797774523,0.00042434516944922507,-0.001317448914051056,-0.001536215073429048,0.00133259198628366,-0.00015881398576311767,-0.00094332464504987,-0.0006186651880852878,-0.0004697468539234251,-0.00025954589364118874,-0.0012935835402458906,-0.000498216541018337,-0.0011106011224910617,-0.0003995381703134626,-0.0005430546589195728,-0.0013281324645504355,0.0006521787727251649,-0.001008551917038858,1.1802208064182196e-05,0.00044111532042734325,-0.0004884605878032744,-0.0016111332224681973,0.0007094120373949409,-0.0017292400589212775,-7.715075480518863e-05,0.001127793570049107,0.0018356284126639366,-0.0006760951364412904,-0.00037332327337935567,-0.00033827751758508384,-0.0006589671829715371,0.0009007796179503202
dose8k_A_s1,00068.png,0.0004939149366691709,0.0003850133216474205,0.0005700658657588065,0.002207223093137145,-0.0006385375745594501,-0.0005443078698590398,0.00046334322541952133,0.000749116821680218,0.00017334141011815518,-0.0007539975922554731,-1.9224287825636566e-05,0.0001482825755374506,0.00020674070401582867,-0.0010221831034868956,0.0004929134738631546,-0.0001789337256923318,-0.0005754414014518261,-0.0006682624807581306,-0.0013651511399075389,-0.00019501640053931624,-0.0007260973798111081,-0.000833672471344471,3.232600283809006e-05,-0.00019476324087008834,-0.0007065128302201629,-0.000480357906781137,1.4748587773283361e-06,-9.254046017304063e-05,-0.0008556324173696339,-0.0006916081765666604,-0.001591971842572093,-0.000526992604136467,0.0018342166440561414,-0.000984121928922832,-0.00028452606056816876
dose8k_A_s1,00069.png,-0.0004527607816271484,0.0002305852249264717,0.0002925038861576468,-0.0007413937128148973,-0.0025490617845207453,0.0008506074082106352,0.001255706651136279,-0.0005253226845525205,-0.0001840116165112704,0.0004159364616498351,-0.0005142625304870307,0.00032651572837494314,0.0007235097582451999,0.00016485202650073916,-1.0402161024103407e-05,0.00047626529703848064,-0.0014273457927629352,0.00022026075748726726,-0.0008956082165241241,-0.0003646304539870471,0.0006766192382201552,0.0023271446116268635,-0.0003104597853962332,0.0005544524174183607,-0.00027721651713363826,-0.0014286849182099104,0.00014589945203624666,-0.0012426371686160564,0.0007764374022372067,0.000633800053037703,-3.980892142863013e-05,0.0009076211717911065,0.000958508811891079,0.000889448681846261,0.0014570415951311588
dose8k_A_s1,00074.png,-5.230906936048996e-06,0.0010934526799246669,0.00027017362299375236,-0.0007382062613032758,0.0007071901927702129,-0.0015991295222193003,-0.0016151642194017768,-0.000426346727181226,0.0006607151590287685,0.00014154745440464467,0.0003745699068531394,-0.00023385202803183347,-0.0003497169818729162,0.0004512491577770561,-0.0001205226217280142,0.0027517506387084723,-0.0011398718925192952,-0.0001148317678598687,0.0019990396685898304,0.000904221786186099,0.0012118344893679023,-0.0006301925168372691,-0.002254997380077839,-0.0021562078036367893,0.00015190590056590736,0.00015449136844836175,0.0001802031183615327,7.955259206937626e-05,0.0009568493696860969,-0.0006737467483617365,-0.0012111359974369407,0.0003093226405326277,0.0015049175126478076,-0.0001161436885013245,0.0011747205862775445
dose8k_A_s1,00075.png,-0.000740611634682864,-0.00023331661941483617,-0.0004944917163811624,0.0006978974561206996,-0.0011088368482887745,0.0005844295374117792,-0.0005921638221479952,0.000915646436624229,-0.0003269961744081229,0.0006945699569769204,-0.0005732835852541029,0.0015000650892034173,0.0003327831218484789,-0.0009672779124230146,-0.0016863911878317595,0.0009353384375572205,0.0009578820900060236,0.00023963050625752658,0.00042450797627680004,-0.0005877612857148051,0.0008763672085478902,0.0008220802992582321,0.0014083414571359754,-0.00015193354920484126,0.00025355402613058686,0.0009792768396437168,0.0006504905759356916,-0.0009761154651641846,-0.0008743004291318357,-0.00031691990443505347,-0.00011065514263464138,-0.000885355519130826,-0.0006744593265466392,0.0013666595332324505,-0.0006876938277855515
dose8k_A_s1,00076.png,-7.001141057116911e-05,-0.0009030838264152408,-0.0009965052595362067,0.0013843490742146969,0.0012188198743388057,0.0005878739757463336,-0.0006687770364806056,3.481587555143051e-05,-0.0012268292484804988,-1.1124518096039537e-05,0.001268940744921565,-0.00032466620905324817,-0.0009718408109620214,-0.0006769116153009236,0.0005110909114591777,0.0012727015418931842,0.00038705504266545177,-0.00028993430896662176,-0.000504719908349216,0.0009130503167398274,-3.4287200833205134e-05,-0.0013797217980027199,0.00021237711189314723,0.002410746645182371,0.0017901047831401229,0.0013511120341718197,-0.0013487222604453564,1.7463524955019238e-06,0.0004094118776265532,0.00025788601487874985,-0.00032433337764814496,-0.0005800981307402253,0.0002965098829008639,0.0006499356240965426,-0.00035781829501502216
dose8k_A_s1,00077.png,0.0006104900385253131,0.00015462914598174393,-0.0018469160422682762,-0.0021395771764218807,-0.0011614043032750487,-0.0012098102597519755,0.0003408154007047415,0.0001787081127986312,-0.001311767497099936,-0.0017668536165729165,0.00016065215459093451,-0.0008296364103443921,-0.0015136314323171973,0.0002704926591832191,-0.00016033412248361856,0.0007479667547158897,0.0016394306439906359,0.0011458744993433356,-0.00043041177559643984,-0.0008188545471057296,0.0007805958739481866,-0.0007209469913505018,-0.0012858286499977112,-0.0002207540674135089,0.0005004412960261106,0.0007249483605846763,0.0005970182828605175,-0.0003200065402779728,-0.00025715798255987465,0.0003319008101243526,0.001696089399047196,-0.0002909759641624987,0.0005443624104373157,-0.00018103669572155923,0.0005696594016626477
dose8k_A_s1,00078.png,0.0005645047058351338,0.0010994961485266685,-0.00010294769163010642,3.1165825930656865e-05,-0.0003206842811778188,0.00018533157708588988,-0.00025012969854287803,0.0006611102144233882,-0.00014699448365718126,-5.741274435422383e-06,-0.00205647898837924,-0.0008583373855799437,-0.0010107412235811353,-0.00020664717885665596,-0.0014330802951008081,-0.0006459372234530747,0.0006517449510283768,-0.0005480073159560561,-0.000223188049858436,0.0006153460126370192,0.002188073005527258,0.002354969270527363,-0.0019853939302265644,-0.0007805422064848244,-9.25004860619083e-05,-0.0005064888973720372,-0.0008383399690501392,-0.00011796406761277467,-0.00020342371135484427,-0.0009902012534439564,0.002123116748407483,0.0018356414511799812,-0.000581340747885406,0.0003600463969632983,-0.0010043085785582662
dose8k_A_s1,00079.png,-8.035376959014684e-05,-0.0005145532777532935,-9.66931038419716e-05,-8.267546218121424e-05,0.0017803432419896126,-0.000980218406766653,-8.743639045860618e-05,0.001615629531443119,0.0003915647102985531,-0.00015253275341819972,0.0015756931388750672,0.0004542773531284183,0.0003800922422669828,0.0009027028572745621,0.0011641794117167592,-0.0002332413860131055,-0.0008303662179969251,0.0004791824903804809,-0.0006796126835979521,-0.00020073959603905678,0.00023508659796789289,-5.1948241889476776e-05,0.0006126592052169144,-0.0011426160344853997,0.0007043965742923319,0.0016482911305502057,0.0003420253633521497,0.0019563196692615747,-0.0005804861430078745,-0.00026978732785210013,-7.37712107365951e-05,0.0010035004233941436,-0.00011013573384843767,-0.0013825263595208526,-0.0004786804784089327
dose8k_A_s1,00080.png,-2.2356422050506808e-05,0.0001518803765065968,-0.00020180869614705443,-0.0012415348319336772,-7.775547419441864e-05,0.0005910348845645785,-0.0019152512541040778,0.0010242790449410677,-0.0002389295113971457,0.0003877356357406825,0.00041656391113065183,0.001172821270301938,-0.00031234006746672094,0.00012778000382240862,-0.0005170601070858538,-0.00027334029437042773,-0.00046186044346541166,-0.001039380207657814,8.773974695941433e-05,-0.0010788397630676627,-0.000923766172491014,-0.0004386966465972364,-0.00018214424198959023,0.0002188018843298778,0.000882516207639128,-0.0005513668293133378,0.0008323605288751423,4.2192579712718725e-05,-0.0009938066359609365,-0.00014765746891498566,-0.0006434105453081429,-0.0003799843543674797,-0.0011543645523488522,0.001334330765530467,-0.0008927995222620666
dose8k_A_s1,00081.png,0.0020807811524719,0.0017005875706672668,-0.0009391638450324535,0.0024914699606597424,0.0008168195490725338,-0.0005341873038560152,0.0005138979176990688,0.0005489559844136238,0.0008906825096346438,-0.0010903560323640704,0.0020778151229023933,0.0007292359950952232,-0.0007623542915098369,7.851178088458255e-05,0.0002804975083563477,0.00032660458236932755,0.00023677437275182456,0.0003737259830813855,-5.47345080121886e-05,-0.0002638668811414391,0.0013212412595748901,0.00020433234749361873,-7.048442785162479e-05,0.0006552350241690874,0.0010312489466741681,-0.0006939165759831667,0.001693887636065483,0.0006761139957234263,-7.069294952088967e-05,0.0004160453681834042,-0.0006643668166361749,0.0002403276157565415,-0.00025994202587753534,0.0002770272549241781,0.0011109719052910805
dose8k_A_s1,00070.png,0.000822067609988153,0.001307671656832099,7.831871334929019e-05,-0.004007113631814718,-0.0008070140611380339,6.280109664658085e-05,-0.0005177119164727628,0.00048762105870991945,-0.0001250633504241705,-0.00013531584409065545,0.0012427764013409615,-0.0002924378786701709,0.001219217898324132,0.0008081991691142321,-0.0002465622965246439,-0.00021376220684032887,0.0001911329454742372,-4.264027302269824e-05,-0.0017865332774817944,0.001262735459022224,0.00022706904564984143,8.175601396942511e-05,-0.0007980734808370471,0.0005816154880449176,0.000626196910161525,-0.0004034051380585879,0.00026408975827507675,0.0011177498381584883,0.00016884657088667154,-2.487533265593811e-06,-0.0009376054513268173,-0.00040852485108189285,-0.0003100309113506228,0.00045576359843835235,0.00037692891783080995
dose8k_A_s1,00071.png,-0.0016578704817220569,-0.0013429546961560845,-0.0006846475298516452,-0.0003067252691835165,0.001397414947859943,0.0013424570206552744,-0.0015011808136478066,-1.4674032172479201e-05,-0.0005587672349065542,-0.0010231031337752938,0.00019883368804585189,0.0008270363323390484,-0.0007367236539721489,0.0005598253919743001,0.0006152646383270621,0.00024244219821412116,0.0005964401643723249,0.00025538253248669207,-1.3783043868897948e-05,-0.0005783564993180335,-0.001126807532273233,-0.0017259316518902779,-0.0019829710945487022,0.0006965548964217305,0.0017232788959518075,0.00032242300221696496,0.000537187559530139,3.6579083371179877e-06,-0.0006494132685475051,-0.00015707351849414408,6.434339593397453e-05,-0.0008979231351986527,-0.000160508046974428,-0.0004005423397757113,-7.320953591261059e-05
dose8k_A_s1,00072.png,-0.00015943525067996234,9.712436440167949e-05,0.0002598401333671063,0.0003845041792374104,0.0006470105145126581,1.3093264783492486e-07,-0.0017686658538877964,0.0005365486140362918,0.0010295674437656999,-0.00075303710764274,0.0004634780343621969,-0.0006480492302216589,0.00021607917733490467,0.0006752696353942156,0.0007617652881890535,0.0019320816500112414,-0.001058625872246921,-0.0012834164081141353,-7.056300819385797e-05,4.629999239114113e-05,0.000267420313321054,-0.00021625269437208772,0.000269148382358253,-0.00016033646534197032,-0.00040505311335437,3.094213298027171e-06,-0.0006554214633069932,0.00014991893840488046,-0.0005816958146169782,-0.0006461505545303226,0.0005351383588276803,-0.0005192693206481636,-0.0009029151406139135,-0.00040772889042273164,0.0022657711524516344
dose8k_A_s1,00073.png,0.000574889883864671,0.0003858465643133968,4.615896978066303e-05,0.0003990999539382756,0.0030667935498058796,-0.0009997640736401081,0.0016172264004126191,-0.0004617061058524996,0.0010127283167093992,0.0009606550447642803,-0.00012168729153927416,-0.0001362795737804845,-0.0010116263292729855,-0.0017313547432422638,-0.0007871997077018023,0.0006874692626297474,-1.6863516066223383e-05,-0.00016152528405655175,-0.0015182269271463156,-0.0008481185068376362,4.276838808436878e-05,0.0010286173783242702,-0.00027687547844834626,-0.00036552982055582106,-0.0006085445638746023,-0.00043800348066724837,-0.0009583529899828136,0.0016624233685433865,0.0010887372773140669,-0.0006179569754749537,-0.00026692397659644485,0.001644945819862187,0.0006397755932994187,-0.000104233440652024,0.0005855015479028225
dose8k_A_s1,00082.png,0.0007352812681347132,-0.0008966127061285079,0.0016332833329215646,0.0013834562851116061,-0.0022446911316365004,-0.0012748512672260404,0.001000370946712792,-0.0019398953299969435,-0.0010182493133470416,-0.001300300587899983,-0.000619460188318044,-0.0001235761883435771,0.00019159048679284751,6.2022304518905e-06,0.00015086127677932382,0.0008762336801737547,0.0014894085470587015,-0.0001951784361153841,0.001191283343359828,-0.00014688208466395736,0.0001403102360200137,0.00038070528535172343,-0.0014843227108940482,-0.0004658359393943101,1.0979661965393461e-05,-7.245479355333373e-05,-0.0011176330735906959,-0.0009565417421981692,-0.00030410976614803076,-0.0010700712446123362,-0.0009037214331328869,-0.0019265287555754185,-0.00248638610355556,0.0003243260143790394,0.00018123260815627873
dose8k_A_s1,00083.png,-0.00011655364505713806,-0.0003521520702634007,0.0010828253580257297,-0.0019214103231206536,0.00014112473581917584,0.000949736509937793,-1.6758902347646654e-05,-0.0010054792510345578,-0.001883920282125473,-0.000174328510183841,-0.001281782635487616,0.0010338200954720378,0.0012119320454075933,-0.0012936039129272103,0.0004332126409281045,0.00012397539103403687,0.0011083000572398305,-0.0010011482518166304,-0.000514259678311646,0.0013064274098724127,-4.662872743210755e-05,0.0004498717898968607,0.000536320440005511,-0.0006710003945045173,-0.0011644565965980291,0.0006532110855914652,-0.0002461578114889562,-0.001177248195745051,-0.0011804144596680999,0.0014756184536963701,0.0002985268656630069,-0.00029789685504511,0.0012247844133526087,0.0008801976218819618,0.0003490304807201028
dose8k_A_s1,00084.png,0.00043075435678474605,0.0005252817063592374,0.00012566930672619492,-0.0005854488117620349,0.0015993977431207895,-0.0007761289016343653,0.0006558957975357771,-0.0009725303971208632,0.0006508748047053814,0.0009609607513993979,0.0001841540652094409,-0.0006350783514790237,0.0002719215408433229,0.0011168753262609243,0.0007298390846699476,0.0006940210587345064,0.0019109818385913968,0.0004167728475295007,0.00041441962821409106,0.0013990378938615322,-6.159859913168475e-05,0.00011075278598582372,0.00017543592548463494,-8.712861017556861e-05,3.989520700997673e-05,-0.00012645230162888765,-0.0011821896769106388,0.0007061257492750883,-0.00033636161242611706,0.002415570430457592,-0.000754328619223088,-0.0008746131788939238,-0.0014659883454442024,0.000374723196728155,0.00011589688074309379
dose8k_A_s1,00085.png,-0.0004210320475976914,0.0005841732490807772,-0.0018650522688403726,0.0007753443787805736,0.0004850034893024713,0.00046140470658428967,-0.00031631338060833514,0.0005334443412721157,-0.001205462496727705,-0.0006232023588381708,0.0017543474677950144,0.0011320733465254307,-0.0002273793943459168,0.0017977504758164287,0.0009943741606548429,-0.00036226713564246893,-0.0013709772611036897,-0.0003178252372890711,0.0003151077835354954,-0.00172253733035177,-0.0008843262912705541,-0.0012315268395468593,0.001389161217957735,-6.899636355228722e-05,0.0006028337520547211,-0.00042469819891266525,-0.0006956436554901302,-0.0010806635254994035,-0.0008641504100523889,-0.0013468863908201456,-0.0011575777316465974,4.483233351493254e-05,-0.0008822645177133381,-0.0013436025474220514,-0.000818315427750349
dose8k_A_s1,00086.png,0.0002853113692253828,0.00023461288947146386,0.00015567228547297418,-0.001183667336590588,0.001812420436181128,-0.0006701818783767521,8.792549488134682e-05,-0.0015599997714161873,0.0005127487238496542,-0.00032679399009793997,0.0012350474717095494,-0.0009694231557659805,0.001204007538035512,-0.0009318447555415332,0.0006721973768435419,0.0009025926701724529,0.0002663872146513313,-0.00015775483916513622,0.0004708531778305769,0.0016761473380029202,-0.0005867471918463707,0.00022764784807804972,0.0004987773136235774,0.0015801864210516214,-0.0010673764627426863,-0.00016750175564084202,1.2294352927710861e-05,0.00015402853023260832,-0.0002463669516146183,0.0008888677693903446,0.0006202497170306742,-0.0005147216143086553,0.0003005113103426993,-0.001443463726900518,-0.0006237680208869278
dose8k_A_s1,00087.png,-0.0006772502674721181,-0.0002711281122174114,-3.1535080779576674e-05,0.0003388680052012205,-0.0013029370456933975,-0.00011627399362623692,-0.0008764537051320076,-0.0004171383916400373,0.00023780470655765384,-0.0014975130325183272,-0.000530390243511647,0.0006956840516068041,-0.0007963566458784044,-0.0007656323141418397,-0.00045289917034097016,4.4817094021709636e-05,0.0007483144872821867,-0.0006226937985047698,-0.0010128803551197052,0.00025361671578139067,-0.0008930115727707744,-0.0003232869494240731,-0.00023096238146536052,0.0009312707697972655,0.00041925066034309566,-0.0006166210514493287,0.00020796463650185615,0.0008859382360242307,-0.0001999879750655964,-0.0001733351673465222,8.93598553375341e-06,0.0007563509279862046,0.001156455953605473,0.0005613408866338432,6.038591163814999e-05
dose8k_A_s1,00088.png,0.0012313133338466287,0.00014352455036714673,-9.891962690744549e-05,0.0012212888104841113,0.0027441394049674273,0.0006311880424618721,-0.002009711926802993,0.0009099377202801406,0.0011977982940152287,0.0009432967053726315,0.0028824354521930218,-0.0007005468942224979,0.0004295279795769602,-0.001739814062602818,-0.0022252812050282955,0.0007238018442876637,-0.0013145350385457277,0.0020189424976706505,-0.0011059017851948738,0.0005059005925431848,-0.0009616157039999962,-0.0016779366414994001,0.002380554797127843,-0.0005767662078142166,0.0004241576243657619,0.0006196867325343192,0.00046759870019741356,0.0022719083353877068,0.0012748332228511572,4.2072191718034446e-05,0.0010867152595892549,0.0003169060801155865,-0.000547753763385117,-0.00023503824195358902,0.00034611858427524567
dose8k_A_s1,00089.png,0.0003414492239244282,0.0009285156847909093,-0.0007485568057745695,0.0006960132159292698,0.0017624628962948918,-0.0015265605179592967,-0.002236385829746723,0.0012479104334488511,0.00013883781502954662,-5.0713781092781574e-05,-0.0010397256119176745,-0.0013576268684118986,-0.000696639996021986,-0.0016617798246443272,-0.0001377216976834461,-0.0007018654141575098,0.00045515000238083303,-0.0015400293050333858,0.0002582677989266813,0.00027415924705564976,0.0005280981422401965,-0.0007448809337802231,-0.0004478054470382631,0.00036578482831828296,8.351918222615495e-05,0.00015172445273492485,-9.285443411499728e-06,-0.0004998787771910429,0.0008687835652381182,-0.0001336530112894252,-3.836332496121031e-08,-0.0015318647492676973,0.0002323290827916935,-0.0007348425569944084,0.0006807041936554015
dose8k_A_s1,00090.png,0.000356175733031705,0.0001280260767089203,1.1990793609584216e-05,0.00031256163492798805,0.0004899144405499101,0.0007240744889713824,0.0008097070385701954,-0.00038866797694936395,0.0012951791286468506,0.0010789851658046246,0.00048062115092761815,-0.0001265504106413573,-0.001205328037030995,-0.0006529584061354399,0.0007052376749925315,1.1747584721888416e-05,-0.0005244018975645304,-0.0011852913303300738,0.00029028154676780105,0.0006433067610487342,-0.0007131615420803428,0.00029963813722133636,-0.0005884406273253262,8.924847497837618e-05,0.0004478151095099747,-0.0013836559373885393,0.0008672059630043805,0.00027136688004247844,0.0006313055637292564,-0.0006347090820781887,-0.0011519895633682609,0.0005212257383391261,-6.165316153783351e-05,-0.00017848418792709708,0.001012796419672668
dose8k_A_s1,00091.png,-0.0023649372160434723,-0.0012285640696063638,0.00030429716571234167,0.0009352652123197913,-0.001393820159137249,-0.001367058139294386,-0.002177887363359332,-0.0003207800618838519,0.0006411909707821906,-2.221075374109205e-05,0.0005153109668754041,2.93315952148987e-06,-0.001612424268387258,-0.0017255395650863647,9.41366670303978e-05,0.00198394525796175,-0.0013645876897498965,-0.002230191370472312,-0.0011798017658293247,0.0011319798650220037,-0.0005329523701220751,-1.6020330804167315e-05,0.001659794244915247,-0.0008452298352494836,0.0011325243394821882,0.0008120032143779099,0.0002965531894005835,-0.00047735031694173813,-0.0014247880317270756,-0.0014316302258521318,0.0010287415934726596,-0.0018797034863382578,-0.0005743225920014083,-0.0010273631196469069,0.0014517249073833227
dose8k_A_s1,00092.png,0.0001714838290354237,0.0007261941209435463,-8.48819618113339e-05,-0.00431537302210927,-0.003816161770373583,-0.00051288609392941,0.0006118746823631227,0.0008083643042482436,0.0010513673769310117,0.0009729143348522484,-0.0009405999444425106,0.000796622596681118,-0.0011435541091486812,2.7946185582550243e-05,0.001244212849996984,-0.000520994421094656,0.00041309924563392997,-0.00048578158020973206,-0.0015360601246356964,0.00022976590844336897,0.0006731181056238711,0.0005490711773745716,0.0012080895248800516,2.335395765840076e-05,7.876953895902261e-05,-0.0011206951458007097,-0.001164279761724174,-0.0006779762916266918,-0.0005444245762191713,0.0001404330978402868,0.00018888511112891138,-0.0013424588833004236,0.0003435744729358703,0.001385037205182016,-0.0014942737761884928
dose8k_A_s1,00093.png,0.00029686064226552844,0.0011847886489704251,0.00010817049042088911,0.0013379534939303994,-0.0011441889218986034,-0.00044352863915264606,0.0007970310980454087,-0.000788987847045064,0.0004637253296095878,-0.0012396912788972259,0.0009019161807373166,0.0004044650122523308,-0.00038378514000214636,-0.0013136353809386492,-0.000754431530367583,0.0008135403622873127,-0.0002961663412861526,-0.0003302052500657737,0.0002924851723946631,8.451099233752757e-07,-0.0005001539830118418,-0.000590314797591418,-0.0008870617020875216,0.0020589064806699753,0.0018132914556190372,0.0012397405225783587,-0.0007199255633167922,0.0012964630732312799,-0.0007461659261025488,-8.520721166860312e-05,-0.0010552176972851157,-0.00015429880295414478,-0.001093427650630474,0.0012534549459815025,0.00038631458301097155
dose8k_A_s1,00098.png,-0.0009386678575538099,0.0005998393753543496,-0.0006127196247689426,-0.0016010504914447665,-0.0014371211873367429,-0.0007506734691560268,0.001089228317141533,-0.0027193943969905376,0.0011298061581328511,0.0016116754850372672,-0.0014584243763238192,-0.0010333950631320477,-0.00018247989646624774,0.0019049554830417037,-0.0008517302921973169,0.0003180150524713099,-0.0014697711449116468,-0.0011483703274279833,0.0003034678811673075,0.0018940612208098173,-0.0014100956032052636,-0.00043584697414189577,0.0005407241405919194,-0.0003675561456475407,-0.0018038107082247734,-0.0018538626609370112,0.0005231636459939182,-0.00043623519013635814,0.0003827609762083739,-0.0006187076796777546,-0.0008733084541745484,-0.0001193451025756076,4.244877345627174e-06,0.0007825330831110477,-0.0002566869370639324
dose8k_A_s1,00099.png,-3.47748318745289e-05,-3.340960756759159e-05,0.0003730777243617922,0.0004114833427593112,-0.00119568663649261,-0.001687676296569407,-0.00039765264955349267,-0.00029758139862678945,0.0010314176324754953,-0.0010157255455851555,-0.00030138198053464293,0.0028057757299393415,-0.0007670628256164491,-4.2987190681742504e-05,4.0068898670142516e-05,0.0008335858583450317,-0.0008483668207190931,-0.0022730992641299963,0.0011805301764979959,-0.00015841331332921982,0.0014775345334783196,-0.00010623884008964524,0.0006320677348412573,0.0006890627555549145,-6.689776637358591e-05,0.00048090581549331546,-0.00018632144201546907,-0.0007928214618004858,-0.00033162516774609685,0.0004687838372774422,0.0007541243103332818,0.0012122674379497766,0.000632340379524976,0.00016261737619061023,4.8136811528820544e-05
dose8k_A_s1,00100.png,-0.00047430815175175667,-0.0012927025090903044,0.00015560681640636176,0.0006400095880962908,0.0015867478214204311,-0.0017318434547632933,0.000546093680895865,0.0007258246769197285,-0.0001828378444770351,0.0007277088589034975,0.0008211952517740428,2.6168580006924458e-05,0.0006081514293327928,-0.0003079754242207855,0.0010664002038538456,-0.0007871107663959265,-0.000984281999990344,0.000632313487585634,-0.0007983234245330095,-0.00043342472054064274,0.0007730672368779778,-0.0004271185607649386,0.0028138316702097654,-0.0009138853056356311,-0.0009235598263330758,-0.0008883076952770352,-0.0014877022476866841,-0.0009328825981356204,-0.001967954682186246,-0.0011703154304996133,0.000315589684760198,-0.0017684398917481303,-0.00106719764880836,0.0010843597119674087,-0.00026304987841285765
dose8k_A_s1,00101.png,0.0005301855271682143,0.00036056063254363835,0.00021935989207122475,6.915644189575687e-05,0.002028491348028183,-0.00037812895607203245,0.0007285001338459551,-0.0011455690255388618,-0.00015651711146347225,-0.00016859853349160403,0.0002483833231963217,0.000568087212741375,-0.00044274565880186856,-0.0004563094407785684,-0.0007330485386773944,0.0003585301456041634,-8.678029189468361e-06,0.000971619039773941,0.00015116535359993577,0.00029268316575326025,-0.00022146750416141003,7.186453876784071e-05,-0.0004778216243721545,0.000886815891135484,-0.0007672868086956441,0.0005230361712165177,0.001247103908099234,0.001263864105567336,0.0005380366346798837,0.00037306020385585725,-0.0002789988066069782,7.636526424903423e-05,6.76290292176418e-05,-0.00022617061040364206,-0.00013996908091939986
dose8k_A_s1,00094.png,0.0005332551663741469,-0.001054938999004662,-0.00039891208871267736,0.0017823654925450683,-5.628262442769483e-05,3.828073386102915e-05,0.00031111817224882543,0.00046664781984873116,0.0002027197042480111,-0.00016213065828196704,-0.00023461155069526285,-0.00023589940974488854,-0.0018594623543322086,0.0002871970064006746,0.0013747840421274304,-0.000695772236213088,-0.000864391156937927,-0.0011366938706487417,4.867645839112811e-05,-0.000734834058675915,0.001337550231255591,0.001088442513719201,-0.00043844818719662726,-0.0004327905480749905,-0.000708424486219883,0.0009809774346649647,-0.0009217081242240965,-0.001498459023423493,0.000971922418102622,-0.0011909614549949765,-0.001341742230579257,3.149369149468839e-05,0.00142754428088665,0.0005356770125217736,-0.00038251071237027645
dose8k_A_s1,00095.png,-9.228025010088459e-05,-0.00021917304547969252,-0.00035317844594828784,-0.0016139042563736439,-5.3767267672810704e-05,-0.0008484010468237102,0.0002736783935688436,-0.0005957295070402324,0.0014658967265859246,0.0016843380872160196,-0.0007791134412400424,-0.0006379896076396108,0.0006350293988361955,0.0008035802748054266,8.598522981628776e-06,-0.00113583542406559,-0.00019855046411976218,0.0012872017687186599,-1.126453480537748e-05,0.00013712019426748157,-0.00041756106656976044,0.0007105338736437261,-0.00042953400406986475,-0.00029179302509874105,-0.0006693267496302724,-0.0004630996845662594,-0.00013037832104600966,0.00020677995053119957,0.0011598598212003708,0.0014988008188083768,-0.00019420638273004442,0.0004507690609898418,0.0006393863004632294,-0.00016911173588596284,0.000655440439004451
dose8k_A_s1,00096.png,-0.0011328841792419553,0.00012836528185289353,0.000970961176790297,0.0005959284608252347,0.0009661699295975268,-0.0005459372769109905,0.0005302309873513877,0.0012482432648539543,0.0012427964247763157,-0.0007860194891691208,-0.0020936180371791124,-0.0003001168661285192,-0.00045139051508158445,0.0015134105924516916,0.0012553500710055232,0.0011635710252448916,-7.361520692938939e-05,0.001374435960315168,-0.00047636881936341524,-0.0014890211168676615,0.0010463354410603642,0.0008481132099404931,0.0016365471528843045,0.00017853271856438369,-0.00014600783470086753,-0.0012639490887522697,0.0006933622062206268,0.000154296460095793,0.00036310291034169495,0.0015842471038922668,0.0007024722290225327,0.0015279179206117988,-0.0011092923814430833,0.0004041092761326581,-0.0003220440703444183
dose8k_A_s1,00097.png,0.0007249178597703576,0.0014721940970048308,-0.000137682756758295,0.0011962243588641286,-0.00012012709339614958,-0.0010786447674036026,-0.0005309719708748162,-0.0012185608502477407,-0.0010997314238920808,-7.113457832019776e-05,-0.0009703784598968923,-0.0014616368571296334,0.001314865774475038,4.735650145448744e-05,-0.0007958950591273606,-0.00030595820862799883,0.0002980304416269064,0.0004663765139412135,-0.00023942970437929034,0.0010890290141105652,-0.0009541476611047983,-0.002673449693247676,-0.00046153724542818964,0.0016371472738683224,0.00161459157243371,0.0017440563533455133,-0.0011838185600936413,-0.0003447473281994462,0.0011621364392340183,-0.0003406188334338367,-0.00100252078846097,-0.000663419661577791,0.0010652929777279496,0.0006378631223924458,-0.0010932189179584384
dose8k_A_s1,00102.png,-0.00017411897715646774,-0.0004559543158393353,-0.0011470169993117452,-0.0021594988647848368,0.001002224744297564,0.0012959474697709084,-0.0011308134999126196,-0.0021552203688770533,-0.0006191348074935377,0.0014463808620348573,9.983404743252322e-05,-0.0010356854181736708,0.0007125266711227596,-0.0001483034429838881,0.00010574480256764218,-1.7102462152251974e-05,0.0009398896363563836,-0.0012553732376545668,0.0009403022122569382,-0.0005005438579246402,-0.0010666243033483624,-0.00105207075830549,-2.0905159544781782e-05,0.002596908714622259,-0.00011064582940889522,0.00033141084713861346,-0.0005502473213709891,-0.00035396285238675773,-0.0005690210964530706,0.0008332481957040727,0.000946860178373754,-0.000962316058576107,-0.00052406988106668,0.00014402712986338884,-0.0010988228023052216
dose8k_A_s1,00103.png,0.0003596274182200432,0.0003365038428455591,-0.0007183211855590343,0.0006818852853029966,-0.00020305394718889147,0.0005179208237677813,0.0012906143674626946,0.001375058782286942,0.00022784614702686667,-0.0004936943296343088,-0.0020369605626910925,-0.00011864126281579956,-0.00018096918938681483,-7.721934525761753e-05,-0.00131370744202286,-0.0008970906492322683,0.0007948087295517325,0.0002199587761424482,0.0006131663685664535,0.0012120441533625126,-0.00020813265291508287,0.0001663269504206255,-0.0004926889087073505,0.00017931844922713935,-0.0004186902951914817,-0.0008598353597335517,-0.0005189395160414279,-0.0005722914356738329,-0.0014339160406962037,0.0006466064369305968,0.00022558345517609268,0.001503707841038704,0.0005671652033925056,0.0004465095407795161,-0.00194474624004215
dose8k_A_s1,00104.png,7.136379281291738e-05,-9.763050911715254e-05,0.00041389482794329524,0.0010945226531475782,-0.0006598504260182381,-0.001125378767028451,0.0004585556162055582,0.000179574140929617,0.0009110344108194113,-0.00013280409621074796,0.0006700346129946411,-5.906470323679969e-05,-0.0005717058083973825,0.0003741001128219068,0.0002715654845815152,0.0004417308373376727,0.0005666093784384429,0.0007422543130815029,-1.6121550288517028e-05,-0.0005456645740196109,0.0008822127711027861,0.0007412358536385,-0.0007069279672577977,0.00034046691143885255,-8.992799121188e-05,0.0005612639943137765,-8.943543798523024e-05,-0.00040556516614742577,0.0012095890706405044,0.0015337520744651556,-0.00015104249177966267,-0.000598938437178731,-0.0009152718121185899,0.00011913243361050263,0.0014190704096108675
dose8k_A_s1,00105.png,0.0009825729066506028,0.0010246934834867716,0.00030366572900675237,0.0026554542127996683,0.0025865312200039625,-0.0004393664130475372,0.0011183394817635417,-0.0020770400296896696,6.0499012761283666e-05,1.9731614884221926e-05,-0.0001199885955429636,0.00035686406772583723,-0.0006173350266180933,-0.00018504742183722556,-0.000406789273256436,0.0006622420623898506,0.002234658459201455,0.0010661673732101917,0.00024117705470416695,-0.0005930225597694516,-0.0005576385883614421,0.0021372991614043713,0.0003049168735742569,0.00027446687454357743,0.0007972659659571946,0.00015799081302247941,0.0015852804062888026,-0.00032194118830375373,-0.0006740271346643567,0.002460793126374483,-0.0004775104171130806,-0.0007218005484901369,-0.0004743706376757473,-0.00041033118031919,-0.0006185979582369328
dose8k_A_s1,00106.png,0.0003867480263579637,-0.0008213862311094999,-0.0006773873465135694,0.001175044453702867,0.00028484605718404055,-0.0003678406064864248,0.0007209597970359027,0.00022863282356411219,0.0009200434433296323,-0.0002943086437880993,0.00010970199218718335,0.0018719278741627932,-0.001016569440253079,0.0006009002099744976,0.001855063601396978,0.0013019419275224209,0.0001428598479833454,-0.0008266530348919332,5.011277971789241e-05,-0.000870764022693038,-0.0006241747760213912,0.0006601775530725718,0.00016174218035303056,-0.0007113827741704881,0.0005298915202729404,-0.00042808818398043513,0.00015269128198269755,0.0006411304348148406,-0.000624530017375946,0.00017828472482506186,5.94902849115897e-05,-0.0024044171441346407,-0.0009003656450659037,-0.0005588179919868708,-0.0006609397241845727
dose8k_A_s1,00107.png,-0.00020337589376140386,0.0001825809304136783,0.000829466967843473,-0.0018748054280877113,-0.0007293295348063111,-0.000729176274035126,0.001016430207528174,-0.0002481462142895907,0.0006671553128398955,-0.0012518466683104634,-0.00045481903362087905,7.421170448651537e-05,-0.0008977134712040424,0.0005950816557742655,0.00014066038420423865,0.00044540700037032366,-0.0006684879772365093,-0.0006235880427993834,-0.0014520029071718454,-0.0002900631516240537,0.0003025592304766178,0.00022142617672216147,0.00032976805232465267,0.0007533273892477155,-0.0002727186365518719,0.00110618956387043,-0.0022127164993435144,-0.0009506329661235213,-0.0006140805780887604,0.0011560653802007437,-0.00022804521722719073,-0.00034765401505865157,-0.0009256679331883788,-0.001235160045325756,-0.0014203969622030854
dose8k_A_s1,00108.png,-0.0006810591439716518,-0.000257120409514755,-0.0007482360815629363,-0.0008188167703337967,0.0004415312723722309,-0.0011877099750563502,0.00015477623674087226,-0.0005677199806086719,-0.00029628025367856026,-0.0003090938553214073,-0.0002530798374209553,-0.0006943464395590127,-0.0003417847619857639,-0.00036185316275805235,-0.0012431684881448746,0.0007428299286402762,0.0003737804072443396,0.00010953957826131955,-0.000336250988766551,-0.0015833736397325993,-0.00032641328289173543,-0.001293544308282435,0.00013031388516537845,-0.0007317069685086608,0.0023234006948769093,6.371241033775732e-05,-0.001566964783705771,-0.0006965555949136615,0.0009262991952709854,-0.00016025769582483917,-0.0006894930847920477,-0.0007942650699988008,-0.0004928407142870128,-0.0014493963681161404,-0.0003616205358412117
dose8k_A_s1,00109.png,0.000703336379956454,0.0007651345804333687,-0.0002032990159932524,-0.0002442575350869447,-0.0014770269626751542,0.00031464904895983636,0.0008055531652644277,-9.736255742609501e-05,-0.0014722452033311129,-0.0003220455546397716,-0.0012003537267446518,-0.00016472475545015186,0.00031477154698222876,-0.0003027242491953075,-0.00015841703861951828,-2.7625957955024205e-05,-0.0010099729988723993,-6.901776941958815e-06,-0.00018111216195393354,-0.0010484983213245869,0.0012923612957820296,-0.0003283715923316777,-0.0007436824962496758,-0.0004524781834334135,0.0001645815937081352,-0.00018335164349991828,-0.0002992459631059319,-8.516140223946422e-05,-0.0007685968885198236,-0.000822344038169831,0.0003595016314648092,-0.0012925183400511742,-0.0008984184823930264,0.0007633175700902939,0.0012948060175403953
dose8k_A_s1,00114.png,-0.00015786767471581697,0.0006614943267777562,0.0009190698619931936,0.0020129575859755278,0.0006985435029491782,-0.00034112815046682954,0.00033432323834858835,-3.66309832315892e-05,-0.00011641621676972136,-0.0010389124508947134,0.00042216747533529997,0.0005441093817353249,-0.0015258355997502804,-0.0021274685859680176,-0.00023111152404453605,-5.910868367209332e-06,-0.0001769744121702388,0.0004185653815511614,-0.0019179752562195063,0.0012313583865761757,-0.00016409193631261587,0.0005434716586023569,0.0018740807427093387,-0.0008744042715989053,0.0011728552635759115,-9.719621448311955e-05,-0.0006063238251954317,-0.0010362183675169945,0.0018245845567435026,0.0006324833957478404,-5.3536688938038424e-05,-0.0016820967430248857,-0.0003578666364774108,-0.0010429488029330969,-0.00022303895093500614
dose8k_A_s1,00115.png,0.000795226835180074,0.0007119060028344393,-0.0006394750671461225,0.0013513758312910795,0.0010974861215800047,0.0005532393115572631,-0.0005942956195212901,0.0011230435920879245,-0.00036891078343614936,0.0008729825494810939,0.0012764018028974533,-0.0003200081700924784,-0.0008229754748754203,-0.0007526157423853874,-0.0006616472383029759,0.0009242979576811194,-0.0004609435854945332,-0.000386626401450485,0.002097010612487793,0.0013454887084662914,-0.001988051226362586,-0.0008819176000542939,-0.0010586389107629657,0.0011139758862555027,-0.00026937105576507747,0.001280769589357078,-0.0006060964660719037,-0.0012786987936124206,0.0002884049026761204,-0.00037667396827600896,-0.0005271282279863954,-0.0012102824402973056,-0.0007040411001071334,-0.0016051712445914745,0.0012646070681512356
dose8k_A_s1,00116.png,0.0003551883273757994,0.0012359984684735537,0.0010548605350777507,-0.0013763881288468838,-0.000927348795812577,0.0002393662725808099,-0.00030860924744047225,-0.0005541983991861343,9.06625427887775e-05,-0.0010239105904474854,-0.000576829188503325,-0.0024960844311863184,-0.0010598836233839393,-0.0007514504250138998,0.0006019242573529482,-0.00041790437535382807,-0.000682920275721699,-0.00011826169793494046,8.284384239232168e-05,0.0021670772694051266,0.0013312515802681446,0.0005828339490108192,-2.8059899705112912e-05,-0.0015671944711357355,-0.0021827220916748047,-0.0007236868259496987,-0.0013620156096294522,0.00010906953684752807,-0.0016868135426193476,-0.0005063426797278225,-0.0021167590748518705,2.685649087652564e-05,0.00047665840247645974,0.0004730374494101852,0.0007358530419878662
dose8k_A_s1,00117.png,0.0008003875846043229,-0.0006189488340169191,-0.000358032644726336,-0.00029016390908509493,0.00110020418651402,0.001335562439635396,0.00017236823623534292,-0.0015812893398106098,0.00025464448845013976,-0.0011370799038559198,-0.0004370420938357711,1.650538069952745e-05,0.001375492662191391,0.0005577005795203149,0.00019434362184256315,0.002288728952407837,0.0011524109868332744,-0.0003156722232233733,-0.00047680651186965406,-0.0008247147197835147,0.00025743673904798925,-0.0003827662440016866,0.0008623424218967557,-0.0011917623924091458,-0.0005618157447315753,-0.0003431491204537451,0.0014758395263925195,-0.001523829996585846,0.00029318907763808966,0.0002669102977961302,-0.00045560087892226875,-0.0018112226389348507,-0.00015551540127489716,0.0008917632512748241,0.001179852057248354
dose8k_A_s1,00110.png,0.0009696849738247693,0.0012606271775439382,0.0002592048258520663,0.0002682132471818477,-0.0005588146741501987,0.0011317988391965628,0.0003303652338217944,0.0010237247915938497,0.001977337058633566,-0.00184276991058141,0.00041521061211824417,0.00157849898096174,-0.00033809972228482366,-9.499792940914631e-05,0.0001445381494704634,-0.0011894789058715105,0.0017586153699085116,-0.00032295388518832624,0.0008626858470961452,-0.0003382089489605278,-0.002951178001239896,-0.0004390940011944622,6.530187965836376e-05,-0.0007322449237108231,-0.0013119851937517524,0.0006185938254930079,0.00020988966571167111,-0.00019593461183831096,0.0005768104456365108,0.00016282693832181394,0.0006893372046761215,-0.00022809076472185552,0.0006141105550341308,0.001070859027095139,-0.001228458946570754
dose8k_A_s1,00111.png,3.2122916309162974e-05,-0.0003545999061316252,-0.0005472817574627697,0.00045537043479271233,-0.0013746647164225578,0.001442089444026351,0.0011995271779596806,-2.781142211460974e-05,0.00028039878816343844,-0.0014874316984787583,-0.00022659137903247029,0.0017525030998513103,-0.0007156232022680342,0.0003275065391790122,0.00031780952122062445,0.0003534907300490886,-8.159244316630065e-05,0.00023382723156828433,-0.0008940037805587053,0.0011094860965386033,0.0005285922670736909,0.0002861125103663653,0.0002868813753593713,-0.0010085318936035037,-0.000372511800378561,3.986298543168232e-05,0.0007094927714206278,-0.0030665777157992125,-0.0005815200856886804,0.0011231946991756558,0.0015925446059554815,-0.0008943321881815791,-0.00046859480789862573,-0.0006373965297825634,-0.0001353240804746747
dose8k_A_s1,00112.png,0.0013369208900257945,0.0009238937054760754,0.00030709546990692616,0.0010303554590791464,-0.0008355433237738907,0.0001700761349638924,-0.0012279017828404903,-0.0012357219820842147,-0.0006690713344141841,0.0017688678344711661,0.00012028661149088293,-9.022365702548996e-05,0.0005948226316832006,0.0011894471244886518,0.00029357848688960075,0.00023313536075875163,-0.0010461017955094576,0.0005537228425964713,-0.0006269640289247036,-0.0007392025436274707,0.0012311354512348771,-0.0015136261936277151,0.0007916067261248827,5.862151738256216e-05,0.0013088909909129143,-0.0003879400610458106,-0.0005988066550344229,0.0013416355941444635,0.0006542849005199969,-0.0004021450295113027,-0.0002725300146266818,-0.00033322497620247304,0.0026034913025796413,0.001501167193055153,-0.0006748862215317786
dose8k_A_s1,00113.png,-0.00040444827754981816,-0.00021305990230757743,-0.00019647961016744375,-0.0005882324767298996,-0.00043114510481245816,0.0024950196966528893,-0.0005941164563409984,0.0007521520019508898,5.1199302106397226e-05,0.0022186001297086477,0.0010719560086727142,0.0009980116738006473,0.0004439996846485883,0.0002400010998826474,0.0001917370391311124,8.853452163748443e-05,-0.0008797699701972306,-0.000698159565217793,-0.00026554628857411444,0.000527537486050278,0.00022807340428698808,-0.0016267005121335387,-0.00031140726059675217,0.0007870394620113075,-0.0012460965663194656,0.0013984900433570147,-0.00013423795462585986,0.0010442461352795362,0.0003719311789609492,-0.00044715090189129114,-0.0020153389777988195,0.00023445264378096908,-0.0009731334284879267,-0.000632988172583282,5.981661524856463e-05
dose8k_A_s1,00118.png,0.000706201302818954,0.0018982711480930448,-0.0012464094907045364,0.00026624815654940903,0.0006723378319293261,-0.0016857124865055084,0.0010021066991612315,-0.001785589149221778,0.0009759599342942238,0.0009396012173965573,0.00044648346374742687,0.0001159213570645079,-0.0011291193077340722,0.00013953683082945645,0.002113879891112447,-7.162459951359779e-06,-0.0002118686679750681,0.0009527271613478661,-0.0011776639148592949,-0.00027471481007523835,2.6853360395762138e-05,-0.0011538072722032666,0.0004910829593427479,0.0003433676320128143,0.0020527869928628206,-0.0010785280028358102,-0.002264887560158968,-0.00030305612017400563,-0.0003433434176258743,-0.001305104116909206,-0.002025766298174858,0.0013200602261349559,0.00037789286579936743,0.0005423963884823024,-0.0012266540434211493
dose8k_A_s1,00119.png,0.0006487777573056519,0.0019828693475574255,-8.034919301280752e-05,-4.8560859795543365e-06,0.0013078127522021532,0.0010776935378089547,-0.0012316158972680569,-0.0009539332240819931,-3.1751296774018556e-06,0.0007600334356538951,0.0008442203397862613,0.001418551430106163,0.0006329537718556821,-0.0013396450085565448,-0.0008301427587866783,-0.00021835039660800248,0.0007862596539780498,0.00012818716641049832,6.390960334101692e-05,-7.754077523713931e-05,-0.0013745676260441542,4.838652785110753e-06,-0.0008638984290882945,0.00033149265800602734,-0.0003697204519994557,-0.000685296778101474,-0.0003290423774160445,-0.0007184240967035294,-0.00053457822650671,-0.00015014581731520593,-0.00027909790514968336,-0.0007344845216721296,-0.0013600512174889445,0.00028716775705106556,0.0015093492111191154
dose8k_A_s1,00120.png,-0.000465909659396857,0.0013416283763945103,-0.00011689489474520087,0.0005039350944571197,0.0014865557895973325,1.278754643863067e-05,0.001472249859943986,-0.00026038900250568986,-4.3819891288876534e-05,-0.0004297495761420578,-1.937172419275157e-05,5.706180309061892e-05,-0.0007462543435394764,-0.00023501916439272463,-0.0005562923033721745,0.0007026316598057747,0.0004465144011192024,-0.0016004251083359122,-0.0007446673116646707,-0.0003359899565111846,-0.00017005394329316914,0.0004025330999866128,-0.0009110477985814214,0.0014461702667176723,-0.0026714480482041836,-0.001463840832002461,-0.0006717379437759519,-0.0010151459136977792,0.001076182466931641,0.0007413597195409238,-0.00028315538656897843,-0.0005832596798427403,-1.97904410015326e-05,-0.0001851494744187221,0.001324581098742783
dose8k_A_s1,00121.png,-5.720045919588301e-06,-0.0002854380873031914,-0.0004850261320825666,0.0003320756950415671,-0.0006747545558027923,2.668269917194266e-05,0.00015845296729821712,-0.00170281867031008,0.0008855282212607563,-7.541122613474727e-05,0.0014495678478851914,-0.00026841452927328646,-0.00014561064017470926,0.0002768585691228509,0.0010195787763223052,0.0004048862319905311,-0.0007367217331193388,0.0002025067078648135,-0.00048466998850926757,-0.0008020484820008278,-0.0008654641569592059,-0.0007118521607480943,-0.0014133114600554109,0.000976397015620023,0.0011811419390141964,0.0009516865247860551,-0.0004641108389478177,0.0003374231746420264,0.0003457106067799032,-0.0006696995696984231,-0.0006974397110752761,-0.0015616178279742599,0.00011384068056941032,-0.00023378882906399667,0.0004507945559453219
dose8k_A_s1,00122.png,-0.0014212451642379165,-0.001576049835421145,0.0008937118691392243,-0.0019345036707818508,-0.0015434256056323647,-9.651696018408984e-05,-0.00015168300888035446,-0.0002994610695168376,0.00015592659474350512,-0.0003403581213206053,-0.0005209859227761626,0.001901286537759006,-0.00041164224967360497,0.0005295488517731428,0.0003547137894202024,0.0006922740722075105,-0.0021785434801131487,-0.0005656410939991474,0.00020144697919022292,0.0014339648187160492,-0.0006541196489706635,-0.0011019142111763358,-0.00040861181332729757,0.0017422462115064263,0.0006789588951505721,0.0008370447321794927,0.0001247842301381752,-0.001112624304369092,0.0020352955907583237,-0.0006101016770116985,0.001317965448834002,0.0005620387964881957,-0.0016006025252863765,0.0007534797769039869,0.0006891623488627374
dose8k_A_s1,00123.png,5.374451575335115e-05,0.0007365618366748095,-0.00031424430198967457,-0.0006043462199158967,0.002703737933188677,0.0008496778318658471,0.00031325817690230906,0.0006901799351908267,-0.0008590249344706535,0.0022270430345088243,0.0011165685718879104,9.986990335164592e-05,-0.0004158553492743522,-0.00019072428403887898,-7.330129847105127e-06,0.000728075101505965,-0.0016455509467050433,0.0008879258530214429,-0.002112305024638772,0.0019745819736272097,-0.0014616083353757858,-0.001970588229596615,0.0008462133700959384,3.746261427295394e-05,-0.0005236310535110533,0.0003789833572227508,-0.0009627711260691285,0.0012471249792724848,-0.0003051179810427129,0.000738244503736496,9.675214096205309e-05,0.0004519655485637486,-0.0002802048111334443,1.2175088386356947e-06,-0.0016337233828380704
dose8k_A_s1,00124.png,0.0002732250723056495,0.0005100941052660346,-0.0010639044921845198,0.0002900667896028608,0.00033064186573028564,-9.628273255657405e-05,0.0007322937599383295,0.0006737650837749243,0.0015192925930023193,-0.0007020927732810378,0.00041080600931309164,0.0004789200611412525,-0.00020863798272330314,0.00043868302600458264,-0.001642732066102326,0.00044170429464429617,-0.0002062926214421168,0.0018526391359046102,0.0018435601377859712,-0.0017510609468445182,0.00026806959067471325,0.0016860207542777061,0.0003646210243459791,0.002465193858370185,0.0007371810497716069,0.0022928304970264435,-0.0011973327491432428,-0.0012540863826870918,-0.0018602149793878198,0.0008242655312642455,-0.0002732883731368929,0.0005582495359703898,0.0011240802705287933,0.0004966466804035008,-7.62889685574919e-05
dose8k_A_s1,00125.png,0.0012411749921739101,0.0020635987166315317,-0.0005549722700379789,0.0010917691979557276,0.0016746257897466421,0.0017934114439412951,-0.00028570499853231013,0.001285891397856176,0.0006271009333431721,0.0016062372596934438,0.00018595618894323707,-0.0012670020805671811,0.000700568372849375,-0.00040733994683250785,-0.0005159284919500351,0.001096884603612125,-0.0005105757154524326,0.0014958343235775828,0.00294362916611135,-0.0005034753121435642,0.0007022370700724423,0.0006235109176486731,-0.0015507498756051064,-0.0005407576099969447,-0.0006046764901839197,0.0011898009106516838,0.0005307524697855115,0.00034595991019159555,-0.00013583397958427668,0.00027779137599281967,0.0006997394957579672,-0.0006441045552492142,0.00039115280378609896,-0.001469552400521934,-0.000931941787712276
dose8k_A_s1,00126.png,0.0016060777707025409,0.0011516408994793892,0.0009493982652202249,0.00028527271933853626,-0.0018408152973279357,-0.0004552436585072428,-0.0005965192685835063,-0.0012033437378704548,-0.0013008042005822062,-0.00015322922263294458,-0.0009429836645722389,0.0013718926347792149,-0.00029513452318497,0.0007702706498093903,-0.0022318789269775152,0.0005128431948833168,4.601982072927058e-05,-0.0014634866965934634,-0.0004278559354133904,0.00012830978084821254,0.0009347419254481792,-0.0004727200430352241,-0.0007930140127427876,-0.00020459374354686588,-0.0006982777267694473,0.00011836273915832862,-0.001523065846413374,-0.0020223231986165047,-0.00014773571456316859,-0.0002915705554187298,0.0006740943645127118,0.00015034136595204473,0.0010155043564736843,-0.0005738448235206306,0.002218571724370122
dose8k_A_s1,00127.png,0.001898417016491294,-0.0003400834393687546,0.00018826998712029308,0.00032405363162979484,-0.00021372208721004426,0.0007736862171441317,-0.0003391810751054436,0.00014701094187330455,-0.0012274803593754768,-0.0009224581299349666,0.0010899226181209087,0.001067707664333284,-0.0021759560331702232,5.998028427711688e-05,-0.0004300892469473183,-0.001525585656054318,-0.0003935779386665672,0.0012652270961552858,-0.0009049794753082097,-0.0009294426417909563,6.789989129174501e-05,-0.0018232606817036867,-0.0013982788659632206,0.00014275476860348135,-0.0006203256198205054,-2.5499979528831318e-05,0.0008016805513761938,-0.00043331680353730917,0.0005044799763709307,-0.00019212526967749,0.0010796688729897141,0.00028375512920320034,-0.0014804996317252517,0.00020280005992390215,0.0008081151754595339
dose8k_A_s1,00128.png,-0.0005227715009823442,-0.0005325305974110961,-0.0004215697117615491,7.219201506813988e-05,-0.0018043138552457094,0.0010570670710876584,0.0009458261774852872,-0.0014003193937242031,-0.00031288815080188215,-0.0021560052409768105,-0.00010291588841937482,-0.0005339859635569155,-0.00022778807033319026,0.0004054922319483012,-7.361285679508e-05,0.0015935987466946244,-0.000671871064696461,-0.0013723019510507584,0.00015300899394787848,0.00022520327183883637,1.5771847756695934e-05,0.00024672725703567266,-0.0004030565032735467,0.00010401823237771168,-0.0014200450386852026,-0.0003692894533742219,-0.00021174369612708688,0.0005835187621414661,-0.001951210550032556,0.0012691279407590628,-0.001282758079469204,-0.0004453678266145289,-0.00040445156628265977,-0.0015746841672807932,0.0014255126006901264
dose8k_A_s1,00129.png,-0.0004890551208518445,0.0008360101492144167,0.0011632171226665378,0.0013142364332452416,0.0012199062621220946,-4.916604211757658e-06,0.0006569635006599128,-0.0009198363404721022,0.0011824292596429586,0.0023604785092175007,0.0002894229255616665,0.0010372960241511464,0.0011067992309108377,-0.001176821650005877,-0.00044798286398872733,-0.0003807938192039728,3.716171704581939e-05,-0.00019707308092620224,0.00030673082801513374,-0.0011531364871188998,-0.0005832121823914349,-0.0007040147902444005,0.0005657753208652139,-0.00017867522547021508,0.0005216491990722716,0.00015007339243311435,-0.0007302109152078629,-0.0004038360493723303,0.0006708590663038194,-0.0001990816235775128,0.0011969535844400525,0.0009880885481834412,-0.0017783325165510178,-6.0663071053568274e-05,0.00028402500902302563
dose8k_A_s1,00130.png,0.00020246596250217408,0.0005058887181803584,0.00038570916512981057,-0.001256686868146062,-0.0014218760188668966,-0.0007102340459823608,0.0004998591030016541,-0.00024179833417292684,-0.00041056182817555964,-0.0006065595080144703,-2.6029209038824774e-05,-7.556080527137965e-05,-0.0008415799238719046,-0.0003424067108426243,-0.0003682777169160545,-1.6087538824649528e-05,-0.000882733438629657,-0.0010834047570824623,-0.0002346248074900359,-0.000322815147228539,0.0009877780685201287,0.00013536187179852277,-0.0004010061966255307,-0.0013117498019710183,0.00022963070659898221,-0.0008543218136765063,0.00034190251608379185,0.0007976197521202266,-5.86048154218588e-05,-0.0004391879483591765,-0.0005067735910415649,0.00016447066445834935,-8.542721479898319e-05,0.0011868189321830869,0.0006741670658811927
dose8k_A_s1,00131.png,-0.0001308463397435844,0.0003281513345427811,-0.00125018204562366,0.002422656863927841,-2.3106108528736513e-06,0.0015941269230097532,-0.0006764561403542757,-0.00011232987890252843,5.0675625971052796e-05,-0.0006580872577615082,0.0003219137724954635,0.0005040072719566524,-0.0015680608339607716,0.001658469787798822,-0.001376960426568985,0.0017767740646377206,-0.0001802885381039232,0.00010005555668612942,-0.0024686004035174847,-0.0010771728120744228,-0.0001124392802012153,-0.0008143136510625482,-0.002132491208612919,-0.001085367170162499,0.00018312370229978114,7.826583168935031e-05,4.885740509052994e-06,0.0003470272640697658,0.001698733540251851,-0.0002960285637527704,-0.00018614465079735965,0.001460733008570969,-0.0006937056896276772,-0.0005494450451806188,0.0010049761040136218
dose8k_A_s1,00132.png,0.0003590516571421176,0.0005196537240408361,-0.0009820422856137156,-0.000436613307101652,-0.0016271828208118677,9.67156738624908e-05,-0.001090630772523582,-0.00039990872028283775,0.001366879791021347,-0.0004794332489836961,0.00027376008802093565,-0.0014199053402990103,-0.0009025827748700976,0.00011412461753934622,0.0005894604837521911,-0.0006655917386524379,0.000536953448317945,3.4640965168364346e-05,-0.0001347624638583511,-0.00045760857756249607,0.0006762934499420226,-0.00016960507491603494,-0.0007262392900884151,0.0004992850590497255,-0.0012630177661776543,0.00010948999261017889,-0.0006629020790569484,0.00011182892194483429,0.00011605665349634364,0.00045324466191232204,-0.0004482538206502795,0.00012851868814323097,-0.0002563208690844476,-3.4396252885926515e-05,-0.0001823149505071342
dose8k_A_s1,00133.png,-0.00019438979506958276,0.0008147484040819108,-0.0006201681680977345,0.0004561706737149507,0.00040928766247816384,0.0018082794267684221,-0.00014198514691088349,-0.000423415593104437,8.530496415914968e-05,7.72771454649046e-05,0.0004685332824010402,0.0001883343211375177,-0.00030873133800923824,0.0007413950515910983,0.0009607630781829357,0.00045424207928590477,-0.00013168796431273222,0.001163569395430386,0.0009187647374346852,0.00017561446293257177,-0.0008749682456254959,-0.00010309136268915609,0.0006665498367510736,-0.00124748470261693,-0.0004545458359643817,0.0005648477235808969,0.00022060360061004758,0.0001723600726108998,-0.00023449186119250953,-0.00032362944330088794,0.0013642762787640095,-0.0006019414286129177,0.0004622394044417888,0.000409874104661867,0.0011554809752851725
dose8k_A_s1,00134.png,-0.0008515609079040587,-0.000964974460657686,0.0016466414090245962,0.00303960544988513,0.001238923636265099,-0.0002894945500884205,0.0009783221175894141,9.0927911514882e-05,0.00047187317977659404,-0.0010938983177766204,0.0002431358298053965,0.0011258699232712388,0.0006914020632393658,-0.0004240098351147026,0.000465487246401608,-0.0002384637773502618,0.0005313449073582888,0.0009992189006879926,0.0007914904272183776,-0.0007352742250077426,0.0003623960365075618,-0.0004938598140142858,0.00038010586285963655,-2.989997938129818e-06,0.0010888167889788747,-0.001007059239782393,0.00030032682116143405,-0.0009580955374985933,-0.0008365795365534723,-0.0006147248204797506,0.0004353339900262654,-0.0015097033465281129,-0.0007743960595689714,-0.00041452175355516374,0.0012604068033397198
dose8k_A_s1,00135.png,-0.001159919542260468,0.00028167234268039465,-0.00044742278987541795,-0.0018716410268098116,-0.0005167255294509232,-0.0006812822539359331,0.0020783727522939444,0.0011674247216433287,0.0011087608290836215,-0.00020528190361801535,0.0001507318957010284,-2.4367196601815522e-05,0.0006768667371943593,-0.0008489167666994035,-0.00016764883184805512,0.00017449147708248347,-0.0005091172643005848,0.0007573169423267245,-0.0018908808706328273,-0.000998944859020412,-0.0003546351508703083,0.00044507862185128033,0.002395706018432975,-0.00041581253753975034,0.00012444891035556793,0.0005222361069172621,-0.0003287903673481196,0.0009206762770190835,-0.00019965851970482618,-0.00011135652312077582,0.0009779965039342642,-0.0005646944628097117,0.002470763400197029,0.001983943860977888,0.00037763785803690553
dose8k_A_s1,00136.png,-0.00018128390365745872,-0.0014825419057160616,-0.0008743685903027654,-0.0006654266035184264,-6.136445153970271e-05,-0.000765138422138989,0.0011131848441436887,0.00010646523878676817,0.00038364046486094594,-0.0007462769863195717,0.0011266405927017331,0.001519951969385147,0.0002491298073437065,0.00025455656577832997,-0.001895259483717382,0.00042528347694315016,-0.0007860501646064222,-0.0007921226206235588,0.0007587407599203289,0.00011319755867589265,6.199461495270953e-05,-0.0009675798937678337,0.0008456395589746535,0.0007936288020573556,0.0004864709044340998,0.000618193531408906,0.0002402411337243393,0.00047790250391699374,-0.001224846113473177,-0.00018508450011722744,-0.000882397114764899,0.0006592590943910182,0.000638507422991097,2.6998037355951965e-05,0.0015002620639279485
dose8k_A_s1,00137.png,-7.558766810689121e-05,1.960137342393864e-05,0.0009723708499222994,-0.0012332913465797901,-0.0014139183331280947,-0.00020121784473303705,0.00010571165330475196,0.0019989104475826025,0.00028130493592470884,-0.0009546912042424083,-0.0009180372580885887,0.0008058059029281139,-0.00012356041406746954,-0.0026091421023011208,0.0020008080173283815,0.0006084464257583022,6.023491368978284e-05,-0.0006199136259965599,0.0006934843841008842,0.0006577169988304377,0.0005195402773097157,0.0004452652356121689,-0.0002653908741194755,0.0003898032591678202,0.0014673968544229865,-0.0002932711213361472,-0.00032797292806208134,0.00018143875058740377,-7.13305125827901e-05,0.0007323867757804692,0.0008795775938779116,0.0012741649989038706,0.0006058927392587066,-0.0012104092165827751,0.0013925484381616116
dose8k_A_s1,00142.png,-1.4384779206011444e-05,0.0006732218898832798,-0.0002935155062004924,-0.0003665241820272058,0.00012064470502082258,0.0006208015256561339,-0.0016046377131715417,0.00043394824024289846,0.001105845789425075,-0.0014682802138850093,0.0013486407697200775,0.000990319182164967,0.0008179103606380522,-0.00012437283294275403,-0.0001346225180895999,-0.0011240680469200015,0.001845859456807375,0.0005402028327807784,-0.0005988363409414887,-0.0008434477495029569,-0.000542068388313055,-0.0005132278893142939,0.0008719636825844646,0.0009258868522010744,0.002286846050992608,0.00019291072385385633,-2.0007762941531837e-05,0.0007421729387715459,0.00020850513828918338,0.0009390004561282694,-0.0010598007356747985,-0.00106869637966156,0.0002382569364272058,-0.0008593301754444838,0.00026526962756179273
dose8k_A_s1,00143.png,-0.0009645787649787962,-0.001039394992403686,0.0006476759444922209,0.0008931990014389157,-0.0028636548668146133,0.0006106660584919155,2.339782895433018e-06,0.0008695843862369657,0.0010677617974579334,-0.0001329016376985237,-0.0009273815085180104,-0.000711442029569298,-0.0006366628804244101,-0.0002148223720723763,0.00014843491953797638,-0.0006882856832817197,-0.001264588674530387,0.0011305059306323528,-0.0011432920582592487,0.00011309022374916822,-0.0005792920128442347,-0.0005783323431387544,0.0014779861085116863,0.001058217603713274,-0.0004746547492686659,0.0010459476616233587,-0.0007766343769617379,-0.0004218452959321439,-0.0006332555203698575,0.000794440449681133,-0.0013587161665782332,-0.0010189886670559645,-0.0005926238954998553,-0.0002241649490315467,0.0012585960794240236
dose8k_A_s1,00144.png,-0.001159286592155695,0.00023565991432406008,0.00027721194783225656,0.00047116403584368527,-0.00013404125638771802,0.0013034731382504106,0.0004238468536641449,-0.0025347392074763775,0.0009159722249023616,0.0008905919385142624,-0.00027748479624278843,-9.429614692635369e-06,0.0013209952739998698,-0.0010507414117455482,0.0014228452928364277,-0.0005355399334803224,-0.00021465079043991864,0.00043065156205557287,-8.700802027306054e-06,0.0018709511496126652,-0.0004644942528102547,0.0004929046845063567,-0.00013369221414905041,0.0007030623964965343,0.0010381628526374698,-2.5396102500963025e-05,0.0004035309248138219,-0.0001602256525075063,0.000291589240077883,-8.50755677674897e-05,0.0013115410692989826,-0.0001198392128571868,-0.0005187859060242772,-0.00029888327117078006,0.0006826178287155926
dose8k_A_s1,00145.png,0.00025686563458293676,0.0007264217711053789,-7.291755082405871e-06,-0.0007288690540008247,0.0011762635549530387,0.0013191241305321455,0.0003986400843132287,-0.00015968730440363288,-0.0005463294801302254,-0.00015241907385643572,2.9686845664400607e-05,0.0005930240731686354,-0.0003449062060099095,-0.0007444664370268583,0.00017076285439543426,0.0012177457101643085,0.0010330650256946683,-6.67634594719857e-05,0.0009304542327299714,-0.00034563493682071567,-0.00044761516619473696,0.0006613662699237466,0.0006937721045687795,0.00032781201298348606,0.00033628352684900165,-0.0012184751685708761,-0.0014964364236220717,0.0009416999528184533,-0.0005670451791957021,-0.0011609828798100352,-0.0011462131515145302,-1.0202737030340359e-05,-0.00018208322580903769,0.0002954414812847972,-0.001573256915435195
dose8k_A_s1,00138.png,-0.00013727655459661037,0.0006309960735961795,-0.0007743590394966304,-0.0019040859770029783,0.00011812491720775142,-0.000447378697572276,0.0004784506163559854,-3.53515861206688e-05,-0.0008924432331696153,0.0003383755392860621,-0.0012660555075854063,0.0016207107109948993,5.815951953991316e-05,-2.7826599762192927e-05,-0.0008760810596868396,-0.0013520061038434505,-0.002109066117554903,0.0014325020601972938,0.00013007914822082967,-0.0005634992267005146,-4.8346373660024256e-05,-0.001757876598276198,-0.0006911451928317547,-0.0002252686972497031,-8.707757660886273e-05,0.0008633012184873223,0.00038368493551388383,-0.0006870792130939662,0.00013343800674192607,0.0008540036506019533,-0.0012673070887103677,-0.001013617729768157,-0.0016500565689057112,0.0013205072609707713,-0.0015740785747766495
dose8k_A_s1,00139.png,0.0011756957974284887,0.0005196669953875244,0.0017707658698782325,-0.0007923860102891922,0.0022158073261380196,-0.000430046406108886,-0.0001883150398498401,-0.0014064002316445112,0.0007437897729687393,-2.6769250325742178e-05,0.0009634162997826934,-0.0015452615916728973,0.00015939118748065084,-0.00030885051819495857,3.886311242240481e-05,-0.00020482738909777254,-0.0005383298848755658,-0.001522087026387453,-0.00027516813133843243,-0.0002942178980447352,-0.0006620323983952403,-0.0003469383518677205,-0.0006301032844930887,0.0008338348707184196,0.0013270893832668662,0.0009814067743718624,-0.000700821983627975,-0.0011932841734960675,-0.0013991484884172678,0.0010779979638755322,-0.0006841699359938502,0.001724604400806129,0.000350456713931635,0.0003194672171957791,-0.0009625583188608289
dose8k_A_s1,00140.png,0.0007640284602530301,3.403852315386757e-05,-0.001598975039087236,0.0019194948254153132,8.619551954325289e-05,0.0013681623386219144,-0.0010460908524692059,0.000354613468516618,0.0007162226247601211,0.0017850887961685658,-0.0009568567620590329,0.0008525276789441705,0.00013098154158797115,-0.00012874075036961585,0.00021135900169610977,-0.0006196537287905812,-0.0002661137841641903,1.4046806427359115e-05,-0.0007989385048858821,0.0004572919860947877,-0.00016522985242772847,0.0004966125707142055,-0.0008049178868532181,0.00037888836232014,-0.0003280567761976272,0.0016084543894976377,0.00031266696169041097,-0.0002334248274564743,0.0014733843272551894,-0.0012346761068329215,0.0010277143446728587,-0.0004492415173444897,-0.0010666463058441877,0.002186339581385255,-0.0005929364124312997
dose8k_A_s1,00141.png,0.00048386454000137746,0.0010496295290067792,-0.0009643177618272603,0.0008874884224496782,0.001972244819626212,-0.0002898557286243886,3.7928436995571246e-06,-9.317920921603218e-05,0.000754195440094918,-0.0004470953135751188,0.0005253535346128047,-0.0011002800893038511,-0.0016163529362529516,0.00021872154320590198,-0.00101956888101995,-0.0007657523383386433,0.000852015393320471,-1.5580400940962136e-05,-0.0005135817918926477,0.0004127580323256552,0.0014847309794276953,0.0008822974050417542,6.376801320584491e-05,-0.000409651460358873,0.0005135138053447008,-0.0007345522753894329,0.00013656825467478484,0.00013534804747905582,0.0005684267380274832,-0.00032122296397574246,-0.00018050512881018221,0.001397082582116127,0.00021843718423042446,0.0006011740770190954,-0.0003304563870187849
dose8k_A_s1,00146.png,-0.0001927706616697833,6.188965198816732e-05,-0.0001296746195293963,-0.00035059216315858066,-0.00035750941606238484,-0.00102378916926682,0.0006596879102289677,-0.00016063817020040005,-0.00022630214516539127,0.00024305726401507854,0.0007976054330356419,-0.001307993894442916,0.0012393620563670993,0.0006007465999573469,0.0003753466880880296,0.002570879179984331,-0.0009265455300919712,-0.0006957913283258677,-0.0008790367865003645,-0.000741573516279459,-5.64936017326545e-05,0.0013028780231252313,-0.00032609846675768495,-0.0010194970527663827,0.0003553743299562484,0.0002973682712763548,0.0005093557992950082,0.0016643047565594316,-0.0008974193478934467,0.00026368838734924793,-5.371768565964885e-05,-0.001238472992554307,0.00021457897673826665,-0.0009491398232057691,-0.000825204886496067
dose8k_A_s1,00147.png,-0.0009138036984950304,-0.0001355165004497394,-0.0008755193557590246,-0.0007260282873176038,-0.0009741404210217297,5.56209561182186e-05,0.0006270670564845204,-0.0002852359029930085,0.0011079778196290135,-0.0012174942530691624,0.00027199077885597944,-3.8370151742128655e-05,0.0021680404897779226,-0.0006671244045719504,-0.002015036530792713,0.00023716507712379098,0.0008927887538447976,-0.00033262657234445214,0.00027460657292976975,-0.00011684536002576351,-0.0011452729813754559,0.0001563281548442319,-0.0009111042600125074,-0.0003224477986805141,-0.0013815301936119795,0.0004883527290076017,0.00026751490077003837,-0.0012694468023255467,0.0002110424975398928,-0.00022429056116379797,-0.0010487146209925413,-0.000817892316263169,-0.00034549154224805534,-0.0004102587408851832,-0.0009637672337703407
dose8k_A_s1,00148.png,0.00013915669114794582,-0.0007810121169313788,-0.0003231880546081811,-0.0015489424113184214,-0.0003488216898404062,-2.1432777430163696e-05,-0.000287513539660722,-0.0004439218027982861,0.0008580599096603692,0.0015785695286467671,0.0010989588918164372,0.0003210784343536943,-2.4160603061318398e-05,-0.0018921861192211509,0.0009350689360871911,0.0015339863020926714,-2.3328218958340585e-05,0.0007098680944181979,0.0003869194770231843,0.0006500183953903615,0.00034480250906199217,0.00030162534676492214,-0.0004564085102174431,-0.0011777158360928297,-0.0011093482607975602,-0.0010905313538387418,0.0015112613327801228,1.4151793948258273e-05,-0.002259440254420042,0.0006658926140516996,0.0018336983630433679,-0.001108965603634715,0.00017475073400419205,0.0009785587899386883,0.0010752191301435232
dose8k_A_s1,00149.png,-0.0007301641744561493,0.0001301257434533909,-5.7103105064015836e-05,-0.0016292278887704015,-0.00039024229045026004,0.0006851869984529912,0.00031914422288537025,-0.00012581473856698722,-0.0007812126423232257,0.000259977241512388,0.0004397300654090941,0.0002762976801022887,-0.0001965990522876382,0.0002492780622560531,3.682934038806707e-05,-0.000832158955745399,-0.0013635364593937993,-0.0009597904863767326,0.000252109719440341,-0.0007868288666941226,0.0008935377118177712,-1.2165882253611926e-05,-0.0007856291485950351,0.0002056787780020386,0.00022698666725773364,0.00015451025683432817,0.0011196739505976439,0.00029084685957059264,-0.00050343171460554,-2.4144905182765797e-05,0.0010944523382931948,-0.001142916502431035,0.0003620365750975907,0.00013654508802574128,-6.0684811614919454e-05
dose8k_A_s1,00150.png,0.0018056649714708328,0.0002251593687105924,-0.00011723207717295736,-0.0016159606166183949,0.0021407101303339005,-0.0008281219634227455,0.00026347441598773,0.0008787509286776185,0.0007484836969524622,0.0007120206719264388,0.00018686159455683082,-6.546788790728897e-05,0.0005545462481677532,-0.00045343200326897204,0.0013553421013057232,-0.0012580080656334758,5.551525464397855e-05,-0.00018943697796203196,-0.0005449466989375651,0.0003789468028116971,-0.001992509700357914,-6.833730731159449e-05,-0.0011434478219598532,0.00035431160358712077,-0.0002228637458756566,-0.00023461488308385015,0.0005453126505017281,-0.0008459131349809468,-0.0018669174751266837,0.00028327631298452616,-0.002040109597146511,0.00028022524202242494,0.0013174806954339147,0.0008441171376034617,-0.0010727933840826154
dose8k_A_s1,00151.png,-0.0006875217077322304,-0.0009401843999512494,-0.00012440198042895645,0.0003335946530569345,0.00010510353604331613,0.0008725762600079179,-0.00026641710428521037,0.0016043621581047773,0.0005863494006916881,0.0008604378090240061,0.0019350314978510141,0.00035086277057416737,-0.001401472487486899,0.002077584620565176,-0.0003647895064204931,0.0009184054215438664,-0.0011809327406808734,-0.0002840464876499027,-0.0007367330836132169,0.0013133082538843155,-0.00029276128043420613,-0.00032488233409821987,-0.000855088175740093,1.8500354599382263e-06,0.001336040673777461,-0.00028391071828082204,-0.0015961624449118972,0.0003610630810726434,0.0010553563479334116,-0.0005917898379266262,-0.0005089251208119094,-0.0010207074228674173,0.0011235505808144808,-0.0012249430874362588,-0.0006938662845641375
dose8k_A_s1,00152.png,-0.0002457817899994552,-0.0012146945809945464,0.000149406012496911,-0.0001969889272004366,-0.0009397784015163779,0.00027208440587855875,-0.0006835097447037697,0.0005065942532382905,-0.0006748224259354174,0.00033969388459809124,7.449576514773071e-05,-0.00034098996547982097,-0.00021961260063108057,0.0006288368604145944,-0.0006199924391694367,-0.0010685607558116317,0.0009280874510295689,-0.0014034428168088198,0.00025938189355656505,0.00022908268147148192,-0.0007712349179200828,0.0011341789504513144,-0.0011339022312313318,0.00039849651511758566,0.0005805448745377362,0.0013997864443808794,0.0013676788657903671,-0.00015746358258184046,0.001457237871363759,-0.0005521515267901123,0.00014053880295250565,-0.000826162111479789,-0.0007185291033238173,-0.0014932118356227875,-0.0003041354939341545
dose8k_A_s1,00153.png,-0.00020220391161274165,8.493555651511997e-05,-0.0005211194511502981,0.0012187206884846091,0.0019234357168897986,-0.0003214268945157528,-0.00042034420766867697,0.00017445140110794455,0.0003922046744264662,7.042771176202223e-05,0.00037978048203513026,0.0009918780997395515,-0.00093754444969818,-5.412922109826468e-05,-0.00027434612275101244,-0.00047307295608334243,0.0009439942077733576,0.0006120807956904173,-0.0007294027600437403,-0.0010882182978093624,-0.0006245430558919907,0.00019122501544188708,-0.0003957871231250465,-0.00012440404680091888,0.00022650005121249706,-9.925392078002915e-05,0.0005859722150489688,0.0009624967351555824,-0.000896556070074439,0.0007382013718597591,-0.0009710814338177443,0.00027166627114638686,-0.0003363649011589587,3.960805406677537e-05,0.00041148019954562187
dose8k_A_s1,00154.png,-0.002068031346425414,-0.0004711697984021157,0.0010596003849059343,0.0004626978188753128,-0.0011030308669432998,-0.0007159317028708756,0.0016575547633692622,-0.0002961322315968573,0.000861054752022028,-0.00022503094805870205,0.0001686814212007448,0.0006545858923345804,0.001511306269094348,-0.00016021028568502516,0.0018587596714496613,-0.0019103905651718378,-0.000535485043656081,0.00040789361810311675,-0.0006509182276204228,0.0005295183509588242,0.0004443486104719341,-0.0002301881177118048,0.000680813449434936,0.0002585287729743868,-0.0005928045138716698,0.0003584908845368773,-0.0005459224339574575,-0.0012397305108606815,0.0011588562047109008,0.0006505352212116122,-0.000809037359431386,7.818233279976994e-05,0.0008893226622603834,-0.0004638670361600816,0.0011686559300869703
dose8k_A_s1,00155.png,0.00013816282444167882,5.720488479710184e-05,-0.0003643084201030433,-0.0010940537322312593,-0.001221872284077108,-0.001270216191187501,-0.0008604586473666131,5.286274608806707e-05,0.0001728632050799206,-0.0005280133918859065,0.0020093328785151243,-0.0008245341014117002,0.0007147194701246917,-0.0010989428265020251,0.001131559954956174,-0.0013499282067641616,0.00038246531039476395,0.00014830930740572512,-0.0002576367405708879,0.0009740336099639535,0.0018231637077406049,0.00020666848286055028,0.0007670976337976754,-0.0005957747926004231,0.00012437622353900224,0.00016096288163680583,-0.0015757413348183036,0.0015096324495971203,-0.0004293356032576412,-0.0014859100338071585,-0.0010050249984487891,-0.00015835404337849468,0.0007805190980434418,-7.964274118421599e-05,-0.0011256851721554995
dose8k_A_s1,00156.png,0.00024462363217025995,0.0008117124671116471,0.0002532467187847942,-0.00046941847540438175,0.00020136914099566638,0.0008512219064868987,0.0004576777864713222,0.00028839512378908694,0.00033378915395587683,-0.0013468391261994839,6.580583431059495e-05,-0.0003144517249893397,0.0010602244874462485,-3.32677700498607e-05,0.0007208308088593185,-0.00043922485201619565,3.4456606954336166e-05,0.00014516490045934916,-0.00027135235723108053,-0.001550844986923039,-0.0011584325693547726,2.4791143005131744e-06,-0.0005364432581700385,-0.0004614912031684071,4.3477019062265754e-05,0.0005483857239596546,0.00042390768066979945,-0.0011987586040049791,0.000470593135105446,0.0003818788391072303,0.000540051085408777,-0.00040067877853289247,-0.00022148793505039066,-0.0003818777040578425,0.0007005057414062321
dose8k_A_s1,00157.png,-0.00046655008918605745,-0.00013006155495531857,-2.4183838831959292e-05,-0.0027614140417426825,-0.00012908614007756114,-0.0002531942445784807,-0.0007067942060530186,0.0004110463196411729,1.836290721257683e-05,-0.00046353493235073984,0.0003526934306137264,9.421282447874546e-05,0.00036902245483361185,-0.0001389979152008891,-0.0009037540876306593,0.000230263322009705,-0.00044843635987490416,1.0375508281867951e-05,-0.00034369152854196727,0.0017380381468683481,-5.1089213229715824e-05,-0.00030867234454490244,-0.0014596907421946526,-0.0006962252082303166,-0.0003051663807127625,4.176353832008317e-05,0.0006954760174266994,-0.0003484189510345459,-0.0003862808516714722,0.0005527979810722172,0.00045457895612344146,0.0005622989847324789,-0.00045326302642934024,-0.0009533163974992931,-0.0003807683242484927
dose8k_A_s1,00166.png,-0.00037600749055854976,0.0012816955568268895,0.0006888501229695976,0.0005378010682761669,-0.001099904184229672,-0.0016355992993339896,0.00026505853747949004,-0.0011992957442998886,-0.00042100672726519406,0.0005338839255273342,-0.00011309859110042453,-0.00010913026926573366,-0.00019486574456095695,0.0013837612932547927,-0.001415766542777419,2.9264883778523654e-05,-0.001052491832524538,-0.0002669421664904803,0.0017486292636021972,0.0006327049341052771,-0.001329732360318303,-1.3242708519101143e-05,0.0011398368515074253,0.0010550754377618432,-0.00092678441433236,0.0003534691932145506,-0.0005651069222949445,-0.0010287922341376543,0.0006362657295539975,0.0007080767536535859,-0.0009201577049680054,0.0007587522268295288,-0.000979208038188517,0.00044573890045285225,0.00032822968205437064
dose8k_A_s1,00167.png,-0.0005713803111575544,0.0012310316087678075,0.001645719981752336,-0.0010238968534395099,0.002163015305995941,-0.000374690251192078,-8.855101623339579e-05,0.0004249014309607446,-0.001274779555387795,4.1564489947631955e-05,-0.0002548071788623929,4.082272425875999e-05,-0.0009699048823677003,-0.0004933707532472908,0.0011526369489729404,-0.00011374409223208204,0.0010118335485458374,-0.001025956473313272,-0.00013404444325715303,0.0004383624764159322,0.00029955708305351436,-0.00025798671413213015,-0.00015363872807938606,-0.0005389161524362862,0.00030884097213856876,-0.0014674606500193477,0.0011736341984942555,-0.0005004904232919216,-0.0007274318486452103,0.0006554678548127413,0.0010233381763100624,-0.0009368247119709849,0.0012965633068233728,-0.0011412465246394277,0.0005608847714029253
dose8k_A_s1,00168.png,0.0004410975961945951,-1.9498653273331e-05,0.00043807303882203996,-4.910296411253512e-05,0.0010235640220344067,-0.0012449445202946663,-0.0007517734193243086,-0.0008815251057967544,-0.0009340164833702147,0.0005258736782707274,-4.623143104254268e-05,0.0002605580957606435,-0.0008443092810921371,-0.000756600231397897,-0.00024887488689273596,0.00013014259457122535,-0.0010357070714235306,-0.0005936842644587159,0.0002052562776952982,-0.0019554796162992716,-0.0008425749256275594,9.243629756383598e-05,-0.00011695535067701712,0.001021541771478951,-0.001132163219153881,0.00016752802184782922,0.0007360012386925519,-0.0011196461273357272,-0.0008820915245451033,0.0013149058213457465,0.0005178060964681208,0.0005098420078866184,-0.000692427100148052,-0.0014445690903812647,-0.0009389480110257864
dose8k_A_s1,00169.png,-0.0008142305887304246,-0.001133953919634223,-0.00108341162558645,0.0011267258087173104,0.0002529070188757032,-0.00020456028869375587,-0.0027987598441541195,-0.0008327888790518045,-0.0003928561636712402,-0.0011381172807887197,-0.0013039254117757082,0.000924894236959517,0.001536254771053791,-9.510898235021159e-05,-0.0005399722722359002,-2.6476573111722246e-05,0.000892943877261132,-0.00016634898202028126,0.0009241928346455097,0.0007515177712775767,-0.0008082956192083657,-0.0003029355430044234,-0.00044328326475806534,0.001147035276517272,-9.887447231449187e-05,-0.0006579409819096327,0.0003657274355646223,-0.0011419167276471853,0.00031130999559536576,-0.0006857215776108205,0.0005450348253361881,0.0010608709417283535,-0.00021174168796278536,-0.0012758623342961073,0.0013519632630050182
dose8k_A_s1,00158.png,-7.371518586296588e-05,0.0004542372771538794,-0.0008686193032190204,0.0004709531494881958,-0.0009531502146273851,0.0003103854542132467,0.0004684054874815047,0.0020410562865436077,0.0007048404077067971,-0.0004782293690368533,0.0012762353289872408,0.00019800956943072379,0.00010786973143694922,-0.0009868423221632838,1.1380700016161427e-05,0.0004285245668143034,-0.0004353668191470206,4.6586857934016734e-05,-0.0008835719781927764,0.0004749751533381641,-0.000776261615101248,0.0006651290459558368,0.0016321296570822597,0.0003049528459087014,-0.00011932077904930338,0.0015780776739120483,0.0025604141410440207,-0.0003671372833196074,-0.00019606936257332563,0.0004607587761711329,-0.00036352084134705365,0.0005259584868326783,-0.0014744459185749292,5.18759734404739e-05,0.0005455681239254773
dose8k_A_s1,00159.png,-0.00041002288344316185,0.00120730756316334,-0.0006575130973942578,-0.0008098901598714292,-0.0013323125895112753,0.0015820803819224238,-0.0011896757641807199,-0.00024379737442359328,0.0015001913998275995,-0.000679676013533026,-0.000249784643528983,-0.0007138565415516496,-0.0004780650488100946,0.00017324865621048957,0.00019206800789106637,-0.00014923194248694927,0.0005999266868457198,-0.0007810628740116954,-0.001195644843392074,-0.0007124431431293488,0.00025091652059927583,6.952024250495015e-06,0.0002151290827896446,-0.0017169677885249257,0.0020737808663398027,4.4587068259716034e-05,0.0012026896001771092,-0.0027070348151028156,-0.00037772272480651736,-0.00022291060304269195,0.001593405264429748,-0.00041296807467006147,0.0030647621024399996,0.0008662804611958563,0.001862748060375452
dose8k_A_s1,00160.png,0.0004829694516956806,0.001234080409631133,0.0009311193716712296,0.0010535807814449072,-0.0013811223907396197,-0.0003829683118965477,0.0004970947629772127,0.0002393756585661322,-0.00028678367380052805,0.0008467411971651018,-0.00025734902010299265,-0.0011514107463881373,2.08251931326231e-05,0.0003299724485259503,0.0012945577036589384,-5.2258328651078045e-05,0.001378341345116496,-3.190424831700511e-05,-0.0007663529831916094,0.00019103447266388685,0.0007502489606849849,0.00015411381900776178,0.0003560569602996111,0.0003762447740882635,-0.0011504677822813392,-0.0005397801869548857,0.0002554723178036511,4.132298272452317e-05,3.35564800479915e-05,0.0005867709987796843,-0.000323593762004748,-0.0006593982689082623,-0.0014633487444370985,0.0002666360524017364,0.0003042844182346016
dose8k_A_s1,00161.png,0.001282507204450667,0.0017740995390340686,-0.0010068726260215044,0.0006879384163767099,-0.000664412509649992,-0.0007236021338030696,-0.0009077860740944743,-0.0019636854995042086,-0.0004565896815620363,0.001666559837758541,0.0018900625873357058,0.00037241619429551065,-0.0006682188832201064,0.00036390297464095056,0.001185828703455627,-0.0015191100537776947,-0.001025699544698,0.0009051180677488446,5.458997475216165e-05,-4.671670831157826e-05,-4.7011351853143424e-05,-0.0005864022532477975,-0.00011909953900612891,0.00011059936514357105,0.0005268341628834605,-0.0009602573700249195,0.0010678427061066031,0.0013889492256566882,0.0006999765173532069,1.5760921087348834e-05,-0.0007144110277295113,0.00022439504391513765,-0.0002124463499058038,0.0002641376049723476,0.0006089411326684058
dose8k_A_s1,00162.png,0.0008365563116967678,0.00201515294611454,-0.00030090424115769565,0.00041936038178391755,-0.0013726725010201335,0.0004424760991241783,0.0002822485694196075,5.289960881782463e-06,-0.00026119512040168047,0.0005914655048400164,0.0017765689408406615,0.00035512761678546667,0.0001312726381001994,0.0008523695869371295,0.00014090651529841125,-0.0012721504317596555,0.0006630688440054655,-0.0002800882502924651,-9.48783999774605e-05,0.00024440931156277657,-0.00047733643441461027,-0.002308021066710353,0.0008436917560175061,0.00021850749908480793,0.0008576224208809435,0.0009076728601939976,-1.4934381397324614e-05,-0.0008425601990893483,-0.0007716815453022718,-0.0002557324187364429,0.0008964153239503503,-0.0003191943105775863,-3.825754174613394e-05,0.0005505870212800801,-0.0009994999272748828
dose8k_A_s1,00163.png,-0.00034248962765559554,0.0002845226554200053,-5.2252686145948246e-05,0.0019071948481723666,-0.0015759551897644997,0.0010721625294536352,-0.002164172939956188,0.0003624472883529961,0.0013529136776924133,0.0017226891359314322,-0.0002519851550459862,0.0006404125597327948,0.0004665949381887913,0.0005004255217500031,-0.0002358332130825147,-0.0017345560481771827,-0.0007379795424640179,-0.0020978571847081184,-0.0012014706153422594,-0.0011263502528890967,0.0009903738973662257,0.00038714968832209706,0.00021106636268086731,-0.0014507725136354566,0.0003018926363438368,-1.733714270812925e-05,-0.0008578377310186625,-0.0010280219139531255,-0.00028471628320403397,-0.0006426906329579651,-0.0013102574739605188,5.110944402986206e-05,0.000225920754019171,1.2519595657067839e-05,0.0006467688945122063
dose8k_A_s1,00164.png,0.0001547334686620161,0.0011489150347188115,0.00016854355635587126,4.8949557822197676e-05,0.0013396957656368613,-0.0015518248546868563,-0.0005897769588045776,-0.0017167817568406463,0.0007598686497658491,-0.00046677180216647685,0.00017670045781414956,-0.0010571968741714954,-0.0002544097078498453,0.0001308891223743558,0.0007050603744573891,-0.0011142701841890812,-0.0006879278225824237,0.00023910986783448607,-0.0009685805416665971,-0.0015917078126221895,-0.0003889997024089098,0.0008552309591323137,0.0014757892349734902,0.0007077495683915913,-0.00025738636031746864,0.00043698199442587793,-0.0006143706268630922,-0.0007021917263045907,0.00026857934426516294,0.0008272714912891388,-0.0006904462934471667,-0.00015071967209223658,-0.00037708788295276463,-0.0010520085925236344,0.002531785052269697
dose8k_A_s1,00165.png,0.0012140913167968392,0.0011781994253396988,-0.0004429399559739977,-0.00022039438772480935,0.00041741630411706865,0.0005972868530079722,-0.001728844828903675,0.0016189998714253306,0.0012122242478653789,-0.0006786269950680435,9.106284414883703e-05,0.0009399399277754128,0.0009933419059962034,-0.0011044376296922565,0.0016472215065732598,0.0010873177088797092,0.000768059806432575,2.019352905335836e-05,-0.0009121354669332504,0.0009877008851617575,0.00017162627773359418,0.0008265383657999337,0.001045680488459766,-0.0012899081921204925,0.0014808833366259933,0.0006071534007787704,-0.0004204302385915071,0.0015902904560789466,-0.0010712315561249852,0.0018877331167459488,1.6454510841867886e-05,0.0018353359773755074,-0.00023456517374143004,-0.00020205005421303213,-0.0004394299758132547
dose8k_A_s1,00170.png,2.0111094272579066e-05,0.0002605541085358709,0.00013754135579802096,0.00040621348307467997,-0.00048758674529381096,-0.0010149367153644562,0.000784723146352917,0.00040786335011944175,0.0001970473094843328,-4.643121064873412e-05,0.00019915994198527187,-0.002186404773965478,-0.0005381191149353981,6.957805453566834e-05,-0.0003887545899488032,4.2885803850367665e-05,0.0008774374146014452,-0.0006588083924725652,-0.00011912845366168767,-0.000788397912401706,-0.001563378144055605,-0.0019942119251936674,-0.0012079421430826187,0.0003305136924609542,-0.0007762199966236949,0.0012678219936788082,0.0001392887206748128,-0.00029891199665144086,-0.00027184965438209474,-0.0007368058431893587,0.0004382144252303988,0.000502812850754708,-0.0010387073270976543,-0.0017315986333414912,-0.0012833524961024523
dose8k_A_s1,00171.png,0.0004840251349378377,0.0009300843812525272,-0.00042636258876882493,0.0018860239069908857,0.0008266427903436124,-0.0013290159404277802,0.0006887404015287757,-0.0006317238439805806,-0.0017593291122466326,0.0010011852718889713,0.0005434226477518678,0.0007423165952786803,0.0007873052381910384,-0.00020458755898289382,0.0002625808701850474,-0.0005607293569482863,-0.0013423183700069785,-0.0010240920819342136,0.0003640132781583816,0.00026177376275882125,0.0011097091482952237,-0.00042342438246123493,-0.0008627396891824901,0.0006032504606992006,-0.0007943306118249893,0.0006186160026118159,0.00044994711061008275,0.0016058428445830941,-0.0007490048301406205,0.0007668897160328925,0.0006444632890634239,0.00035350691177882254,0.0004931779112666845,-0.0009198705665767193,-4.786999124917202e-05
dose8k_A_s1,00172.png,-0.001441521686501801,-0.0005633707623928785,1.2330473509791773e-05,0.0017907058354467154,-0.0006718853837810457,-9.136516018770635e-05,0.000636294309515506,0.0006027673953212798,-0.0008382991072721779,-0.0002686514053493738,-0.0004680634301621467,-0.0007989450241439044,-0.00023666344350203872,-0.0011169933713972569,-0.0011533411452546716,-0.0006220417562872171,0.0010981052182614803,-0.000349463865859434,0.00044854587758891284,-0.0008714774739928544,-0.00043350510532036424,0.00108886300586164,-0.0006240769871510565,0.0007038828334771097,0.0005590341170318425,-0.0006020636647008359,0.0004167536390013993,-0.0003419685235712677,-0.0008500414551235735,0.0015579017344862223,-0.0014435580233111978,-7.408729288727045e-05,-0.000324563414324075,0.00048798942589201033,0.0005347626283764839
dose8k_A_s1,00173.png,-0.0013355022529140115,0.0003944152849726379,6.827602919656783e-05,-0.0006246091797947884,-0.0010534179164096713,0.0013948932755738497,-3.671506783575751e-05,-0.00037318491376936436,0.0003104221832472831,-0.0007549457368440926,0.00042573787504807115,0.00021924909378867596,-0.0015895537799224257,-0.0011430812301114202,8.4949831943959e-05,0.00019097434415016323,-1.5968647858244367e-05,0.0005822371458634734,0.0005727556417696178,-0.0007377751753665507,0.0007880894700065255,-0.0014873850159347057,-0.000483990297652781,-3.4580596548039466e-05,0.00016849955136422068,-0.0022905149962753057,0.0008275780128315091,-0.001837437623180449,0.0008188486099243164,-0.0005617467686533928,0.00025887161609716713,0.0010892224963754416,-7.087726407917216e-05,0.0012662012595683336,-0.000203880132175982
dose8k_A_s1,00174.png,5.762271393905394e-05,0.00044275421532802284,0.0005649827653542161,-0.001081926398910582,0.0008566166507080197,0.000250043609412387,-0.0013507192488759756,-0.0001180314357043244,0.0007768291397951543,0.0003481011663097888,-0.00046193282469175756,0.001115700346417725,0.00024214426230173558,0.000898619880899787,0.0006121075130067766,0.00023488240549340844,-4.4706092012347654e-05,0.0021914334502071142,-0.0005713507998734713,0.00012477394193410873,-0.0014438150683417916,-0.0005708977696485817,0.00023342361964751035,-0.00020410891738720238,-0.0011627570493146777,0.0014070873148739338,5.2698946092277765e-05,-5.7053133787121624e-05,0.0002459381357766688,-0.00015614548465237021,-0.0009450463112443686,-0.0001571466855239123,-0.0008311329293064773,0.0014444389380514622,0.0005288079846650362
dose8k_A_s1,00175.png,0.0016096768667921424,0.0011445482959970832,0.0010960930958390236,0.0012721705716103315,0.001716363476589322,0.0005853146431036294,0.0012555598514154553,-0.002921052509918809,0.00031289656180888414,-0.00046057181316427886,-0.0008194355177693069,0.0005945455050095916,0.0013495376333594322,-0.00077349494677037,-0.0006054773111827672,0.0013410317478701472,-0.0014010812155902386,0.0004613744094967842,-0.000385287799872458,0.0008190646767616272,0.0006428760825656354,-0.0018334598280489445,-1.113438975153258e-05,-0.00034659565426409245,0.00039384313276968896,0.0004109902947675437,0.0014373507583513856,-0.0007085388642735779,-0.0001692540681688115,-0.00022777882986702025,0.0005714033031836152,-0.0007882455247454345,-6.325198046397418e-05,0.001549312612041831,0.0004316778213251382
dose8k_A_s1,00176.png,-0.00015505441115237772,0.00018092995742335916,-0.00011554577940842137,0.0021731245797127485,-0.00025664872373454273,0.00022261148842517287,0.00011983297008555382,-0.0004440713091753423,0.0006877821288071573,-0.0007908979896456003,0.0007314166286960244,-0.001858710777014494,-0.0009860233403742313,0.00048797036288306117,0.0011458240915089846,0.0005880488897673786,0.0014026821590960026,-0.0005301141063682735,0.0015146491350606084,0.0006092932308092713,-0.0006139434408396482,-0.0012187884422019124,0.000589958974160254,0.0008966678287833929,0.001098942942917347,0.0012943313922733068,-0.0004104424442630261,2.092511385853868e-05,0.0016057741595432162,0.0012515459675341845,-0.0009304502746090293,-0.0007774740806780756,-0.00043864009785465896,6.907086935825646e-05,0.0014168106717988849
dose8k_A_s1,00177.png,-0.0005945711163803935,-0.00015938328579068184,-5.396089545683935e-05,-0.00130192912183702,-0.0022060086484998465,-0.00015069660730659962,0.0005561886355280876,-0.0006496584974229336,0.0006604401860386133,-0.00032962748082354665,0.001118711894378066,0.0012818865943700075,-0.0016289756167680025,-3.2959880627458915e-05,-0.00036233116406947374,-0.00013099898933432996,-7.177561928983778e-05,0.0006223693490028381,0.0008487683953717351,-0.0011904760031029582,-0.00014406150148715824,0.0009029816137626767,-0.00045749786659143865,0.0003529004752635956,0.0006316254148259759,0.000865674635861069,-0.00045482220593839884,0.0007991994498297572,0.0006266015698201954,-0.0006526770303025842,0.0005204263725318015,0.00011653316323645413,3.095329520874657e-05,0.0009344583377242088,-0.00027527078054845333
dose8k_A_s1,00178.png,0.00012833980144932866,-0.00044966876157559454,9.21809896681225e-06,0.00014241029566619545,7.54818829591386e-05,-0.0026074231136590242,-0.0005655114073306322,0.00041187580791302025,-0.0003422590671107173,8.36634571896866e-05,0.0008388294372707605,-0.00013270057388581336,0.0007167371804825962,0.001430804724805057,0.0009347365121357143,-0.00028411817038431764,-0.0013328149216249585,-0.0021275701001286507,-0.0014598083216696978,-0.0008322944049723446,-0.00038015953032299876,0.0009409054182469845,0.00010315373947378248,0.0010460667544975877,0.0023075270000845194,0.0001991796598304063,-0.0005298124742694199,-0.0004314148100093007,-0.000543829461093992,0.0003861434815917164,0.0016509592533111572,-0.0013861083425581455,0.0005155379185453057,0.0007300436845980585,-0.0005531049100682139
dose8k_A_s1,00179.png,0.002078734803944826,0.0017627386841922998,-0.0018483900930732489,0.0018600451294332743,0.001184946158900857,-0.00023923179833218455,-0.00013332662638276815,0.0019141341326758265,0.0009871229995042086,-0.0008989652269519866,0.0006887912750244141,-0.000589954957831651,-0.0001862485078163445,-0.00038054579636082053,0.00048291252460330725,-0.0006975490832701325,0.0005430373712442815,0.0002812891616486013,0.0011303076753392816,3.8657370168948546e-05,-0.0012120065512135625,0.0015866508474573493,0.00025926128728315234,0.0013105503749102354,0.0012378712417557836,-0.0005455004866234958,0.0002972301153931767,0.0009581035701557994,-0.0008606980554759502,0.002054238459095359,-0.0004875867743976414,8.148414053721353e-05,0.0007406704826280475,0.00015084818005561829,-0.00010771129745990038
dose8k_A_s1,00180.png,0.0020910489838570356,0.0010175879579037428,0.0004459665797185153,0.0010856726439669728,3.0240795240388252e-05,0.0009538145386613905,0.0002970592468045652,-0.00020368870173115283,-0.0008860774105414748,0.00034996159956790507,0.0009297995129600167,-2.92702934530098e-05,-0.00039377494249492884,-0.0005812635063193738,-0.0011040962999686599,-0.0005025494028814137,-0.0010701502906158566,-0.0012667594710364938,-0.0010643582791090012,-0.001006412785500288,-0.0012398080434650183,2.4171524728444638e-06,0.00013364397455006838,-0.00032978723174892366,-0.000905513996258378,0.0009305866551585495,-0.0006648342241533101,0.0009863445302471519,0.0010960211511701345,-0.0005846377462148666,0.0003141593188047409,0.0004422461206559092,0.0017573675140738487,-3.640575232566334e-05,0.0006647802656516433
dose8k_A_s1,00181.png,0.0016255845548585057,0.0011756501626223326,-0.0010890592820942402,0.0009878268465399742,-0.0003641712828539312,-0.0004853572172578424,8.468072337564081e-05,0.0003154612786602229,-0.0008756532333791256,-0.00022287435422185808,-0.0009764995193108916,0.0003830830683000386,-6.444504106184468e-05,0.002347795059904456,0.0006056749843992293,0.0011986384633928537,-0.0012020425638183951,0.00013174662308301777,-0.002022236818447709,0.0016254268120974302,0.00023107185552362353,-0.000287880830001086,-0.0010663995053619146,0.0002645588538143784,-0.0006066432688385248,0.000273500889306888,-0.0008872838225215673,0.00012725475244224072,0.00023237057030200958,-0.0013324079336598516,0.0015339178498834372,-0.0002593770041130483,-0.0006710846209898591,0.00011349130363669246,-0.0006694375188089907
dose8k_A_s1,00182.png,-0.00010694769298424944,0.0006978799938224256,0.0006523476331494749,9.046558989211917e-05,2.2131103833089583e-05,0.0005087563768029213,0.000652717484626919,0.0003669123980216682,0.0002813037717714906,1.2564522876346018e-05,-0.0007313101668842137,-0.00031551456777378917,-0.0004087403940502554,0.0009021763107739389,-0.0010228203609585762,0.0007162761176005006,0.0009490771335549653,-0.001080487621948123,0.0002698197204153985,-0.001609687926247716,-2.2255118892644532e-05,0.0007307813502848148,-0.0009638947085477412,-0.0007747506606392562,-0.0005846084095537663,-0.0009068293147720397,0.0019178004004061222,-0.001649053767323494,-0.0008291799458675086,0.00016417937877122313,0.00043688324512913823,-0.000718364492058754,-0.001001895172521472,0.0004137872892897576,-0.0008975936216302216
dose8k_A_s1,00183.png,0.001363269635476172,0.0011669299565255642,-0.0008891032775864005,-0.00018217724573332816,-0.00014816044131293893,-0.0005349519196897745,5.383570896810852e-05,0.0005183540633879602,-0.001019116141833365,2.9650007490999997e-05,-0.0006725809071213007,0.0015292178140953183,-0.00023738488380331546,-0.00022578539210371673,-0.0011516641825437546,0.0003826382162515074,0.0009580117184668779,-0.0008559760171920061,-0.0011390525614842772,-0.0018485707696527243,0.00042337269405834377,-0.0006676319753751159,0.0006709537119604647,0.0005591586232185364,-9.264333493774757e-05,0.0003536724834702909,-0.0007686121971346438,-7.994408952072263e-05,0.00030242803040891886,0.0011421296512708068,-0.0011900688987225294,0.0002024700806941837,0.0009592093992978334,0.0006877302657812834,0.00019344537577126175
dose8k_A_s1,00184.png,0.0003401183639653027,0.0009230796713382006,-0.001158569473773241,-0.001053995336405933,-0.0002946718886960298,-0.000884446722920984,-0.0011201563756912947,3.592891152948141e-05,0.0009236010373570025,0.0007802816107869148,0.0004942869418300688,-9.40812606131658e-05,0.00048497776151634753,0.0011864659609273076,0.00012115855497540906,0.00030395833891816437,0.0009133063140325248,0.00099260697606951,-0.000961106619797647,2.7498270355863497e-05,0.00035898908390663564,-2.169068466173485e-05,0.0006518730660900474,0.0007264019805006683,0.0011783791705965996,-0.0005524020525626838,0.0008615237893536687,-0.00045913347275927663,0.0008724607760086656,-0.0008551430073566735,-0.0002524878946132958,0.00030748246354050934,-0.000980283017270267,0.000718670547939837,-0.0010170669993385673
dose8k_A_s1,00185.png,0.0005526514141820371,0.0009508046205155551,-0.001997600542381406,-0.002038383623585105,-0.00034977594623342156,8.268028977909125e-06,0.0004100560618098825,0.0008656062418594956,0.0008016483043320477,0.0004305935581214726,0.0008868369041010737,-0.00030624677310697734,-0.0021130761597305536,0.0005269988323561847,-6.983396815485321e-06,-0.001128672738559544,0.0006843689479865134,-6.839365960331634e-05,0.0016313405940309167,0.000266628892859444,0.00027478160336613655,0.0003766799927689135,-0.0010275926906615496,0.0008859325316734612,0.0007209376781247556,0.000388781278161332,0.0002918026875704527,-0.0008191290544345975,-0.0008647225913591683,-0.0004618960083462298,-3.118629683740437e-05,-0.0003728650917764753,-0.0004316283157095313,0.0015361702535301447,-0.0015460437862202525
dose8k_A_s1,00186.png,-6.716057396261021e-05,0.0003372320206835866,0.0010496010072529316,-0.0010532498126849532,-0.0006647790432907641,-0.0004646865709219128,-0.0003741558757610619,-0.00012692266318481416,0.0002452197077218443,-0.00011057119263568893,0.0022284926380962133,-0.0004878832842223346,-0.0010073416633531451,-0.0017209516372531652,-0.000752724299672991,0.00044135170173831284,0.0003254011389799416,-0.0003504751657601446,-0.00010743956227088347,0.00029644969617947936,-1.3466176824294962e-05,-0.002060475293546915,0.0015867343172430992,0.0003233071474824101,2.2079548216424882e-05,0.0008590650977566838,5.331558350007981e-05,0.00016452469571959227,-0.0006462199380621314,-0.0011666228529065847,-6.312997720669955e-05,-0.0005912157357670367,0.0016256668604910374,-0.0002027250302489847,0.00034213875187560916
dose8k_A_s1,00187.png,0.00038269502692855895,0.0004978888900950551,-0.0004203338467050344,0.0016317381523549557,0.0005753952427767217,0.0006142157944850624,-0.0004391752590890974,3.223831663490273e-05,-0.0012948574731126428,-0.001342687290161848,0.0006553460261784494,0.0003244609688408673,0.0008292378624901175,0.00041711272206157446,0.00046735891373828053,0.0019386674975976348,-0.00012986487126909196,-0.001395717728883028,0.0008480029064230621,0.0018565537175163627,-0.0007612300105392933,-0.0017935601063072681,0.0002905324217863381,-0.0009817754616960883,-3.376685344846919e-05,-0.00027438803226687014,-0.0017109541222453117,-0.00030792027246207,0.001668307464569807,-0.0004834249848499894,0.0010207068407908082,-6.513365951832384e-05,0.0010430017719045281,-0.000328194786561653,-0.0009827514877542853
dose8k_A_s1,00188.png,4.6586657845182344e-05,6.240020979930705e-07,-0.0007753686513751745,0.0008069545147009194,0.0004921671352349222,-0.00048003936535678804,-0.001042678370140493,-0.0002308094408363104,0.0008629958610981703,0.00010347508214181289,-0.00010709812340792269,0.0005917124217376113,-0.0007600231328979135,0.0004996542120352387,0.0012459018034860492,-0.0005600166623480618,0.0014587956247851253,-0.0017693794798105955,0.0003437252016738057,6.02583349973429e-05,-0.0008580478606745601,-0.0005380251677706838,0.0002962622093036771,0.0014752004062756896,0.001324220560491085,-0.0007773278048262,0.001354834996163845,0.0005186388734728098,-0.0018209998961538076,-0.0014673647237941623,0.00035347696393728256,-0.0004496954788919538,0.0007409261306747794,0.0002898801176343113,0.0012559256283566356
dose8k_A_s1,00189.png,-0.002254743594676256,-0.0014836647314950824,-0.0022664167918264866,0.00020104371651541442,-0.0004549531440716237,-4.8647667426848784e-05,0.0008453429909422994,0.0011291970731690526,0.0002633324183989316,-0.00018967495998367667,0.0015348555753007531,-0.0019426498329266906,-0.0011551729403436184,-7.063952125463402e-06,4.595860809786245e-05,8.46175171318464e-05,2.9990560506121255e-05,-0.00024165824288502336,-0.0003996255691163242,0.0005466756410896778,-0.0002236128639196977,-0.00010324874165235087,0.0003609709383454174,-0.0008466215222142637,-0.00011501886910991743,-0.0007098735077306628,-0.0007136784843169153,0.0011250533862039447,0.0012586615048348904,0.0018332113977521658,0.0020719103049486876,0.0011633011745288968,-0.0025778883136808872,0.0016375643899664283,0.001223722705617547
dose8k_A_s1,00190.png,-0.0008577447733841836,2.366704029554967e-05,-0.0013409543316811323,0.00028905770159326494,0.0010828475933521986,0.0002942802384495735,0.00019975351460743695,0.0007359307492151856,0.0010386566864326596,-0.0010389573872089386,0.00058960315072909,0.0007908242987468839,0.0001410997356288135,-0.0004903071094304323,7.869388355175033e-05,-0.0006174554582685232,0.0005356520996429026,0.0009617363102734089,0.0021691203583031893,-0.0010841580806300044,-0.0014891962055116892,-0.0002499240799807012,0.001049304730258882,-0.00110169209074229,0.00025692523922771215,0.0005365792894735932,-0.0005955928354524076,0.00022018785239197314,-0.0012141752522438765,-0.0013107184786349535,-0.0005752444849349558,0.000873816548846662,0.0008375908946618438,-0.001195398741401732,0.001167657901532948
dose8k_A_s1,00191.png,0.0012318569933995605,0.0016255906084552407,-0.0010798475705087185,-0.0017559559782966971,0.000494346662890166,-0.001871313201263547,-4.743149929709034e-06,-0.0001973086327780038,-0.00010845642100321129,0.00048697556485421956,0.0018455262761563063,0.0005851266323588789,0.000599084363784641,-0.001333516789600253,-0.0011629477376118302,0.0011963588185608387,-0.0005827273125760257,0.0003439202846493572,0.0012445342727005482,0.00014058062515687197,0.0013132723979651928,-0.0001774260017555207,-0.001337674562819302,-0.0006834650994278491,-0.0009586629457771778,0.0005714682629331946,0.00036878391983918846,-9.884446626529098e-05,7.469673437299207e-05,-0.00015670344873797148,0.0016356527339667082,0.0011333042057231069,0.000647124310489744,0.00021028316405136138,-0.001226925989612937
dose8k_A_s1,00192.png,0.0004375995195005089,-0.0003076129069086164,0.0001879004412330687,-9.073002001969144e-05,-0.0002724092628341168,-0.001499930745922029,-0.00015744203119538724,-0.000715115456841886,0.0013800081796944141,2.5755847673281096e-05,0.0005632992251776159,-0.0009125565993599594,0.0009156893938779831,0.0008219647570513189,0.0007421101327054203,0.0010967631824314594,0.0012411008356139064,0.001159945852123201,-5.2804509323323146e-05,9.232775482814759e-05,0.0007134508341550827,-0.0009760254761204123,-0.0008825690019875765,0.0013085548998788,-8.807313133729622e-05,0.0013420884497463703,-0.0019825496710836887,-0.00027500608121044934,-7.309074862860143e-05,0.00013254553778097034,0.0014978965045884252,0.00010981150990119204,-0.0005274672876112163,-0.00035735947312787175,-0.000127813036669977
dose8k_A_s1,00193.png,-0.00022671946499031037,-0.0012976884609088302,-0.00033195357536897063,-0.0003322971169836819,0.0003269840672146529,0.0004990145680494606,-0.0006556923617608845,0.0007358487346209586,-0.0007705182069912553,-0.001809429842978716,-0.0001207830646308139,0.0005314020672813058,-0.0007118252106010914,0.00018746202113106847,-0.00032946819555945694,0.00018677664047572762,-0.0012984354980289936,-0.002528092823922634,0.002228736411780119,-1.501806855230825e-05,0.0010959042701870203,-0.0005162916495464742,0.00033797280048020184,0.0018186495872214437,-0.000865816546138376,-0.0006582199712283909,0.0011206927010789514,0.0010303418384864926,0.001061155111528933,-4.810727114090696e-05,-0.0008156307158060372,0.0005712100537493825,-0.0006579229375347495,0.0004439451149664819,0.002101923106238246
dose8k_A_s1,00194.png,-0.0006940988823771477,-0.00022888940293341875,-0.00040131653076969087,0.00045367353595793247,0.0028566624969244003,-0.0009238642523996532,0.00036058787372894585,-0.000727889419067651,0.00015994443674571812,-9.553143900120631e-05,-0.0010693257208913565,0.00043295984505675733,3.9241931517608464e-05,0.0007293880917131901,-0.0007756167906336486,0.0005674846470355988,0.00012884110037703067,-6.407104228856042e-05,-0.0008852150640450418,-0.0006268986617214978,8.402411185670644e-05,-0.0007519815117120743,0.0007647938909940422,0.0003340558032505214,-0.0007038058829493821,0.000874926510732621,-0.0009129015379585326,-0.0017203799216076732,-0.00031726001179777086,0.0002207840298069641,-0.000557662860956043,0.0003767676535062492,-0.000539797474630177,0.0006894129910506308,-0.00020894651242997497
dose8k_A_s1,00195.png,0.0009431540383957326,-5.665393837261945e-05,-0.0002348608832107857,0.0012665996327996254,0.0018599878530949354,-0.0007426587981171906,-0.001168160466477275,0.0003534242569003254,0.0006516916328109801,0.0009463316528126597,-0.00020568685431499034,-0.0009036844130605459,-0.00024854892399162054,-0.0015478056157007813,0.0011426206910982728,-0.000184866672498174,0.001153739052824676,-0.00110427918843925,-0.0007572718895971775,0.0010174224153161049,0.0004766056081280112,-0.00022139165957923979,0.0007325259502977133,0.0015281488886103034,0.0004707729967776686,0.001731473603285849,-0.0004773084365297109,-0.00024681605282239616,-0.0016915940213948488,0.0001793258124962449,0.0005368980346247554,0.000520487898029387,0.00013317223056219518,0.0004232669889461249,0.0008238385780714452
dose8k_A_s1,00196.png,-0.0007607849547639489,-0.002030628267675638,-4.603700290317647e-05,0.0005738497129641473,0.0008381610387004912,0.0018416146049275994,-0.0014795036986470222,0.0006117122247815132,-6.347391899907961e-05,-0.000365532556315884,2.554522689024452e-05,-0.0005753303412348032,0.00041585983126424253,-2.4435205432382645e-06,0.00033994371187873185,3.9718473999528214e-05,-0.0005215416895225644,-0.0010863493662327528,-0.002074745949357748,0.00023370375856757164,0.0010316686239093542,0.0007539401995018125,-0.0010590627789497375,0.0005786140682175756,1.438864001102047e-05,-0.0009436968830414116,-1.7235875930055045e-05,0.0008437285432592034,0.0007585021667182446,0.0008227016660384834,-0.0009483637404628098,0.0006399164558388293,-0.0022813472896814346,0.0001528384891571477,-0.000888680515345186
dose8k_A_s1,00197.png,0.001235280535183847,0.0012102394830435514,0.000517296779435128,-0.0010426511289551854,0.0015158627647906542,-0.00019996994524262846,-0.0006942349718883634,0.0017427034908905625,0.00042527448385953903,0.0012264903634786606,0.0005177582497708499,-0.00021487311460077763,-0.0008949339971877635,0.00028539742925204337,0.0014259997988119721,-0.000521223118994385,-0.000984308309853077,0.0005558202974498272,-0.002046688459813595,0.0008717846940271556,0.00078588753240183,-0.00027128271176479757,-0.00037081752088852227,-0.0005982458242215216,-8.675378194311634e-05,-0.0010054820450022817,-0.0012988108210265636,-0.00017170341743621975,3.852546069538221e-05,-0.0009127706289291382,0.0005448262090794742,0.0003311152395326644,0.0017481097020208836,-0.00047868071123957634,0.0003265628474764526
dose8k_A_s1,00198.png,-0.00074679811950773,-0.0005226897192187607,7.411909609800205e-05,0.002217738889157772,0.00028224242851138115,-0.0003143867652397603,0.0005798623315058649,5.959234113106504e-05,5.534272986551514e-06,-0.0006526309298351407,0.000891709525603801,0.0010682339780032635,-0.0006216613692231476,-0.0005873045884072781,-0.0017906392458826303,-0.0003705381532199681,0.00024061159638222307,0.0016017007874324918,0.002265703398734331,-0.0003166681563016027,-0.0002505484444554895,-0.0013944682432338595,-0.0023532568011432886,-0.0021294844336807728,0.001650986261665821,0.0006706272251904011,0.00046560398186556995,-7.338723662542179e-05,-0.0009289807640016079,0.0005944339791312814,-0.00025794532848522067,-0.00047339501907117665,0.00019598609651438892,-0.0005834174808114767,-0.0010929132113233209
dose8k_A_s1,00199.png,-0.0004544369294308126,-0.001215024502016604,0.0009395861998200417,-0.0019488540710881352,-0.0022330216597765684,0.00016174885968212038,8.398606587434188e-05,0.00027542735915631056,-0.0007884518709033728,0.00026099124806933105,-0.0008970143389888108,0.0005415763589553535,-0.0013081218348816037,-0.00012559334572870284,-0.00026384758530184627,-6.0731119447154924e-05,0.0006152012501843274,-0.001114425715059042,0.0016211456386372447,0.0017359243938699365,-0.000434380752267316,-0.0009611466084606946,0.00046556073357351124,-0.00017742223280947655,0.0008609245996922255,-0.0009969258680939674,-2.0342671632533893e-05,-0.0005798627971671522,0.0008302427013404667,-0.00043805051245726645,-0.0011558274272829294,-0.0004905370296910405,-0.000329635658999905,-0.0010925442911684513,-0.0004895474994555116
dose8k_A_s1,00200.png,-0.00134272500872612,0.0003679984947666526,0.00022561692458111793,-0.0004420623299665749,0.00021404035214800388,7.786676724208519e-05,-0.00026860955404117703,-1.6545416656299494e-05,-0.000491573940962553,0.00010304203897248954,0.0010154966730624437,-0.0005346312536858022,-0.0010944200912490487,0.0007026328821666539,0.000791398633737117,0.0002185426710639149,0.00020805060921702534,-0.0002804170362651348,-0.002056457567960024,-0.0013167179422453046,0.0002935558441095054,0.000973441987298429,0.00010120935621671379,-0.001109756762161851,-0.0008965941960923374,-3.841713805741165e-06,-9.25252097658813e-05,-8.177648851415142e-05,-0.0010258422698825598,0.0003300081880297512,-0.0014578677946701646,0.0007078713388182223,0.0002903251152019948,-0.0012309312587603927,0.00014297380403149873
dose8k_A_s1,00201.png,0.0004089691210538149,0.00106254022102803,0.002084471518173814,-0.0013562783133238554,0.00016600308299530298,0.002678699092939496,-0.0007825262728147209,0.0007423522765748203,7.413390267174691e-05,-0.0007691171485930681,0.0003518298326525837,-0.0014635808765888214,-0.00015347007138188928,-0.00035030965227633715,-0.00016091937141027302,-9.265814878745005e-05,0.00036478490801528096,0.0004688791814260185,0.00046211478183977306,0.001458913553506136,-0.0003704889677464962,-0.0003948430821765214,0.0007604603888466954,-0.0003275131748523563,7.621549593750387e-05,-0.0005155628896318376,-0.00022929927217774093,-0.0006359273684211075,0.0008054273203015327,0.0011014238698408008,0.0004346469650045037,-0.0008614745456725359,-0.0012493093963712454,0.0008214396657422185,-0.0012505766935646534
dose8k_A_s1,00202.png,-0.0004997389041818678,-0.0014166238252073526,0.0009667088743299246,0.0009122015326283872,0.0005145039176568389,-0.00036079389974474907,0.0009671123116277158,-0.0007629409665241838,0.0005186910275369883,-0.001004955149255693,0.0001296256377827376,-0.0007825573557056487,0.00020314021094236523,-0.00036886523594148457,-0.0001443954388378188,-0.001178146805614233,0.0001431166019756347,0.0012646543327718973,0.00028800329891964793,-0.0006588709075003862,-0.0006408218760043383,0.00040847755735740066,0.0020611875224858522,-0.00113354017958045,0.0010350474622100592,0.00048433514893986285,-0.000262250192463398,-0.00032397519680671394,0.00020833199960179627,0.00042952995863743126,-0.0018540172604843974,0.0007574523333460093,0.0002671562251634896,0.0001358279841952026,-0.000731549458578229
dose8k_A_s1,00203.png,-0.0007927005062811077,-0.0012837431859225035,-6.998729077167809e-05,-0.0011595929972827435,0.0011210627853870392,-0.00018412731878925115,0.00031501270132139325,0.0011236958671361208,-0.0009399306727573276,0.0004974325420334935,-3.942984403693117e-05,0.0004950657021254301,-0.00020377486362122,0.0003096101281698793,-0.0007553427712991834,-0.0005590729997493327,-0.0004907320253551006,-1.9215935026295483e-05,-0.0008014012710191309,-0.002483236836269498,0.0011360732605680823,-0.00027873870567418635,-0.000989525462500751,0.0005449122982099652,3.5733326058107195e-06,0.0010676082456484437,-0.0009423907031305134,-0.00041276367846876383,-0.0001549690350657329,0.00040731675107963383,6.95328344590962e-05,-0.00018062320305034518,-0.0008787588449195027,0.00019942849758081138,0.0014236540300771594
dose8k_A_s1,00204.png,-0.000100864221167285,0.00015843617438804358,-0.0012606155360117555,0.0008385152323171496,0.0014485456049442291,0.00024551208480261266,-0.001382850925438106,0.0012492798268795013,-0.0004228808975312859,-0.0009038292337208986,0.00017085252329707146,0.0011709652608260512,-0.0011253911070525646,0.0005565367755480111,0.0018678755732253194,0.0005569448112510145,2.6856375825445866e-06,0.00015822044224478304,-0.0005398678476922214,-0.0007526722620241344,-0.0005920609110035002,-0.0025456398725509644,-0.0016945082461461425,8.7209864432225e-06,-0.0011407866841182113,0.0017260623862966895,0.0004009417607448995,-0.0006341534899547696,-0.0019459056202322245,-0.0005426244460977614,0.000810174853540957,0.00013725720054935664,-0.0005532354698516428,-0.0005651444080285728,0.001110032550059259
dose8k_A_s1,00205.png,0.0015377294039353728,0.001854893285781145,-0.0008502135169692338,-0.0008080184343270957,-0.0012883885065093637,0.0011493307538330555,4.4736425479641184e-05,-0.0006601523491553962,0.0005247975932434201,-0.0002813237952068448,0.0011453015031293035,-0.0014757056487724185,-3.66633539670147e-05,-0.0006772411870770156,-0.0002600421430543065,0.0008348237024620175,-0.00012568867532536387,-2.063908686977811e-05,-0.0004637261154130101,-0.001083935028873384,0.0013604513369500637,-0.0005351538420654833,0.0012147703673690557,0.00034659376251511276,0.0013750744983553886,-0.0003244538966100663,0.0005912096239626408,-0.0009510308736935258,0.0018332672771066427,7.947791164042428e-05,0.0015835074009373784,0.0017429302679374814,0.0007766662165522575,0.0006312296609394252,-0.0001226142339874059
dose8k_A_s1,00210.png,0.0009775148937478662,0.0016008609673008323,0.00022916759189683944,-0.000996820512227714,-0.0007657012320123613,0.0009044438484124839,0.0007473238511011004,6.821889542152348e-07,-0.0009031423251144588,0.00013017372111789882,-0.0009135609725490212,-7.674134394619614e-05,-0.0005513736396096647,0.0009248542482964694,-0.0007873962167650461,0.0011431063758209348,0.001557769370265305,0.002007081639021635,-5.736493403674103e-05,-0.0007443959475494921,-0.0008045763242989779,-0.001327047822996974,2.1738749637734145e-05,-0.00039981541340239346,-0.0006019160500727594,-7.37501832190901e-05,0.0005508475005626678,0.0007207231828942895,-0.0015354842180386186,0.0009516275604255497,0.0009632125729694963,0.0017200792208313942,0.0017131709028035402,-0.0017869877628982067,-0.0012631552526727319
dose8k_A_s1,00211.png,3.163703149766661e-05,0.0004948294372297823,-0.0006786069716326892,-0.0019311306532472372,-0.00032234739046543837,-4.736161827167962e-06,-1.2972003560207668e-06,0.0015035502146929502,0.0010700999991968274,0.00177935347892344,-0.0021136009600013494,0.0012498656287789345,-0.0013880007900297642,-1.9074808733421378e-05,-0.00018682712106965482,-0.0007955856272019446,0.00098893023096025,-0.001033096807077527,-0.001734330551698804,-0.00014660436136182398,-0.0022210883907973766,-0.0005147506599314511,-0.00043298458331264555,0.0007054993184283376,-0.00039247507811523974,0.00021715516049880534,-0.0006300617242231965,0.00027994782431051135,-0.0010349011281505227,0.000652566843200475,-0.0010262108407914639,-0.0010718668345361948,0.000987941399216652,-0.000434290268458426,-0.0006034917896613479
dose8k_A_s1,00212.png,0.00019348732894286513,0.0006075151613913476,-0.0003705568960867822,-0.0013297812547534704,-0.0036911028437316418,3.327651825202338e-07,0.0005852446192875504,7.075464236550033e-05,0.0008956562378443778,0.000559442094527185,-0.000549829623196274,-0.0002588061906863004,8.53704841574654e-05,-0.0007699420675635338,-0.000846268143504858,0.0008472465560771525,-3.8695612602168694e-05,5.69629373785574e-05,-0.0005072702188044786,-0.0005874165799468756,-0.00010274747910443693,0.001410806318745017,-0.00031495108851231635,0.0001485368120484054,0.001025379984639585,0.0004507047706283629,0.0001989781012525782,7.46252908356837e-06,0.00011726671800715849,-0.0007987342542037368,7.459140761056915e-05,0.00018707617709878832,6.198964001669083e-06,0.00016392958059441298,0.0009493620018474758
dose8k_A_s1,00213.png,-0.0002730907581280917,0.0004995237104594707,-0.00039434494101442397,-6.222189404070377e-05,-0.0009464254253543913,-0.0005215121782384813,-0.00016113792662508786,-0.0003175573656335473,0.00021867157192900777,-0.001264595310203731,0.0006433502421714365,-0.00018757031648419797,-6.052536627976224e-05,0.00120335363317281,0.0003984938084613532,-0.0001286580227315426,4.973712930222973e-05,-0.0002489489270374179,-0.0007055280148051679,-0.0009636517497710884,-0.0017132702050730586,-0.0001824753126129508,0.0005751497228629887,-0.0005750305135734379,-0.0007998148794285953,-0.000184711127076298,3.332451524329372e-05,-0.00022287578030955046,0.0006532908300869167,-0.00020134409714955837,-0.0005392049206420779,-0.0005443208501674235,-0.00026484482805244625,-4.908754817734007e-06,0.00014362945512402803
dose8k_A_s1,00206.png,-0.0015048114582896233,-0.0007307424675673246,0.0005606435006484389,0.0003558382741175592,2.9572720450232737e-05,0.0020734912250190973,-0.0011224421905353665,0.00036903261207044125,-0.0007793191471137106,-0.0006112561095505953,0.00027066224720329046,0.000819118635263294,0.0004942232626490295,-0.00021620361076202244,-0.0011293627321720123,0.00047122620162554085,0.001187697984278202,-0.001326729659922421,0.001198476180434227,0.001394435646943748,0.00042910684715025127,0.00025162205565720797,-0.0024858007673174143,-0.00019538697961252183,-3.5046497941948473e-05,-0.0014618084533140063,0.0004937794874422252,-0.0011839810758829117,-0.00020677561406046152,-0.0005454631755128503,-2.0872603272437118e-05,0.001505720429122448,2.5412693503312767e-05,-0.0001367935910820961,-0.000552754383534193
dose8k_A_s1,00207.png,-0.0001975443447008729,-0.0017076650401577353,-0.00018052042287308723,0.000479461916256696,0.0012542438926175237,0.0004185750149190426,-0.0007425648509524763,0.002204062882810831,0.0001292062661377713,0.001396744977682829,0.0006608680705539882,0.00097947777248919,-0.0014987229369580746,-0.0015077699208632112,2.6097364752786234e-05,0.0010165757266804576,-0.0005476467777043581,-0.0015555995050817728,0.0003114772553090006,-0.00023149617481976748,0.0007035896414890885,-0.0013882828643545508,0.0009336755028925836,0.0003161052882205695,0.0011590493377298117,0.0010868024546653032,-0.000398352014599368,-0.0012147304369136691,-0.0003595807356759906,-0.0002020106912823394,0.0003590707201510668,-0.0006242341478355229,0.00034990720450878143,0.0016622703988105059,0.00028034605202265084
dose8k_A_s1,00208.png,-0.0003587058454286307,0.0003230642178095877,0.0003527112421579659,2.877206316043157e-05,0.0004030729760415852,-0.0006559501052834094,-0.0001058472553268075,0.0002587009803391993,0.0008696228032931685,-0.0001264318125322461,6.31135335424915e-05,0.0013326597400009632,0.000634283758699894,-0.0010554256150498986,-0.0008474802016280591,-0.001498660072684288,0.0010901108616963029,0.0007371024694293737,-0.00012001805589534342,0.0003820410929620266,0.0015385013539344072,-0.000344439729815349,-0.000456646375823766,0.00036552982055582106,-0.0013989090221002698,-0.000305564928567037,4.079125574207865e-05,-0.0009153684368357062,0.000153405184391886,0.0006858998676761985,-0.0009325605351477861,0.0002659779565874487,0.0001463358203181997,-0.0003872736997436732,0.0005987579352222383
dose8k_A_s1,00209.png,0.00019389054796192795,-0.00026865163818001747,-0.0003717204963322729,0.00034215551568195224,0.0009056087001226842,-0.0008500059484504163,0.00012612590217031538,0.0019393920665606856,0.0005140210851095617,-0.00047165394062176347,0.0003677337954286486,0.000610886316280812,0.00043007248314097524,-0.0008686876972205937,-0.0013083175290375948,0.00272919493727386,-0.00017287633090745658,0.0012489930959418416,0.0013402811018750072,0.0005266292137093842,-0.0008520580013282597,-0.0006758598610758781,-0.0006815712549723685,-0.00035440371721051633,-0.0008609429351054132,0.0004081061342731118,-0.0008806170662865043,0.00044623707071878016,0.0010076676262542605,-0.001094339182600379,-0.0015404638834297657,0.0004175164795015007,0.0004451608983799815,0.0003457989078015089,0.0012921240413561463
dose8k_A_s1,00214.png,0.0007038246840238571,-0.0015106908977031708,-0.0006571041303686798,0.0012138494057580829,-0.0007424317882396281,0.0019234243081882596,-0.001010302221402526,-0.0017999731935560703,0.0006565579096786678,0.0009810151532292366,0.0010095807956531644,-0.00041389631223864853,0.0014931884361431003,-0.00018860504496842623,-9.692597814137116e-05,0.00012358346430119127,0.0006230359431356192,-0.0012880557915195823,-0.00017588032642379403,0.0005263806669972837,0.0004185271682217717,0.0013039922341704369,0.00149989512283355,-0.000891837989911437,0.0010708769550547004,-0.0001236333919223398,-0.001332591287791729,0.0005758837796747684,-0.0007532278541475534,0.0008615035330876708,0.000791865517385304,-0.00021111978276167065,5.233483170741238e-05,0.00037271351902745664,-0.0013728863559663296
dose8k_A_s1,00215.png,-0.0004926809924654663,0.0006240158691070974,-0.0014277527807280421,0.0020392921287566423,0.0003753815544769168,0.0004213077772874385,-0.0006099052261561155,-0.0005633921246044338,-0.0005166020127944648,-0.0016282642027363181,-0.00011190673103556037,-0.001030710875056684,-0.0015076111303642392,0.0009450666257180274,-0.0013917614705860615,0.0023063095286488533,0.0003168060793541372,0.0013622344704344869,0.0007905008969828486,-0.0004664876905735582,0.0008655806886963546,0.0008489259053021669,-0.0011630309745669365,-0.001342292409390211,0.0015604379586875439,-0.00020883786783087999,-0.00022374672698788345,0.0003801244602072984,0.0002625123015604913,0.0013217834057286382,-0.0006695099291391671,-0.0001286465849261731,-0.0003874645917676389,0.0006454141112044454,-0.00032059766817837954
dose8k_A_s1,00216.png,-0.0005350367282517254,-0.0009071853128261864,0.0013085391838103533,0.00041722229798324406,0.0005303926882334054,-3.5391971323406324e-05,0.0015839500119909644,-0.001054215244948864,-0.0016390710370615125,0.000835017766803503,0.0002075630909530446,-0.0010519757634028792,0.0007943764794617891,-0.0014232647372409701,-0.0011719042668119073,-0.0005686352378688753,0.0009481420274823904,-0.00033913174411281943,-0.0007201253320090473,-5.1964179874630645e-05,0.0007441751076839864,-0.0017770413542166352,-0.00023725097707938403,-0.0004681549617089331,0.0010432469425722957,-0.0008269907557405531,-0.0002594167599454522,0.00033260780037380755,-0.0006253517349250615,0.0006632541189901531,0.00041398199391551316,0.0008687495137564838,0.0008497032104060054,-9.624812082620338e-05,0.00013118695642333478
dose8k_A_s1,00217.png,-0.0011892850743606687,-0.0012267379788681865,-0.000930284964852035,0.00040329323383048177,-0.0009469225187785923,0.0007322989986278117,0.0006387535249814391,-0.002017646562308073,-8.063624409260228e-05,-0.00012091544340364635,0.0004941329243592918,0.0013899444602429867,-0.00046835924149490893,0.0007157707586884499,-9.230793511960655e-05,-0.000571647600736469,6.355445657391101e-05,0.00021846134040970355,-0.00016096049512270838,-0.0006445333710871637,-0.0003690848534461111,-1.5274079487426206e-05,0.0012921898160129786,0.0005753227742388844,-0.00014566068421117961,0.00014906350406818092,-0.0006698096403852105,-0.0017286277143284678,-0.0018717267084866762,-0.0008255489519797266,-0.001137175364419818,0.00012172391143394634,-0.0012242150260135531,0.000380696845240891,-0.00071759894490242
dose8k_A_s1,00222.png,0.0005737619940191507,0.0015386794693768024,0.00016981485532596707,-0.0006767928134649992,-0.0009959383169189095,0.0008855710038915277,-0.0012364420108497143,0.0012289355508983135,0.00010660205589374527,0.0009133730200119317,0.0007030569249764085,0.0021337794605642557,0.000638439494650811,0.0002030854666372761,-3.580743577913381e-05,-0.001109432429075241,-0.0003184896195307374,-0.0002630633825901896,-0.0016306763282045722,0.000915849581360817,-0.0011268398957327008,-0.0015054541872814298,0.001263336162082851,0.0003849247586913407,0.0011170593788847327,0.0010944766690954566,0.0005470165051519871,-0.00047759877634234726,-0.0005088587640784681,-0.00020979986584279686,0.0014186246553435922,-0.0011285899672657251,0.0005958556430414319,-0.0014648344367742538,-0.0009281790116801858
dose8k_A_s1,00223.png,0.0006947310175746679,0.0009293287876062095,-0.00019122488447465003,0.000242274472839199,0.0008373776217922568,-0.0002542438160162419,0.0012359680840745568,-0.000829570519272238,0.0010749874636530876,-5.2027703532075975e-06,0.00020761816995218396,-0.0005040431278757751,-3.172004653606564e-05,-0.0011892580660060048,-0.0009106569923460484,-0.0009053972316905856,-0.0005452180048450828,0.0007011779816821218,0.00013570401642937213,-0.001064527197740972,0.0022798231802880764,0.0015195877058431506,-0.0012397817336022854,-0.0001694792736088857,0.0003909426450263709,0.001179082435555756,-3.436958650127053e-05,0.0017396637704223394,-0.0009737473446875811,-0.001106158015318215,-0.0011059544049203396,1.5661938959965482e-05,-0.0017490532482042909,-0.0009933769470080733,-0.0012272436870262027
dose8k_A_s1,00224.png,0.001631895313039422,0.00196173507720232,0.0009215482859872282,0.0006065882625989616,0.0015809377655386925,0.0001444932713638991,-0.00020303332712501287,-0.00012160381447756663,0.00017934059724211693,0.001363458693958819,0.00013638113159686327,0.0006878172280266881,-0.00158173858653754,-0.0006539403693750501,-0.00025608958094380796,0.0010921405628323555,-0.000729526043869555,-0.0009393045911565423,-0.000512077531311661,0.0006384941516444087,0.00026197705301456153,-0.0006032466189935803,-1.2134537428210024e-05,0.0001080887159332633,0.0006086279172450304,-0.000793796090874821,0.0016726349713280797,-0.0021963021717965603,0.00029555513174273074,-0.0007468846742995083,0.0006759827374480665,0.0024347295984625816,-0.00028653888148255646,0.0005049884202890098,-0.0005910248146392405
dose8k_A_s1,00225.png,0.00021850682969670743,0.0006459046271629632,-0.0005484105786308646,0.0012474721297621727,-0.0006952055264264345,-0.0001977276842808351,-0.0004971344023942947,0.00013904205115977675,0.0007896648603491485,0.0004553757607936859,0.00046442466555163264,-0.0005334336892701685,9.39407545956783e-05,0.0006408579647541046,-0.00022980467474553734,0.00044910828000865877,0.0007155482890084386,-0.00016317484551109374,-0.0005881813704036176,-0.0010909249540418386,0.0002819617511704564,-0.001157392398454249,-0.0010558427311480045,-5.998264532536268e-05,-0.0018018103437498212,-0.0019814183469861746,0.0007707739714533091,-5.9915280871791765e-05,0.00041286105988547206,-0.0008542672148905694,-0.0009258350473828614,-0.001492109033279121,0.0002542648580856621,-0.00020617984409909695,-0.0012678243219852448
dose8k_A_s1,00218.png,-5.21793044754304e-05,-0.0018312708707526326,-0.0005403444520197809,-0.0009206964750774205,-0.0020065598655492067,-0.0009437936823815107,-0.00014540544361807406,0.0012748553417623043,0.0011582954321056604,0.002669178880751133,-0.00034720663097687066,-0.0016901175258681178,-0.0005497451638802886,0.0010828202357515693,0.0012173064751550555,0.0003170787822455168,-2.8819531507906504e-05,0.0018681192304939032,-0.0009690448641777039,0.0014003518735989928,-0.0007031142013147473,0.0006134532741270959,0.00013815950660500675,1.6536814655410126e-05,-0.0006723044789396226,-0.0004381401522550732,0.0002557664702180773,-0.0014052527258172631,-0.00020326160301920027,-0.0010921674547716975,-0.0001621551054995507,-0.0007428294629789889,-0.0010439112083986402,0.0012143979547545314,0.00015809423348400742
dose8k_A_s1,00219.png,-0.0009430085774511099,0.0006952235708013177,-0.00040793060907162726,0.0004069707356393337,-0.0008138542179949582,-0.0012282575480639935,4.874285878031515e-06,-0.00043225270928815007,0.0022349015343934298,-0.0010684437584131956,-0.0005965596064925194,0.0013679395196959376,0.00010644026770023629,-0.00011732235725503415,0.0002888119488488883,0.0007199713727459311,-0.0010088711278513074,0.0012337521184235811,-0.00017050368478521705,-0.0008366205147467554,0.000399544631363824,-3.734498386620544e-05,0.0006402818253263831,0.00027578664594329894,0.0001747338828863576,0.0017832687590271235,0.0006048654904589057,0.0011101955315098166,-0.00018401563283987343,6.976370787015185e-05,-0.00012513318506535143,-0.002287493087351322,0.0016927371034398675,6.8099339841865e-05,-0.00038638291880488396
dose8k_A_s1,00220.png,9.022892481880262e-05,0.0005972233484499156,0.00019761809380725026,-0.0007135043852031231,0.0006720396922901273,0.00023236933338921517,0.00041546180727891624,0.0007338588475249708,0.0004819573077838868,0.0008672894327901304,0.000518102606292814,-0.0008877570508047938,0.00032749594538472593,0.0002392931783106178,-0.0003192236472386867,-0.00012733193580061197,0.001049195765517652,-0.00021470217325259,6.7548593506217e-05,0.0004051574505865574,0.0011390887666493654,0.0001456166064599529,-0.0002343985834158957,-0.0015364628052338958,-0.0006961264880374074,-0.0005861264653503895,-0.00048390726442448795,3.459116487647407e-05,-0.0004136036732234061,0.0011734552681446075,0.00010032592399511486,0.0011085764272138476,0.0004109572328161448,0.0015669899294152856,0.000449338840553537
dose8k_A_s1,00221.png,0.0014899371890351176,0.0011841689702123404,0.0002979870478156954,0.0007205301662907004,-0.00040507278754375875,-0.0014617344131693244,0.001400504494085908,0.00047445044037885964,-0.0010196506045758724,0.0002662339829839766,-0.0014992555370554328,4.614536737790331e-05,0.00017222485621459782,-0.0006702951504848897,9.24629857763648e-05,0.00038037431659176946,0.0002571169752627611,-0.0007661046693101525,-0.00041931221494451165,4.592322511598468e-06,-0.0001778142323018983,-6.033576573827304e-05,-0.00036138322320766747,0.0009850225178524852,0.0019323480082675815,-0.0017074682982638478,-0.0008035989594645798,-0.0007080929935909808,-0.0015452003572136164,-0.0009207700495608151,-0.0002533941878937185,0.00035122662666253746,-0.00021370159811340272,-0.0006251121521927416,-0.0024692032020539045
dose8k_A_s1,00226.png,-0.0011964206350967288,0.00035865968675352633,-0.0007161104003898799,0.002750330837443471,-9.223644156008959e-05,-0.0005062640993855894,-0.0006504298071376979,0.0010824832133948803,-7.894079317338765e-05,-0.0014885056298226118,0.00028138968627899885,-0.002191023202612996,0.0022186669521033764,0.0005236948491074145,0.0005468276794999838,-0.000812172016594559,0.00025617569917812943,-0.0006544602802023292,0.0010906013194471598,0.0002516509557608515,0.0005471764598041773,0.00019975705072283745,0.0015547925140708685,-0.0010847898665815592,-0.0003775961813516915,-0.0006282927934080362,0.00031944725196808577,0.00029653336969204247,-2.3183678422356024e-05,0.000484806572785601,0.0005062093259766698,0.000792812614236027,-0.001401541638188064,1.156551115855109e-05,0.0002712075365707278
dose8k_A_s1,00227.png,-0.0008812762098386884,0.0007224940927699208,-0.0008429830777458847,0.0005985010648146272,0.0011865566484630108,-0.0003834506787825376,0.002376904711127281,-0.0008770548738539219,-0.0014380156062543392,0.0012395147932693362,-0.0007703385781496763,-0.0011536163510754704,0.0007371879764832556,-0.001451642601750791,-0.0009935612324625254,0.0014552682405337691,0.0011285984655842185,0.0011476543731987476,-0.0011533204233273864,-0.000991318142041564,0.0007080049836076796,0.0002013676567003131,-7.583011756651103e-05,-0.00014870970335323364,-0.00012171028356533498,0.00022954952146392316,-0.0010682647116482258,0.0022503994405269623,-3.2554562494624406e-05,-0.00040601601358503103,0.0006665553664788604,0.0013209927128627896,0.0011875861091539264,-2.930360824393574e-05,0.0011986413737758994
dose8k_A_s1,00228.png,-0.0013518939958885312,-0.000879669445566833,0.00019694221555255353,0.002534362254664302,-0.0007965135737322271,0.0006481606396846473,0.0015837777173146605,-0.0007724436582066119,-0.00024245918029919267,0.0003393988299649209,0.00042869694880209863,0.0004635101940948516,-0.0014859305229038,-0.00015022822481114417,-0.0005886248545721173,0.00039887827006168664,0.0006231439183466136,-0.001404492650181055,0.00040227294084616005,0.0011277502635493875,-0.0016056871972978115,-0.00016012630658224225,0.00042904188740067184,0.00043448820360936224,-1.6763095118221827e-05,0.0004252494254615158,-0.0005358301568776369,0.002027491806074977,-0.0015798864187672734,0.0006581727648153901,0.00022487429669126868,-0.0010083132656291127,4.12169611081481e-05,-0.0001549426669953391,0.0002923271676991135
dose8k_A_s1,00229.png,0.0018310410669073462,-0.00021267993724904954,-0.0004202383861411363,0.0010953908786177635,0.0006607358809560537,-0.0015365451108664274,-0.0002077860408462584,0.0020683768671005964,0.0012686374830082059,-0.001541095320135355,5.996262552798726e-05,0.00017029064474627376,-0.00018711472512222826,-0.0008715526200830936,-0.0002537993132136762,3.899725925293751e-05,-0.0014668602962046862,0.00119080301374197,0.00037820092984475195,0.0008204181795008481,-7.279188866959885e-05,-0.0021661771461367607,-0.0016927580581977963,0.0010283362353220582,0.00044614679063670337,0.001466616173274815,-5.233853153185919e-05,0.0012740204110741615,-4.5546232286142185e-05,-0.002262640278786421,-0.0005297939060255885,-0.0005568816559389234,-0.0004419848555698991,0.0034509296528995037,-0.0008264600764960051
dose8k_A_s1,00230.png,0.00105397985316813,0.0006251283921301365,-0.00093506567645818,0.0009022114682011306,0.0024167930241674185,0.0007448450778611004,-0.00047706227633170784,4.61694726254791e-05,0.000620056816842407,-0.0006006601033732295,-4.314896432333626e-05,-0.0017752862768247724,-1.1789423126629117e-07,0.0006483246688731015,-0.0007751116063445807,-0.0012186995008960366,-0.0006759149837307632,-0.00012205616803839803,-0.0007550197769887745,-0.0014668609946966171,-0.0012580620823428035,-0.00025506169185973704,0.0008332739816978574,0.0012825356097891927,0.0007004274521023035,-0.00030980652081780136,0.00023217604029923677,-0.001005744095891714,0.0007988536963239312,-0.0009250406292267144,-0.0008624735055491328,0.0011257905280217528,-3.4767621400533244e-05,-8.710284600965679e-05,-0.0005314452573657036
dose8k_A_s1,00231.png,0.0006020405562594533,0.001521931728348136,0.00021706547704525292,0.0004457919567357749,0.0005256367148831487,-6.235941691556945e-05,-0.0012773788766935468,-0.0008459067903459072,0.0013152982573956251,1.332307692791801e-05,-0.00042131857480853796,0.00155764096416533,0.0004928263952024281,-0.0001025583187583834,0.001083957846276462,0.0003259909281041473,0.0001906925463117659,0.0015988982049748302,-0.0009504372137598693,-0.0007512118900194764,0.0018799438839778304,0.000875765283126384,0.0005343056982383132,0.0004939850186929107,0.00032180798007175326,-0.00014395685866475105,-0.0008126715547405183,0.0003685734700411558,0.0004507959238253534,-0.0022375111002475023,0.00023765773221384734,0.0007989217992872,-0.0009721275418996811,-0.0012336975196376443,-0.00048442205297760665
dose8k_A_s1,00232.png,0.0015088104410097003,-7.896280294517055e-05,0.0012688484275713563,0.00020932371262460947,0.001442181644961238,0.0019021835178136826,0.0001487710396759212,0.0008971206261776388,0.001245153951458633,-0.00014865215052850544,-0.00036720684147439897,-6.200437928782776e-05,0.00033914786763489246,0.0016160402446985245,-0.0002595805563032627,-0.00011929138418054208,0.0002591021475382149,0.0004533400060608983,-0.0007593180635012686,0.0009336565271951258,-8.448422704532277e-06,0.0010499916970729828,-0.0012019859859719872,-0.0009529749513603747,-0.00040107566746883094,-0.0012959715677425265,-0.0008210617816075683,-0.00023357423197012395,-0.002398440148681402,-0.00022462876222562045,-0.0010881685884669423,-0.0008271234692074358,0.0001266553153982386,-0.00022814981639385223,0.0006764710997231305
dose8k_A_s1,00233.png,0.0001655650994507596,0.0004948986461386085,-0.000502649461850524,-0.0020644410979002714,-0.00024340087838936597,-0.0010390380630269647,-4.4735759729519486e-05,0.0005806722328998148,0.0006874691462144256,-0.000146622332977131,-0.0013133911415934563,0.0003918311558663845,-0.001961451955139637,-0.001237995340488851,-3.528527258822578e-06,0.0007045785314403474,-0.0011037284275516868,-0.0005637377616949379,0.0009321257239207625,0.0001878170296549797,-0.0006566561060026288,0.00045995970140211284,0.0007453117868863046,-0.002533971332013607,0.0004418811877258122,0.0002787998237181455,-0.0011465006973594427,-0.0007035991293378174,-0.0013405622448772192,-0.0010988302528858185,0.00028584542451426387,0.0006635297322645783,0.0007233373471535742,-0.00044769843225367367,0.0003266901185270399
dose8k_A_s1,00234.png,0.002211968181654811,0.0016130248550325632,-0.0006795031949877739,0.0012271206360310316,0.0007199997780844569,0.0014976224629208446,0.00042743340600281954,0.00042078926344402134,0.001097887521609664,0.0018981148023158312,0.0010867436649277806,-0.0007021369528956711,-0.0008300592307932675,-0.0004453769070096314,-0.0005694858846254647,9.348236926598474e-05,0.0009138390887528658,-0.0006053265533410013,0.0019286471651867032,0.001221032114699483,-0.000307832466205582,-4.097977216588333e-05,-0.0026123863644897938,0.00019429944222792983,7.140995876397938e-05,0.0006833540392108262,0.0007428118260577321,-0.0007632247288711369,0.00034238205989822745,0.0004158857627771795,-0.0003718871157616377,0.0017647485947236419,-3.312945636935183e-06,0.0009290518355555832,-0.00028655852656811476
dose8k_A_s1,00235.png,4.413127317093313e-05,0.0016772663220763206,-0.000625797372777015,0.0010683326981961727,0.0003497286234050989,-0.0007689123740419745,0.0007587373838759959,0.0020044688135385513,0.0013291123323142529,0.0015991006512194872,0.00040151530993171036,-4.637346137315035e-05,-0.00043029175139963627,0.0007216924568638206,-0.000552707351744175,0.0005241795442998409,0.0007298216223716736,-0.0001201166887767613,-7.735927647445351e-05,-3.3689470001263544e-05,0.0011615609982982278,2.1844389266334474e-05,-0.0004204200522508472,0.000568416784517467,-0.00045822266838513315,-0.0009056010749191046,-0.0015188257675617933,0.00041490173316560686,0.00038546763244085014,-0.001994647551327944,0.0015155314467847347,0.0007225986919365823,-0.0003818066034000367,-0.00014047395961824805,0.00045960734132677317
dose8k_A_s1,00236.png,0.0009423861629329622,-3.242880484322086e-05,0.0009393811924383044,0.0001664940209593624,0.0016353953396901488,0.0009849861962720752,-0.0007660281844437122,0.0019949031993746758,7.271023787325248e-05,0.0005287030362524092,-8.733617869438604e-05,0.001007051789201796,0.0006542374612763524,-0.00010573565668892115,-0.000619689526502043,-0.0002726078382693231,0.0012297373032197356,-0.00012426995090208948,-0.0003627243568189442,0.00019913706637453288,-0.0008750268025323749,-0.0008124533924274147,-0.00045628909720107913,-0.00014574341184925288,0.0013128225691616535,-0.0017244286136701703,-0.00035768203088082373,0.0017821009969338775,0.00014029939484316856,0.00036342302337288857,3.575142181944102e-05,0.0011205695336684585,0.0011786241084337234,-4.208876998745836e-05,-0.0010231472551822662
dose8k_A_s1,00237.png,0.0015745318960398436,0.0009074730915017426,0.00016277733084280044,-0.0004531331651378423,-0.001703560701571405,0.0015462032752111554,0.000537305953912437,0.0005236450815573335,-0.00014546052261721343,-0.0009668780257925391,-0.0003456768172327429,0.0016035629669204354,0.0006866150069981813,-0.000713104906026274,0.0003491250390652567,-0.0002816728374455124,0.0013787910575047135,-0.001804861007258296,-0.0008035724167712033,0.0004428287211339921,0.0023830027785152197,-0.0013226382434368134,-0.0015901436563581228,0.001839010277763009,-0.0006984472274780273,0.00017058123194146901,-1.8875565501730307e-06,-0.0005776354810222983,0.0003515491262078285,0.0005424813134595752,0.0010463177459314466,0.0010302378796041012,-0.0016783609753474593,-0.00011434374027885497,-0.0012987423688173294
dose8k_A_s1,00238.png,-0.0005368249258026481,-6.086456778575666e-05,0.001990312011912465,-0.001086294068954885,0.0003397268010303378,0.0001513664028607309,4.674226147471927e-05,0.0007142404210753739,0.000497754430398345,0.0010411719558760524,-0.0021268364507704973,0.00017193934763781726,0.0004463309596758336,-0.0006592207355424762,0.0006121449405327439,-0.0004348710353951901,0.00016331824008375406,0.00016359945584554225,0.0008839109214022756,-0.000516786240041256,0.0010711842915043235,0.0008695356082171202,0.0009624374797567725,-0.0003616399771999568,0.00037994925514794886,0.0008154752431437373,-0.0017868747236207128,0.0006728682783432305,6.29544083494693e-05,0.000905359978787601,-0.0010603453265503049,0.0013706377940252423,-0.00010393615229986608,0.0006512750405818224,-0.001104300725273788
dose8k_A_s1,00239.png,0.0011103146243840456,0.0005361816729418933,-0.0004884893423877656,-6.26299370196648e-05,0.0020748847164213657,0.0005201779422350228,-0.0007874266593717039,0.0005062613636255264,0.0013299855636432767,0.0008312570862472057,0.0003224124084226787,-0.0008650572272017598,0.0003399315173737705,-7.092722808010876e-05,-3.768410533666611e-05,0.0006552992854267359,-0.001144350622780621,0.0009302223334088922,0.0014149072812870145,-6.036311242496595e-05,-0.000935471907723695,0.001161036896519363,-0.00012902817979920655,-0.0008173357346095145,0.0001188666865346022,-0.0008997402037493885,9.567887173034251e-05,-0.00023602972214575857,-0.0005734125734306872,3.828923945548013e-05,-0.00013550909352488816,0.0009458042914047837,-0.0012069520307704806,-0.00044342034379951656,0.00011134659143863246
dose8k_A_s1,00240.png,4.834293213207275e-05,0.0004110919253434986,0.0012969516683369875,0.0015675009926781058,0.0009465232724323869,0.000523073656950146,0.001899111084640026,0.0013027937384322286,0.00044800160685554147,-0.0010409340029582381,0.00017900412785820663,0.00022501136118080467,0.0011378593044355512,-0.0009658746421337128,-0.00022232341871131212,0.00058133335551247,0.0013776281848549843,0.00014760786143597215,-0.0002523367293179035,-0.00042593461694195867,0.0001058384805219248,-0.0003696917847264558,0.0014458519872277975,-0.0006963540217839181,-0.0009020820143632591,-0.00048637561849318445,-0.0003261314705014229,-0.0005620860611088574,-0.00034217783831991255,0.0003393620136193931,2.8669697712757625e-05,-0.0006892772507853806,0.000191987375728786,5.442727342597209e-05,-1.875207271950785e-05
dose8k_A_s1,00241.png,-0.0007272608927451074,-0.00034956037416122854,-0.0002703163190744817,0.0007339146104641259,0.0009446204639971256,-0.00028508916147984564,0.0013817447470501065,0.0014163936721161008,2.541388494137209e-05,-0.0004803376505151391,-0.00021461719006765634,0.001204665401019156,0.0008217399590648711,-0.001585814286954701,-0.0009761195979081094,0.0009158618631772697,0.0005235305870883167,0.0009924055775627494,0.001841225428506732,-0.000842022243887186,-0.0015711935702711344,-0.0023529038298875093,-0.0007479964406229556,-0.0001180278995889239,0.0017460784874856472,-0.0003641468065325171,-0.00032334885327145457,1.1889801498909947e-05,-0.00030631039408035576,-0.0010842374758794904,-0.0015666146064177155,-0.00011462422116892412,-0.0017239510780200362,0.0004792888357769698,-0.00014581372670363635
dose8k_A_s1,00242.png,0.00048694846918806434,-0.00023561209673061967,-0.001036922330968082,0.001850541215389967,-0.001754007302224636,0.0008230312378145754,0.0011136343237012625,0.0008916943334043026,0.0006265272386372089,-0.00024027528706938028,-0.0007675120141357183,-0.0012799969408661127,-0.0003013945242855698,0.0013802126049995422,-0.0007800471503287554,-0.00020988666801713407,3.324636782053858e-05,0.0007488303235732019,0.0014402101514860988,-0.0002909898466896266,0.00030462577706202865,0.00135052390396595,-0.0001977615902433172,-0.00011389988503651693,-6.482900789706036e-05,-0.0006932530086487532,-0.0014629783108830452,-0.0012334018247202039,0.0006106954533606768,-0.0018625655211508274,-0.00013141011004336178,0.0017487461445853114,0.001158408122137189,0.00026958572561852634,0.00014541303971782327
dose8k_A_s1,00243.png,-0.0006790868355892599,-0.001000910415314138,0.0003712513716891408,-0.0011115558445453644,-0.0024285614490509033,-0.0022831689566373825,0.0012961924076080322,0.0004909945419058204,0.003513919422402978,-0.00018993356206919998,-0.0004352377145551145,-0.00018143678607884794,-0.00022143201204016805,-0.0026255983393639326,-0.000694104703143239,-0.00048469501780346036,-0.0016922175418585539,-0.0003935509594157338,-0.0025955340825021267,0.0006023331079632044,0.0021213903091847897,7.883399666752666e-05,-0.001090910634957254,-0.0009323930134996772,-0.001472890144214034,0.00037764362059533596,0.0003664455725811422,-0.00038644266896881163,0.0005917928065173328,-0.0007995021296665072,-0.0011127195321023464,-0.0020026899874210358,-0.0015625704545527697,0.0005516778328455985,-0.0004607217852026224
dose8k_A_s1,00244.png,-0.0006894471007399261,-2.691121608222602e-06,-0.0010161965619772673,-0.0054115294478833675,-0.0007563478429801762,-0.0007090278086252511,2.794456304400228e-05,0.000514469516929239,-2.8929956897627562e-05,0.0005524930311366916,-4.3910993554163724e-05,0.0008526581805199385,0.00023813189181964844,-0.0012324328999966383,0.00018336177163291723,-0.0013121148804202676,0.00014794511662330478,-1.0428333553136326e-05,4.8213314585154876e-05,0.0004758001596201211,0.0002566737530287355,-0.0006270075682550669,-0.0010748953791335225,-9.21027094591409e-05,-0.000739594514016062,0.0010200352407991886,0.0003521842590998858,-0.00023442477686330676,0.00016748248890507966,0.00017945085710380226,0.0002090286579914391,-0.0009528591181151569,-0.0013372128596529365,6.712067261105403e-05,0.0002375489129917696
dose8k_A_s1,00245.png,0.0005875116912648082,-0.0008776864851824939,6.896111881360412e-05,-9.049823711393401e-05,-0.0009393998770974576,-0.00017466065764892846,0.0013360269367694855,0.0003520689788274467,0.0009348925086669624,-0.0007568000582978129,-0.0001740334409987554,0.0004444151127245277,4.3666652345564216e-05,0.0004886752576567233,-0.0006201077485457063,-3.41238992405124e-05,-0.0006162070203572512,0.00012816132220905274,0.0005089215119369328,-0.0008781503420323133,-0.0001047557161655277,0.0003158400359097868,0.00048509961925446987,0.0006255254265852273,-0.0005505759618245065,-0.00030992727261036634,-0.0005236031138338149,0.0002496037050150335,0.0005108965560793877,-8.70195945026353e-05,0.00047765596536919475,-0.0002793135354295373,-0.00029179363627918065,0.0014108766335994005,0.0013370843371376395
dose8k_B_s0,00000.png,0.000918103673029691,-0.00021614073193632066,0.001557447831146419,0.0004061708750668913,0.00026912623434327543,0.0009488125797361135,-0.00039884826401248574,-0.0005958755500614643,0.0008056939113885164,-0.0006948437658138573,-6.621726788580418e-05,0.0015159480972215533,-0.0015090226661413908,-0.00010353379911975935,1.2623966540559195e-05,0.0004886780516244471,-0.0005082067218609154,0.002182435244321823,-0.0004566750430967659,0.0005090340273454785,-0.0006596360472030938,-0.00066902837716043,0.0005291659035719931,0.0006430242210626602,0.0009179917396977544,0.0013848176458850503,0.001253708265721798,0.00014297098095994443,0.0014824396930634975,-0.0005983356386423111,-0.00029687746427953243,0.00019835485727526248,-0.002751997672021389,0.0005529069458134472,0.0005297173629514873
dose8k_B_s0,00001.png,-0.0014816155890002847,-0.0018762266263365746,0.000496854423545301,-0.0006503741024062037,0.0007381799514405429,-0.0015885093016549945,5.955362939857878e-05,-0.0001963240501936525,0.0006425195024348795,-0.0007425369694828987,0.00027227605460211635,-0.0001273092784686014,-0.0011084908619523048,-0.00041018164483830333,0.0005349789280444384,-0.0003821755526587367,8.225975034292787e-05,-0.0015739698428660631,0.0003098403103649616,0.0004591615579556674,-0.0016304360469803214,-0.00018851652566809207,0.00014826944970991462,-0.0002356220065848902,0.00048206959036178887,-0.0018517145654186606,-0.0009833128424361348,0.0016380560118705034,-0.0012986703077331185,0.0004831011756323278,-0.00025307745090685785,0.0009371222695335746,-0.0004998167278245091,0.0009024679311551154,-0.0011689484817907214
dose8k_B_s0,00002.png,-0.0011863996041938663,-0.0007462759385816753,-0.0017333298455923796,0.0006955779972486198,0.00017456154455430806,0.001867390237748623,0.0002968181506730616,0.0004715923860203475,0.0005054223001934588,-0.0007622950943186879,0.001029884908348322,-0.0007078179041855037,-0.001424709102138877,0.00030241647618822753,2.2936606910661794e-05,-0.0006664686952717602,0.00020528283494058996,0.0007707156473770738,0.0012696601916104555,-0.000944719766266644,-0.0007966287084855139,-0.000661797821521759,0.0001743265165714547,-0.0003268412547186017,-8.29256750876084e-05,0.0009749942109920084,0.0009741243557073176,-0.00048011430772021413,-0.0009925958001986146,-0.0002571257937233895,0.0016216868534684181,-0.0012054757680743933,-0.00031421304447576404,0.0003198273479938507,-0.0001493365125497803
dose8k_B_s0,00003.png,4.0128692489815876e-05,0.00036342645762488246,0.0013612572802230716,0.0016342656454071403,0.001999322324991226,0.0015829239273443818,0.00010216153896180913,-0.0008254485437646508,-0.000425340753281489,9.279766527470201e-05,-0.001317424001172185,-0.0004133997717872262,0.0005286125815473497,0.0005425706040114164,-0.0016608387231826782,0.0014975513331592083,-0.0008621345623396337,-0.0017779346089810133,-0.0005809332360513508,0.0005451361066661775,-0.0005526778986677527,0.0001955036714207381,-4.4371212425176054e-05,0.0016833599656820297,-0.002072427421808243,0.00010133778414456174,-0.0012483256869018078,-0.0013353702379390597,-0.0010767120402306318,0.0007958345813676715,0.00029245586483739316,0.00011581197031773627,0.00042158213909715414,-0.0003540207981131971,-0.00036645657382905483
dose8k_A_s1,00246.png,0.0002769451530184597,-0.0009165588417090476,0.00026176226674579084,-0.0018183625070378184,-0.0018164301291108131,0.0019155555637553334,0.0003297351358924061,2.191292696807068e-05,-0.0007405554060824215,-0.0019498503534123302,-0.001159983454272151,-0.000650412286631763,0.0005745082744397223,0.0004245196469128132,-0.0013077729381620884,0.0008286709198728204,-3.121145346085541e-05,0.00010191823093919083,0.0009010255453176796,0.00043035976705141366,-0.00010943246888928115,0.0005741983186453581,-0.00010882753849728033,-4.103845276404172e-05,0.0002668653323780745,0.0003477355348877609,-0.0003695607592817396,0.0011606055777519941,0.00036684589576907456,-0.00012489626533351839,7.094311877153814e-05,0.00025482798810116947,3.1501556804869324e-05,-0.00022607283608522266,0.0003161317144986242
dose8k_A_s1,00247.png,0.000599405262619257,0.0008598047425039113,-0.00039612496038898826,0.0022029548417776823,0.004490953404456377,-0.0006476586568169296,-3.9515740354545414e-05,-0.0016561580123379827,-0.0007035246235318482,0.0006125945947133005,0.0007291907095350325,-0.00029562896816059947,-0.00048450255417265,-0.0015209129778668284,0.0003068870573770255,0.00040592486038804054,0.0002070768241537735,0.0004927703994326293,0.00015588443784508854,-0.0008836205233819783,-0.00021435196686070412,4.8614580009598285e-05,0.0002309075789526105,-0.0003624727251008153,-0.0002057008387055248,-0.000734470842871815,0.0012376492377370596,0.00018429152260068804,0.0002090514899464324,0.0017154855886474252,-0.000506053096614778,0.0005196320125833154,0.0018098341533914208,0.0009966567158699036,-0.0012377415550872684
dose8k_A_s1,00248.png,5.704643626813777e-05,-0.0009936128044500947,9.490222873864695e-05,0.0020224826876074076,0.0003011138760484755,0.0006466364138759673,-0.0003887824132107198,-5.551455251406878e-05,0.0023371982388198376,-0.001054070540703833,0.001124761300161481,0.0011985421879217029,-8.656003774376586e-05,0.0006543424096889794,-0.0009796685772016644,-0.0009010685025714338,0.0004471798019949347,0.00044971294119022787,-0.000271156313829124,-5.966655589872971e-05,0.0002699938777368516,0.0005309282569214702,-0.0001563664700370282,-0.0016281820135191083,-0.0008602525922469795,2.4248591216746718e-05,-0.0008055564248934388,0.00022729099146090448,-0.00038408421096391976,0.0002133962989319116,0.00013026848318986595,0.0013180847745388746,0.0014637804124504328,0.001008515595458448,-0.0008027757285162807
dose8k_A_s1,00249.png,-0.002180530456826091,-0.0018114271806553006,0.0010300982976332307,5.252843402558938e-05,-0.0011846431298181415,-0.0008069152827374637,0.0005364126991480589,-0.0006981370970606804,0.00034532451536506414,-0.0008381666266359389,-0.0012621830683201551,0.001148765324614942,-0.00014786989777348936,0.0008932051714509726,0.0003036209673155099,0.0010243545984849334,-0.00023280116147361696,0.0007726352196186781,-0.0003769660252146423,-0.0005436670617200434,0.0022964333184063435,-0.0017041923711076379,0.00039616349386051297,-1.9255176084698178e-06,0.0015966871287673712,0.0009161002817563713,-9.201825741911307e-05,0.0010001561604440212,-0.0012668129056692123,-2.9555712899309583e-05,-0.00010208037565462291,0.0008835948538035154,0.0016360135050490499,-7.4110266723437235e-06,-0.00013927367399446666
dose8k_B_s0,00004.png,-1.0118891623278614e-05,-0.00033900621929205954,-0.0006126126972958446,0.00035303775803186,0.002856234787032008,-6.484725599875674e-05,-0.0010696518002077937,-0.0008852981263771653,0.0008787676342763007,-0.000721110322047025,0.001049542217515409,0.0007009776891209185,-0.0005102217546664178,0.0007946481928229332,0.0007204725407063961,0.0006899075815454125,-0.0003841431753244251,0.0003638477355707437,-0.0004196852387394756,-4.287830506655155e-06,0.0003003966703545302,-0.0016115398611873388,0.00024452246725559235,0.0015044831670820713,-0.00024511231458745897,0.00046971868141554296,0.0003273087495472282,0.0002819443470798433,-0.00011856565834023058,0.0003353860811330378,0.001683311420492828,0.0009893617825582623,0.00015183021605480462,0.00013761348964180797,-0.0004960748483426869
dose8k_B_s0,00005.png,-0.0010714326053857803,-0.0015169358812272549,0.00017246100469492376,6.377059617079794e-05,0.0024375293869525194,0.0005691679543815553,0.000980424927547574,-0.0008681294275447726,0.00036115304101258516,0.00034628499997779727,0.0002575198304839432,-0.0011153563391417265,-0.00031374377431347966,0.0007473806035704911,-0.0005894481437280774,0.000527861644513905,-0.0003205357934348285,-7.879289478296414e-05,0.00022158661158755422,0.0006259475485421717,0.0003375594678800553,-0.0002766308607533574,0.00016187145956791937,-0.0015803383430466056,-0.0013113957829773426,0.0006408621557056904,-0.0007222495041787624,-0.001050359453074634,-0.001108169904910028,-0.00031713812495581806,0.000875570229254663,-0.0004092601884622127,-1.920585418702103e-06,0.0011442371178418398,-0.0008153888047672808
dose8k_B_s0,00006.png,-0.0004134046903345734,0.0011971662752330303,0.0011239913292229176,-0.0013901912607252598,-0.0001203349165734835,-0.00104754779022187,-0.001279480755329132,0.0007994489860720932,0.0008066781447269022,-0.0014959273394197226,6.23207597527653e-05,-0.00036244463990442455,0.0011024208506569266,-0.000980155891738832,-0.00010147308785235509,0.0016421059845015407,1.1407604688429274e-05,0.0004956167540512979,0.0005599071155302227,-0.00016528180276509374,0.00015148174134083092,-0.0015746384160593152,-7.782114153087605e-06,-0.0006485501071438193,0.0008542783325538039,0.00032949057640507817,-0.0006095057469792664,-0.0004011639393866062,-0.0007632349734194577,-0.0003247878048568964,0.0017345130909234285,-0.0007225554436445236,-0.00022695038933306932,-0.0003739486273843795,-1.2778657946910243e-05
dose8k_B_s0,00007.png,-0.0012680379441007972,-0.002244725823402405,-0.00017676247807685286,-0.002132825553417206,-0.0025109020061790943,-0.00024341163225471973,0.00017543649300932884,0.00032767708762548864,-0.0005487630842253566,0.0003449840296525508,0.0011762282811105251,-0.00017855112673714757,-0.001458723214454949,0.0002820007794070989,0.0007056598551571369,-0.0010089019779115915,0.001309493905864656,-0.001433147001080215,0.0015907343477010727,0.0005758344777859747,-0.0006473544053733349,0.001558489864692092,-0.0008381348452530801,-4.446181992534548e-05,0.002276621526107192,0.0005214755656197667,-0.0011574657401069999,-0.0015003980370238423,0.0016153536271303892,-5.1210550736868754e-05,-0.0007600755780003965,-0.0004324653709772974,-0.0002575058024376631,0.0007655846420675516,-0.001607826561667025
dose8k_B_s0,00008.png,0.00046870464575476944,0.00156095449347049,0.00038966399733908474,-0.0005115490639582276,0.0006362189305946231,-0.0009868466295301914,0.002031436888501048,0.0004043848311994225,-0.0004046187677886337,-0.00035581531119532883,-0.00039818789809942245,0.000415994378272444,0.00033401709515601397,-0.0007771579548716545,0.0009523640619590878,0.00020068290177732706,0.00024210110132116824,0.00028247133013792336,-0.0011567550245672464,-0.0014569840859621763,0.0004671336500905454,0.00028146756812930107,0.0009748964221216738,0.0004077648336533457,-0.000485072610899806,-0.0010781572200357914,0.0002473555214237422,-0.0003129485703539103,-0.0014418199425563216,0.001242748461663723,7.081044896040112e-05,-0.00022965474636293948,-0.00060714699793607,-0.0001851069537224248,-0.0001828095264500007
dose8k_B_s0,00009.png,-0.0002296296152053401,-5.419618173618801e-05,-0.00044652464566752315,-0.0011528979521244764,0.0002777939080260694,-0.0010821372270584106,-0.00020369392586871982,0.0006294659106060863,0.0006755039794370532,0.0017635782714933157,0.0021439262200146914,0.0012412682408466935,0.0005588710773736238,0.0014512718189507723,0.0007248764159157872,0.00045428783050738275,0.0009014736278913915,0.0017337744357064366,-0.0013520033098757267,-0.00018690059368964285,0.0007839299505576491,0.0007091618608683348,0.0003133357677143067,-0.001544688013382256,0.0019905250519514084,-0.0010970613220706582,-5.354830500436947e-05,-0.0014268510276451707,-0.0015862587606534362,0.0007036140304990113,0.0015816064551472664,0.0002706638188101351,-0.0010786710772663355,-0.0018781825201585889,0.0003366779419593513
dose8k_B_s0,00010.png,0.0022406030911952257,0.0014968962641432881,0.00042489406769163907,0.000868369301315397,-0.0007302077719941735,6.213945016497746e-05,0.00019677628006320447,0.0009567969827912748,-0.0014711199328303337,-0.0005555216339416802,0.0008988558547571301,0.00035452647716738284,0.0009618705953471363,0.0007457377505488694,-0.002027700189501047,0.0002824014809448272,-0.0002935775846708566,-0.0007264066371135414,-0.0005754772573709488,-0.0006165288505144417,0.0008892412879504263,0.0009242001688107848,0.0011373148299753666,-0.0017604016466066241,0.0005619880394078791,-0.0005126674077473581,-0.0007965161930769682,0.0008836888009682298,0.0013973284512758255,0.00022875778086017817,-0.0005864847917109728,-0.002522059017792344,0.001120866509154439,0.00018892793741542846,-0.0008633456309325993
dose8k_B_s0,00011.png,0.0013846687506884336,0.0008253070409409702,-0.0006070859963074327,-0.0010324561735615134,-0.0009636855102144182,0.0012709449511021376,-0.0016462700441479683,-5.597688868874684e-05,6.075810597394593e-05,6.8482848291751e-05,-0.0010148048168048263,0.0006022058660164475,-0.0005198072758503258,0.0006402290891855955,-0.0012456170516088605,5.347473415895365e-05,0.0016216249205172062,-0.00154869316611439,-0.0005159805295988917,0.0008287804666906595,-0.0004785365890711546,2.0313709683250636e-05,0.00019450474064797163,1.931441147462465e-05,-0.0010290779173374176,-0.0025341687723994255,8.1458521890454e-05,0.0008922219858504832,-0.0009932680986821651,-0.001113293576054275,-0.0010951096192002296,0.0008640307351015508,-0.0027659195475280285,-0.0005408792058005929,0.000137412513140589
dose8k_B_s0,00012.png,-0.0005624016048386693,-0.0002239281020592898,-0.0013908008113503456,0.003319420386105776,0.0022181083913892508,0.0006154277944006026,-0.0010167212458327413,-0.0005810669390484691,-0.0007677779067307711,0.0003062597825191915,0.0003415778046473861,0.0005631797248497605,-0.00022149489086586982,-0.0007222845451906323,0.0006226095138117671,0.0005457231309264898,0.0007526201079599559,-0.0012057735584676266,-0.0004260106652509421,-0.0011087307939305902,0.0010841158218681812,-0.0008986188331618905,0.0011737726163119078,-0.0008866426069289446,-0.0018460550345480442,-0.0017412857851013541,0.0003693952749017626,-0.0017794620944187045,-0.00022109365090727806,0.0004039806663058698,0.00021457712864503264,0.0004380639875307679,-0.0006797542446292937,2.2360787625075318e-05,0.00022295395319815725
dose8k_B_s0,00013.png,-1.3866801054973621e-05,0.00033166640787385404,-0.0008459544624201953,-0.0011561611900106072,0.0008223524782806635,0.0012129390379413962,-0.0015130337560549378,0.00038924801629036665,0.0009082226897589862,0.0007758468273095787,0.0011233799159526825,-0.0006055840640328825,0.0005320365307852626,0.00034818894346244633,8.499946125084534e-05,-0.0012608518591150641,0.0013761075679212809,0.0010192537447437644,-0.0007961224182508886,0.0004906304529868066,0.00026311594410799444,-0.000625722692348063,-1.011631411529379e-05,-0.0014925900613889098,0.0015412161592394114,-0.0011989331105723977,-0.0013228588504716754,0.0006064489716663957,-0.0007057389593683183,5.7966375607065856e-05,-0.0014074289938434958,0.0015323335537686944,4.2687537643359974e-05,-0.0005584644386544824,0.0012069989461451769
dose8k_B_s0,00014.png,-0.0005705675575882196,0.00019166430865880102,0.0004974748007953167,-0.00033083464950323105,-0.0003794468939304352,0.001314047840423882,0.0012062069727107882,-0.0002222723123850301,0.0003653991734609008,-0.00026084057753905654,0.0006613295408897102,0.0007584669510833919,0.0007028234540484846,-0.001939507550559938,0.0008328526164405048,0.0012025348842144012,2.5202180040651e-05,-0.0006428379565477371,0.0009080859599635005,0.0011588260531425476,0.0005234539858065546,0.0013693846995010972,-0.0014601743314415216,0.001155803445726633,0.0006092058029025793,-0.0003701091918628663,0.00029878070927225053,-0.0017337308963760734,0.0021884955931454897,-0.00013102934462949634,-0.00017867823771666735,-0.0007584432605654001,0.0012395509984344244,0.00031998951453715563,-0.0003362082352396101
dose8k_B_s0,00015.png,-0.00021980807650834322,0.0008881550165824592,-0.0003469843359198421,-0.00020705336646642536,-0.00043328016181476414,0.0010431796545162797,-0.00042076632962562144,0.0005390109145082533,0.0004365069617051631,0.0010267141042277217,0.000696086382959038,0.000304334273096174,-0.0006102864281274378,-0.0013357040006667376,-0.0002772122679743916,-0.0011107167229056358,-0.0003072861582040787,0.0012423271546140313,-0.00038633844815194607,0.00045776175102218986,0.0015245212707668543,-0.0002544379385653883,-0.00011564185842871666,0.0019569580908864737,0.0006973184645175934,-0.0008079452672973275,-0.00020707608200609684,-0.0017064153216779232,-0.0008510058978572488,-0.0005196415586397052,-0.00040269570308737457,0.00024227781977970153,-7.095749606378376e-05,0.0012622489593923092,0.0006944590713828802
dose8k_B_s0,00016.png,0.0018493300303816795,2.9796492526656948e-05,-0.001213195500895381,-0.0009278758661821485,0.00023796189634595066,0.0008662620093673468,-0.00016483815852552652,-0.0005185749614611268,-0.0008571555954404175,0.00013166443386580795,0.0006223689415492117,0.0013466585660353303,0.0005453204503282905,0.0007586866850033402,-0.0011633901158347726,-0.0014421171508729458,0.0019250744953751564,0.0005157015402801335,0.0008447979926131666,-0.0004371878458186984,-0.0010106742847710848,-0.0004278911801520735,0.0007266217144206166,-0.0008419352234341204,-0.0005616301787085831,-0.0006640524952672422,0.00023828251869417727,0.000615999277215451,-0.0008511084597557783,-0.00014600153372157365,-0.0003618774062488228,0.0010349892545491457,0.0005620402516797185,0.00033141212770715356,0.0008354005985893309
dose8k_B_s0,00017.png,0.0002094586379826069,0.0009298411896452308,0.0008472731569781899,0.0009507001959718764,-0.0016690120100975037,0.000631457194685936,0.00043859792640432715,0.00048184714978560805,0.001100944820791483,0.0011626407504081726,-0.0012669017305597663,0.0012483346508815885,-0.0003185997193213552,-0.00038141271215863526,0.001610175590030849,-0.0003021800657734275,-0.0018543583573773503,-0.0009142158669419587,0.0005479324026964605,-0.0001690489298198372,-5.137132029631175e-05,0.0008671001414768398,-0.001032496802508831,-0.0003876530972775072,-6.484938057838008e-05,0.000354655843693763,-0.002817698987200856,-0.0003875130205415189,9.649496860220097e-06,-0.0001514581381343305,-0.00023066641006153077,-0.0005991524085402489,0.0009653720771893859,-0.0009410851635038853,0.0002579774591140449
dose8k_B_s0,00018.png,0.001029684441164136,0.0007411962724290788,4.844937575398944e-05,0.0012025929754599929,0.0019263807917013764,-6.758239032933488e-05,0.00023386956308968365,0.0013797041028738022,0.0014552370412275195,-0.0008521507843397558,-0.00012859251000918448,-0.0005435974453575909,-7.323173485929146e-05,0.0005932584754191339,0.0005355359171517193,0.0005675004795193672,-0.0007532150484621525,0.0005351448198780417,0.00036870347685180604,-0.000655990035738796,0.00040988309774547815,-0.0009055719128809869,0.000580732652451843,4.558226282824762e-05,-9.9944327303092e-06,0.00076712277950719,-0.0009592979913577437,0.001040311879478395,-0.0004496938199736178,-0.0002361187362112105,0.0006749790045432746,0.0003277203650213778,0.0006507081561721861,-0.00037821559817530215,-5.538923142012209e-05
dose8k_B_s0,00019.png,2.3248714569490403e-05,0.0012241164222359657,-0.0004894620506092906,0.0017660217126831412,-0.0012044578325003386,0.0004587056755553931,0.0009369264589622617,-0.0006657621124759316,-0.0012574180727824569,0.0022101050708442926,0.0014544904697686434,0.0008969178888946772,0.00027532497188076377,0.001191499875858426,-0.001127146533690393,-0.0004920876235701144,5.181629239814356e-05,-0.0011531622149050236,0.0005019379896111786,-0.0009689985890872777,-0.0005320524796843529,1.0538298056417261e-06,0.0002740979252848774,-0.0017670829547569156,0.0002366256230743602,-0.0009030438377521932,3.7736008380306885e-05,0.0006241518422029912,-9.899392898660153e-05,-0.00135103112552315,-0.0009194986196234822,-0.0006981112528592348,-0.0010036921594291925,-0.00011727658420568332,0.0004651268827728927
dose8k_B_s0,00024.png,-0.00012942595640197396,0.0012585396179929376,-0.0015422047581523657,0.001256643678061664,-0.0005018400261178613,-0.00045168143697082996,1.7962418496608734e-05,0.00020486606808844954,-0.000977436313405633,-0.001459616469219327,-0.0010782437166199088,-0.00018745768466033041,-0.0010620281100273132,-0.0006736405193805695,0.00020561170822475106,0.00021812674822285771,-0.00018028919294010848,1.7480476799391909e-06,0.0005349188577383757,-0.0005666480865329504,-0.0030056287068873644,-2.3298573069041595e-05,0.0010774093680083752,-0.001582625787705183,0.0001072140148608014,-0.000641504826489836,0.00029214395908638835,0.0024257847107946873,-0.0018352834740653634,0.00040149272535927594,-0.0010220735566690564,0.00010062006185762584,-0.0002348162088310346,0.0005180008010938764,-0.0002682994236238301
dose8k_B_s0,00025.png,0.00028361621662043035,6.719044176861644e-05,0.0013640029355883598,-0.0013358488213270903,-0.0035805555526167154,0.0004238852998241782,0.0008755360031500459,-0.000460287177702412,-2.8629663574974984e-05,-0.0012604444054886699,-0.0004947435227222741,-8.069763134699315e-05,-0.0005619490402750671,-0.0007806744542904198,-8.691619586898014e-05,-0.00034942274214699864,-0.000513461243826896,0.002080328529700637,0.0005212143296375871,-0.0007869027322158217,0.0009027487831190228,0.000280042237136513,-0.002193345222622156,-0.0004153113404754549,0.0009203823283314705,0.0013259155675768852,0.0008603130700066686,-0.0002366986736888066,3.5691136872628704e-05,-0.00015220996283460408,0.0005661444156430662,0.0003140599874313921,-0.0007287503685802221,0.001854844973422587,-7.502580410800874e-05
dose8k_B_s0,00026.png,-0.0011763907968997955,-0.0012857881374657154,-0.0007598535739816725,0.0009871245129033923,-0.00017025531269609928,0.0001662579452386126,0.00017266125360038131,-0.0006104714120738208,0.0009324164711870253,-0.0002709967957343906,0.0002926534798461944,0.000775082444306463,-0.002065513748675585,0.0001802810002118349,-0.0005143001326359808,2.917845813499298e-05,9.313357440987602e-05,0.00018071972590405494,-0.00019335730758029968,0.0004976922064088285,-0.0012980590108782053,-0.0004928964772261679,0.001933789229951799,0.0009991738479584455,0.0006847335025668144,0.0001528758293716237,-0.00045905582373961806,-0.00030607369262725115,0.0001384622446494177,0.00011920458928216249,0.000601539621129632,0.00033257753239013255,5.270896144793369e-05,0.0009539730963297188,0.0003842961450573057
dose8k_B_s0,00027.png,-0.00015596415323670954,-9.55054274527356e-05,0.002093796618282795,0.0015314717311412096,0.0031558447517454624,0.0006786954472772777,0.0005407223361544311,-3.1755687814438716e-05,-0.0012188266264274716,-0.0005166632472537458,6.422690057661384e-05,-0.001935171545483172,-0.000509811332449317,0.0010750597575679421,-0.0005040921387262642,-0.0004895943566225469,0.00032061952515505254,0.001924471347592771,0.00023566727759316564,0.00042475410737097263,0.0011096826056018472,-0.0007903120713308454,-0.00010373364057159051,0.0007622014963999391,0.0007991240709088743,0.0008720758487470448,-0.001021185191348195,0.0008033222402445972,-0.0002899413520935923,0.0005101845017634332,-0.0009427202749066055,-8.393031021114439e-05,0.00023362539650406688,0.0008982884464785457,-0.00022420591267291456
dose8k_B_s0,00020.png,-0.0007951071602292359,0.0007259767153300345,-0.0004685118910856545,0.0017516365041956306,-0.0008543094736523926,-2.7861418857355602e-05,0.0006140840705484152,-0.000612983072642237,0.0004916826146654785,-0.00012709882867056876,-0.0003369536716490984,-0.0006582060013897717,-0.0004952364251948893,-0.0004945760010741651,0.0011573288356885314,0.0006984366336837411,0.0007297534612007439,-0.0007107097189873457,0.00023067356960382313,0.00027574924752116203,-0.00045162407332099974,-0.0009217581246048212,-8.209981751861051e-05,0.0008071184274740517,0.0004847132076974958,-0.00047275194083340466,-0.0006973262061364949,-0.0010372644755989313,-6.0281265177764e-05,-0.0004288280033506453,-0.0010079806670546532,0.0005476262304000556,-3.2114559871843085e-05,-0.0007440680637955666,-0.0014951025368645787
dose8k_B_s0,00021.png,0.0003584004589356482,-0.0009892601519823074,-0.0016458845930173993,-0.0005153389065526426,0.0009803376160562038,0.0009272144525311887,-0.0005454164929687977,-0.0012584459036588669,0.0011137871770188212,-0.001214039628393948,-0.001296318951062858,0.0006397063843905926,-0.00020484061678871512,0.0007218863465823233,0.0002539715205784887,-0.0004577622748911381,0.0005356491892598569,4.2387218854855746e-05,-0.00020912368199788034,0.0002689027169253677,0.0011638945434242487,0.0005548044573515654,0.0005696175503544509,-0.0006114569841884077,0.000131646913359873,0.0009879212593659759,-9.857477380137425e-06,0.0024303814861923456,-0.0008897104999050498,0.0006715511553920805,0.0016128798015415668,0.000441675161710009,-0.00026088187587447464,0.0009030699729919434,-0.0003367824829183519
dose8k_B_s0,00022.png,-6.327046867227182e-05,-0.0003921393654309213,-0.0006120636826381087,-0.0012995866127312183,-7.189672032836825e-06,0.00027666997630149126,-0.0009255059994757175,0.0005320218624547124,-0.0001117214560508728,-0.0007146680145524442,-0.00016515384777449071,-0.0007636076188646257,-0.00030190494726412,-0.0002000910899369046,0.0007102277013473213,0.0006632983568124473,-0.0005250114481896162,5.312383291311562e-05,0.00019882401102222502,0.0010755222756415606,-0.0006421722937375307,0.00033213259303011,-0.00042488440521992743,0.00025647575967013836,-0.00023810978746041656,0.0012879477581009269,-0.0005566183826886117,0.0010615901555866003,-0.00028601149097085,-6.900687731103972e-05,0.0002777948684524745,0.0005476159858517349,-5.257985321804881e-06,0.0002479373652022332,-0.0007183046545833349
dose8k_B_s0,00023.png,-0.0008951491909101605,-0.0021724288817495108,8.68245551828295e-05,-0.002977768424898386,0.0003846185572911054,1.0381172614870593e-05,0.0008266186341643333,-5.096240420243703e-05,-0.0007123511168174446,4.878288564214017e-06,0.000929636531509459,-0.0008309527183882892,0.00016178707301151007,-0.000644420157186687,0.0004971537855453789,-0.0009803463472053409,0.001110950717702508,0.0011582080041989684,-0.0024335540365427732,0.0005758485640399158,-4.8205823986791074e-05,0.00011882821127073839,4.61382296634838e-05,0.0002089842309942469,-0.0006284472183324397,0.0006223394302651286,-0.0007775136036798358,0.0005769176641479135,0.00027043878799304366,-4.730421642307192e-05,-0.0002210696693509817,9.792912896955386e-05,-0.0004575302009470761,0.0013118234928697348,0.0014664942864328623
dose8k_B_s0,00028.png,0.0005676359869539738,-0.0011641153832897544,-0.00140963785815984,0.0013132626190781593,0.002647508168593049,-0.0008393438765779138,0.0005469566094689071,-0.001276483410038054,0.0011518321698531508,0.0002547531621530652,-0.0001954904291778803,0.0007582977996207774,-0.00032871004077605903,0.00013999201473779976,0.0009727964061312377,-0.000713969231583178,0.001184448366984725,-0.00016334379324689507,-0.0007049634587019682,-0.00048782123485580087,-0.0010628828313201666,-0.000450880586868152,0.0002608716022223234,-0.0001706740295048803,0.0011181527515873313,0.0013561529340222478,-0.0006689989240840077,-0.0011952159693464637,0.0005520889535546303,-0.0017444263212382793,-0.000588883413001895,-0.0008244854980148375,1.094456729333615e-05,0.0004109146539121866,-0.00046329127508215606
dose8k_B_s0,00029.png,0.0013657431118190289,0.0010375281563028693,0.0006929568480700254,0.0021114801056683064,-0.0002665371575858444,0.0004893253208138049,0.0005809403955936432,0.0005227015935815871,0.00014078202366363257,-0.0008542296127416193,2.9003873351030052e-05,-0.00023373818839900196,-0.0011080842232331634,0.0009958067676052451,-0.00032296162680722773,-0.0001971429883269593,0.0007050532731227577,0.0009357187664136291,-0.0012528892839327455,-0.001402663066983223,0.0005424816627055407,0.00021111479145474732,0.0009118475718423724,-0.0005746866227127612,-0.0008353429147973657,0.0006153639405965805,0.00021849630866199732,0.0005974213127046824,0.00047118839574977756,3.8326859794324264e-05,-0.001258120872080326,0.0010868479730561376,0.00010853348794626072,-1.896440880955197e-05,0.0012079403968527913
dose8k_B_s0,00030.png,-3.920344533980824e-05,-0.0015941363526508212,0.0014546328457072377,0.0013877234887331724,-0.0011480560060590506,-0.0008037893567234278,0.00015032746887300164,-0.0014673181576654315,-0.0008309888071380556,0.0013506397372111678,0.0010002166964113712,-0.000669775647111237,7.31593172531575e-05,-0.0011523945722728968,0.0008108505862765014,0.00033054588129743934,-0.0001555338385514915,-0.0014193858951330185,-5.794660683022812e-05,-0.001070060534402728,-0.0008363366359844804,-3.848089181701653e-05,-0.0002827628923114389,6.13150405115448e-05,0.0004016899620182812,0.001409068237990141,-0.0022001087199896574,0.0001388643286190927,-0.0001529625733383,-0.00033677657484076917,0.00149527529720217,-0.0009556660079397261,0.0019179974915459752,1.2449649489099102e-07,-0.0009620973141863942
dose8k_B_s0,00031.png,-0.0004079639620613307,-0.0006397129618562758,-0.002308440627530217,0.0017784013180062175,0.0009412579238414764,0.0014231123495846987,0.00019073123985435814,0.0005952247302047908,0.001138899358920753,0.0003682781825773418,0.0006967794615775347,2.0604535166057758e-05,0.00011847852874780074,-0.001939923968166113,-0.0011400602525100112,0.00017850875156000257,0.0006847134209237993,-0.001326576224528253,-0.0009540378814563155,0.0005771226133219898,-0.0008882230613380671,0.00015432633517775685,-0.001356249675154686,0.0009543464402668178,0.0002007644361583516,0.0010795396519824862,0.0006878387066535652,-5.907078957534395e-06,-0.0008174153044819832,0.00023511226754635572,0.0011855323100462556,0.0018375858198851347,-0.0013590209418907762,0.00032463419483974576,-0.0010197943774983287
dose8k_B_s0,00032.png,-0.00012086354399798438,-0.0001528066350147128,-0.00037272387999109924,0.00021576439030468464,-0.0008057311060838401,0.0016032499261200428,-7.642593118362129e-05,-0.00016046682139858603,-2.591729753476102e-05,-0.0014280612813308835,0.0004751559754367918,-0.00024410741752944887,-0.001362970913760364,-6.367223977576941e-05,-0.001803920022211969,-0.0006256146589294076,-4.093215466127731e-05,0.0005217553116381168,-0.001141262473538518,0.0010282600997015834,-0.00014803996600676328,-0.0006599127082154155,-0.0006171318818815053,-0.00010391237447038293,0.0019439313327893615,0.001073463005013764,-0.0007778347935527563,-0.0003313804045319557,-0.0021522827446460724,-0.00010914363519987091,-0.0006795856752432883,-0.00016732003132347018,0.0004404498031362891,-0.00036061840364709496,-0.0009072374668903649
dose8k_B_s0,00033.png,9.062023309525102e-05,-0.0007292102091014385,-0.0008150078356266022,-0.0013131879968568683,-0.0018465005559846759,0.0004964442341588438,0.0010331292869523168,-0.0012909950455650687,0.00024786253925412893,-0.00018527665815781802,0.000937010336201638,-0.001400414970703423,0.001136869192123413,0.00023520513786934316,0.0010516070760786533,-0.0009515107958577573,0.00030658949981443584,0.0006386491004377604,7.234945223899558e-05,8.499470277456567e-05,1.3827365137331071e-06,-7.553355681011453e-05,-0.00032657283009029925,5.397657150751911e-05,-0.0008137627737596631,-0.0011719242902472615,-0.001074089901521802,-0.0007344497716985643,0.000555553415324539,0.0007586551364511251,0.0005154796526767313,0.0014030846068635583,-0.00045041521661914885,9.432061051484197e-05,0.0007161319954320788
dose8k_B_s0,00034.png,0.0014063166454434395,0.0019366837805137038,-0.000893543881829828,0.0003381985006853938,-0.000476034649182111,-0.001173008349724114,0.0010399946477264166,-0.00010103412205353379,0.00022548623383045197,0.000314958713715896,0.0017086589941754937,-6.682171806460246e-05,-0.0003071867977268994,-0.001982717774808407,-0.001795720076188445,-0.0002737739705480635,0.0005282474448904395,2.668467459443491e-05,0.0001767135108821094,-0.00038734852569177747,-0.0009476867271587253,-5.057220550952479e-05,-0.00028841281891800463,-0.0008237769943661988,0.0012035160325467587,-0.00036558028659783304,-0.00016029039397835732,0.0009831164497882128,-0.0016918376786634326,-0.002275029430165887,0.0011939145624637604,-0.00023266830248758197,-0.0005665232893079519,0.0009269303409382701,-0.00046041698078624904
dose8k_B_s0,00035.png,-0.0001335023989668116,-8.090154005913064e-05,-0.0003155810118187219,-0.0004765799967572093,0.0016748706111684442,0.0004580157110467553,-0.0012088848743587732,4.803705451195128e-06,2.474826032994315e-05,0.000506782263983041,-0.0006506090285256505,-0.0006486669299192727,-0.0008224454941228032,8.594670362072065e-05,0.0007314268150366843,-0.0005661144386976957,0.0005830658483318985,-0.0014822565717622638,-0.0018325565615668893,-0.0014147314941510558,-0.0004695754614658654,7.109784201020375e-05,-0.0003604623198043555,0.0003280816017650068,0.0017282211920246482,0.0007628811290487647,0.00076966272899881,4.1867031541187316e-05,-0.00037105276715010405,-0.00016225408762693405,0.0012780546676367521,0.0010417673038318753,0.0012753517366945744,6.037629646016285e-05,-0.0014599476708099246
dose8k_B_s0,00040.png,0.0011518042301759124,0.0012968549272045493,0.0003573045541997999,0.0005597922718152404,0.0024819651152938604,7.650224142707884e-05,-0.000981228775344789,-0.0005970706697553396,0.0004520046932157129,-0.00035332428524270654,0.0006162071949802339,0.0005137175903655589,0.00142881169449538,-0.00024061616568360478,3.2878684578463435e-05,0.0014186755288392305,-0.0014095689402893186,0.001264363992959261,-0.00018929675570689142,-0.0009402803843840957,0.0005734119913540781,-0.00023483864788431674,-0.0006618503830395639,-0.00034728620084933937,-0.0005990388453938067,0.000816563842818141,-0.000641586200799793,-0.000894591270480305,0.0004868683754466474,0.0024465853348374367,0.0005731391138397157,0.0005875086062587798,-8.634449477540329e-05,-0.00041462256922386587,-0.0011130868224427104
dose8k_B_s0,00041.png,-0.000901811639778316,0.0003226795233786106,-0.0001621990668354556,-0.0007291043875738978,0.0006068701623007655,-0.0014631731901317835,0.0008183885365724564,0.001350680715404451,-0.0006036452250555158,-0.0021495395340025425,0.000890382390934974,-0.0012430299539119005,0.0003567808016669005,0.0003775886434596032,1.2463210623536725e-05,0.0013396068243309855,-0.0011044945567846298,-0.00038261906593106687,-0.0015874920645728707,-0.002188765211030841,0.0010084757814183831,-0.0016241041012108326,-0.0010752505622804165,-0.0017744663637131453,-0.0007846150547266006,-0.0004914728924632072,-0.0003438321582507342,0.000325736531522125,0.0005541919381357729,-0.0002450232277624309,-4.125053237657994e-05,-0.0012923302128911018,-0.0017527163727208972,0.0001474174641771242,-0.0006047877832315862
dose8k_B_s0,00042.png,-0.0013744691386818886,-0.0018360415706411004,0.0008234821725636721,-0.0013597459765151143,-0.0009500853484496474,-0.0014832608867436647,0.0007038271869532764,0.0008654179400764406,0.00014667563664261252,-0.0009003506856970489,-0.0007392819970846176,3.683825707412325e-05,-0.000980052282102406,0.0005770124844275415,-0.0010371583048254251,0.0005878611700609326,-0.0007008278043940663,-0.00039164748159237206,0.00038992674672044814,-0.00013004250649828464,0.00024324297555722296,0.000676410854794085,-0.0011632816167548299,0.0001328465441474691,0.0006942499312572181,0.0002846825809683651,-0.0009571544360369444,-0.0009984838543459773,0.0010128132998943329,2.0820287318201736e-05,-0.0010975616751238704,-0.001135183498263359,-1.8432605429552495e-05,-0.00023220235016196966,-0.0015947628999128938
dose8k_B_s0,00043.png,-0.0017640214646235108,-0.0009211743017658591,0.0011100050760433078,0.001291956752538681,7.163016562117264e-05,-0.0010993564501404762,-0.00031706414301879704,-0.0008800053037703037,0.00011630842345766723,0.0014744475483894348,-3.171232310705818e-05,2.4634275177959353e-05,-0.0013522892259061337,0.0006519662565551698,0.0008403316605836153,0.00028029148234054446,-0.000131193024571985,0.001543767866678536,-0.0004891209537163377,0.0010036268504336476,-0.00019781298760790378,-0.0023889148142188787,0.0006387931643985212,-0.00019063464424107224,-0.000318107136990875,-8.979054837254807e-05,-0.0008284696959890425,0.0007170755998231471,0.000400233780965209,0.0002813001337926835,0.0004266672767698765,0.0006268678698688745,0.0003259160730522126,0.0018239030614495277,0.00035554144415073097
dose8k_B_s0,00036.png,-0.0007328096544370055,0.0013209411408752203,0.0002927636669483036,0.0003841645666398108,-0.0015452596126124263,0.00013623872655443847,-0.0005693678976967931,0.0008136249962262809,0.0011194322723895311,0.00026111811166629195,7.119522342691198e-05,-0.0006049024523235857,0.0005115873063914478,0.0011258730664849281,6.283304537646472e-05,0.000589410774409771,0.0003475637058727443,0.000291598989861086,-0.0005439610104076564,0.0013916683383286,-0.0007242896826937795,-0.0016005636425688863,0.0015283288666978478,0.002416935283690691,-0.0016716675600036979,0.0006089000962674618,-0.0011729666730389,-0.0021177134476602077,-3.856150578940287e-05,0.0020958860404789448,-0.00019358181452844292,0.00027629712712951005,0.0002710908593144268,-0.0008449451997876167,4.592882396536879e-05
dose8k_B_s0,00037.png,-0.001391445635817945,-0.0017921660328283906,-0.0005429375451058149,0.0005715393926948309,0.00010835035209311172,0.000539311848115176,-0.0004883240908384323,0.0022337432019412518,0.0005633357213810086,0.0007126707350835204,-2.549042847022065e-06,-0.00014243465557228774,0.0006646179826930165,-0.001008543185889721,8.051868644542992e-05,0.0006703284452669322,-0.0008096867240965366,-0.00014792107685934752,0.00013008298992644995,5.3763989853905514e-05,0.0015487376367673278,-0.0010630300967022777,0.0003096344880759716,0.0006668235873803496,-0.0004166285216342658,0.0004559171211440116,0.0005682863411493599,0.0014178833225741982,-0.0014785253442823887,-2.6565961888991296e-05,-0.0010391947580501437,-0.0007592972251586616,0.000375923584215343,0.0011417408240959048,-0.0005896646180190146
dose8k_B_s0,00038.png,-0.0011078632669523358,-0.001678384724073112,-0.000647979904897511,-0.001824166509322822,7.798863953212276e-05,-0.0004810570681001991,-0.001054702908731997,0.0008912216871976852,0.0014626687625423074,-0.0008908739546313882,-0.0019060303457081318,-0.0011328336549922824,0.0010390266543254256,0.0010252691572532058,-0.00019799769506789744,-0.0003218405181542039,0.0021376924123615026,-2.8722239221679047e-05,0.001991989091038704,0.0003297681687399745,0.0006524317432194948,-0.0019059210317209363,-0.00022420308960136026,-0.0005685066571459174,-0.00034973863512277603,-0.0006321202381514013,0.00017694162670522928,0.0008706566295586526,0.0010278690606355667,-0.0011479315580800176,0.0004463953955564648,0.001268141670152545,0.00039343623211607337,0.00016568280989304185,-0.0014251393731683493
dose8k_B_s0,00039.png,0.0015967891085892916,0.0021301766391843557,-0.0001456305180909112,-0.00027565835625864565,0.0009188124095089734,0.00019081297796219587,0.00010175912029808387,0.0009602800710126758,-0.000844656431581825,-0.0008634994737803936,0.0005833862815052271,0.0012779785320162773,-0.0007699441048316658,-0.0015974764246493578,0.00014754149015061557,0.000519666587933898,-0.0005923830904066563,0.00015897776756901294,0.000818768865428865,-0.0016747137997299433,-0.001377310254611075,-0.0010121893137693405,-0.0007280694553628564,0.001078807981684804,0.0014258695300668478,0.0010432719718664885,-0.001234219642356038,-0.0009744344861246645,-8.570672798668966e-05,-0.00122871866915375,0.0012777390656992793,0.0009944806806743145,0.0006359645631164312,-0.0011922783451154828,9.923711331794038e-05
dose8k_B_s0,00044.png,-0.0009787986055016518,-0.001406096387654543,-0.0001764271000865847,0.00010270276106894016,-0.00011495014769025147,0.0027532957028597593,0.0003370844933670014,-0.0017374120652675629,0.0011411826126277447,-0.0008401825907640159,-0.0009513532277196646,-0.0007959554786793888,0.0014019074151292443,-0.0014717273879796267,-0.0014035201165825129,-2.55088452831842e-05,-0.0001829707034630701,0.001132639474235475,-0.0004286340845283121,0.0005277465679682791,0.00033591792453080416,-0.0012094047851860523,0.0003012977249454707,-0.0014361671637743711,-0.0005138029810041189,-0.0015865906607359648,0.0010652055498212576,0.00036842169356532395,-0.001687346724793315,0.0006419916753657162,-0.0006250241422094405,-8.75882979016751e-05,-0.0019028192618861794,0.0014460147358477116,0.0008749431581236422
dose8k_B_s0,00045.png,0.0007985137053765357,0.0019920857157558203,0.0002163008612114936,-0.002033099764958024,-0.0019848784431815147,0.002155598485842347,0.0002997181436512619,-0.00030972264357842505,0.00030861402046866715,0.0002587748458608985,-0.00010703550651669502,-0.00014035093772690743,0.0010368655202910304,0.00040689713205210865,-0.001185684697702527,-0.002365678548812866,-0.0001904006057884544,0.0011873976327478886,1.777573379513342e-05,0.0005656574503518641,-0.00014631036901846528,-0.0005440233508124948,-0.0009907007915899158,0.0006062228349037468,0.0004396346630528569,-0.0011041680118069053,-0.000311939773382619,-0.001746491645462811,0.0009123824420385063,0.000922185427043587,-0.0004792808322235942,0.0006977433222346008,-0.0014032613253220916,-0.000517022970598191,-0.001718684914521873
dose8k_B_s0,00046.png,-2.9828943297616206e-05,-0.0011990920174866915,0.0014620959991589189,0.00032375662703998387,0.0005390028818510473,0.0003462323220446706,0.00045212660916149616,8.334725862368941e-05,0.0010037922766059637,0.0014272346161305904,0.0009308939916081727,0.0005754778976552188,0.0010406890651211143,0.0012737466022372246,-0.0013218106469139457,0.001507550710812211,0.0013236235827207565,0.0007120025111362338,4.215056469547562e-05,0.00010126968118129298,-0.00047727578203193843,-0.0012746785068884492,-0.0003704155096784234,-0.0009529834496788681,3.0000072001712397e-05,-0.0003869134234264493,-0.0015054196119308472,0.0010013529099524021,3.49188812833745e-05,0.0005578777054324746,0.00021602996275760233,-0.001983967376872897,0.00015300096129067242,0.00047453955630771816,-0.0012906048214063048
dose8k_B_s0,00047.png,-1.1598202945606317e-05,0.00018158872262574732,-0.00014748550893273205,0.0007140683592297137,-0.0002587131457403302,0.0007820925675332546,4.464097219170071e-05,0.0014089486794546247,0.0006104634958319366,0.00022869302483741194,-0.0011519620893523097,-4.632672789739445e-05,-0.0018221806967630982,0.0008347447728738189,0.00045698456233367324,-0.0023628994822502136,0.00017818737251218408,-0.00032706421916373074,0.0012561245821416378,0.0004323054163251072,-0.00030958896968513727,0.0008834288455545902,-0.00037993385922163725,0.00014231400564312935,0.0005991835496388376,0.0007624657591804862,0.0014983185101300478,0.0005363798700273037,-0.0004090811708010733,-7.64688229537569e-05,-0.00014237243158277124,0.0003429459757171571,0.0010115558980032802,-0.0002715221780817956,0.0005837109638378024
dose8k_B_s0,00048.png,-0.0007894794689491391,1.7652625956543488e-06,-0.00028773516532965004,-0.00021745238336734474,0.0012572279665619135,-0.0010425017680972815,-0.0005235381540842354,-0.0008792937151156366,0.0003575704467948526,-0.00035476605989970267,0.00037488096859306097,0.0013855278957635164,0.001495626987889409,0.0012411695206537843,-0.0011975648812949657,-0.00020386553660500795,-0.0025269866455346346,-0.002835378283634782,-0.001237021991983056,-0.0008210097439587116,3.160079359076917e-05,-0.0024851690977811813,-0.0009464401518926024,-0.0004481780924834311,-0.002075087046250701,-2.7277652407065034e-05,0.00046150831622071564,-0.00025844667106866837,-0.0003493258554954082,-0.0002812377060763538,0.0004731552617158741,-0.0007405894575640559,0.0012430003844201565,-0.0007571529131382704,-0.0002865020651370287
dose8k_B_s0,00049.png,-0.00035871396539732814,-0.00018056156113743782,0.0011611743830144405,-0.002476505935192108,-0.0028533125296235085,-0.0010221783304587007,0.00026872765738517046,0.0004886672249995172,0.000276371807558462,-0.00045601074816659093,0.0008873523911461234,0.001267789863049984,0.0008435647469013929,-0.0002623019099701196,0.0007566208369098604,0.00046086672227829695,0.0013310443609952927,0.00019224460993427783,0.0013314057141542435,0.00014862332318443805,0.000628840527497232,0.0008421210222877562,-0.00100996857509017,-2.6094696295331232e-05,-0.0012012191582471132,0.000339497288223356,-0.0015110832173377275,0.0002975651004817337,-0.001654069172218442,-0.0002402902173344046,-0.0010960641084238887,0.0012335687642917037,1.7454825865570456e-05,0.00015324910054914653,-0.0009499520529061556
dose8k_B_s0,00050.png,0.0001394716091454029,0.0010443279752507806,0.00038279066211543977,0.00018828257452696562,-0.0011508360039442778,0.0005162718007341027,0.00048301403876394033,0.000694677815772593,-4.826399526791647e-05,-0.0006228126585483551,0.0012175185838714242,3.5162254789611325e-05,0.00043903201003558934,-3.9876274968264624e-05,-0.0016291013453155756,0.0006444071768783033,-0.00047361006727442145,0.0005555227980948985,-0.0005488728056661785,0.0007712295046076179,3.738637678907253e-05,-0.0017723710043355823,-0.0011521567357704043,-0.00038785021752119064,0.0013443552888929844,0.00033648518729023635,-0.0002216759166913107,0.00010794428089866415,-0.0008971619536168873,0.0011738098692148924,0.0007757348357699811,0.0009210446150973439,-8.41679866425693e-05,-0.0010316937696188688,-0.0011395321926102042
dose8k_B_s0,00051.png,-0.0002930584014393389,0.0005227200454100966,4.7164623538265005e-05,0.0017975036753341556,0.0007138973451219499,0.0012155892327427864,0.0006031764787621796,-0.0006533365231007338,-0.0002710728731472045,-3.11190597130917e-05,0.00011377150076441467,-1.128918393078493e-05,-0.001449912553653121,-0.0006189920823089778,-5.02366638102103e-05,-0.0006799404509365559,-0.00020578010298777372,0.0002720688353292644,0.00010485239909030497,-0.0004593290213961154,-7.095304317772388e-05,0.0002466156438458711,-0.0007754394318908453,0.0002443731646053493,0.0007722244481556118,0.000474107131594792,0.0008071613265201449,0.0001509149296907708,0.0007580535020679235,-2.3678114303038456e-05,-0.00011271315452177078,-0.00013159384252503514,0.0007288696942850947,-0.0006953739793971181,-0.0009191157878376544
dose8k_B_s0,00052.png,0.00037784039159305394,-0.0008357078768312931,0.0002776812470983714,-0.0012614675797522068,2.962172220577486e-05,4.8783265810925514e-05,0.0018630879931151867,0.0018011912470683455,-0.0005192910903133452,0.001108627999201417,-0.0008529004990123212,0.0002772010338958353,-0.0017615624237805605,0.001585638732649386,0.0006532788975164294,-0.0011086123995482922,-0.0010827642399817705,-0.0008944711880758405,-0.0016597576905041933,-0.0007245327578857541,0.0003703453694470227,-0.00013926072278991342,-0.0012885027099400759,-0.0007079571951180696,0.002108912216499448,-0.0004808003723155707,0.00040113599970936775,0.0003834109229501337,-0.0022556146141141653,0.0002445228456053883,-0.00023319548927247524,-0.0004448082181625068,-0.0001999996165977791,-0.0008337828912772238,-0.0010364982299506664
dose8k_B_s0,00053.png,-0.00018108062795363367,9.224927634932101e-05,-0.0006286582793109119,0.00020164127636235207,-0.0012259017676115036,-0.0007967638084664941,-0.0003335930814500898,0.0006919364095665514,0.00017451423627790064,-0.000556230079382658,0.001042812131345272,-0.0020744462963193655,0.0013963630190119147,-0.0005005262210033834,0.0011243580374866724,-0.0007267835317179561,0.001832839916460216,-0.002107749693095684,-0.00129500194452703,-0.00010929002019111067,0.00101756292860955,0.0012731467140838504,0.0013483850052580237,-0.00023473169130738825,0.0005383313400670886,9.751232573762536e-05,0.00021590352116618305,0.00010934904275927693,0.0006287962314672768,-0.0009497890714555979,-0.00023462454555556178,-7.597808871651068e-05,0.00017004655092023313,0.0008594071259722114,0.00031762951402924955
dose8k_B_s0,00054.png,0.0002360166545258835,0.0007654005312360823,-0.0006180832860991359,-0.0007661306299269199,-0.00011892452312167734,-0.0008405462140217423,0.0006675493787042797,0.0012486882042139769,-0.0007850428810343146,-0.00015337663353420794,0.0001685786119196564,-0.0006884371396154165,-0.0018766282591968775,-0.0004019937478005886,-0.0003794183721765876,0.0006812864448875189,-0.0008335048332810402,2.9647468181792647e-05,0.0003456818521954119,-0.0007721354486420751,0.00019906529632862657,-0.00034254396450705826,0.0002381810190854594,-0.0004841710615437478,0.0008810454746708274,-0.00015036502736620605,-0.0010740549769252539,-0.000874814111739397,4.180788528174162e-05,-0.0009143442730419338,0.00022424824419431388,0.00036882254062220454,-0.0009893905371427536,0.000751079001929611,3.1400180887430906e-05
dose8k_B_s0,00055.png,-0.0002498759131412953,-0.0001278041600016877,-0.0014527995372191072,-0.001946119125932455,-6.139120523585007e-05,-0.0004733833484351635,0.00036340311635285616,0.00029253773391246796,-0.00048762804362922907,-0.00031470938120037317,0.00027037813561037183,-0.00015763226838316768,-0.000761290779337287,-0.0006252291495911777,5.52866913494654e-05,-0.0004429881228134036,0.0005535510135814548,-0.00040946525405161083,0.0011054541682824492,0.0008002512622624636,-0.0008004254777915776,0.0013692497741430998,-0.0003917903231922537,-0.0007463808869943023,0.0005975948879495263,0.00012146394146839157,-0.0006451462977565825,-0.0014577223919332027,0.0016287750331684947,0.0014440953964367509,-0.0006492899265140295,-0.000517509353812784,-0.00025606044800952077,-4.801343607141462e-07,-0.0005344592500478029
dose8k_B_s0,00056.png,-0.000820278306491673,-0.0007339399890042841,-0.0002757052716333419,-0.0016011963598430157,-0.0017530303448438644,0.0008424960542470217,9.988091187551618e-05,-0.0008858221699483693,-0.0010898326290771365,0.00022921300842426717,0.0002901476400438696,-0.0005959523259662092,-0.00013283430598676205,0.0006048186332918704,0.0008404752588830888,-0.00017198601562995464,-3.556364754331298e-05,0.0009898848365992308,-0.0009066961356438696,-0.0014676955761387944,0.0011461902176961303,-0.00018368486780673265,-0.0003347700403537601,-0.0009848427725955844,0.00015013874508440495,-0.0005996713298372924,-0.0005188895156607032,0.00042965629836544394,-0.0008401350933127105,0.00020911583851557225,0.0012734576594084501,-9.666886762715876e-05,0.0006833752267993987,-0.0010260060662403703,0.0003379196859896183
dose8k_B_s0,00057.png,0.000673389935400337,0.0017367417458444834,-0.0003444300964474678,0.001131662749685347,-0.0004317293060012162,0.001970335142686963,0.0006616772152483463,-0.00043660070514306426,0.0023792735300958157,-0.0005033279885537922,0.0003049106744583696,-0.0008655268466100097,-0.0006941503961570561,-0.00018498484860174358,-0.00029783608624711633,-0.0008549084886908531,0.0003367310855537653,0.00044124622945673764,0.0003575666050892323,-0.0010018923785537481,-0.00022087448451202363,0.0006629697163589299,-0.00033516186522319913,-0.0004570140445139259,-0.0001217055250890553,-0.0012120240135118365,0.0008897631196305156,-0.0004264689050614834,0.0003211198200006038,0.0012489306973293424,-0.00010087708506034687,-0.0014259543968364596,-0.0005066409357823431,-0.0011112043866887689,3.420543725951575e-05
dose8k_B_s0,00058.png,-0.00017307419329881668,0.00026287249056622386,-0.0014445867855101824,0.001612125663086772,0.002823855262249708,-0.0005605941405519843,0.001514097792096436,0.00023852322192396969,-9.018475248012692e-05,-0.0001902255608001724,-0.00021813958301208913,0.0006393712828867137,0.0005312818684615195,-0.00044746065395884216,-0.0006845531752333045,-0.0013295654207468033,0.0010465262457728386,0.001144993701018393,0.0005371219594962895,-0.000307144015096128,0.00011684164928738028,-0.0002519475528970361,-6.214556924533099e-05,0.0002522536087781191,0.00019653356866911054,-4.220060509396717e-05,-9.910071094054729e-05,0.0014115562662482262,0.0018423041328787804,-0.0008259533788077533,0.00011065485887229443,0.0005585859762504697,0.00031177161145024,-0.0005286128725856543,8.671406249050051e-05
dose8k_B_s0,00059.png,0.000459806906292215,0.0011197358835488558,0.0006602141656912863,-0.0005170472431927919,-0.0008175619877874851,-0.001353419735096395,0.00046499568270519376,9.102683543460444e-05,0.00046870578080415726,0.001186065492220223,0.0017482186667621136,-4.9917129217647016e-05,-0.00019811681704595685,-0.001027644262649119,-0.0006623553927056491,0.0023386538960039616,0.0002626112836878747,0.0012736576609313488,0.00032540567917749286,-0.0005369448335841298,0.0017033620970323682,-0.00040465459460392594,0.00011098835238954052,0.0009417773107998073,0.0011227689683437347,-0.0005893436609767377,-0.0008984419982880354,-0.0013945935061201453,-0.0014980087289586663,0.0008586858166381717,-0.0007437035092152655,-0.0003874779213219881,0.0012179543264210224,0.0006231976440176368,-0.0005860282108187675
dose8k_B_s0,00064.png,-0.00025961740175262094,1.0963329259539023e-05,-0.0013042667414993048,-9.81100311037153e-05,0.00035467062843963504,0.00018069542420562357,-0.0011278408346697688,-7.271875074366108e-05,0.001159122446551919,0.00197728187777102,0.00023310018877964467,0.00031339554698206484,0.0003951274848077446,-0.0004998695803806186,-0.0006766063161194324,0.002134728478267789,0.0011433262843638659,0.00023359838814940304,4.8992926167557016e-05,-0.0003690214070957154,0.0009037788840942085,-4.6094326535239816e-05,0.0008882813854143023,0.0006394921219907701,-0.000165207966347225,0.0006384584121406078,0.0006940597668290138,-0.00039360608207061887,-0.0006171924760565162,0.0007750221411697567,-0.00015592579438816756,-0.00035893218591809273,-0.0007244586595334113,6.243569077923894e-05,0.000699412077665329
dose8k_B_s0,00065.png,0.0011715349974110723,0.001486483495682478,-0.0002996737603098154,0.0010825449135154486,0.002315204357728362,-0.0012364903232082725,-0.0016162372194230556,-3.953693885705434e-05,-0.00036559259751811624,-0.0004782319301739335,0.0008010605233721435,0.00024848058819770813,0.0017468866426497698,-0.00014132597425486892,0.00042336087790317833,6.802928692195565e-05,0.0019593287725001574,-0.0011108696926385164,0.0008228273363783956,0.0013172264443710446,-0.0006583373178727925,0.0003976491279900074,-0.0012642841320484877,0.0009981314651668072,0.00040081466431729496,-0.0004639861872419715,0.0015008787158876657,0.00021865854796487838,-0.001700483844615519,-0.001198289101012051,0.00045333299203775823,-0.000916462333407253,-0.00016041412891354412,-0.0005104041192680597,-0.0021664879750460386
dose8k_B_s0,00066.png,0.00019628016161732376,-0.0007665251614525914,-0.0016006015939638019,-0.00015125256322789937,-0.00020110233162995428,-0.00032270775409415364,0.0009349428582936525,-0.00013261917047202587,0.0005442199762910604,-0.0009757211664691567,0.00133320945315063,-0.0012721383245661855,0.0004757876449730247,-6.936948193470016e-05,-0.0006267687422223389,-0.0005563182639889419,-0.0008003331604413688,-0.0008114840602502227,-0.000299038685625419,-0.001728935749270022,-0.00021058335551060736,-0.000129489490063861,-0.0001473249722039327,0.00047020791680552065,-0.000286039721686393,0.0012091719545423985,-0.0012335621286183596,0.0015654682647436857,5.7196546549675986e-05,0.0006095648277550936,0.00041880132630467415,-0.00019903450447600335,0.0005703456699848175,0.0002220448513980955,-0.0009476798586547375
dose8k_B_s0,00067.png,0.0001277917908737436,-0.0003760313265956938,0.00030263373628258705,0.0016765681793913245,0.0013319712597876787,-0.0010184956481680274,0.0008642393513582647,-0.0011670548701658845,0.0002829571603797376,0.0002473402419127524,-0.0005853297770954669,-3.998472311650403e-05,-0.0006725700222887099,-0.0012789424508810043,-0.0001715035323286429,-0.0008914075442589819,-0.000508906610775739,-0.0006731192115694284,0.001111429650336504,0.0003233791794627905,0.0012255222536623478,-7.226754678413272e-05,-0.0005876672803424299,0.0003723107511177659,1.5287227142835036e-05,-0.0005663660704158247,-0.00034778137342073023,-0.0007876158924773335,0.0007552364259026945,-0.001057083485648036,-0.0007503225351683795,-0.00048633525148034096,0.001662244787439704,0.0006642010412178934,2.9282264222274534e-05
dose8k_B_s0,00060.png,0.000584742403589189,-0.0004220648552291095,-0.00013909669360145926,-0.0024265421088784933,0.0003497570287436247,0.0011139194248244166,0.0003157180908601731,0.0006449588690884411,0.0013067068066447973,0.00047402980271726847,-0.00044818827882409096,-0.0013083686353638768,-0.0010918265907093883,0.002226490993052721,-0.0009331126930192113,0.0017904193373396993,0.0004994984483346343,0.001653991756029427,-0.0005545034073293209,-0.0011471420293673873,-0.0008641591994091868,0.0011990308994427323,-0.00042075011879205704,0.0011335816234350204,0.00037866199272684753,-0.0009321174584329128,0.0011277602752670646,0.00014331922284327447,0.0006441700388677418,-0.00014772557187825441,0.0001246068422915414,-0.0015364271821454167,-0.0005849789595231414,0.000590040348470211,0.0011549665359780192
dose8k_B_s0,00061.png,0.0006336782244034111,-0.0010933454614132643,0.00041594155482016504,0.002456376329064369,0.0003854632959701121,-0.0015256234910339117,0.00043053776607848704,-0.0009332670015282929,-0.00015782355330884457,1.6127687558764592e-05,-0.00045919226249679923,0.0006568762473762035,0.0006689989240840077,-0.0006507135112769902,-0.0003207731351722032,-3.111795012955554e-05,0.0009701278177089989,0.0003313290944788605,0.00030584746855311096,-0.0003074986452702433,-0.0003452696546446532,0.0003696836356539279,-0.0003085890202783048,-0.0010719377314671874,-0.00022975988395046443,0.00014408609422389418,0.0002481994160916656,-0.0010606615105643868,0.0006748221348971128,0.0002993913949467242,-0.00023063750995788723,-0.0007628502789884806,0.001022784155793488,-3.3949880162253976e-05,0.00017286415095441043
dose8k_B_s0,00062.png,0.0013638207456097007,0.00037861234159208834,0.0008903960697352886,-0.0007727385382167995,0.0006093800766393542,7.221711712190881e-05,0.00014874081534799188,-0.00023946669534780085,0.001013421337120235,-0.00010272044164594263,-0.0002901196130551398,0.00021016798564232886,0.0009575014701113105,-0.0014106036396697164,-0.0020822936203330755,-3.317456503282301e-05,0.00012229729327373207,0.0008008916629478335,-0.0002698829339351505,-0.00032906391425058246,-0.0003550865512806922,0.00032504211412742734,-0.0003048114012926817,-2.9123248168616556e-05,0.0010085803223773837,0.0008749623666517437,0.00018326626741327345,0.0003692078171297908,-6.361186387948692e-05,0.0004562278336379677,-0.0008529822807759047,-0.0002914888900704682,0.0015687191626057029,0.0009679995127953589,-0.0008617319981567562
dose8k_B_s0,00063.png,0.00040421850280836225,6.746286089764908e-05,0.0016181966057047248,1.54722947627306e-05,-0.0010687512112781405,-0.00017709145322442055,-0.00036078132688999176,3.861036748276092e-05,-0.0006909897783771157,-0.0012133894488215446,-0.0015023145824670792,-0.0006170206470414996,0.00013915469753555954,0.0017561413114890456,-0.0011094135697931051,0.0010569992009550333,-0.0017428399296477437,-4.6234501496655867e-05,-0.0003487445355858654,-0.0007362823816947639,0.0003078709705732763,-0.0008146931068040431,-0.0002837952342815697,-0.0007058109040372074,-0.0005647831712849438,0.0001175438446807675,0.0013897237367928028,-0.0001967087300727144,0.0007697042892687023,-0.0009535180870443583,-0.00022994325263425708,0.0005158086423762143,0.0004264379385858774,0.00011732251732610166,0.00010165499406866729
dose8k_B_s0,00068.png,-0.0006466191844083369,-0.0010943602537736297,0.00032860535429790616,0.0002810410223901272,-0.0010528411949053407,-0.0002740979543887079,-0.00047741958405822515,-0.0010756603442132473,-0.0002579866850282997,-0.0005727971438318491,-0.0002953804796561599,-0.0002132401568815112,-0.0010536144254729152,0.0009827037574723363,-0.0004128327127546072,-0.0011616367846727371,-0.00023824837990105152,-0.0007563918479718268,-0.0017962960992008448,0.0004913421580567956,0.00032580975675955415,-0.00046061380999162793,0.000543011468835175,0.00034961613710038364,-0.002158785006031394,-0.0006231552688404918,-0.00022884501959197223,-0.0014230343513190746,-8.56870537973009e-05,0.0008520412375219166,-0.00151661632116884,-0.0007064318051561713,0.0006556818261742592,-0.00045897887321189046,0.0002445666177663952
dose8k_B_s0,00069.png,0.0003481244493741542,-0.0003831754147540778,0.0012502428144216537,0.0011563698062673211,-0.0028832731768488884,0.001628562924452126,0.0013458851026371121,-0.001098813023418188,0.0008010491728782654,0.0002269524848088622,-0.0009405047749169171,0.0009624737431295216,0.0009304566192440689,0.0007496049511246383,0.0006196238100528717,-0.0003660919319372624,-0.0012726893182843924,0.0007997840293683112,-0.0008082270505838096,-0.0008392530726268888,0.0008743981597945094,0.0012347748270258307,0.0006198628689162433,0.0005983980372548103,-0.00026502160471864045,-0.0009607189567759633,0.0004433133581187576,-0.0006436322582885623,0.00131704390514642,-0.0006480597658082843,-0.00044385562068782747,-0.00019388773944228888,0.0019411983666941524,-0.00020474079065024853,0.001069642137736082
dose8k_B_s0,00070.png,7.116100459825248e-05,-0.0008511680644005537,-0.0005728088435716927,-0.002813760656863451,-0.0009223066736012697,-0.0007326042978093028,-0.0001649919431656599,2.206263889092952e-05,0.0001242828875547275,-0.0005411755992099643,-0.0001767700887285173,-0.0005121981375850737,0.0006872828816995025,-0.0005194359109736979,-9.474174294155091e-05,-0.0007719687419012189,0.00022730625641997904,-0.0009620997589081526,-0.0009903176687657833,1.2380907719489187e-05,0.0009008693741634488,0.0003878598508890718,-0.0014703477500006557,-0.0002187453501392156,-4.349467417341657e-05,-0.0004421097692102194,-0.0002109759661834687,0.0008126664906740189,-0.0006088494556024671,0.0011545231100171804,-0.0010103301610797644,0.0009801442502066493,-0.00032998755341395736,0.0011924630962312222,-0.0011744311777874827
dose8k_B_s0,00071.png,-0.0012079427251592278,-0.0004739380383398384,0.00028127938276156783,-0.0008320014458149672,0.0003987275413237512,-0.0003152753342874348,-0.00043800388812087476,4.481499217945384e-06,0.00013002764899283648,-0.0003708027070388198,0.0002088449546135962,-9.087450598599389e-05,0.00069229252403602,0.0003942604816984385,0.0021482829470187426,0.0012380635598674417,0.0011463125701993704,0.00030428371974267066,-0.0007110820733942091,-0.00032211982761509717,-0.00043070229003205895,-0.00014738563913851976,-3.418247797526419e-05,-0.0009371216292493045,0.0027769976295530796,-0.0008441773243248463,-0.0009935946436598897,0.0016617176588624716,0.0006833264487795532,0.0004380033351480961,0.0004862054483965039,-9.481774759478867e-05,4.1996463551186025e-05,0.0005094466614536941,0.001214758725836873
dose8k_B_s0,00072.png,9.578582103131339e-05,0.00017674326954875141,-0.0005628449725918472,0.0017313531134277582,-0.0009897062554955482,0.00022334230015985668,-0.00024359766393899918,0.0013570176670327783,0.0002418306248728186,-0.0002737432951107621,6.527961522806436e-05,-0.00010498993651708588,1.1858621292049065e-05,0.0005540359998121858,0.001327881240285933,0.0005222968175075948,0.0002725865051615983,0.00010399025632068515,-0.0007031901041045785,-0.0015162874478846788,-0.0009224242530763149,-0.00016251124907284975,-0.0006171116256155074,0.00026913502370007336,-0.00013733477680943906,0.00010135993943549693,0.00023325372603721917,0.0005378928035497665,5.367491394281387e-05,-0.00011501832341309637,0.00042745002429001033,0.0013271275674924254,-0.0002838000073097646,-0.0005808781133964658,0.0010670640040189028
dose8k_B_s0,00073.png,2.3461401724489406e-05,-0.0007668502512387931,0.0003618465270847082,-0.0023916743230074644,0.0006970061222091317,-0.0016990016447380185,-0.00033816625364124775,0.0004228345933370292,0.0004940723883919418,0.000684638973325491,0.0008509884937666357,-0.000499457644764334,0.0003488014335744083,-0.00044485414400696754,0.0003779481048695743,0.00014274395653046668,0.00045425197458826005,0.0016364994226023555,-0.0003118117165286094,-0.001161890453658998,-0.0005285501829348505,0.0014867536956444383,-0.0007500435458496213,-0.000281404034467414,-0.0004673966905102134,0.00011383473611203954,-3.8140249671414495e-05,0.0019335150718688965,-0.0006224110838957131,0.00034017348662018776,-0.0004152818291913718,0.0006614724989049137,0.000612923875451088,-0.0006473318790085614,-0.0005484996363520622
dose8k_B_s0,00074.png,-0.0020736835431307554,-0.0006566610536538064,-0.0013390046078711748,-4.588364390656352e-05,0.001666574738919735,-0.0010100993094965816,-0.00044748574146069586,-0.0008373286691494286,0.0006739772506989539,0.0008717529126442969,0.0017508043674752116,-0.0006838467088527977,0.0006515727145597339,0.0001719251013128087,-0.00031024686177261174,0.0005461525870487094,0.00015912043454591185,-0.0004769996739923954,-0.00026512029580771923,-0.00015993841225281358,0.0009193037403747439,-0.0015128926606848836,-0.001635077758692205,-0.0008375455508939922,0.0009469423675909638,-0.00040987919783219695,0.00035044614924117923,-0.0002762492804322392,0.001639945083297789,-0.0007808642694726586,-0.0016408198280259967,0.0007167175645008683,0.00154817511793226,-0.0013822369510307908,1.8907076082541607e-05
dose8k_B_s0,00075.png,0.00011497364175738767,-5.178498031455092e-05,0.001966305775567889,-0.001992301782593131,-0.0002771447761915624,-0.00011233708210056648,-0.0017173737287521362,0.0017168422928079963,0.0002789300633594394,0.00042245822260156274,0.00034955289447680116,0.0010427897796034813,0.0014328850666061044,8.489900210406631e-06,-0.002691557863727212,5.054268694948405e-05,-0.0008978283149190247,-0.0007958841742947698,0.0021521877497434616,0.0006858772831037641,0.0008603307069279253,-8.608647476648912e-05,0.00023185367172118276,0.002056620316579938,-2.0335261069703847e-05,0.00044850114500150084,-0.002161141950637102,-0.0007880961056798697,-0.0004949416033923626,-0.0013480979250743985,-0.0003104918578173965,-0.0006751006003469229,-0.000297174061415717,0.00024032774672377855,-0.0006475092959590256
dose8k_B_s0,00076.png,-0.0002359081117901951,-0.001006388571113348,-0.0004916631150990725,0.00029990868642926216,-1.2586169759742916e-05,0.0002427673462079838,0.00011595201794989407,-0.00042726885294541717,-5.821520971949212e-05,-0.0008854636107571423,0.000611701630987227,0.0012211294379085302,-0.0016412683762609959,-0.0010514032328501344,0.0006228626007214189,0.0018273586174473166,0.00042863161070272326,-0.0013946485705673695,-0.001146094175055623,0.00037729230825789273,-0.0004305577604100108,0.00024338312505278736,0.0010394310811534524,0.0006061123567633331,0.000650731089990586,0.000552006415091455,2.512994069547858e-05,0.0003694035403896123,-8.617447747383267e-05,0.000698945252224803,-0.0010526777477934957,-0.0006446961779147387,-0.0001374643761664629,-5.313459041644819e-05,-0.0008152573136612773
dose8k_B_s0,00077.png,-0.00025323950103484094,-0.0007445491501130164,-0.0003423986490815878,-0.0017044212436303496,-0.0014886806020513177,-0.0018166075460612774,0.00142830575350672,-0.000779739290010184,-0.0011358177289366722,-0.002069164765998721,-3.47032182617113e-05,-0.00017166179895866662,-0.0009172510472126305,0.0008014018530957401,-0.0007827048539184034,0.0010612786281853914,0.00044179960968904197,0.0010515013709664345,-0.0010448525426909328,-0.0009127033990807831,0.0018559747841209173,-0.0012517353752627969,-0.0005213077529333532,-0.0009229322895407677,0.00043913532863371074,0.00040816018008627,-0.0003665811091195792,-0.00015424953016918153,0.0005731130368076265,0.000534255348611623,0.0013712560757994652,0.0008144968887791038,7.500292122131214e-05,0.000657984463032335,-6.483016477432102e-05
dose8k_B_s0,00078.png,-0.0012238919734954834,-0.00021996429131831974,-0.0001080712754628621,0.002645746571943164,0.0011780133936554193,-0.00021274376194924116,0.0003555147268343717,0.0003933076513931155,-5.737935134675354e-05,0.0011120398994535208,-0.0002471064799465239,0.001898229937069118,-0.0008500029798597097,-0.00010111559822689742,-0.0009716454660519958,-0.00039710322744213045,6.425386527553201e-05,8.017354957701173e-06,0.0004191252519376576,-0.0014654439873993397,0.0002426308928988874,-0.0010629554744809866,0.00033346659620292485,-0.0018634711159393191,0.0001318510912824422,0.0012697404017671943,-0.0012264198157936335,0.0004576520586851984,-0.0016261322889477015,0.00025619970983825624,0.0003951400285586715,0.0010999188525602221,-0.0010141630191355944,0.0008658940787427127,0.00013805179332848638
dose8k_B_s0,00079.png,-0.00041397070162929595,9.023357415571809e-05,0.001118185929954052,-0.00045528713962994516,0.0016044842777773738,-0.0001426708622602746,-0.00047185938456095755,0.00046819992712698877,0.0020226396154612303,-0.0002615037956275046,0.0009103902848437428,0.0009941457537934184,0.0006522914045490324,-0.000676239375025034,0.000650735863018781,-0.00036752279265783727,-0.00015763071132823825,0.0004072240844834596,-0.0010663052089512348,-0.000320744322380051,-0.0008894337806850672,0.0005164244212210178,0.00032189791090786457,-0.0006227517733350396,0.00048060063272714615,0.0005188126233406365,-0.0005374103784561157,0.0005135610699653625,-0.0015022545121610165,0.000708366627804935,-0.0004454859590623528,0.0009044887847267091,0.0002817768545355648,-0.0005640068557113409,-0.0013086237013339996
dose8k_B_s0,00080.png,-0.0006740377866663039,-0.0007327366038225591,-0.0016902637435123324,-0.0005124980234540999,0.0016837564762681723,0.0012478064745664597,-0.0024326108396053314,0.0003725082497112453,-0.00017983942234423012,-0.00015511499077547342,0.00019443476048763841,-0.00015943514881655574,-0.0009280236554332078,0.0006389142945408821,-0.0007543152314610779,0.0003518053563311696,-0.00010754361574072391,-0.0008227573707699776,0.0007973999017849565,3.607455801102333e-05,0.0007787243230268359,0.00023047206923365593,-5.7219564041588455e-05,-0.00014985460438765585,0.0007790712406858802,0.0004988042055629194,-0.0012312139151617885,-0.00027300810324959457,0.0007242092397063971,-0.0010516553884372115,-0.0007836580043658614,0.0003003764431923628,-0.0009193528676405549,0.001754060504026711,0.000674133887514472
dose8k_B_s0,00081.png,0.0007700196583755314,1.984577829716727e-05,-0.0013395966961979866,0.002424095291644335,-0.00020317068265285343,0.0002648194204084575,0.00041131049511022866,0.00040780380368232727,0.0001422386267222464,-0.00134045141749084,0.001402830588631332,0.0014568851329386234,-0.0005406531854532659,7.732903031865135e-05,0.000954357092268765,0.0004045572713948786,0.0005304749356582761,0.0011809368152171373,-0.0010445609223097563,-0.0018755849450826645,0.001217247569002211,0.00046121509512886405,-0.00039693439612165093,0.0013020588085055351,0.0011615771800279617,0.0007553548784926534,5.132118894835003e-05,0.00013106358528602868,0.0006932668038643897,0.000381240010028705,-0.0006035207188688219,-0.00018572383851278573,-0.0005014894413761795,0.0009882848244160414,0.00011003415420418605
dose8k_B_s0,00082.png,0.001085789524950087,-0.00043221350642852485,-0.00012635366874746978,0.0010025708470493555,6.093677075114101e-05,-0.0009803974535316229,-0.0004737106501124799,-9.336278708360624e-06,0.00040437025018036366,-0.0005069688777439296,-0.0008251481340266764,6.008290802128613e-05,0.0012529667001217604,0.0001545377162983641,0.0004163677804172039,0.001074839849025011,0.000897912192158401,-0.00014654704136773944,0.0010308336932212114,0.00025811183149926364,0.0006651934236288071,0.0006013631937094033,-0.0005717871827073395,0.0003035262634512037,-0.0008570235804654658,-0.00010330345685360953,-0.00044288343633525074,-0.0002922018466051668,4.6468736400129274e-05,-0.0015297535574063659,-0.0013478229520842433,-0.0006223758100531995,4.54267137683928e-05,-0.00037938071181997657,2.4381752155022696e-05
dose8k_B_s0,00083.png,0.0004596284998115152,0.001289557432755828,0.0005568029009737074,-0.0020850992295891047,-0.0013857439626008272,0.0012790894834324718,-0.0005224104388616979,-0.0008156586554832757,-0.0015154847642406821,-0.0010654752841219306,-0.0011268134694546461,0.00045491635682992637,0.0005181594169698656,-0.00019824256014544517,7.861750054871663e-05,-0.000778557441662997,-0.0002691042027436197,-0.0004603564739227295,9.550621143716853e-06,-0.00040936697041615844,-0.00045005715219303966,-0.0007417659508064389,0.000292128388537094,-0.0009718012297526002,0.0003953228297177702,0.0017371104331687093,8.901618275558576e-05,-0.0004334348486736417,-0.0006999221513979137,0.0006427962216548622,0.00047155687934719026,0.0003611270512919873,0.0007304797181859612,0.0006240025395527482,6.993291026446968e-05
dose8k_B_s0,00084.png,8.607640484115109e-05,0.0015530309174209833,-4.479975541471504e-05,0.001740761916153133,0.0034091670531779528,-0.00033982182503677905,0.0019950764253735542,-0.0005878903903067112,-0.0005717359599657357,-0.0002314509474672377,0.0003067732322961092,0.0005485910223796964,0.0007261249702423811,0.0012240975629538298,-2.8111518986406736e-05,0.0005375586915761232,0.0015454040840268135,0.0003393142542336136,0.0005355157773010433,0.0010830016108229756,-0.0010026529198512435,-0.0002851123281288892,-0.0010593371698632836,-0.0009164481307379901,-0.0006536318105645478,-0.00012020623398711905,-0.0005757973995059729,0.0002080104168271646,0.0006212614243850112,0.0012252937303856015,-0.0009566934313625097,-0.0004368402296677232,-0.0006804042495787144,0.0005689329118467867,-0.0006323933484964073
dose8k_B_s0,00085.png,-0.001544271712191403,-0.0006715604686178267,-0.0027093624230474234,-0.0013096875045448542,-0.000739800336305052,0.0014498705277219415,0.0008088683243840933,0.0008960152044892311,-0.00020650152873713523,0.0005792304873466492,0.0014161725994199514,0.0006582696223631501,-0.00045584861072711647,0.001034471089951694,6.135489820735529e-05,-0.0007924498058855534,0.0010443588253110647,0.0006164187216199934,-9.604728256817907e-05,-0.00027223784127272666,-4.5839256927138194e-05,-0.00023784892982803285,0.00012815023364964873,0.0015186930540949106,-0.0013619641540572047,-0.0007824096246622503,-0.0014210680965334177,-0.000530165561940521,-0.0005833911127410829,-0.00025102481595240533,-0.0010320917936041951,0.0005138030974194407,-1.7143100194516592e-05,-0.0006139451870694757,-0.0008737761527299881
dose8k_B_s0,00086.png,4.216649540467188e-05,-0.00021540766465477645,0.0008590814541094005,-0.00039468941395170987,0.000525941897649318,0.0002713459252845496,8.222454198403284e-05,-0.0015668347477912903,0.0008841396775096655,0.0010553344618529081,0.0008422687533311546,-0.00046329229371622205,0.00044472934678196907,0.00016534360474906862,-0.0004047938564326614,0.0005807971465401351,-0.0006313041085377336,-0.0012450681533664465,0.0009691892191767693,-0.0001619999820832163,-0.00012037248234264553,7.411483966279775e-05,0.0007826178916729987,0.00030202968628145754,-0.0015189179684966803,-0.00028266903245821595,-0.0004359447048045695,0.0007203288259916008,0.0007901027565822005,-8.849286678014323e-05,0.000265185022726655,-0.00038061608211137354,7.266610191436484e-05,-0.0007658616523258388,-0.0007966189878061414
dose8k_B_s0,00087.png,-0.0004549111472442746,-6.392468640115112e-05,-0.0006269975565373898,0.0006664035026915371,0.00042566945194266737,0.0009961986215785146,-0.0005835163756273687,0.0005910528707318008,-1.5108002116903663e-05,0.0002911057381425053,-0.0012273445026949048,0.0004923680680803955,-0.0009460544679313898,0.0007314520771615207,-0.0009416700340807438,0.0006953905103728175,0.0007271822541952133,-0.0006888346397317946,-0.0005343867233023047,0.0010058339685201645,3.293755435151979e-05,0.0009583303472027183,0.0007643604767508805,0.0007880561170168221,-0.0008574258536100388,-0.0005080850678496063,0.0008548311307094991,0.0012460214784368873,-0.0007757356506772339,0.0014200361911207438,0.0012934163678437471,-0.0008463197154924273,-0.0005946571473032236,0.0012172766728326678,-0.00026383018121123314
dose8k_B_s0,00092.png,0.0003636819892562926,-0.00020828309061471373,0.001361469505354762,-0.001515295822173357,-0.00030896704993210733,-6.331118493108079e-05,0.0004933234886266291,0.0003011521475855261,0.0008798482012934983,-0.00014720509352628142,-0.0005269020912237465,0.0010284384479746222,-0.0014912686310708523,-0.00013924157246947289,0.0010281216818839312,-0.0011345219099894166,0.0009672455489635468,-0.0007437533349730074,-0.00023693463299423456,0.0008804078679531813,-0.00033597994479350746,0.00026795206940732896,0.0002726450329646468,0.00028273649513721466,-0.0009828803595155478,-0.00062048394465819,-0.0012040834408253431,-0.0012244953541085124,1.7380625649821013e-05,0.00044595327926799655,0.00011960486153839156,-0.0005802268860861659,0.0011509563773870468,0.0009090249659493566,-3.7162146327318624e-05
dose8k_B_s0,00093.png,0.0003078856389038265,0.0006335315410979092,-0.00035546490107662976,-0.0009583866340108216,0.0002799194189719856,-0.001495327684096992,-0.0004470840794965625,-0.0011484359856694937,0.00029349728720262647,-0.00044391609844751656,0.0007563635590486228,0.0004658192046917975,-0.002224790630862117,-5.037637674831785e-05,-0.0012937526917085052,-0.00019332928059156984,-0.00037005956983193755,-0.0009714181069284678,0.0009944358607754111,0.0008320881170220673,-0.0020720078609883785,-8.530866034561768e-05,-0.0005807573907077312,0.0002635366399772465,0.0017940057441592216,9.919431613525376e-05,-0.0010460009798407555,-8.250655810115859e-06,-0.0006629095296375453,-0.00013137163477949798,-0.00026644885656423867,-0.0001954840263351798,-0.0008655618876218796,0.0025691958144307137,0.00020746087830048054
dose8k_B_s0,00094.png,-0.0011396054178476334,-0.0008577036205679178,-0.0006306199356913567,0.0009844357846304774,-0.0005075045628473163,0.0006627761176787317,0.0014313622377812862,0.000271003955276683,-0.0006264614057727158,-0.0017992245266214013,0.00034254035563208163,0.00029749804525636137,-0.00013316907279659063,0.0002553924568928778,0.001912129344418645,0.0003557959571480751,-0.0012397216632962227,7.937339250929654e-05,-0.0020233842078596354,-0.0013365682680159807,0.001143781584687531,0.001811521127820015,-0.00010766008927021176,0.00016856529691722244,0.0007865915540605783,-0.0005777362966910005,-0.0003307407023385167,-0.0010361340828239918,0.0009997719898819923,-0.00031183636747300625,-0.0009638512856326997,-0.0004414192808326334,0.0006347920862026513,0.0011577284894883633,0.0009680100483819842
dose8k_B_s0,00095.png,0.00010096033656736836,-0.0008084312430582941,0.0002206057688454166,1.614016764506232e-05,0.00012045168841723353,-0.001029946026392281,-0.0007624004501849413,-0.0007189143216237426,0.0012208082480356097,0.0006316888029687107,-0.0006789343315176666,-0.0008054040954448283,8.489624451613054e-05,0.0010813754051923752,-0.0009377275709994137,-0.0022919676266610622,-2.777154804789461e-06,0.0007281014695763588,-0.0008517901296727359,0.0025929545518010855,-0.0009863858576864004,0.00036115467082709074,0.0004885692032985389,-0.00032770997495390475,0.0001671867212280631,0.0002579128195066005,0.00082251155981794,-4.8295045417035e-05,-0.00011249302770011127,-0.0003854560200124979,0.0010111775482073426,-0.0006684487452730536,-3.614496745285578e-05,0.0012365843867883086,-0.0002847208234015852
dose8k_B_s0,00088.png,-0.0006705839768983424,-0.0007406444055959582,0.0008076015510596335,0.0003757363883778453,0.001865851110778749,0.0004389630339574069,0.0003655585751403123,0.0007159297820180655,9.175620652968064e-05,-0.00044375419383868575,0.0013061669887974858,-0.0010742307640612125,0.0014478275552392006,0.001261448604054749,-0.0017471987521275878,0.0005645392811857164,-0.0005450944881886244,0.0008325107046402991,-0.00015728187281638384,0.0008129822672344744,1.633166175452061e-05,-0.0017053155461326241,0.0018144643399864435,6.369061884470284e-05,-0.0006047632778063416,-0.0007315018447116017,0.0018262907397001982,-0.00010496032336959615,0.0007280007121153176,-0.0004510139406193048,0.0007078396738506854,0.0014658424770459533,-0.0018622137140482664,-0.0004681446880567819,-0.0005474570789374411
dose8k_B_s0,00089.png,0.0003621150681283325,0.00035072379978373647,-0.001965729985386133,-0.0002298101899214089,-5.6445383961545303e-05,0.00030308065470308065,-0.002300880616530776,-0.000926993612665683,0.0006926727364771068,0.00020196799596305937,0.0009777691448107362,-0.000900490558706224,-0.0009522035252302885,0.00020435053738765419,8.981557039078325e-05,-0.0006180041818879545,0.0005689768004231155,-0.002233892912045121,0.0004318369028624147,-0.00012261232768651098,6.41222795820795e-05,-0.000136253162054345,0.00026964774588122964,-0.0006506641511805356,-9.089512604987249e-05,0.0017551565542817116,0.0003085297648794949,0.0002677107695490122,5.250607500784099e-06,-0.0008872641483321786,0.0010232265340164304,0.0009494098485447466,3.679044311866164e-05,-0.0003438038984313607,-0.0008930211770348251
dose8k_B_s0,00090.png,0.00015147743397392333,-0.0005521340644918382,-0.0004751949745696038,0.002071506343781948,0.0020866848062723875,0.00025621269014663994,0.0014212403912097216,-0.00013632388436235487,0.0008741766796447337,-2.6145073206862435e-05,0.00011589200585149229,-0.00010047910473076627,-8.395851909881458e-05,-0.0012355801882222295,0.0011311243288218975,-0.0006995594594627619,9.776588558452204e-05,0.00031372939702123404,0.00032292029936797917,0.0003735592181328684,-0.00038731619133614004,-0.00046845836914144456,-0.000673063041176647,0.0004372457624413073,-3.868804014928173e-06,-0.0011529671028256416,0.0014404456596821547,0.0005971381324343383,0.001092991209588945,0.0007033277070149779,-0.0007560889353044331,0.0008843737305141985,0.00014576911053154618,0.000845693051815033,0.0008434866322204471
dose8k_B_s0,00091.png,-0.00011979260307271034,0.00011727050878107548,0.000507252523675561,0.0009095761924982071,-0.0006649495917372406,-0.0012050742516294122,-0.0019794253166764975,0.0002575070830062032,-0.00041262569720856845,-0.00022462163178715855,0.0007454062579199672,-0.00037689402233809233,-0.0009172273566946387,0.0004338363651186228,-0.0005965093150734901,0.0007493418524973094,-0.0007870181580074131,-0.0007907606777735054,-0.0011102533899247646,-0.0015805625589564443,0.0003672473831102252,-0.0005649204249493778,0.00096519646467641,-0.0006732139736413956,-0.0010077269980683923,0.00027754949405789375,0.0002920164552051574,0.0005291100824251771,0.0002655808930285275,-0.0009531193063594401,-8.251086546806619e-05,-0.0008125693420879543,-0.0010251732310280204,-0.00018144612840842456,0.0009130173712037504
dose8k_B_s0,00096.png,-0.0007660502451471984,0.0004981772508472204,-0.00027960381703451276,0.0013613039627671242,0.00011723436182364821,-1.9983738184237154e-06,0.00103040412068367,0.0013655629009008408,0.0006947491783648729,-2.4847377062542364e-05,-0.001735863508656621,0.0006687124841846526,0.00015036141849122941,0.0014759618788957596,-0.0010486466344445944,0.00026459930813871324,0.0006099229212850332,0.0003423841844778508,0.0005249145324341953,0.00018593991990201175,0.0005150322103872895,0.00029467372223734856,0.000975899922195822,-7.56823574192822e-05,0.0010537998750805855,0.00031916427542455494,0.0008757516043260694,0.001030817860737443,0.000517830834724009,0.001124233822338283,-0.00035539251985028386,0.0014891722239553928,-0.0012820037081837654,0.0002657283330336213,0.0005206093192100525
dose8k_B_s0,00097.png,0.0004806670476682484,0.0008181151351891458,-0.001505454769358039,0.0013899512123316526,-0.00047162221744656563,0.00010055668099084869,0.0011195767438039184,0.0005724027869291604,0.00023657854762859643,0.0001204150976263918,-0.0005452799960039556,-0.0017121550627052784,0.0012361810076981783,0.0003562032070476562,-0.0010746545158326626,-0.00014082742563914508,0.0005090781487524509,-0.000940258614718914,-0.0009630033164285123,-0.00046073130215518177,-0.0008281167247332633,-0.0015788108576089144,0.00013593882613349706,-0.0008545343880541623,0.0010070238495245576,0.0004644491127692163,-0.0004986204439774156,-0.0007235142984427512,-0.00018724374240264297,-0.0015881587751209736,-0.000839924905449152,-0.0004367959045339376,0.0021048865746706724,0.0010435504373162985,0.0007012845017015934
dose8k_B_s0,00098.png,-0.00022790898219682276,0.0006279822555370629,-0.001265859231352806,-0.0014162136940285563,-0.0016111722216010094,-0.0017739690374583006,0.0006663256790488958,-0.002905258908867836,0.0006677412311546504,0.0002639028534758836,-0.0018934400286525488,-0.0003257077478338033,-0.0008374244789592922,0.0018567695515230298,-0.0007841766346246004,0.00021409563487395644,-0.00048559874994680285,-0.0005269715329632163,0.0008021628600545228,0.0012849716003984213,-0.001352691906504333,-0.001003918587230146,0.0008234443375840783,0.0003369542246218771,-0.0009587318636476994,-0.0009722631657496095,0.0004770722589455545,-0.0002597625716589391,0.0011062318226322532,0.0006429776549339294,-0.0017977928509935737,-0.0007942308438941836,0.0007901747594587505,-0.00017258184379898012,8.610129589214921e-05
dose8k_B_s0,00099.png,-0.0011009451700374484,8.534484368283302e-05,0.000707297760527581,0.0014328743563964963,-0.002291993936523795,-0.0008849658188410103,-0.0017661252059042454,0.0006339389947243035,0.0009452428785152733,-0.0011918614618480206,-0.00030370696913450956,0.003210131311789155,-0.0013846491929143667,-0.0010154476622119546,-0.0009615177987143397,-0.00015822297427803278,-0.0006260427762754261,-0.00143664819188416,0.000744541292078793,0.00021801600814796984,8.103094296529889e-05,0.001699475571513176,0.0001125173585023731,-0.0002509038313291967,0.0009102295152842999,0.0020627626217901707,0.0004165579448454082,-0.0017940649995580316,-0.0003486698551569134,0.0007368475780822337,-0.00040141039062291384,7.475289021385834e-05,0.001574105117470026,0.0005540575366467237,0.00016131828306242824
dose8k_B_s0,00100.png,-0.0009333717753179371,-0.001046747318468988,-0.0003199231286998838,-0.0005739059415645897,0.00037224654806777835,-0.0003632943844422698,0.0007743717869743705,-0.0003113016136921942,0.0006703208782710135,-0.00031566646066494286,0.0004977710195817053,0.00010082923108711839,0.000390578992664814,-0.0015194837469607592,0.00015437506954185665,-0.0011507844319567084,0.0010684961453080177,0.0006285526906140149,-0.0006912705721333623,1.5744222764624283e-05,-5.608353603747673e-05,-0.00024770607706159353,9.306920401286334e-05,-0.0004724477475974709,0.0015932831447571516,-0.0016075590392574668,3.591283893911168e-05,0.0011886454885825515,-0.00025033706333488226,-0.0005112959770485759,-0.0009184346999973059,-0.0006289724260568619,-0.0016410311218351126,0.00027456050156615674,-0.0004786927020177245
dose8k_B_s0,00101.png,0.0003937747678719461,0.0006006961339153349,0.0009813447250053287,-7.302016911125975e-06,0.0016711693024262786,-0.0008378279744647443,-0.00010697529796743765,-0.0013699921546503901,7.001031917752698e-05,5.549601337406784e-05,3.2697142160031945e-05,0.0014057374792173505,0.0006886349292472005,0.0009354607900604606,-0.001003801473416388,0.0003293678746558726,-0.0004754653782583773,0.00029066079878248274,-0.00021487173216883093,0.000565779977478087,0.0014735085424035788,0.000476631335914135,0.0013519653584808111,0.0009773860219866037,1.0505808859306853e-05,0.0017250728560611606,0.0012780071701854467,-8.232422260334715e-05,0.00047943880781531334,-7.693916995776817e-05,-0.0006533372215926647,0.002518955385312438,0.0009210790158249438,0.001789721893146634,-0.00048657943261787295
dose8k_B_s0,00102.png,-0.00011687019286910072,0.0008258034358732402,-0.0010527470149099827,-0.0025105304084718227,9.119832247961313e-05,-5.6341632443945855e-05,0.0004998581716790795,0.0006399977137334645,0.0009246642584912479,-8.624480688013136e-05,2.061397572106216e-05,-0.0003024307079613209,-0.0007432837737724185,0.0017520925030112267,0.0015566463116556406,0.0005578789277933538,0.0002583885798230767,-0.0012255607871338725,-1.6395875718444586e-05,0.0013263418804854155,-0.00018653777078725398,-5.892015542485751e-05,-0.0007776145939715207,0.0018454946111887693,0.000804724229965359,-0.00018394584185443819,-0.0007894122391007841,-0.00012523337500169873,-0.001233436050824821,-5.96106838202104e-05,0.0008047234150581062,-0.00019818283908534795,0.0004807550576515496,0.0010294521925970912,-0.0006002034060657024
dose8k_B_s0,00103.png,-0.0001861468335846439,0.0002792964514810592,-0.00021407625172287226,0.0007010718109086156,-0.000762030016630888,5.662850890075788e-05,0.0003102092305198312,0.00022895776783116162,0.00041693903040140867,-0.0005126165342517197,-0.0008496863883920014,0.0006076194695197046,0.0008360493229702115,-0.0012178776087239385,0.0005156079423613846,0.0007024866645224392,-0.00022181002714205533,-0.000823437119834125,-0.0013123656390234828,-0.00016357509593944997,0.00034870984381996095,-0.0009680730290710926,-0.0019432816188782454,-0.00019581071683205664,-0.0006692425813525915,0.0002678494493011385,-0.00047189221368171275,-0.0009432673105038702,-0.0018208983819931746,0.0006069164955988526,0.001065075513906777,-0.0002453004999551922,0.0006652745651081204,1.8787013686960563e-05,-0.0007795528508722782
dose8k_B_s0,00104.png,-0.00162495078984648,0.0004677695396821946,-0.001420728163793683,0.002081704791635275,0.0010305177420377731,-0.0015286423731595278,-0.0011619513388723135,-0.0005167640629224479,0.0005065437289886177,0.00031739994301460683,0.0018683767411857843,0.0007751247612759471,-0.0013591626193374395,-7.884213846409693e-05,0.00020260090241208673,-0.0001557265204610303,-3.287289655418135e-05,-0.0019985297694802284,-0.0012878351844847202,-0.0006770338513888419,-5.743230940424837e-05,0.0015739848604425788,-0.00032823768560774624,0.0010024785296991467,-0.0011006242129951715,0.0018035640241578221,0.0008267600205726922,-0.00044197385432198644,0.00200673914514482,0.0002037481899606064,-0.0006351746269501746,0.001419862499460578,-0.0016343260649591684,0.0005028486484661698,0.001595946028828621
dose8k_B_s0,00105.png,0.0010909184347838163,0.0013186990981921554,0.0008315079030580819,0.002126079285517335,0.00296713481657207,-0.0005143787711858749,-0.0003178618790116161,-0.0009850338101387024,0.0006783993449062109,0.0007445616065524518,-0.0007378915906883776,6.088707596063614e-05,-0.0007543484098277986,-0.0006276854546740651,-0.0005593883106485009,0.000619028985965997,0.0007885902305133641,-0.000898344034794718,-7.745323819108307e-05,0.0003608246042858809,-0.0008042744593694806,0.0027433892246335745,0.00027047062758356333,-0.00018850334163289517,0.0011597586562857032,-0.00018326178542338312,0.0007253684452734888,0.0003470299707259983,-0.00037081443588249385,0.002112796762958169,-8.674762648297474e-05,-0.0017248184885829687,-0.0005516184028238058,-0.0005407717544585466,-0.0007474861340597272
dose8k_B_s0,00106.png,0.0017403580714017153,0.0009826587047427893,-0.0007104006363078952,0.00010948021372314543,-0.0005253729759715497,0.0003304721030872315,0.0012107696384191513,-0.00019972493464592844,0.0003158991748932749,0.0009265861008316278,-0.0009100207244046032,0.001140883774496615,0.0002568882773630321,-0.000395226466935128,0.00031732916249893606,-8.10557248769328e-05,-0.0009634176385588944,0.00025067938258871436,0.0004729415231849998,0.0018919843714684248,0.0001843092031776905,0.0006779140094295144,0.00011623616592260078,0.0008953640353865921,-0.0010256193345412612,0.00010758477583294734,-0.0007607100415043533,5.73862052988261e-05,-0.001431032083928585,-0.001260411343537271,4.926037945551798e-05,-0.000164411700097844,0.001529883244074881,-0.0011615166440606117,-0.0005310559645295143
dose8k_B_s0,00107.png,-0.0015080111334100366,-0.00040171772707253695,-0.000620637962128967,0.0013581441016867757,-0.00036690421984530985,-0.0017460541566833854,0.0007291007204912603,0.0011686170473694801,0.0005367561243474483,-0.0014311338309198618,0.0009446961339563131,-0.00036839087260887027,0.00042605513590388,-0.001698068343102932,-0.00015832415374461561,0.0014960645930841565,0.0009276625933125615,-1.575688111188356e-05,-0.0015458319103345275,-0.0011963616125285625,4.756934504257515e-05,-0.00025760772405192256,-0.0001772477407939732,0.00024055904941633344,0.00022726604947820306,0.00047161109978333116,-0.00036712014116346836,-0.00038896853220649064,0.001603850512765348,-0.0008080154657363892,-0.0016195089556276798,0.002202118281275034,0.00018782567349262536,0.001100904424674809,-0.0009927010396495461
dose8k_B_s0,00108.png,-0.0006280543748289347,-0.0008546208264306188,0.001707657938823104,0.0012153295101597905,0.000195950735360384,-0.0004644881992135197,0.0007237560930661857,-0.0014235342387109995,0.00034119407064281404,-0.0020838400814682245,0.0013126831036061049,0.0006000874564051628,0.0007880524499341846,-0.0005565654137171805,-0.0003034303372260183,5.716405212297104e-05,0.0007088748971000314,-0.0001184233115054667,-6.046121416147798e-05,-0.001026871264912188,-3.645968536147848e-05,-0.0008578958222642541,0.0012206537649035454,0.0018104435876011848,-0.0005980539135634899,0.0016948203556239605,-0.0012959664454683661,-0.00028445100178942084,0.0018646024400368333,-0.0010482226498425007,-0.0013894190778955817,-0.0005987612530589104,-0.0008839747752062976,-1.6634418216199265e-06,-0.0003845113096758723
dose8k_B_s0,00109.png,-0.0002609497751109302,-0.0005012662732042372,-0.0002596644626464695,-0.00036492227809503675,-0.00036881546839140356,0.0007749100914224982,0.00019574321049731225,0.0009337051305919886,-0.0006233903113752604,-0.0005789976567029953,-0.0009190841228701174,0.00034096636227332056,-0.00011246981739532202,0.0003450395888648927,0.001774728880263865,0.0009875961113721132,-0.0006753042107447982,0.000923971994780004,0.0013002660125494003,-0.00027806806610897183,-5.724936636397615e-05,-0.000149310493725352,-0.0009851893410086632,-0.00031205371487885714,0.0006489089573733509,-0.0006375129451043904,-0.00028723315335810184,0.00023157670511864126,-0.0006074685952626169,0.00041641632560640574,-0.0004795346176251769,-0.00038246120675466955,-0.000683366961311549,0.00016505568055436015,0.0019699193071573973
dose8k_B_s0,00110.png,0.00018070070655085146,0.0002904890279751271,-0.0004179032112006098,-0.0010332445381209254,0.0008188243955373764,-0.00012749402958434075,0.0013957580085843801,-4.770281884702854e-05,0.0014588928315788507,0.00033350748708471656,0.000300712970783934,-0.0004759371804539114,0.0003661698428913951,0.0015030783833935857,-0.0003227809793315828,-0.0021162463817745447,0.00031188607681542635,0.0006779776304028928,0.000735442154109478,-0.0016238507814705372,-0.0004603548441082239,-0.0012742821127176285,0.002120367018505931,-0.0009946022182703018,-0.0009544441127218306,0.0008089480106718838,0.0006831031059846282,-0.0006761706899851561,0.00016443281492684036,0.0005462933331727982,0.00041827946552075446,0.00023655855329707265,-0.00031348393531516194,0.001974273007363081,0.00027370976749807596
dose8k_B_s0,00111.png,0.00018266422557644546,-0.0004977092030458152,-0.0006596427410840988,0.0013232397614046931,0.0012996477307751775,-0.0008561317226849496,0.0019428911618888378,0.0016464302316308022,-0.0005534302326850593,-0.001048996695317328,-0.00012837618123739958,0.0001090588848455809,-0.0007737242849543691,-0.0005027605220675468,-0.001108647556975484,-0.0006505053606815636,-0.00020006709382869303,-0.0006763931014575064,0.0002254619903396815,0.0008712621056474745,0.00040410924702882767,-0.00011248092778259888,0.00048233187408186495,-0.00018505648768041283,-0.0010048914700746536,0.0006748446030542254,0.0011958989780396223,-0.0008907253504730761,-0.00044826159137301147,0.0020127121824771166,0.0005490900366567075,-0.0005962075083516538,-0.0006890837103128433,0.0013820325257256627,-0.0006212288280948997
dose8k_B_s0,00112.png,0.0008274838328361511,0.0006925474153831601,0.0005671417457051575,0.0001710010110400617,-0.00017585940076969564,0.0008173673995770514,-0.0007257637334987521,-0.000886701513081789,0.0006622700020670891,0.0006202926160767674,-0.00022215732315089554,0.0014902630355209112,3.94009766750969e-05,0.0008596148109063506,0.0009564433712512255,-0.0007179314270615578,0.00023926130961626768,0.0006977528100833297,-5.2715007768711075e-05,-0.00012522944598458707,0.000859859399497509,-0.00011719237954821438,-0.001943431794643402,-0.0001633146166568622,0.0007545332773588598,-0.0003399341076146811,-0.0004924552631564438,0.00021306786220520735,-0.00016223551938310266,0.00048092356882989407,-0.0004641127889044583,-0.0003129757824353874,0.0013886205852031708,0.001475512282922864,-0.00031236966606229544
dose8k_B_s0,00113.png,0.0003737253719009459,0.0003009115462191403,-0.00046795918024145067,-0.0013929647393524647,-0.0013486620737239718,0.001439834595657885,-0.0007230494520626962,-0.00017564947484061122,0.0007382716285064816,0.0003229547874070704,0.00039780011866241693,6.106539512984455e-05,0.0004979946534149349,0.0009084960329346359,5.290272747515701e-05,-0.0003509548550937325,-0.0012684102402999997,0.000777015055064112,-0.000552592275198549,-0.0009506226633675396,-0.00033346819691359997,-0.0025929620023816824,0.0005596142145805061,0.0004954609903506935,-0.0013867408270016313,0.0013627742882817984,-8.005899871932343e-05,0.0003418182604946196,0.0008509107283316553,7.037517934804782e-05,-0.0003751699114218354,-0.0006354597862809896,-0.001891175052151084,9.768715244717896e-05,-0.0005650216480717063
dose8k_B_s0,00114.png,0.00041409864206798375,-9.837254765443504e-05,0.0010308163473382592,0.0005799224600195885,0.0005142486770637333,-0.00046079419553279877,0.0002518122782930732,-0.00012629157572519034,8.897273801267147e-05,0.00018638832261785865,-0.0005924350116401911,0.0010896992171183228,-9.244023385690525e-05,-0.0023790837731212378,-0.0004981962265446782,0.0010385464411228895,-0.0012789078755304217,0.0008516858797520399,-0.0017620620783418417,0.0005168562638573349,-0.0005828728317283094,0.0018399606924504042,0.0008655095007270575,-0.0011452852049842477,0.0002334181626792997,-2.1096429918543436e-05,-0.0004991733003407717,-0.0006059282459318638,0.0012563164345920086,-0.000590757408645004,0.00011950737098231912,-0.0009822790743783116,0.00023760371550451964,-0.0014937634114176035,-0.000500149792060256
dose8k_B_s0,00115.png,0.0002807180571835488,0.0010000277543440461,-4.362904655863531e-05,0.0012737441575154662,0.00017538462998345494,-0.00044130851165391505,-9.881958249025047e-05,0.0013516379985958338,-2.236057753179921e-06,-0.00016438269813079387,0.0008698407909832895,-0.0009094843408092856,-0.0012266661506146193,0.0009652581065893173,0.0006865978357382119,0.0009755443315953016,-0.0007042564102448523,0.00014294995344243944,0.00045279465848580003,0.001010340522043407,-0.0013867533998563886,-0.0004615606158040464,-0.0005440093809738755,-0.000990915228612721,0.0002709258405957371,0.00035276368726044893,4.5430762838805094e-05,-0.001393119222484529,-0.00030613644048571587,0.0005356636829674244,-2.854745434888173e-05,-0.0009796310914680362,-0.00042077864054590464,-0.000615823722910136,0.0008308396791107953
dose8k_B_s0,00116.png,0.0006518106092698872,0.0021567170042544603,0.00037147777038626373,0.0007147977012209594,0.002181610558182001,0.0005729906260967255,0.00011708217061823234,0.00025892784469760954,-0.0011045003775507212,0.0012700544903054833,-0.00037868740037083626,-0.0004726277256850153,-0.0004526274569798261,-0.001763633219525218,0.0002412246394669637,-0.000482961448142305,-0.00046638454659841955,0.001426072558388114,0.0011965696467086673,0.0009290351299569011,0.0004982089740224183,0.00026589856133796275,-0.0008444872801192105,-0.0009336238726973534,-0.0014877449721097946,0.0007499201456084847,0.00024774024495854974,0.00017630861839279532,-0.0008791591972112656,-0.00050930684665218,-0.00113869144115597,-0.0003212123701814562,-0.0006230123108252883,0.00023746797523926944,0.001101821311749518
dose8k_B_s0,00117.png,0.00043886335333809257,9.60720208240673e-05,-0.0011682937620207667,-0.0013341594021767378,0.0023801112547516823,0.0010250222403556108,0.0004171273030806333,-0.0005803240928798914,0.0007416298030875623,-3.822699000011198e-05,0.0002860872191376984,-0.00036289627314545214,-0.0003529094683472067,0.0014398242346942425,0.0013725882163271308,0.0010988116264343262,0.00022621477546636015,0.0012300040107220411,-0.0002624640765134245,-0.0014185694744810462,0.0007654581568203866,0.0014153731754049659,0.0014089118922129273,-0.0005560328136198223,-0.0007663445430807769,0.000468358863145113,0.001341124065220356,-0.00018492341041564941,0.00040686261490918696,-0.001251707784831524,4.5830725866835564e-05,-0.0006359037361107767,-0.00021463668963406235,7.694397027080413e-06,0.0009836297249421477
dose8k_B_s0,00118.png,0.00024654791923239827,0.001512255403213203,-0.00052552146371454,-0.00011896247451659292,-0.0017632396193221211,-0.0016973268939182162,0.0006129775429144502,-0.0006968125235289335,0.0009031223016791046,0.00011980993440374732,0.0004272101214155555,-0.0008877302170731127,-0.002095424570143223,0.0003662645467557013,0.0019504021620377898,-0.0008985314634628594,-0.00014565055607818067,0.000677398347761482,-0.00228284508921206,0.00021830176410730928,4.6420100261457264e-05,0.00041529082227498293,0.00076286745024845,0.0013555167242884636,0.0007845566142350435,-0.000996654387563467,-0.0011286650551483035,0.0003877308627124876,4.8664514906704426e-05,-0.0010104798711836338,-0.0012228192063048482,0.0006167577812448144,0.0006003460730426013,0.00033010129118338227,-0.0009937207214534283
dose8k_B_s0,00119.png,0.0004170963366050273,0.0010590063175186515,0.0007932529551908374,0.003144935006275773,0.0015352775808423758,5.419319677457679e-07,-0.0006255781627260149,-0.0004850091354455799,-0.00018382891721557826,0.00027783639961853623,-0.00011716105655068532,0.00021002352877985686,0.000305035529891029,8.758082549320534e-05,0.0003888944338541478,2.471648986102082e-05,-0.00031550994026474655,3.0888124456396326e-05,-0.0007070483989082277,-0.0001802941842470318,0.00036563980393111706,-0.00033581731258891523,-0.000995162408798933,-0.0002239911409560591,-0.00023998928372748196,0.00010151285823667422,-4.0128979890141636e-05,-0.000372324138879776,-0.0005423252005130053,0.0008636535494588315,0.00019620300736278296,0.000928741239476949,0.0004007834359072149,0.00022679926769342273,-7.543140964116901e-05
dose8k_B_s0,00120.png,-0.0002261184563394636,-0.00020715671416837722,0.0013671380002051592,0.0008888720185495913,0.0002896356745623052,0.0003546758380252868,0.0017936580115929246,0.0005429816665127873,0.000998753821477294,-0.0008113228832371533,0.0006145031657069921,-0.00037271121982485056,0.0009367597522214055,0.0010338373249396682,-0.0003706819552462548,0.0001252160145668313,0.0007536471239291131,-0.00126853387337178,-0.001141943852417171,-0.0002395251503912732,-0.00017603571177460253,0.00046942124026827514,-0.0001478638150729239,0.0015236540930345654,-0.0001594439527252689,-0.0015118682058528066,0.00036988157080486417,-0.000837668136227876,-0.002320655854418874,-0.0002855211205314845,-0.0007209884934127331,-0.0004333254473749548,-9.32059483602643e-05,0.0007915219757705927,2.7734378818422556e-05
dose8k_B_s0,00121.png,0.0003683650284074247,-0.00019914629228878766,-0.0014580143615603447,0.0012075138511136174,0.0011317012831568718,0.0010109030408784747,3.308646410005167e-05,-0.0005712010315619409,0.0004572014440782368,-0.0005794870085082948,0.0008031315519474447,0.00012223116937093437,-0.0014147765468806028,-0.0012295801425352693,0.00128809770103544,-0.00046643210225738585,-0.0007232673815451562,0.0004326233465690166,0.00034366012550890446,-0.0009600534685887396,-0.0008084302535280585,-0.0003529380774125457,0.0005523489089682698,0.0009675752371549606,0.00044794954010285437,0.001390618272125721,-0.0012101879110559821,0.0006530408281832933,0.00010688012116588652,0.0006139869219623506,-0.0004569148295558989,-0.0006160058546811342,0.0005087991012260318,-0.0004121395468246192,0.0005057416274212301
dose8k_B_s0,00122.png,-0.0005359043716453016,-0.0002989803906530142,0.00031377346022054553,-0.001643266179598868,-0.001152773736976087,-0.0005998563719913363,0.0007981202215887606,-0.0012378408573567867,-0.00031535772723145783,0.001234262716025114,-0.00043192633893340826,0.00014964463480282575,-0.001659810426644981,0.00034072334528900683,9.991408296627924e-05,-0.0010504174279049039,-0.0013955415925011039,0.00012099387822672725,-0.0006987025262787938,0.001333999214693904,-0.0008511306950822473,-0.0013277202378958464,-7.608368468936533e-05,0.0007924121455289423,-2.6235504265059717e-05,0.0013998872600495815,0.0002706561062950641,0.000683938676957041,0.0015499660512432456,-0.0002985539613291621,0.000721634307410568,0.0005953959771431983,-0.0012045127805322409,0.0008053177734836936,-0.00043501125765033066
dose8k_B_s0,00123.png,-0.00047488213749602437,-0.0004989982699044049,0.00011897685908479616,-0.0012464463943615556,0.0005351531435735524,5.7107383327092975e-05,-0.0009209275594912469,0.0004350213275756687,0.0007032660068944097,0.00011491781333461404,0.0006806869641877711,0.00014866648416500539,0.00039595822454430163,-0.001358242705464363,-0.0015860109124332666,-5.087782847112976e-05,0.0004877710889559239,0.0008057712111622095,-0.0014181360602378845,8.355060708709061e-05,-0.0002826768031809479,-0.0002720877528190613,0.0011556718964129686,-0.000319212005706504,-2.2237643861444667e-05,3.530292087816633e-05,0.0007533329771831632,0.00021252100123092532,0.0007589859305880964,-0.00036414468195289373,0.0007236147648654878,0.000652425573207438,-0.0026299620512872934,0.0006934701814316213,0.00022211490431800485
dose8k_B_s0,00124.png,-0.0002702463825698942,0.0009137237793765962,-0.0015861490974202752,0.0008165435865521431,0.001105847884900868,0.0006563349743373692,-6.672753806924447e-05,-0.0007015321752987802,0.0010697238612920046,0.0005896238144487143,0.0006177541799843311,2.5080311388592236e-05,0.00017389569256920367,-0.0006308266893029213,0.00015381746925413609,-0.0003313946072012186,-0.0005713615682907403,0.001323564094491303,0.0014498181408271194,6.99222000548616e-05,-0.00041571244946680963,0.0004692406510002911,0.0003399273846298456,0.0012178014731034636,0.0005339880590327084,0.00222679297439754,-0.0005206381320022047,-0.001592170912772417,-0.001276477356441319,0.0005457726074382663,-0.0003762164560612291,-0.0018635059241205454,-0.0005477442755363882,0.0004627194139175117,3.080951501033269e-05
dose8k_B_s0,00125.png,5.760967906098813e-05,0.0006329584284685552,0.0005685873329639435,-0.001380681642331183,0.0005153745878487825,0.0007404172793030739,0.00017114642832893878,-0.0004361664759926498,-0.0005112626822665334,-0.0005364337703213096,0.00025715294759720564,6.121403202996589e-06,-0.0003126547089777887,-0.0007001339690759778,-0.0006669103167951107,0.0010438314639031887,-0.0007808508235029876,0.0004170678439550102,0.0012476877309381962,0.0005353429587557912,-0.0005893968045711517,-7.26683356333524e-05,0.0012169150868430734,0.00024934843531809747,-4.166823055129498e-05,-0.0004574776685331017,0.00033547074417583644,-0.00013090722495689988,0.0007063314551487565,0.0004925209213979542,7.878871110733598e-05,-1.6152254829648882e-05,-0.0009710953454487026,0.0001414726721122861,0.0001975782070076093
dose8k_B_s0,00126.png,0.0006608818657696247,-0.00023349809634964913,-0.001519271288998425,0.0005237844306975603,-0.0013503500958904624,-0.0010313725797459483,-0.0004573816549964249,-0.001246931031346321,-0.00022034709400031716,0.0009483568137511611,0.0008100670529529452,-0.000451025232905522,0.0007926804828457534,-0.00043200451182201505,-0.0012347790179774165,0.0003617969050537795,0.00014716983423568308,-0.00010796052811201662,0.0009179232292808592,-0.0006260182708501816,0.0009522912441752851,-0.0008912425255402923,0.0004799453599844128,6.471783854067326e-05,0.000977435614913702,0.00023987231543287635,-0.0006879013380967081,-0.00015039733261801302,-0.0006600671913474798,-7.53952917875722e-05,0.0006563917850144207,-0.00033505342435091734,-0.0007572296890430152,-0.0003862057055812329,0.0013129918370395899
dose8k_B_s0,00127.png,0.0010627452284097672,0.0005680511239916086,0.0002689488173928112,0.0017278571613132954,-0.0024864450097084045,0.001983387628570199,0.00032743377960287035,0.0003867631312459707,0.00019681197591125965,-0.0012429555645212531,0.000461571995401755,0.0020113750360906124,-0.0006274437764659524,0.000491325045004487,-0.0016669966280460358,-0.0019192041363567114,0.0007587490836158395,0.0012072185054421425,-0.00103181938175112,0.0005049606552347541,-0.000351591530488804,0.0004801227478310466,-0.0005754109588451684,-0.0005509325419552624,-0.0006269917357712984,-0.00030929589411243796,0.0014494674978777766,-9.17758370633237e-05,0.0011504750000312924,-0.00013864650100003928,0.0009481435990892351,-0.0018281147349625826,-0.0014492054469883442,0.0001567087456351146,0.0006301607354544103
dose8k_B_s0,00128.png,-0.0006127713713794947,0.00042593872058205307,-0.0006565771182067692,0.0007630247855558991,0.00031654690974391997,-0.0007651714258827269,0.0009758012602105737,0.0006361916312016547,0.0018065738258883357,-0.0008055923390202224,0.0003199998172931373,-0.00013291691720951349,0.0015647235559299588,0.00045699893962591887,0.0006490023224614561,-0.0004923288361169398,-0.0006761659169569612,-0.00014278436719905585,0.001310631399974227,-0.0016075236489996314,-0.00043244348489679396,0.0003138523316010833,0.0004648185276892036,0.0006279273075051606,-0.0005661617033183575,0.0004530138394329697,-0.0018229110864922404,0.0012977183796465397,-0.0014514838112518191,0.00011337675823597237,-0.000591569987591356,-0.0010268583428114653,-1.9061628336203285e-05,-0.0014617269625887275,-0.0009550944669172168
dose8k_B_s0,00129.png,0.0007855492876842618,0.0012371344491839409,0.0007299117278307676,0.0008221063180826604,0.0012315813219174743,-0.00032876519253477454,0.000640535494312644,0.0006922227330505848,0.000714627152774483,0.0017121240962296724,0.0003400831774342805,0.0014343088259920478,3.3366522984579206e-05,0.0002015917416429147,0.0010588759323582053,-0.0009161060443148017,-0.0003504787746351212,0.00040563143556937575,-0.00043448287760838866,0.00013861330808140337,-0.00030234717996791005,-0.0008469805470667779,6.393400690285489e-05,-0.00030262311338447034,0.0005764201050624251,0.000450110383098945,-0.0008171874796971679,-0.0011196304112672806,4.8094003432197496e-05,0.00020364098600111902,0.0015636932803317904,-0.0005425825947895646,-0.0021858555264770985,0.00042709894478321075,0.0004629922623280436
dose8k_B_s0,00130.png,-0.0006489136139862239,7.122346141841263e-05,0.0003035994595848024,-0.0016576085472479463,-0.0011652143439278007,-0.0005694580031558871,0.00036155409179627895,-0.001002852339297533,-0.0003760908730328083,0.0004883432993665338,6.577724707312882e-05,-0.00043104321230202913,0.0012763290433213115,-0.0006230211001820862,0.0005766148678958416,-0.0012890561483800411,-0.000231514815823175,-0.0010660060215741396,0.0006433284725062549,0.00040659570368006825,0.0006403499282896519,0.00019857482402585447,0.0007415518048219383,-0.0005043631535954773,0.0010784155456349254,0.0005547094042412937,-0.0003035695990547538,0.000922313192859292,0.0001454937009839341,-6.236189074115828e-05,3.671287413453683e-05,0.0006731193861924112,-0.0012625071685761213,0.0011544490698724985,0.00024743968970142305
dose8k_B_s0,00131.png,-0.00037704900023527443,-0.0006434787064790726,-0.0007877044845372438,0.0013950882712379098,0.0016834404086694121,0.0021390311885625124,0.00018351753533352166,-0.0016400691820308566,-0.0001764835324138403,-0.0008269251557067037,-0.00023387883265968412,-0.0009691926534287632,-0.0010892377467826009,0.0012291495222598314,-0.0014312880812212825,0.001579031813889742,-0.00019659845565911382,0.0005176581325940788,-0.0005490745534189045,-1.6161129678948782e-05,-0.0005130955250933766,-0.00032006067340262234,-0.0016860240139067173,-0.0006414144299924374,9.81257253442891e-05,0.001191449468024075,-0.0015599355101585388,0.00021491425286512822,0.001388084259815514,-0.0007660521077923477,-0.0012639500200748444,0.0007345092017203569,-0.0002073175710393116,-0.00010610086610540748,0.00022602267563343048
dose8k_B_s0,00132.png,-0.0005870325840078294,-0.0003023698227480054,-0.0013742365408688784,-0.0007185605354607105,0.0016805253690108657,-0.0004929786082357168,9.712745668366551e-05,-0.0004173432243987918,0.0005659157759509981,-0.0001989566080737859,-9.823958680499345e-05,-0.001653315732255578,-0.0015040601138025522,-0.00023716292344033718,-9.048182255355641e-05,-0.0012593506835401058,-0.00041941727977246046,8.275637810584158e-05,0.0004862069617956877,0.0004137041396461427,0.0008206276106648147,0.0011368506820872426,-0.00023515197972301394,-0.00010815849236678332,-0.0015340354293584824,0.00047360494500026107,0.0002916766097769141,-0.0010158916702494025,0.0007427381933666766,0.0010343807516619563,-0.00021483593445736915,0.0007637343951500952,-0.0010797253344208002,-0.00015388017345685512,0.0005973935476504266
dose8k_B_s0,00133.png,0.00023312684788834304,0.0007956866174936295,0.00034660467645153403,0.0002796341432258487,0.0006572756683453918,-0.0004104279796592891,-0.0007778566214255989,5.3865147492615506e-05,0.0004766639322042465,0.0008016412612050772,0.0011318139731884003,0.0010670756455510855,-0.0006829340709373355,0.002428924199193716,0.00014726414519827813,0.00041031246655620635,0.0003268483851570636,-0.0005432064062915742,-0.0011835260083898902,0.0009471454541198909,-0.0007319495198316872,-0.0007936233887448907,0.00043329072650521994,-0.0010573338950052857,-2.420855516049869e-08,-1.0532452506595291e-05,0.0002564527094364166,9.328213491244242e-05,0.0002130402426701039,-0.00010279607522534207,-0.0003741313121281564,0.000734983419533819,0.002110020723193884,0.0008147434564307332,0.001767018693499267
dose8k_B_s0,00134.png,-0.0013706263853237033,-0.00152784853707999,0.0012101749889552593,0.002115945564582944,0.0024462954606860876,-0.0007484151283279061,-0.0006445942563004792,0.00038879545172676444,-0.00020294122805353254,-0.00048647323274053633,0.0001767644425854087,0.00024454196682199836,0.0002688308886718005,-0.0007624346762895584,-0.0004303885216359049,-0.0015334924682974815,0.0007611911278218031,0.0004348109941929579,0.000591522897593677,5.7495086366543546e-05,0.00016125731053762138,0.00021225005912128836,-0.00020562285499181598,-0.0009550650138407946,6.229364953469485e-05,-0.00021029058552812785,0.0004274329694453627,-0.0004873843863606453,-0.0014797187177464366,0.00012468967179302126,-0.00029924960108473897,-0.000578839797526598,-1.3382018551055808e-05,0.0007727947668172419,0.0009388315957039595
dose8k_B_s0,00135.png,-0.000942660728469491,0.0016083562513813376,-0.000701434793882072,-0.0006029079668223858,0.0013541020452976227,-0.0007557093631476164,0.0007326941122300923,-3.442961678956635e-05,0.0007142211543396115,-0.0012558791786432266,-0.00011693588749039918,-0.0011314994189888239,0.00022724526934325695,-0.00036830350290983915,-0.0011791381984949112,0.001144296838901937,-0.0004205443256068975,-0.0002931480703409761,-0.0014295827131718397,0.00011910399189218879,-0.0005125628667883575,-0.00025718880351632833,0.0018311698222532868,-0.0001181539919343777,0.00013069799751974642,0.0010148010915145278,-0.0015510707162320614,0.000985221704468131,0.0010122628882527351,-0.0003599003830458969,-0.0004451018467079848,0.0010620498796924949,0.0018393457867205143,0.0012126016663387418,0.00013051576388534158
dose8k_B_s0,00140.png,-0.0003054963890463114,-0.001360389869660139,0.000689796986989677,0.0009014811366796494,-0.0017436055932193995,-2.6459551008883864e-05,-0.0022171565797179937,6.214806489879265e-05,0.00178346608299762,0.0018669358687475324,0.00013993300672154874,0.0009365802980028093,0.0008107154280878603,-0.0005037733353674412,-0.00044034342863596976,0.000995570793747902,-0.0008000588277354836,3.8347836380125955e-05,-0.0007501064101234078,-0.00013315568503458053,-0.0011320908088237047,0.002389193745329976,-6.329259485937655e-05,-0.0001867489772848785,0.0004880629712715745,0.0011299075558781624,0.0009580046171322465,-0.00035440901410765946,0.00019577702914830297,-0.001324802404269576,0.0006791204214096069,-0.0004800190799869597,-0.0006844102754257619,0.0012768064625561237,-0.0003373885992914438
dose8k_B_s0,00141.png,0.0010837165173143148,0.0015184367075562477,-0.001108360243961215,0.0007064278470352292,0.0015666668768972158,5.7221965107601136e-05,-0.000446358259068802,-0.000376976648112759,0.001051410217769444,-0.0007072720327414572,0.0005409931764006615,-0.00027738665812648833,-0.0012326829601079226,0.0003646535915322602,-0.0010662826243788004,-0.000995136797428131,0.002693991642445326,-0.0010837354930117726,-0.00028535345336422324,0.00047041141078807414,-3.1146588298724964e-05,-0.0005634782719425857,-0.001667387899942696,0.0007884367369115353,0.0008331046556122601,-0.0009806547313928604,-0.00033023764262907207,-4.437968527781777e-06,0.0004465602105483413,-0.0005347784026525915,-3.683385148178786e-05,0.001479180995374918,0.0003159253392368555,0.0006030119839124382,-0.00018578325398266315
dose8k_B_s0,00142.png,-0.001024295692332089,-0.001687459065578878,0.0017578157130628824,0.00031863193726167083,6.788831524318084e-05,-0.0004487124097067863,-0.0007370524108409882,-0.001413580495864153,0.0014597768895328045,0.0010048903059214354,0.0012894016690552235,0.000649135559797287,-0.0009702209499664605,0.0018477372359484434,0.0004441969213075936,0.0013113677268847823,-0.0016211606562137604,-0.0006124654901213944,0.0005233462434262037,0.0011923963902518153,0.0006709743174724281,-5.6150875025196e-05,0.001044855802319944,-0.002018654253333807,-0.0001995355123654008,-0.0007540760561823845,0.0003002822631970048,0.00041999798850156367,0.0007731020450592041,0.00042252414277754724,0.0013416754081845284,0.0007290704525075853,-0.0019840653985738754,0.00016093363228719682,0.00011393277964089066
dose8k_B_s0,00143.png,-0.0007134395418688655,-0.0021528908982872963,0.0008480178657919168,-0.001036569126881659,-0.0017659289296716452,-0.0018796046497300267,-0.0014030039310455322,-0.0005072209169156849,0.001996813341975212,0.000355868338374421,-0.0008186837658286095,-0.0002290351694682613,-0.0005184962647035718,0.0001652218634262681,-0.00012526217324193567,-4.350641756900586e-05,0.0014015285996720195,1.4915839301465894e-06,-0.0004944338579662144,-0.0007358936127275229,-0.0005673852865584195,-0.0016650552861392498,0.0009065961348824203,0.00033635072759352624,-0.0005371347651816905,0.0007596104987896979,0.0012438808334991336,0.0005144514725543559,0.000333934323862195,0.0009697634377516806,-0.0012070818338543177,-0.0007892752182669938,-0.0007708670455031097,-0.0006059217848815024,0.0012357562081888318
dose8k_B_s0,00136.png,-0.0004284096066839993,-0.0009381381678394973,0.0004772495885845274,0.0011740634217858315,-0.0004425133520271629,-0.0013271202333271503,0.0006186463870108128,-0.00019154281471855938,-0.0006535128923133016,-0.000968440726865083,0.001409810152836144,0.0013453873107209802,0.00014866728452034295,0.00023428304120898247,-0.001284819794818759,-0.00029821915086358786,-4.2165498598478734e-05,-0.000770055572502315,-0.0009198705083690584,-0.0006646235706284642,8.190280641429126e-05,-0.002093302784487605,0.0019272704375907779,-7.784824992995709e-05,-8.530058403266594e-05,-0.00016426976071670651,0.0005498300888575613,-7.370824278041255e-06,-0.0019150110892951488,0.00027764783590100706,-0.0011458476074039936,0.0004808845405932516,0.001049750135280192,0.00030269328271970153,0.0003974648716393858
dose8k_B_s0,00137.png,-0.0013578305952250957,-0.0008791298023425043,-0.0003428556665312499,0.00022601881937589496,0.0023593741934746504,-0.00044233063817955554,-0.0017408402636647224,0.001021979609504342,-0.0009081106982193887,-0.0019131555454805493,2.3507269361289218e-05,0.0011988694313913584,-0.0005957300309091806,-0.002158200368285179,0.0006544802454300225,-0.00036477213143371046,-0.0013435888104140759,0.0006590510602109134,0.0016163148684427142,0.0011716699227690697,0.0003354758082423359,0.0003431815712247044,0.00031341685098595917,0.0002022167609538883,0.0009145222138613462,-0.0009531539981253445,0.0006381332641467452,0.00010034364822786301,-0.00020249586668796837,0.0010352842509746552,0.0011893962509930134,0.0014484073035418987,0.0009418558911420405,-0.0008861016831360757,-0.0003096972650382668
dose8k_B_s0,00138.png,0.0005035516223870218,-4.701766010839492e-05,-0.0003117471351288259,-0.0033322167582809925,4.255806197761558e-05,-0.0006827727775089443,0.0005958756664767861,-0.00019997703202534467,0.0009103866759687662,0.0007277620607055724,-0.0004159707750659436,0.00020989772747270763,-0.00020524619321804494,0.0008568032644689083,-0.0008103455766104162,0.00029677432030439377,-0.0007534379838034511,5.681209131580545e-06,-0.0007431046105921268,0.00026605851599015296,0.000456776178907603,-0.0002440371026750654,0.0015670859720557928,0.0012538773007690907,0.0007154864142648876,-0.0001359565940219909,-0.0008405611151829362,0.00010448099055793136,-0.0006544700590893626,0.0011977337999269366,-0.0018364156130701303,-9.054823749465868e-05,-0.0005869237938895822,-2.1778125301352702e-05,-0.00020794192096218467
dose8k_B_s0,00139.png,0.0008512358763255179,0.0007483334047719836,-0.0009400663548149168,0.0010014527942985296,0.000600573024712503,-0.0011709847021847963,0.0008824453107081354,7.780351006658748e-05,0.0002776443143375218,-0.000764103140681982,0.002052613068372011,-0.0017367019318044186,-0.0006584796356037259,-0.0010444925865158439,-0.00012276769848540425,0.00011432509927544743,-0.0008403727551922202,0.0005183866596780717,0.0007954261964187026,0.002297103637829423,-0.0011225435882806778,-0.00042029161704704165,0.0004479041963350028,0.0010900552151724696,0.000900917686522007,0.0014906811993569136,-0.0010285202879458666,-7.355042907875031e-05,0.0011755814775824547,0.00276391115039587,-0.0001985756098292768,-4.808914309251122e-05,0.000325128115946427,4.4149277528049424e-05,-0.0008383549866266549
dose8k_B_s0,00144.png,-0.0003916243731509894,-4.0287257434101775e-05,0.00019370524387340993,6.361720443237573e-05,-0.0006307271542027593,-8.319168409798294e-05,0.0004174724454060197,-0.00035470552393235266,-0.0005426636198535562,-0.00022174043988343328,0.0006109722307883203,0.0008434078772552311,0.0005225713248364627,0.0008062086417339742,0.000976789859123528,-0.0005846831481903791,-0.0009539425955154002,0.00033857239759527147,-4.714482929557562e-05,0.0010496266186237335,-0.0011345542734488845,0.0001228788314620033,-0.0007889285334385931,-0.00017411599401384592,0.000918097619432956,-0.0004306726041249931,0.0012093529803678393,-0.0010359840234741569,-0.00023165436869021505,-0.00027041163411922753,0.0024611500557512045,0.0006938722799532115,-0.0012166890082880855,-0.0004927385598421097,3.8511378079419956e-05
dose8k_B_s0,00145.png,0.00016666828014422208,-0.0006479818839579821,0.001167839509434998,0.001178359379991889,-0.0009478388237766922,0.001626253710128367,2.9645692848134786e-05,4.6621345973107964e-05,-0.0006748717278242111,-3.269828812335618e-05,0.0009566719527356327,0.0015534335980191827,-0.0008775228052400053,-0.0006068033399060369,0.000463604781543836,0.0014056257205083966,-7.888133404776454e-05,-0.0005427631549537182,0.0005321953212842345,0.001408834708854556,0.0010540540097281337,-0.0017737842863425612,0.0007304789032787085,0.0006979914614930749,0.0004157042130827904,8.74465040396899e-05,0.00019885064102709293,0.00011861824168590829,0.0005215800483711064,0.0010048708645626903,-0.002076266799122095,-0.0010930546559393406,-0.0016998383216559887,7.7331111242529e-05,-0.0012479610741138458
dose8k_B_s0,00146.png,-0.0016406875802204013,-0.001201238832436502,-0.0005334998131729662,0.0002718604519031942,-0.00100778229534626,-0.0013587764697149396,-9.663737000664696e-05,-0.0011015447089448571,0.0009268971043638885,0.0015488400822505355,0.001622278825379908,-0.0011541852727532387,0.00011438328510848805,0.0009253164753317833,0.0004402608028613031,0.001849551685154438,-0.00028333038790151477,0.0006638759514316916,-0.00034937544842250645,-0.0019657041411846876,-0.0003740878601092845,0.0006300705717876554,-0.0006438433192670345,-0.0005221743485890329,4.711857400252484e-05,-0.0006796324159950018,0.0007792012183927,0.0022845554631203413,-0.0009517996804788709,0.0012322167167440057,0.0011369697749614716,-0.0005649753729812801,-0.00018235428433399647,-0.0011712857522070408,-0.0007928258273750544
dose8k_B_s0,00147.png,-0.00018338911468163133,8.897601946955547e-05,-0.0008028541342355311,-0.0004008673713542521,0.0009071318199858069,0.0017295351717621088,4.492788502830081e-05,0.00045364146353676915,-0.0002604876644909382,-0.0008027494768612087,-0.00028962426586076617,-0.0013104949612170458,0.0017930635949596763,0.0008489630417898297,-0.00019469311519060284,0.00039361606468446553,-0.00010399347956990823,-0.0010822090553119779,0.0008525889716111124,0.0002961811260320246,-7.082784577505663e-05,0.0006976241711527109,-8.143409650074318e-05,-0.0006925142952241004,0.00037925998913124204,7.894638110883534e-05,-0.0015907728811725974,0.0001936658809427172,-0.0003354240325279534,0.000892777694389224,0.00014649676450062543,-0.0008611728553660214,-0.0009012905065901577,-0.0004682711442001164,-0.0008294798317365348
dose8k_B_s0,00148.png,-0.0003065865603275597,-0.0006467959610745311,0.0005656341672874987,-0.0006658043130300939,0.000960247649345547,-0.0008351068827323616,0.0008050355827435851,-0.0012015034444630146,0.0006734125781804323,0.00010374906560173258,0.0007239028345793486,0.0003111330734100193,-0.000645209162030369,-0.0015403575962409377,0.0003904338809661567,0.0014630256919190288,0.0007924588862806559,0.0002783909149002284,0.0021518743596971035,0.0011754671577364206,-0.0007150671444833279,0.0005485389847308397,-0.0007975396001711488,0.00046153960283845663,-3.0320181394927204e-05,-0.0002352866722503677,0.00012294838961679488,-0.0012299178633838892,-0.0021956651471555233,0.0003548877139110118,0.0004921951913274825,-0.0017539270920678973,-0.00041669225902296603,-0.0006469875224865973,0.0006835664389654994
dose8k_B_s0,00149.png,1.647367207624484e-05,-0.0003842775768134743,-0.0007905115489847958,-0.0012962504988536239,-0.00011336812895024195,0.0006397425895556808,7.26826474419795e-05,0.0008672633557580411,-0.001185918808914721,4.2026586015708745e-05,0.0009717693901620805,-0.0004259195120539516,0.0006392629584297538,0.0001188339592772536,0.0013542234664782882,0.0005036427173763514,-0.0007670194027014077,-0.0003121533081866801,0.0005748512339778244,-5.524794687516987e-05,0.0014527244493365288,0.0007316517294384539,0.000277337763691321,0.0002908151946030557,-0.00024979570298455656,0.0010565334232524037,-0.0002031345502473414,0.0015940385637804866,-0.0006306028226390481,-0.0003424544702284038,0.0006241831579245627,-0.0007810317911207676,-8.691343100508675e-05,0.0005606840713880956,-0.0002543229784350842
dose8k_B_s0,00150.png,0.0013722132425755262,0.0008245623321272433,0.0002964853192679584,-0.002804455114528537,0.001238578581251204,0.0008294966537505388,-0.00019303437147755176,0.001144792651757598,0.0009799475083127618,0.00038631141069345176,0.0007345685153268278,-2.1474728782777674e-05,0.0022170646116137505,0.0006472241948358715,0.0010121697559952736,-0.0016965679824352264,0.0019128370331600308,0.0006777971866540611,0.000381123973056674,-0.00018076502601616085,-0.00024442814174108207,0.00013268594921100885,0.0004592999757733196,0.00039463021676056087,-0.0014723490457981825,-0.0012565646320581436,0.002222514245659113,0.00023932296608109027,-0.0005555072566494346,-0.0006706973654218018,-0.00011956170783378184,-6.871707114441961e-07,-7.636685040779412e-05,0.0009242473752237856,-0.0013378399889916182
dose8k_B_s0,00151.png,-0.0009135412983596325,-0.0018825385486707091,-0.0020866207778453827,-0.00016216561198234558,-0.0012602318311110139,-0.0005231811664998531,0.00018481143342796713,0.0016304150922223926,-0.00011174062819918618,0.0006467555649578571,0.0009399184491485357,5.03708615724463e-05,0.00018183952488470823,0.0006597628816962242,-0.0007522698142565787,-0.000621784885879606,0.0008323059300892055,-0.0009323299746029079,0.0010080868378281593,0.0015415907837450504,0.0014827193226665258,0.0006240634829737246,-0.000503536663018167,-0.0010884259827435017,0.001537284697405994,-0.0012546833604574203,-0.0018958228174597025,2.275138967888779e-06,-0.00022749249183107167,-0.001317646005190909,0.0020000378135591745,-0.00038871727883815765,0.0002510351478122175,-0.0004857643216382712,-0.00028139480855315924
dose8k_B_s0,00152.png,1.4621418813476339e-05,-0.000767246528994292,-0.0006976104923523962,-0.00017854520410764962,-0.00032996185473166406,0.000660132325720042,0.0003882588935084641,0.0012441163416951895,0.0006110878312028944,0.00014840565563645214,0.000501684844493866,-0.0011324085062369704,-0.0006805414450354874,0.00018718349747359753,-0.00026287444052286446,-0.00013516446051653475,-5.7909976021619514e-05,-0.0009750411263667047,9.224156383424997e-05,-0.0005451278411783278,-0.000894171476829797,0.0010994664626196027,-0.0013637103838846087,0.000554820173420012,0.0005670763202942908,0.0012637266190722585,-0.0003977638843934983,0.00010743574239313602,0.0009677686612121761,-9.154956205748022e-05,-0.0003181648498866707,-0.00031361839501187205,-0.00037864455953240395,-0.0010821801843121648,-4.559557055472396e-05
dose8k_B_s0,00153.png,-0.0007981613744050264,3.602345532272011e-05,-0.0007065922254696488,-0.0023050704039633274,0.00016722825239412487,-0.0004410701512824744,-0.0010337709682062268,-0.0002283098583575338,0.000636973069049418,-0.0009680349612608552,0.00043508142698556185,0.0008294422295875847,-0.00015593816351611167,-0.00031364778988063335,9.767184565134812e-06,0.00023228334612213075,-0.0005941463750787079,0.0005314833833836019,-8.529941987944767e-05,-0.0003777321835514158,1.0519728199653855e-08,-8.13790102256462e-05,0.0006751241162419319,-0.0004996265633963048,-3.741505861398764e-05,3.609324267017655e-05,0.0007754081743769348,0.0005309254047460854,0.0008490512846037745,0.001628328114748001,0.0004124115512240678,0.0004903475637547672,-0.0009612798457965255,-0.00047237795661203563,0.0003321855911053717
dose8k_B_s0,00154.png,-0.0010509202256798744,-0.0008484881836920977,0.0013167558936402202,-0.0006756787188351154,0.0007102797389961779,-0.0010747938649728894,-4.1922285163309425e-05,0.0001931481237988919,0.0002664669882506132,0.0005359537899494171,-0.0007429384859278798,0.00043037987779825926,-0.000132299232063815,-0.0014576622052118182,0.0010147248394787312,-0.0009464030154049397,-0.00022662943229079247,-1.0653953950168216e-06,-0.0010136369382962584,0.000683473888784647,-0.00013102417869959027,0.001141132554039359,1.8771230315905996e-05,0.0006812262581661344,0.0007634447538293898,-0.0008012812468223274,-0.0011949234176427126,-0.0012703180545940995,0.0006989552639424801,-0.0004852732818108052,-0.001877013361081481,0.001569543150253594,0.0004782835894729942,0.0007359887822531164,0.0018970223609358072
dose8k_B_s0,00155.png,0.0009853634983301163,0.0002193562249885872,-0.000986706931143999,-0.0005162022425793111,-7.712685328442603e-05,-0.000910742674022913,5.416753629106097e-05,-0.0010727600893005729,-0.001138663967140019,-0.0006484877085313201,0.001142217661254108,0.00018677403568290174,0.0005062511772848666,-0.00096947664860636,9.46889485931024e-05,-0.0004366610082797706,9.974832209991291e-05,0.0004641059786081314,0.00013097614282742143,-0.00012784727732650936,-1.6116140614030883e-05,0.00030328056891448796,-0.0003865431062877178,0.001190564944408834,0.0013508800184354186,-0.0007090800208970904,-0.0008175367256626487,-9.120779577642679e-05,-0.0006933298427611589,0.0015687510604038835,-0.0010504801757633686,-3.5089928132947534e-05,0.0005123600130900741,0.0008377818739973009,-0.00022372938110493124
dose8k_B_s0,00156.png,0.0009003809536807239,0.0005525262095034122,0.0008189601358026266,-0.0009414146188646555,-0.0011134101077914238,-4.0385828469879925e-05,-9.568652603775263e-05,0.0005355686880648136,0.0006238988135010004,-0.0021056048572063446,0.0008056341321207583,0.0006463678437285125,0.0015887072077021003,0.0002193319087382406,0.0005782563239336014,-0.0006498023285530508,-0.0016439489554613829,0.0006873789243400097,-0.001028452068567276,0.000496886030305177,0.00031943543581292033,0.00015706718841101974,-0.0005978737608529627,0.0007072274456731975,0.0007601911784149706,0.0005714340368285775,-0.00028191698947921395,-0.0005688717938028276,0.0018981751054525375,-0.0003799402329605073,0.0001348928635707125,-0.0011756238527595997,-0.00025676327641122043,-0.0008183821337297559,0.00035762120387516916
dose8k_B_s0,00157.png,0.00022468436509370804,-7.738452040939592e-06,-3.2595857192063704e-05,8.247277946793474e-06,4.328981049184222e-06,0.00024023484729696065,-0.00018387909221928567,0.0005493431235663593,-0.00042534794192761183,0.001856750575825572,-0.0009779881220310926,-8.281587361125275e-05,-0.000414780544815585,0.0003992702404502779,0.00012286013225093484,0.0010078095365315676,-0.0008724863291718066,4.6912155085010454e-05,-9.515891724731773e-05,0.0001312436070293188,5.725582377635874e-05,-0.0003282930119894445,8.565153984818608e-05,-0.000987469102256,-0.001579872565343976,0.0005727816023863852,-0.0004992523463442922,-0.0003021633892785758,-0.00045157267595641315,0.0002062788262264803,0.00015619864279869944,0.0007712416118010879,-0.0010632395278662443,-0.00011005046690115705,0.0003569005348253995
dose8k_B_s0,00158.png,0.0007154707564041018,0.0015525917988270521,-0.0004672420327551663,0.0005421189707703888,-0.0009515712154097855,0.00033705690293572843,-0.0006192406290210783,0.00014632609963882715,0.0008519608527421951,-0.00043495697900652885,0.00010701483552111313,0.0015396783128380775,-0.00014321498747449368,-0.0008122478611767292,8.54519967106171e-05,2.596825288492255e-05,0.0005230683600530028,-0.0002546888426877558,-0.000256774656008929,-2.5836026907199994e-05,-0.0002410520100966096,-0.0003430840733926743,0.0007778180297464132,0.0006194936577230692,0.0012515352573245764,0.0009143307106569409,0.001736947800964117,-0.00010362245666328818,-0.001251699635758996,0.00013869721442461014,-0.0003872036759275943,0.0012798992684111,0.0005162868765182793,-0.0006006370531395078,0.0012228754349052906
dose8k_B_s0,00159.png,3.812667273450643e-05,0.000491777085699141,-0.00018166347581427544,0.0018519394798204303,-0.0013678366085514426,0.00042725473758764565,0.00013553514145314693,-7.741102308500558e-05,-0.0007430488476529717,0.001036925707012415,-0.0005483420100063086,-0.001046187593601644,-0.00028587039560079575,-0.0004448516992852092,0.00010190232569584623,-0.0006571383564732969,0.0010968380374833941,-0.0007734163664281368,0.0003026152844540775,0.0011051602195948362,-0.0003429305797908455,-0.0008384189568459988,-0.0007844422361813486,0.0003308657032903284,-0.00013351952657103539,0.0005593285895884037,0.0009595733135938644,-0.0008130265050567687,-2.3431646695826203e-05,-0.0009974639397114515,0.0013319060672074556,0.0009997347369790077,0.0021073794923722744,0.00025162348174490035,-3.4466473152861e-05
dose8k_B_s0,00160.png,0.0008401853847317398,0.001633318024687469,-0.00044367826194502413,0.0030419169925153255,0.0005498991231434047,-0.0004737136769108474,-0.00029130958137102425,-0.00015532334509771317,0.00032198315602727234,0.0005136451800353825,0.0009067478240467608,-0.0011528776958584785,0.0011051632463932037,0.0007105607073754072,0.0011167752090841532,0.0009279368096031249,0.00043066596845164895,-0.0007000105106271803,-0.0006660316721536219,-0.0007194231147877872,0.0008663729531690478,-0.0007540867081843317,0.00047536881174892187,0.00041882714140228927,0.0005656760768033564,0.0007366649806499481,-0.0005639950395561755,-0.0008107635658234358,-0.00017675287381280214,0.00023242068709805608,0.0012444319436326623,-0.00044527166755869985,0.0009374322835355997,1.2011409125989303e-05,-0.0018712395103648305
dose8k_B_s0,00161.png,0.0005730399861931801,0.0020325533114373684,-0.0006526872748509049,0.001326748519204557,0.000967583095189184,0.0016825990751385689,-0.0011926803272217512,-0.00023670875816605985,-0.0006042960449121892,6.832004146417603e-05,0.001332164159975946,0.0013662551064044237,-0.0003848858759738505,-0.0009234770550392568,-0.0010677267564460635,0.0011736355954781175,-0.0005567232146859169,0.0005308455438353121,0.00023563225113321096,-0.00017417101480532438,-0.000624252890702337,-0.0001683280715951696,0.0003550233377609402,-0.0013739224523305893,-0.00019807943317573518,-0.0012348757591098547,0.0009056809358298779,0.0009935670532286167,-0.00039779016515240073,0.00013705425953958184,-0.0010218329261988401,0.00032541435211896896,0.00042234279680997133,0.0007166065624915063,0.0008541969582438469
dose8k_B_s0,00162.png,-0.0003555906005203724,0.0009738311055116355,-0.0005130459321662784,0.001040156465023756,0.00023134898219723254,-0.0008282965864054859,-0.000772807514294982,-0.00044118479127064347,-0.0013987794518470764,4.4142219849163666e-05,0.001245108782313764,-0.0003514883283060044,-0.0002698404132388532,-0.00019079569028690457,0.0006200298084877431,9.618669719202444e-05,0.00023956067161634564,-0.00043000030564144254,0.0004406470397952944,-0.0007144419942051172,0.0009142160997726023,-0.0011076594237238169,4.4085077206545975e-06,0.0004937159828841686,0.00045740552013739944,-0.0004499583737924695,0.0005730504635721445,-0.0005041401600465178,-0.0005102441646158695,0.0010270721977576613,-0.0009625222301110625,0.00030609735404141247,-0.000715371803380549,-0.0001608103048056364,-0.0013221552362665534
dose8k_B_s0,00163.png,-0.0005893457564525306,0.0005361239309422672,-7.560657832073048e-05,-5.3400526667246595e-05,-0.0003114025166723877,-0.00027357711223885417,0.00024045394093263894,0.0012057481799274683,0.0018713742028921843,0.0004405124927870929,0.0004180567339062691,0.00024484851746819913,-0.00024358427617698908,0.0007029820117168128,0.00017381955694872886,0.001133825397118926,-0.001269131083972752,-0.0009185975068248808,-0.00010651473712641746,-0.0013527501141652465,0.00042880672845058143,-0.0016557915369048715,0.0008355418685823679,-0.0001603242999408394,-0.0003607659018598497,-0.00028434686828404665,-0.001434525940567255,-0.001758245867677033,2.7376419893698767e-05,0.0004985682899132371,-0.0004499601782299578,-8.50286778586451e-06,0.0008190767257474363,-9.966403740691021e-05,-0.0005727143725380301
dose8k_B_s0,00164.png,-0.00034532518475316465,0.0011908357264474034,0.0009663812816143036,-1.8059634385281242e-05,-0.00260837166570127,-0.0021338220685720444,-0.0007393626146949828,-0.0020537227392196655,0.0004460563650354743,-0.0005610280786640942,0.0010181308025494218,-0.001000025076791644,-0.0004487617698032409,0.000249940698267892,-0.0010344566544517875,-0.0011062927078455687,-0.00023936496290843934,-0.0005052444175817072,4.8953417717712e-05,-0.00012512330431491137,-0.0005750012351199985,-3.056658897548914e-05,0.0013610568130388856,0.00038585832226090133,-0.0006211060681380332,0.00027201714692637324,-0.0005269909743219614,-0.0023837543558329344,0.0003674834733828902,0.0002356496697757393,0.0005353254964575171,-1.1370590073056519e-05,-0.0010542578529566526,-0.0011818408966064453,0.00282449834048748
dose8k_B_s0,00165.png,-0.00014982848369982094,0.00014162911975290626,0.00021914106037002057,-7.951397128636017e-05,7.536197517765686e-05,0.00023723908816464245,-0.0011332632275298238,0.00043898774310946465,-6.119921454228461e-05,-0.001547113060951233,-0.0015249908901751041,-0.0002765670360531658,-8.054326463025063e-05,-0.0010627398733049631,-0.00015370285836979747,-8.875771891325712e-05,1.768340189300943e-05,0.00021221800125204027,-0.0007213089847937226,0.000599103921558708,0.0006489008665084839,-7.94557054177858e-05,-7.851501322875265e-06,-0.0004093674651812762,0.0006645826506428421,-0.00012506984057836235,-0.0010343142785131931,0.0005277532618492842,-0.001755259814672172,0.001107278629206121,0.00015338354569394141,0.0008638750296086073,0.0007973410538397729,-0.0012061239685863256,-0.00013128262071404606
dose8k_B_s0,00166.png,-0.0007324164034798741,-0.0004597078950610012,-0.00015804993745405227,-0.0004636887169908732,-0.00034115268499590456,-0.0012889413628727198,-0.00023304652131628245,-0.0006161648198030889,0.0017491410253569484,0.0001852038549259305,-0.0010224966099485755,0.0011853893520310521,-0.0021582774352282286,0.0006459546275436878,-0.00019690846966113895,5.995086394250393e-05,0.0014614231185987592,0.0007789084338583052,0.0013406650396063924,0.00047873915173113346,-0.00017524765280541033,0.00042105186730623245,0.0003471125673968345,-0.0007280182908289135,0.0004918184713460505,0.001229768735356629,0.00045883937855251133,0.0006415721727535129,-0.0008859002264216542,0.001412095152772963,-0.001281638047657907,-6.817337271058932e-05,0.0018836233066394925,-0.00037914750282652676,-0.0005031035980209708
dose8k_B_s0,00167.png,-0.0014091958291828632,-0.0009746341966092587,0.0009518910082988441,0.00021271553123369813,-0.0005615020636469126,-0.0006881236331537366,0.0005983271403238177,0.001151701551862061,0.0001930829748744145,-0.0008046291768550873,-0.0007458560285158455,3.763169297599234e-05,-0.0002924844156950712,5.276335286907852e-05,0.0009917366551235318,8.709717803867534e-05,0.0015989147359505296,3.2055606425274163e-05,0.0003731318865902722,-0.0005328655824996531,-9.568539098836482e-06,-0.00012900734145659953,-0.00040623886161483824,-0.0006866069743409753,0.000988722313195467,-0.0001288454805035144,0.0009304604027420282,0.0011210329830646515,-7.267990440595895e-05,-0.00154673564247787,0.0009823450818657875,-0.0015159758040681481,-0.00023534327920060605,0.00031789179774932563,0.0006885610637255013
dose8k_B_s0,00168.png,-0.0004293013480491936,0.0005945777520537376,0.00013780519657302648,0.0004900224157609046,0.0004084790125489235,-0.0022263419814407825,0.0011971414787694812,-0.0012219151249155402,0.00015524607442785054,-0.000605928071308881,7.356738933594897e-05,-0.0004354724660515785,-0.00028432562248781323,-0.0002230786340078339,-0.0007658181129954755,-0.0010341797024011612,-8.078105020103976e-05,0.00029885745607316494,0.00036040524719282985,-0.0009214496240019798,-0.0011695565190166235,-1.1746553354896605e-05,-0.0007625144207850099,-0.0003366086457390338,-0.0006281565874814987,0.0007870832341723144,7.772555545670912e-05,0.0003418987907934934,-0.0021617014426738024,0.0008527525351382792,0.001059031463228166,-0.00020370938000269234,0.0005725082010030746,-0.0007015957380644977,-0.00010702322470024228
dose8k_B_s0,00169.png,-0.00022840687597636133,-0.0010295211104676127,0.00021486973855644464,0.0005598466377705336,-0.0001091530648409389,5.587400301010348e-05,-0.0011482486734166741,-7.650905172340572e-05,-0.0008999598794616759,-0.0013508641859516501,0.0009266380802728236,0.000507362128701061,0.0013709819177165627,0.00016105639224406332,-0.0010419278405606747,-0.0014209541259333491,-0.0001881351781776175,-0.0009811506606638432,-0.0009928981307893991,8.426653948845342e-05,0.00015964280464686453,0.00047355605056509376,1.1436790373409167e-05,0.00027147517539560795,0.00023739488096907735,0.0005268051172606647,-0.00037148367846384645,-0.0008873420883901417,-0.0011697182198986411,-0.0011115453671664,0.0010668827453628182,-2.299828111063107e-06,0.00015094419359229505,-0.0019154238980263472,0.00026207941118627787
dose8k_B_s0,00170.png,0.0008712178678251803,0.00022529570560436696,-8.512939530191943e-05,-0.0012162505881860852,-0.0011396456975489855,0.0005059985560365021,-0.00048310571582987905,0.00033373458427377045,-0.0002712916466407478,0.0007533139432780445,0.00022522712242789567,-0.0011590480571612716,0.00020491203758865595,8.010878809727728e-05,-0.00019697438983712345,-0.00036278535844758153,0.0006390377529896796,-0.0008636668790131807,4.015364174847491e-05,-0.000582656532060355,-0.0006850811187177896,-0.0012613536091521382,0.00122399243991822,-0.0005008949665352702,-0.00232367729768157,0.000782518764026463,0.0003364846925251186,0.0005069248145446181,0.0010544044198468328,-7.661104609724134e-05,-0.0007667894824407995,-0.0006309357704594731,4.0259325032820925e-05,-5.803628937428584e-06,-0.0005046018050052226
dose8k_B_s0,00171.png,0.0017652532551437616,0.0022914984729140997,0.001013617031276226,0.0008900579996407032,-0.0025567396078258753,-0.0006332739139907062,0.0002902029373217374,-0.0004330705851316452,-0.0015188029501587152,-0.0020725850481539965,0.0006508245132863522,0.0016413249541074038,0.0013091806322336197,0.0006414472009055316,0.0009198439074680209,0.0004087684501428157,-0.001309268525801599,-0.0003497425059322268,0.0007271417416632175,0.0001938092173077166,0.0014279967872425914,-0.0005954363732598722,-0.00037769449409097433,0.000642086029984057,-0.0004015280574094504,0.0010850304970517755,-0.0005053588538430631,0.003318898845463991,-0.0006093629053793848,0.00011930774053325877,-6.358709651976824e-05,0.0002020094689214602,-0.0001905005774460733,-0.0008653588010929525,-0.0005642666365019977
dose8k_B_s0,00172.png,-0.0005345327663235366,-0.0009705382399260998,6.423515878850594e-05,0.0009007850894704461,-0.00031327700708061457,-0.000778241315856576,0.0012106072390452027,-0.0002617723948787898,0.0006506835925392807,0.0007579992525279522,0.00030664855148643255,-0.00047233368968591094,-0.00019219133537262678,-5.5275726481340826e-05,-0.00019718721159733832,-0.0002487650199327618,0.0009038611897267401,-0.0016366029158234596,0.0004778758157044649,-0.0007685970631428063,0.00015698459174018353,-0.00041410146513953805,0.00010432046838104725,0.0006537343724630773,-0.00048812461318448186,-0.00044386685476638377,-0.000750537496060133,0.0008072773343883455,-0.001715604797936976,0.0005059142713434994,-0.00035296741407364607,0.0008275782456621528,0.0002827284624800086,-0.00012207776308059692,4.236499808030203e-05
dose8k_B_s0,00173.png,0.0007767328061163425,0.0009348906460218132,-0.0004709840868599713,-0.0003621262439992279,-0.0011333582224324346,0.0017930571921169758,-0.00046910447417758405,1.4457933502853848e-05,0.0006755946087650955,-0.000531734200194478,-0.0005107262986712158,1.5482435628655367e-05,-0.0014501232653856277,-0.00024689131532795727,6.913981633260846e-05,0.0009253460448235273,0.00014309318794403225,-0.001338757574558258,0.0020335775334388018,-0.0011938217794522643,0.001761839259415865,-0.0011940671829506755,0.00014459881640505046,-0.0005561451544053853,0.0011548438342288136,0.0004967486020177603,-0.0013028394896537066,-0.0010427685920149088,-0.00018558760348241776,-8.81404776009731e-06,-1.3542990018322598e-06,-0.00043521562474779785,-0.00039625115459784865,0.0005058522219769657,0.00027277349727228284
dose8k_B_s0,00174.png,0.0003464244364295155,0.0001828119857236743,0.0006125318468548357,0.0015344698913395405,0.0029059196822345257,0.00027567133656702936,-0.0006525223143398762,0.0002571034128777683,9.753631456987932e-05,-0.0009493067627772689,0.0004026670358143747,-0.0003450770163908601,-2.2568417534785112e-06,0.0013173832558095455,0.001530574867501855,-0.0006019931752234697,0.0007607871666550636,0.0012710584560409188,0.000728030048776418,-0.0007921323995105922,-0.001706056296825409,0.00017754852888174355,-0.0009213294251821935,-5.067771053290926e-05,0.00017869763541966677,0.0018236024770885706,-0.0009529837989248335,-0.00035150814801454544,-0.0007044366211630404,-0.0002438379597151652,-0.0009546105284243822,-0.0004450346459634602,-0.002070175250992179,0.00012143291678512469,0.0009593282011337578
dose8k_B_s0,00175.png,0.0003813088405877352,0.00046766267041675746,0.000575341226067394,0.001026398385874927,0.0002575267571955919,0.0009263883111998439,0.0010114065371453762,-0.0024176440201699734,0.0008511886117048562,-0.002743955235928297,-8.17574473330751e-05,-0.0005914695211686194,0.0006961990729905665,-0.0002040769177256152,0.00040325798909179866,0.001614551991224289,0.00015306173008866608,0.0008358445484191179,-0.002688321750611067,-0.0008457813528366387,0.0019773636013269424,-4.3671509047271684e-05,0.0007468612166121602,0.0007837590528652072,-0.0006875631515868008,0.0005357488989830017,0.0009041322045959532,0.00017002744425553828,-0.00035304742050357163,0.00017769406258594245,-0.0004043012158945203,-0.0009134836145676672,-0.0008870498277246952,-0.00025970645947381854,-0.0006452875095419586
dose8k_B_s0,00176.png,-0.0007577418000437319,-0.0007992923492565751,-0.0013479735935106874,-0.0005321367061696947,-0.0016274485969915986,0.002034630859270692,-0.0014733168063685298,1.7233071048394777e-05,0.0014701555483043194,-0.000757863512262702,0.0017694460693746805,-0.0017639895668253303,0.0008663262124173343,0.0004022633074782789,-0.00020798042532987893,0.00015207035175990313,0.0001717070845188573,-0.0008328220574185252,-0.0005430887686088681,8.702731429366395e-05,-0.0010995673947036266,0.0012546704383566976,0.0004926738911308348,-0.0007848439272493124,0.001470381859689951,0.00030447321478277445,-0.00025271630147472024,0.00013615431089419872,0.00019736307149287313,0.0011687740916386247,0.000541409885045141,0.000687049760017544,-0.0003236153570469469,0.0008762066136114299,0.00021179932809900492
dose8k_B_s0,00177.png,0.0002580424479674548,0.0003215203760191798,1.1964796613028739e-05,-0.0012126450892537832,-0.003061430063098669,8.111633360385895e-05,-0.00012360140681266785,-0.0020961479749530554,0.00013590035086963326,-0.0006409852649085224,0.0005502216517925262,0.0012147785164415836,0.0004713420639745891,-0.0003105586802121252,0.0001828038803068921,-0.0008572974475100636,9.062767639989033e-05,0.00013985006080474705,0.0005653780535794795,-0.00041358647285960615,0.001402081223204732,0.00012974455603398383,-0.001391411293298006,-0.0005195143166929483,-0.00041442931978963315,0.0002935566590167582,-0.00045342621160671115,0.00019138367497362196,-0.0001370341778965667,0.00020286660583224148,0.0010930267162621021,-0.0001458599290344864,-0.000941937614697963,0.0006304330890998244,0.00023564333969261497
dose8k_B_s0,00178.png,0.0011628394713625312,-0.00037280330434441566,0.0006665142718702555,0.0005013415939174592,0.0030886693857610226,0.00035768974339589477,-0.00029877983615733683,2.2516689568874426e-05,-0.0009474708349443972,0.0002431237226119265,-0.00032946348073892295,-0.0006363659631460905,-0.00027551938546821475,-8.51731874718098e-06,0.00043708819430321455,0.0009235259494744241,0.0004375249263830483,-0.0022624535486102104,0.00044728248030878603,-0.0003730815660674125,-0.00011382171214791015,0.0001937203633133322,0.0004908743430860341,0.00039592894609086215,0.0016345313051715493,0.0004112508031539619,-0.00044786211219616234,2.493437386874575e-05,0.0004986054846085608,-3.334983921376988e-05,0.001247009844519198,0.0004746282647829503,0.0009649769053794444,0.0013705608434975147,0.0008966617751866579
dose8k_B_s0,00179.png,0.0024462586734443903,0.0023137638345360756,-0.001628231257200241,0.0024036827962845564,0.0011533809592947364,0.00038146149017848074,0.0010371669195592403,0.0003915694251190871,0.0017593961674720049,-0.000314082222757861,-0.0006606286042369902,-0.0010865459917113185,-0.0005704096984118223,0.0006248153513297439,0.0005642882897518575,-0.0006324705900624394,0.0001568064180901274,-0.0011123326839879155,-0.0004946904955431819,0.001233526156283915,-0.000988778774626553,0.0006282140966504812,-0.00041688658529892564,-0.00022360544244293123,0.0014683115296065807,0.0006042512832209468,-0.0010756540577858686,0.001147327246144414,-0.000609972863458097,0.0009402132127434015,-0.0005494344513863325,-0.0003506991488393396,0.0018232498550787568,0.0004594226775225252,0.00020980683621019125
dose8k_B_s0,00180.png,2.8394959372235462e-05,-0.00011591333168325946,-0.00013988683349452913,0.00011821907537523657,-0.00017608156485948712,-0.00031033781124278903,0.0004208257014397532,0.000293469027383253,-0.0013652971247211099,0.00011412454477977008,-0.0006654855096712708,-0.00044298675493337214,-0.00027366189169697464,-0.0007515280740335584,-0.0002109483612002805,0.0005155952530913055,-0.0007089400314725935,-0.0013106574770063162,-0.0014353488804772496,-0.0015379511751234531,-0.001079442910850048,-0.0006538970628753304,0.000576776743400842,0.0005814219475723803,-0.000494391075335443,0.001097150263376534,-0.0016855469439178705,0.0006549262907356024,0.00034243217669427395,-0.0004521756782196462,0.0006560090696439147,0.00012025640171486884,0.0009197717299684882,-0.0010221017291769385,0.0006493591354228556
dose8k_B_s0,00181.png,4.743397585116327e-05,-0.0002510193735361099,-0.0007127405260689557,0.0005091881612315774,-0.001197627978399396,-0.0016604471020400524,0.0005812739254906774,-0.00023179047275334597,-0.000326666166074574,0.0011311015114188194,0.0010530594736337662,-0.0006103832856751978,0.0003867170598823577,0.00031194958137348294,0.0019452807027846575,-1.7704729543766007e-05,-0.0008743381476961076,-3.289646338089369e-05,-0.0008339185733348131,0.0006177633185870945,0.0002699439355637878,-0.0008910537580959499,-0.0012495508417487144,-0.0002348164125578478,-0.00019496337336022407,-0.0007605769205838442,-0.0014681173488497734,-0.0006518144509755075,-0.00019439028983470052,-0.0013505445094779134,0.001169544062577188,-0.00032043736428022385,-0.0006401417776942253,-0.0012309461599215865,0.00033079320564866066
dose8k_B_s0,00182.png,-0.00042690878035500646,-6.127751839812845e-05,0.0012692975578829646,0.0004128821601625532,-0.0007145084673538804,0.0006536549190059304,0.002257162006571889,0.0004291565273888409,0.00012123944179620594,0.0003994425351265818,-0.0002425262500764802,0.0005730072734877467,0.00031854494591243565,-0.00033090932993218303,0.00048101713764481246,0.0005377469933591783,0.00032431131694465876,0.00029347819508984685,-0.0003071824321523309,-6.330746600724524e-06,-0.0008281866321340203,-0.00041555744246579707,-0.0010350289521738887,0.00012495330884121358,-0.00016116439655888826,-0.0004207675519865006,0.00039045733865350485,0.00022435287246480584,7.199219544418156e-05,-0.0014510852051898837,0.00033906265161931515,-0.0013428354868665338,-0.0013075171737000346,0.0011340695200487971,-7.797688886057585e-05
dose8k_B_s0,00183.png,0.0010113047901540995,0.001248751301318407,-0.0008109278860501945,-0.000742158095818013,-0.000368807086488232,6.714560731779784e-05,-0.001884622615762055,0.0005013025947846472,-0.0002835621708072722,0.00037355456151999533,0.00040657224599272013,0.0011372702429071069,0.00171275541651994,-0.0009533147676847875,-0.0006590937846340239,5.590015643974766e-05,-0.0005793662276118994,-0.0006866721087135375,0.0002850187593139708,0.0006534609710797668,0.0005863161641173065,-5.844929091836093e-06,-0.00011582545266719535,0.00021735968766734004,0.0004349600349087268,0.00031746714375913143,-0.0013457330642268062,0.0010400512255728245,0.0013495752355083823,0.0005339771159924567,-0.00024448425392620265,-5.548649642150849e-05,0.0017537648091092706,0.0013849916867911816,-0.00037114418228156865
dose8k_B_s0,00184.png,0.00034221343230456114,0.0008181719458661973,-0.0009359903633594513,-0.0009629593114368618,-0.0013220323016867042,2.0249035515007563e-05,-0.00023399633937515318,0.00022684196301270276,0.00012517468712758273,0.00026641637668944895,-0.001228436129167676,4.5198383304523304e-05,0.00170547713059932,0.0009265613043680787,0.0005262790364213288,0.0004291804216336459,0.0006981939077377319,-0.0007315284456126392,-0.0001688033080426976,0.0008326095412485301,-0.00036466767778620124,-0.0012995894066989422,0.0001853560097515583,-0.00031262810807675123,0.0009650959982536733,0.00038768554804846644,0.0012550258543342352,0.00033645564690232277,0.0005678947200067341,-0.0017228464130312204,-0.0003032555978279561,0.0004341894236858934,-0.0007140761008486152,-0.0004872898571193218,-0.0011202726745977998
dose8k_B_s0,00185.png,0.00114460289478302,0.0007911494467407465,0.0010377556318417192,-0.0009053217945620418,0.00016482232604175806,0.0005085245938971639,0.00010090007708640769,-8.955518569564447e-05,0.0007525794208049774,-0.0003332517808303237,0.0008477748488076031,0.00022347099729813635,-0.001564889564178884,0.001437715720385313,0.0010766086634248495,-0.000808464887086302,-4.7797817387618124e-05,-0.0001641373964957893,-0.0004701058496721089,-0.0008000466041266918,0.00041017617331817746,-7.226524030556902e-05,-0.0008720504702068865,0.0006982242339290679,0.000807872973382473,-0.0002481940027792007,0.0009426885517314076,-0.002020781859755516,-0.0008891380857676268,-0.0009860664140433073,-0.0002777590125333518,0.0009704879485070705,-0.0006908203358761966,0.001413212507031858,0.0009534352575428784
dose8k_B_s0,00186.png,-9.14357224246487e-06,-1.8288994397153147e-05,0.0009093327098526061,-0.0010352801764383912,0.0013572631869465113,-0.0020777215249836445,0.000723422272130847,-9.006385516840965e-05,-0.0004448761756066233,-0.0005294040311127901,0.002058180747553706,-4.713454109150916e-05,-0.0018821522826328874,-0.0005173567915335298,-0.0008728530374355614,-0.00024929927894845605,0.00044087693095207214,0.00035143314744345844,-0.0008756675524637103,0.00015389506006613374,-0.0005138761480338871,-0.001142169930972159,0.0015857589896768332,-0.0004238788387738168,0.0008598710410296917,-0.00026455483748577535,0.0008297263411805034,0.00021526822820305824,-0.001427442766726017,-0.0005359143833629787,-0.0007745662587694824,-0.00016197642253246158,0.0012432207586243749,-0.0002949628687929362,0.000578744919039309
dose8k_B_s0,00187.png,-0.000296992773655802,5.2913699619239196e-05,-7.337922579608858e-05,0.002724870340898633,0.00041081823292188346,-7.14680427336134e-05,0.0005677815643139184,-0.0006212624721229076,-2.5697521778056398e-05,-0.001910158433020115,-0.0013684877194464207,-0.0008779243798926473,-0.0010335124097764492,-0.0007419069297611713,0.0003936144057661295,0.0008699840982444584,0.0009372726199217141,0.0006889617070555687,0.0014719211030751467,0.0007719936547800899,-0.0005842707469128072,-0.0010917566251009703,0.0015763905830681324,-0.0002948919718619436,-0.001977815991267562,-0.00017360734636895359,-0.0018516203854233027,-0.0007891744025982916,-6.397528341040015e-05,0.0005648626247420907,0.00024279567878693342,0.0010858072200790048,0.00038792009581811726,-0.0007544480613432825,-0.002050051698461175
dose8k_B_s0,00188.png,-0.001167217269539833,-0.0021137651056051254,-0.00010175592615269125,0.002753123175352812,0.0005213412223383784,0.0005020575481466949,-0.0002348541165702045,-0.002327233785763383,0.0006730930181220174,-0.0009414275991730392,0.00023312207486014813,0.0018900263821706176,-0.0015174500877037644,-0.0014791663270443678,-0.0010213629575446248,0.0024011011701077223,0.0002002134278882295,-0.0012040493311360478,-0.0009221560321748257,-0.0003474673139862716,1.1655976777547039e-05,-0.0016418338054791093,-0.0008627028437331319,0.0007902653887867928,0.0002951124042738229,-0.0006348858587443829,0.0005159900756552815,0.0005256979493424296,-0.0002544845046941191,-0.001558379502967,0.0008984945598058403,0.0018847920000553131,0.0012142008636146784,0.0007409971440210938,0.0009136924054473639
dose8k_B_s0,00189.png,-7.72189650888322e-06,-0.00017238834698218852,-0.001896734000183642,0.0009783512214198709,0.0019501326605677605,-0.0001559822412673384,0.0011667553335428238,0.00041925685945898294,-0.0005613500834442675,-0.0003683564136736095,0.0022017990704625845,-0.0021130910608917475,-0.0008261841139756143,-0.0006785415462218225,0.0005319719784893095,-0.0004033127333968878,-0.0005693010170944035,0.0002059705147985369,0.0012044525938108563,5.6697415857343e-05,-0.0005452728364616632,-0.0013362366007640958,0.0004286212788429111,-0.001657350454479456,0.000501215981785208,-0.0006649011629633605,-0.0008200999582186341,0.0004004226066172123,0.0002682379854377359,0.0014896038919687271,0.002315813908353448,-0.00016903983487281948,-0.0019035947043448687,0.0009242130327038467,0.00023805587261449546
dose8k_B_s0,00190.png,-0.00017453313921578228,0.0011493030469864607,-0.0008635447011329234,-0.0005101171554997563,-0.0005637618014588952,-0.0012662369990721345,6.125085928943008e-05,0.00029498900403268635,0.0006315344944596291,-0.0016780338482931256,-0.0004830007965210825,-0.0013228817842900753,0.0009369202889502048,-0.0013260894920676947,0.0002080812118947506,-2.9811510103172623e-05,-0.00010557103814790025,-0.0005791527219116688,0.001259205280803144,-0.00037888484075665474,-0.00046145194210112095,-0.0010160813108086586,0.0011389742139726877,-0.002083542523905635,0.00021529711375478655,0.0025238958187401295,-0.002647269982844591,-0.0012100227177143097,-0.001063430099748075,0.0002385870466241613,0.0004676028620451689,-0.00023273761325981468,-8.969612827058882e-05,0.0009686195407994092,-0.00085623370250687
dose8k_B_s0,00191.png,0.0011281651677563787,0.0018095973646268249,-0.0006563958595506847,-0.0010839669266715646,-0.0007618154049851,-0.002986735664308071,0.00022496870951727033,0.00038808732642792165,-0.00034246884752064943,-0.0006227891426533461,-0.0008512806962244213,0.0008617740240879357,5.59466025151778e-05,-0.00024771076277829707,0.0005250678514130414,0.0010023919166997075,0.0008000009111128747,-0.00015565722424071282,-0.0010456970194354653,0.0011383529054000974,0.0008959008264355361,0.0018830554326996207,-0.0010451137786731124,2.4652994397911243e-05,-0.00022635210189037025,0.0008789708372205496,0.0005155347753316164,-0.00011901479592779651,0.00016612197214271873,-0.0006968723027966917,-0.0006703451508656144,0.00014075204671826214,-0.000972824520431459,0.0006539220339618623,0.00025932223070412874
dose8k_B_s0,00192.png,-0.0008887858130037785,-0.0012248732382431626,0.0018451233627274632,0.0005990853533148766,-0.00021690683206543326,-0.0012718122452497482,-0.00021953716350253671,0.000708655221387744,0.00043142802314832807,-0.0003033677348867059,-0.0023538193199783564,-0.0010033693397417665,-0.001094637787900865,3.479669976513833e-05,0.00041623690049163997,0.0011733757564797997,-0.0004870702396146953,-0.0009650018182583153,-0.0006844702875241637,-0.0005192500539124012,-0.00034952780697494745,-0.0010609021410346031,-0.0005163592868484557,-0.0006300388486124575,-0.0010478516342118382,0.001266082632355392,-0.00023726734798401594,-0.0015048844506964087,6.275642954278737e-05,0.0001818834716686979,0.0019421458709985018,-0.0011554645607247949,7.81531271059066e-05,0.0005061147385276854,-0.001168344635516405
dose8k_B_s0,00193.png,4.295599501347169e-05,5.484850407810882e-05,-0.00013085411046631634,0.0006718639633618295,0.0004598474770318717,-0.00037579640047624707,0.0007035252056084573,-0.0005794247263111174,-0.0008124563610181212,0.0004845338116865605,-0.0004107111890334636,-0.0007870130939409137,-0.0005325368838384748,0.0006052838871255517,1.1461565009085461e-05,-0.0005174469552002847,-0.001318719587288797,5.2255752962082624e-05,0.00047445972450077534,0.00032190344063565135,-0.0003898385912179947,0.0015445976750925183,-0.00012087373033864424,0.0013809174997732043,-0.0012648483971133828,0.0004919448401778936,0.0005534368101507425,0.0012519536539912224,0.0005227866931818426,0.0006766475853510201,0.00022844756313133985,0.0006158016622066498,-0.00036974748945795,0.00013195895007811487,-8.43385569169186e-05
dose8k_B_s0,00194.png,-0.0006458712741732597,-0.0010343252215534449,0.0003178344923071563,-0.00017873640172183514,0.0020513092167675495,-0.0008068081806413829,0.0012945772614330053,-0.0009486011113040149,0.00012546555080916733,0.0005911626503802836,-0.000690937100443989,-0.0006816741661168635,2.964356099255383e-05,-0.00010672373173292726,-0.001991980243474245,5.01719732710626e-05,0.0008488032617606223,0.0006970298709347844,-0.0012668637791648507,4.6592813305323943e-05,0.000793160405009985,-0.00019138018251396716,0.0004873489961028099,-0.00021663960069417953,0.00013867640518583357,1.807247826945968e-05,0.0003103054768871516,0.00021210934210103005,-0.0008530439808964729,0.0006779107498005033,-0.0002005228161578998,-0.0007899355259723961,-0.0007845056243240833,0.0006891795201227069,0.0002777849731501192
dose8k_B_s0,00195.png,0.0010627862066030502,0.00039087439654394984,-0.0010106430854648352,-0.0008726047817617655,-0.0023358333855867386,-0.0006104244966991246,-0.0009627858526073396,8.245612116297707e-05,-0.000355444906745106,4.4629461626755074e-05,-0.0004613432683981955,-0.0018316530622541904,-0.0015946051571518183,-0.001529563800431788,0.0019829156808555126,-0.00040632474701851606,0.0005402249516919255,-0.0013934336602687836,-0.0007797395810484886,0.0008861256064847112,0.0018856390379369259,-5.195741687202826e-05,0.002131364308297634,0.0011864595580846071,-0.0014882659306749701,0.0005289988475851715,-0.001309745479375124,-0.00020452760509215295,-0.0009490937809459865,-0.0008315900340676308,0.0008585316827520728,0.0004631065530702472,0.0010548869613558054,-0.0016922748181968927,0.001333516906015575
dose8k_B_s0,00200.png,0.0005918043898418546,-8.239114686148241e-05,-0.0002967178006656468,-0.00026170513592660427,-0.000888546637725085,0.001000678283162415,-0.000691617198754102,-0.0002953260554932058,-0.0006388400215655565,-0.00030592421535402536,-0.001017456641420722,0.00178688729647547,0.000749185448512435,-0.0015174740692600608,0.0008906481089070439,7.231185009004548e-05,-0.0006560942274518311,0.0009265858097933233,-0.0006142702768556774,-0.0005426949355751276,0.0003526927321217954,0.0011023730039596558,0.0005713002756237984,0.00013456933083944023,0.000572836259379983,-4.40532858192455e-05,-0.0008513670763932168,-0.0005086670280434191,-0.000177780631929636,0.0006654402823187411,-0.000448887818492949,0.00015780005196575075,-0.0008054702775552869,-0.00026201398577541113,0.00030661822529509664
dose8k_B_s0,00201.png,-0.0002567705523688346,0.00042871912592090666,0.0003660602669697255,-0.0017988593317568302,0.0002373168827034533,0.0020398832857608795,-0.0011442070826888084,-0.00010537962225498632,-0.000191371378605254,-0.0005249240202829242,3.1444378691958264e-06,0.00011534334771567956,-0.00017805094830691814,-0.0009941250318661332,-0.001240297220647335,0.000359766447218135,-0.0014351948630064726,0.0008459901437163353,-0.0010100005893036723,0.00043782879947684705,0.0006495928973890841,0.0010760797886177897,0.0008877915097400546,0.00041383891948498785,0.0003226882836315781,0.0005949976621195674,-0.00023917095677461475,-0.000825392606202513,0.0004901643260382116,0.00011304952204227448,-0.0002235283172922209,-0.0012717603240162134,-0.00016726570902392268,-0.0004557021311484277,-0.0014153312658891082
dose8k_B_s0,00202.png,0.0008755587041378021,9.902565943775699e-05,0.00030119207804091275,-0.001865197205916047,0.000509881239850074,0.0006348147289827466,-0.00012855463137384504,3.5106389987049624e-05,0.00012689265713561326,-0.00019346800399944186,0.0016381023451685905,6.56787960906513e-05,0.00018108446965925395,-0.00043509298120625317,-0.0016685582231730223,0.00013670801126863807,-7.07365179550834e-05,0.00038029917050153017,-0.00022078902111388743,0.0011064358986914158,-0.0005296172457747161,0.0001574841298861429,-0.00042379091610200703,-0.0009628727566450834,0.0023207375779747963,0.0010858239838853478,0.00047738681314513087,-5.7601002481533214e-05,-0.001122919493354857,-0.00011131355131510645,-0.0012246802216395736,-0.0005403061513788998,-0.0005537620163522661,-0.0008259207243099809,-0.0002632315154187381
dose8k_B_s0,00203.png,-0.00042108402703888714,0.0004925091052427888,-0.0007252130308188498,0.0005804641987197101,-0.001697890693321824,-0.0013934315647929907,1.936005719471723e-05,0.00017312145791947842,-3.561690027709119e-05,0.0012112841941416264,-0.0008944609435275197,0.00022054894361644983,-0.0003436228143982589,7.053455919958651e-05,-8.064966095844284e-05,-0.0007620260585099459,0.0008067169692367315,0.0022039429750293493,-0.0009417655528523028,-0.0003030202351510525,0.0021609740797430277,-5.933917418587953e-05,-0.0005438385414890945,-0.00013259639672469348,-0.00031517414026893675,-0.0004212291678413749,0.0010369826341047883,0.00016985340334940702,-0.00036943278973922133,0.0007961736992001534,-0.0011154526146128774,0.0007359231822192669,-0.00022815240663476288,0.0004866527742706239,0.0002053094212897122
dose8k_B_s0,00196.png,0.0002670786634553224,0.0004008312535006553,2.3127029635361396e-05,0.0011572096263989806,-0.0005980120622552931,0.0011023557744920254,0.00012712184980046004,0.0012508976506069303,-0.00028965272940695286,0.0005148324999026954,-0.0016229497268795967,-0.001479423139244318,-0.0011100791161879897,0.0007571326568722725,0.00014352655853144825,-0.0001632436760701239,-0.0003808948677033186,0.0002597049460746348,-0.0011652878019958735,-0.000971189874690026,0.00015220936620607972,-0.000658549543004483,-0.0007163668051362038,0.00030312308808788657,0.0005303671350702643,0.0004001738561782986,-0.001090346253477037,0.001271749148145318,0.0004958871868439019,-8.584914030507207e-05,0.0005790055147372186,0.00023051674361340702,-0.0008237709989771247,0.0003026329504791647,0.001926700002513826
dose8k_B_s0,00197.png,0.0012415986275300384,0.001199921127408743,0.0003678358916658908,0.0007400111644528806,-3.241767990402877e-05,-0.00028522100183181465,0.0014282455667853355,0.0019192661857232451,0.0005244968342594802,0.0017219085711985826,0.00011307094973744825,5.227941437624395e-05,-0.00010929791460512206,0.0005402725655585527,0.0006536688306368887,-0.0011431733146309853,0.00040107229142449796,0.001217547571286559,-0.00182768062222749,-0.00025095013552345335,-0.00010684945300454274,-2.083243271044921e-05,0.000807647593319416,0.000315222394419834,-0.0008254288695752621,-0.0007014559232629836,-0.0012014347594231367,-0.000985322636552155,-0.00017675597337074578,-0.0005446410505101085,-0.0006353852222673595,0.0014830721775069833,0.001431402051821351,0.0005425905110314488,-0.00014478112279903144
dose8k_B_s0,00198.png,-0.0003972065751440823,-0.0015804950380697846,0.0006509533850476146,0.0009963565971702337,1.3736067558056675e-05,0.0002101515419781208,0.0008182647288776934,0.0009595626615919173,-0.0006283906404860318,0.0009964267956092954,0.0004348745569586754,0.0008722577476873994,0.0012695761397480965,0.00038472723099403083,0.00045679009053856134,0.0003837402327917516,-0.0003062836767639965,0.0005331157008185983,3.9890048356028274e-05,0.0005481956177391112,-0.0006136987940408289,-0.0010353483958169818,-0.002807755721732974,-0.001343506621196866,0.0003190790885128081,0.000980735756456852,-0.0004120294179301709,0.00038299610605463386,0.0017063240520656109,-0.0009635865571908653,0.0004098064382560551,0.0005787920672446489,0.0011774124577641487,-0.0002730928536038846,-0.0016780142905190587
dose8k_B_s0,00199.png,-0.0014552287757396698,-0.002628842368721962,0.0005591674707829952,-0.0021319708321243525,-0.0015775002539157867,0.0005691308178938925,-0.0003300681710243225,0.00014337265747599304,-0.0014965949812904,5.735534432460554e-05,0.001202181912958622,0.0013895431766286492,-0.001148116192780435,-7.791803909640294e-06,-0.0008609883370809257,-0.0007143212715163827,0.001864572404883802,-0.00016700159176252782,0.0005203927867114544,0.00021529766672756523,0.000157138827489689,-0.0005015951464883983,-0.0005095775704830885,-0.000398967502405867,0.0011547923786565661,-0.0005583842867054045,-0.0010392679832875729,0.00046297270455397666,0.0002100499696098268,-0.0013812397373840213,-0.0011542949359863997,0.0008023089030757546,-0.0006408091285265982,-0.0001294268004130572,-0.0007393996929749846
dose8k_B_s0,00204.png,0.00029032171005383134,0.00034706678707152605,0.000766719167586416,-0.0001539741497253999,-0.0006929516093805432,-0.0006226553814485669,0.001210405258461833,-0.0002296299790032208,0.00015736065688543022,-0.0008743334910832345,-0.000571716926060617,5.18252381880302e-05,5.8358520618639886e-05,-0.00020809387206099927,-0.0005237017176114023,-0.000663726357743144,0.0005092993378639221,-0.0005393927567638457,-0.00115709169767797,8.146863547153771e-05,-0.0021547775249928236,0.00015825180162210017,-0.00015741212700959295,-0.0014735113363713026,0.0004162528784945607,-6.748318992322311e-05,1.4805054888711311e-05,0.000874604971613735,0.00025375187397003174,-4.912148506264202e-05,7.367412035819143e-05,0.0002682714257389307,-0.0005059028044342995,-0.0005644916673190892,-0.0007370858802460134
dose8k_B_s0,00205.png,0.0011793127050623298,0.0022627408616244793,2.2311496650218032e-05,0.0005609046202152967,-0.0018462154548615217,0.0009351035114377737,0.0004079180653207004,-0.00044723667087964714,0.0011348912958055735,0.0009498429135419428,-9.654292080085725e-05,-0.0014021166134625673,6.0223253967706114e-05,0.0007280524587258697,-0.0002464803692419082,-0.000919252575840801,0.0009654983296059072,-0.0007067852420732379,0.00029751876718364656,0.0006557494052685797,0.0006292813923209906,-0.00018644290685188025,0.0002672401606105268,-0.0008142472361214459,0.001393826212733984,0.00015101056487765163,-0.0002370628499193117,-0.0011346593964844942,0.0007760498556308448,7.428971002809703e-05,0.000811243720818311,0.0003342414856888354,-0.0002823420218192041,-9.383307042298838e-05,0.0006752568297088146
dose8k_B_s0,00206.png,-0.0009216547477990389,-0.0019300543935969472,-0.0005308060208335519,0.0011824845569208264,7.756202103337273e-05,0.001983758294954896,-0.0005856484640389681,6.358113023452461e-05,-0.002181083196774125,6.840030255261809e-05,-0.001384172821417451,-0.0006638783379457891,0.0007005332736298442,0.0006788285099901259,0.00023545189469587058,0.0005992252263240516,-0.0006203121738508344,-0.0019937672186642885,0.0009286969434469938,-0.00020452411263249815,0.0005822223611176014,0.001709963078610599,-0.00162138557061553,-0.0003756010555662215,-0.0003642402298282832,-0.0002576361002866179,0.00018331724277231842,-0.0002665316278580576,0.0013707975158467889,-0.0004024389199912548,-4.8007605073507875e-05,0.0009618286276236176,0.000263609312241897,-4.838875247514807e-05,0.0002636974968481809
dose8k_B_s0,00207.png,-0.0012421911815181375,-0.001990086166188121,-0.00016279473493341357,-0.0019068657420575619,0.0004254815576132387,-0.00017910795577336103,-0.0006129784742370248,-0.00035194584052078426,0.0007288975175470114,0.0025642234832048416,3.0004905056557618e-05,-0.0002414678892819211,-0.00076012231875211,-0.00017942258273251355,0.0014914069324731827,0.000499427376780659,-0.00013550007133744657,-0.0010245955782011151,2.8588792702066712e-05,-0.00020347761164885014,-0.00018187769455835223,0.0003376562090124935,0.0006609393167309463,-0.0008041604305617511,-0.0002828118740580976,0.0006210983847267926,0.0008992079528979957,0.0016413346165791154,-0.0013808213407173753,0.00038066512206569314,0.0005852588801644742,0.0004807611112482846,0.0006652541924268007,0.002017373451963067,0.00058222864754498
dose8k_B_s0,00208.png,-0.0016504311934113503,-0.0016924800584092736,0.0006461856537498534,-0.001950649544596672,-0.0012245411053299904,0.0008497958187945187,-0.0006250156438909471,0.0010620775865390897,-0.00028428653604350984,-0.00041491174488328397,-0.0018249331042170525,0.0012508429354056716,0.0008563554147258401,0.000634492898825556,-0.001229009823873639,0.0005612274981103837,0.00159083039034158,0.00039723116788081825,0.0007171202450990677,0.000203826988581568,-0.000811156292911619,-0.002059482503682375,-7.588916196255013e-05,-0.0005204011686146259,-0.000520128000061959,-0.0001953336613951251,-0.00021860175183974206,-0.00043005894985981286,-0.0004979982040822506,-0.0003719177911989391,0.0003545521467458457,-9.794016659725457e-05,-0.0008724426734261215,-0.0005361516959965229,0.0007985451375134289
dose8k_B_s0,00209.png,-0.0002760346105787903,-1.300052917940775e-05,-0.0009197815088555217,0.0009974397253245115,9.669682185631245e-06,-3.0154993510222994e-05,0.0008814788307063282,0.0007533463067375124,0.0006155628361739218,0.0004494601162150502,0.0014700398314744234,0.000727529579307884,-0.00011843946413137019,0.0008027892909012735,-3.203233063686639e-05,0.001369586680084467,-0.000988541985861957,-0.0008029065211303532,-4.487348269321956e-05,0.00010532514716032892,0.00047819552128203213,0.0006667189300060272,-0.0006590975099243224,-0.001130680087953806,-0.0008991296053864062,0.0009355678339488804,0.0006796835805289447,0.00014407224080059677,0.0019952303264290094,-0.000874941935762763,-0.001999509520828724,-0.0006371004856191576,0.0009170738630928099,-0.001775493728928268,0.0010037040337920189
dose8k_B_s0,00210.png,0.0009956426220014691,0.0023581807035952806,-0.0003858690324705094,-0.00030756471096538007,0.0005084286676719785,0.0008102866704575717,0.001023031654767692,-0.00019101492944173515,0.00058180425548926,-0.0005732834106311202,-0.000710710883140564,-0.0006386706372722983,-0.0002031804615398869,-0.0005574479582719505,-0.0008950243936851621,0.0011768578551709652,0.0010119888465851545,0.0012919028522446752,-0.0005060462281107903,-0.0003102015471085906,-0.0004846263618674129,-0.0005174846737645566,-0.0005086553865112364,-0.0007452485151588917,-0.0006569894030690193,0.0005752011784352362,-0.0006124586798250675,-0.00045425634016282856,-0.001897345995530486,0.0006131476839073002,0.0010369500378146768,0.0025716477539390326,0.0006586165400221944,-0.0010536113986745477,-0.0012397686950862408
dose8k_B_s0,00211.png,-0.00020776617748197168,0.00016964678070507944,-0.0013273372314870358,-0.0043563381768763065,-0.00010081730579258874,-0.0003200480714440346,-0.0005969370831735432,0.0015573831042274833,0.0019601290114223957,0.0008042705012485385,-0.0011416157940402627,0.0008835509070195258,-0.000996274990029633,0.0008261292823590338,0.0009751131292432547,-0.0018665909301489592,0.0005050093750469387,-0.0003016986302100122,-0.0017679977463558316,-0.00013112131273373961,0.0008713647839613259,0.0009919066214933991,-0.0005327117978595197,0.0012813060311600566,0.00045029836473986506,0.00030328574939630926,0.0005222063045948744,0.000623403990175575,-0.0019480842165648937,0.0011699981987476349,0.0005496984231285751,-0.0018587292870506644,-0.0015307378489524126,0.0013547836570069194,-0.000369294109987095
dose8k_B_s0,00212.png,0.0006486026104539633,0.00010963208478642628,-0.0013241881970316172,0.001651886967010796,-0.0013506673276424408,0.000490248785354197,-0.0001184315697173588,0.0007259637350216508,-0.00012544474157039076,0.0018232783768326044,-0.0007806957000866532,-0.00016884156502783298,-0.0002208686782978475,-0.00017136837414000183,0.00020758136815857142,0.00016651386977173388,-0.0008537772228009999,-0.0001524070685263723,-0.0005040945834480226,-0.0007048325496725738,0.0013830360257998109,7.843042840249836e-05,-0.0010992458555847406,-0.0005548870540224016,-6.65883271722123e-05,-0.00023134550428949296,0.00025160223594866693,0.0014050450408831239,0.00029842572985216975,0.00010220784315606579,-0.0014898540684953332,-0.0009164723451249301,0.0005714587168768048,0.0002051593764917925,0.0004625137080438435
dose8k_B_s0,00213.png,-0.00030881541897542775,-0.00016641129332128912,-0.0008574981475248933,8.354730380233377e-05,-0.0018328758887946606,0.00015057284326758236,0.0005580458673648536,-0.00032667614868842065,0.0003228748682886362,-0.0011819617357105017,0.0009425071184523404,0.0007505025714635849,0.0002578703570179641,-6.653448508586735e-05,0.00037441521999426186,-0.00024636820307932794,-0.0007502443622797728,0.00029375532176345587,-0.0013268677284941077,0.0003134818107355386,9.30666210479103e-05,-2.4808732632664032e-05,-0.000124562720884569,-0.0005379428621381521,-0.0003023555036634207,0.00041568963206373155,-0.000235082654398866,-0.0008639869629405439,0.00022382890165317804,0.0001658435066929087,0.0004396844014991075,1.973762846319005e-05,-0.0013118655188009143,-0.00029783943318761885,0.0005906364531256258
dose8k_B_s0,00214.png,0.0005491196061484516,-0.00027784451958723366,-0.0018020017305389047,0.000193075742572546,-0.0010841700714081526,0.0005269867833703756,-0.0007209971081465483,-0.0001498839701525867,-0.0002521962160244584,0.00030209505348466337,0.0006064723711460829,-0.002148965373635292,0.0015980913303792477,-0.00024188663519453257,0.0006826976896263659,-0.001071134116500616,-0.0006154142902232707,-0.0012655085884034634,-0.000168236656463705,-0.0005067453603260219,0.0005547764012590051,-0.0013088255655020475,-0.00018387867021374404,0.00048399457591585815,0.0001350553793599829,0.00034320310805924237,0.0004099883954040706,-0.0010414172429591417,0.0007803990156389773,0.0005955188535153866,0.00038010397111065686,0.00014086505689192563,6.848734483355656e-05,-0.0005765972309745848,-0.00012171170237706974
dose8k_B_s0,00215.png,0.00034853271790780127,0.001004211138933897,0.000172772110090591,-0.0007223598659038544,0.0006555129657499492,-0.0011087213642895222,-0.0009578705648891628,-0.0006238751811906695,-0.0006558782188221812,-0.001624592812731862,4.678194454754703e-05,-0.00012577070447150618,-0.00151441665366292,-0.00011147281475132331,6.662036321358755e-05,0.0007447853568010032,0.0004457299946807325,0.0006526964134536684,-0.0005305475788190961,0.0004243254952598363,-3.472180469543673e-05,0.0005348800332285464,-0.0008140421705320477,-0.001017419039271772,0.0015352346235886216,0.0010380623862147331,-0.0008252786356024444,0.001018992275930941,0.0009010393405333161,0.0012965003261342645,8.560255810152739e-05,0.0012375760124996305,-0.000649305758997798,0.0011116077657788992,7.106924749678001e-05
dose8k_B_s0,00216.png,-0.0009327239240519702,-0.0020630403887480497,0.0004355540731921792,0.0023163906298577785,0.001260123448446393,0.000593756209127605,0.0008697023731656373,0.00021864684822503477,-0.0008475687354803085,0.0012455172836780548,-0.0008738299366086721,0.00020095231593586504,0.0011082972632721066,-0.00031025768839754164,8.1740363384597e-06,0.0011077746748924255,0.0006748168379999697,-0.0009247265988960862,-0.00034013373078778386,-0.0008905314607545733,0.0003949929086957127,-0.0004625312576536089,0.00035956886131316423,0.00026312103727832437,0.0017896536737680435,-0.0010330957593396306,0.0001816294388845563,0.0007575671770609915,-0.0009170330013148487,8.292120037367567e-05,0.0012358740204945207,-0.0013630471657961607,0.0001485555258113891,-0.0008933094213716686,-3.0279214115580544e-05
dose8k_B_s0,00217.png,-0.0002735867165029049,-0.0005258978344500065,-0.0007818624144420028,0.0008997106924653053,-0.000937113945838064,0.0005698647582903504,0.0010264633456245065,-0.00045338086783885956,0.00015607092063874006,8.314316073665395e-05,0.0013430173275992274,0.00019693169451784343,0.00044715680996887386,-6.050856609363109e-05,-0.0003514828276820481,0.0009476565755903721,0.00044745454215444624,0.0009575264994055033,-0.0004222945717629045,-0.0010962083470076323,1.5694162357249297e-05,-0.00041968977893702686,3.815814488916658e-05,-0.00017751337145455182,0.0012054085964336991,0.00025680585531517863,-0.0010516908951103687,-0.00047089459258131683,-0.0009761849069036543,-0.0009441865258850157,-0.0003959897148888558,-0.00031329726334661245,-0.0006651136209256947,-0.000937543110921979,0.0010037739994004369
dose8k_B_s0,00218.png,-0.0012220824137330055,-0.0031379666179418564,0.00021543957700487226,-4.5967684854986146e-05,-0.0028429257217794657,-0.0005247474182397127,-0.0005486123845912516,0.000672060064971447,-0.0013012423878535628,0.0011130390921607614,-0.0008146266918629408,0.00011563950829440728,-0.0007390148239210248,-0.0005483696004375815,0.00023191343643702567,0.0004202695854473859,-0.0013477568281814456,0.0009193969890475273,-0.0012052201200276613,0.0006258617504499853,-0.00037591977161355317,-0.000442193791968748,0.00047265051398426294,-0.001701882341876626,5.365942342905328e-06,-0.000370469584595412,-0.00010470955021446571,-0.0007227096939459443,0.00022846640786156058,-0.0007878647302277386,0.00055531325051561,0.0005958994152024388,-0.0007404677453450859,-0.00036177702713757753,-0.0010759480064734817
dose8k_B_s0,00219.png,0.0005707780946977437,1.9098379198112525e-05,-0.0012636634055525064,0.00043222939711995423,-0.00024309860600624233,-0.0013699944829568267,-0.0013790044467896223,0.00037287900340743363,0.0007183681591413915,0.0012303966796025634,0.0006246624980121851,-0.0005943001015111804,-0.0013351066736504436,-0.0014646885683760047,-0.0004154974012635648,0.001377842272631824,-0.0003110018733423203,-0.0007476626196876168,-0.00023599334235768765,0.0003550714172888547,-4.2821444367291406e-05,-0.00044651469215750694,0.0016507594846189022,0.0002535605162847787,0.0005787967820651829,0.00021019720588810742,0.00035855884198099375,0.0010292122606188059,-0.0002602520980872214,0.0005046449950896204,-0.00032359050237573683,0.00012370466720312834,1.7865882909973152e-05,-0.00023666972992941737,-0.00043893200927414
dose8k_B_s0,00220.png,0.00021523739269468933,-0.00042998045682907104,-0.0012052473612129688,-0.00037955548032186925,0.0013776367995887995,0.0004181358381174505,-0.0012758286902680993,-0.0006441421573981643,0.000624941079877317,0.00023639680875930935,0.001149660674855113,-0.0017844962421804667,0.0009165082010440528,-0.0008425164851360023,-0.0009417737601324916,1.4559770534106065e-05,0.0007544820546172559,0.0003103329800069332,0.0007702205912210047,-0.0006519401795230806,0.0014684628695249557,0.0001863289508037269,-0.0002707606472540647,-0.001021078904159367,-0.0008854580228216946,-0.00020327327365521342,-0.0006940722814761102,0.001117444015108049,0.0005049576866440475,-0.0008016220526769757,0.0009981050388887525,0.0006755838403478265,-0.0003777016536332667,0.0007118630455806851,-0.0004884566296823323
dose8k_B_s0,00221.png,0.00016812910325825214,-0.0010633778292685747,0.000703297380823642,-0.0009608569671399891,-0.0008270103135146201,-0.00047541619278490543,0.0017728096572682261,0.0004462857323233038,-0.0012463132152333856,0.000797163404058665,-0.0008240622701123357,-0.0002828452561516315,0.0002114998787874356,-0.0005375851760618389,-0.00031366851180791855,-0.0004303748719394207,0.0014109263429418206,0.00022325800091493875,0.0005950845661573112,0.0016212587943300605,0.00020674582628998905,-0.0016910363920032978,-0.0010113486787304282,0.0018634973093867302,0.0008497865637764335,-0.0010670989286154509,-0.00014879577793180943,0.00012013088417006657,-0.00138767808675766,0.00011506352893775329,-0.0007972235325723886,0.0009524186607450247,0.000307030335534364,-0.0009916293201968074,-0.000596522877458483
dose8k_B_s0,00222.png,0.0027148337103426456,0.0009421791764907539,0.0001234105438925326,0.0012082820758223534,-0.0011071435874328017,-0.00041666062315925956,-0.0007588225998915732,0.0009800910484045744,0.0007516576442867517,0.00015704020916018635,0.000275284459348768,0.001994430785998702,0.000601190491579473,-0.0005284588551148772,0.0005671331309713423,-0.00023867464915383607,-0.001076265936717391,-0.0005626860074698925,-0.0020709489472210407,-0.0001507091656094417,-0.0008250703103840351,-0.0013700856361538172,6.62675520288758e-05,-0.0018340987153351307,0.0014543303987011313,-0.0001872913708211854,-0.0009667053236626089,-0.0001841808552853763,-0.0005091222119517624,-0.0003756580117624253,0.0009652943117544055,1.390715260640718e-05,0.0004864614165853709,-0.0020095857325941324,0.0013060199562460184
dose8k_B_s0,00223.png,0.0005098830442875624,0.00021081262093503028,-7.095487671904266e-05,0.0021951869130134583,0.0013867175439372659,0.0002101036225212738,0.0009567294036969543,-0.001851823297329247,0.0007843631319701672,-0.00044672784861177206,0.00015199383778963238,0.0001509280555183068,0.001609636819921434,-0.0005287869716994464,-0.0004579863743856549,-0.0008389091235585511,0.0010642926208674908,-0.0004007859679404646,-0.0005607407074421644,-0.0006957602454349399,-5.92196847719606e-05,-0.0002704339276533574,0.0008847371791489422,0.0012469348730519414,0.00017319787002634257,-0.00022393713879864663,-0.0014227882493287325,0.001427462324500084,-0.0014616656117141247,-0.00134128553327173,0.00025882190675474703,-0.0019413083791732788,-0.0006859929417259991,0.0006063102628104389,-0.0011263726046308875
dose8k_B_s0,00224.png,0.0009446978801861405,0.0006637955666519701,0.0004351561947260052,0.00019478550530038774,-0.0011159868445247412,0.00029142916901037097,-0.0011853434843942523,-3.90861023333855e-05,0.0007982871029525995,0.0014989350456744432,-0.0002352762094233185,-0.0006326822913251817,0.00024052189837675542,5.622312892228365e-05,-0.0005714161670766771,0.000766209268476814,6.802113057347015e-05,-0.0006193812587298453,-0.0010219755349680781,0.0012353453785181046,0.0003877907001879066,0.0011615040712058544,-0.0012526611099019647,-0.0006302404217422009,-0.0001701095752650872,-0.0005394303007051349,0.0005588403437286615,-0.000164330136612989,-0.0005487011512741446,-0.000894172873813659,0.0019506561802700162,0.0020383652299642563,0.0008627597708255053,0.0010962758678942919,0.0008072179625742137
dose8k_B_s0,00225.png,-5.60024136575521e-06,0.0005399895017035306,-0.00037971680285409093,0.002793618245050311,0.001478272955864668,0.0009550492977723479,-0.0012754148337990046,2.1611129341181368e-05,0.0005628090002574027,-6.563800707226619e-05,0.0006902742316015065,0.0006981052574701607,0.0005677309818565845,-0.0001815258146962151,-0.0006743015837855637,-0.000527978059835732,3.254875764469034e-06,0.0005236622528173029,-0.0014769771369174123,-0.0014971208292990923,6.182643846841529e-05,-2.116007817676291e-05,-0.00030620841425843537,0.0009002078440971673,-0.00038165124715305865,-0.00046467428910546005,0.00018919369904324412,0.0010434252908453345,-0.0003905871999450028,0.0009590063127689064,-0.00078637117985636,-0.00040921522304415703,0.0005132097285240889,0.000534622638951987,-0.0012879540445283055
dose8k_B_s0,00226.png,0.0010633269557729363,-0.000279108586255461,0.0013919058255851269,4.367166184238158e-05,0.0010797890136018395,0.002256399020552635,0.00046026581549085677,0.00021452305372804403,-0.0008576092659495771,-0.0014993816148489714,0.0014340474735945463,-0.0021930786315351725,0.00045457115629687905,0.0003920340386684984,-0.0005927636520937085,-0.000766761542763561,-0.00035528760054148734,0.0009884226601570845,0.00042115087853744626,0.00010790589294629171,-0.00026262321625836194,0.001135061145760119,0.0014917503576725721,0.0002937435347121209,0.00017580942949280143,-0.001357769826427102,0.0008063136483542621,-1.8382845155429095e-05,-0.0020283188205212355,0.0024884233716875315,-0.0010314628016203642,0.0013176542706787586,-0.001066178665496409,0.0006333494675345719,-0.00020252175454515964
dose8k_B_s0,00227.png,5.2967854571761563e-05,0.0017755018780007958,-0.00022864337370265275,-0.0006381513667292893,0.0011486661387607455,-0.000721823307685554,0.0013492625439539552,-0.0007821188773959875,-0.0006544791394844651,0.001389097305946052,-0.00019885880465153605,-0.0005480097606778145,0.0011687957448884845,-0.0021774282213300467,-0.002046575304120779,0.0023340091574937105,0.0006371900672093034,0.002052357653155923,-0.0008132712100632489,-0.0003445457259658724,-0.0004984784172847867,0.0008494746871292591,-0.0018582345219329,0.001051303232088685,-0.0007871863199397922,0.0013269957853481174,-0.001148609328083694,0.0024438605178147554,0.0012012405786663294,0.0002534736995585263,0.001288417261093855,0.00207907403819263,0.0014466724824160337,-4.6590397687396035e-05,0.0007005392690189183
dose8k_B_s0,00232.png,-3.3190834074048325e-05,0.00018346203432884067,0.0011012241011485457,-0.000803539005573839,0.0012169589754194021,0.002402367303147912,-9.20184247661382e-05,-0.0001600439427420497,-0.0003030458465218544,-0.0002483443240635097,-0.0011230285745114088,-2.4763256078585982e-05,0.0012020221911370754,0.0005820834776386619,-0.001241358113475144,0.0008172641973942518,-0.0007840002072043717,0.0007684261654503644,-0.001452908618375659,0.003376451786607504,-0.0005069051985628903,0.0004541024682112038,-0.0005816967459395528,-0.0007839507889002562,-0.00031543560908176005,0.0010023817885667086,-0.0012357226805761456,-0.0007097141933627427,-8.277799497591332e-05,0.0006058229482732713,0.00019504904048517346,0.0020114616490900517,2.8119971830165014e-05,0.0009642800432629883,-0.0003192334552295506
dose8k_B_s0,00233.png,-0.0014714421704411507,2.1211421881162096e-06,-0.0009322759578935802,0.001019367715343833,0.0008934597717598081,-0.0010331915691494942,0.0010545055847615004,-4.777824869961478e-05,-0.0006234406610019505,0.000640718499198556,0.0005249109817668796,0.0011914779897779226,-0.00020858211792074144,-0.0019254254875704646,-0.0004062278603669256,-0.00021013351215515286,0.0014263608027249575,-0.0012971257092431188,-0.0004618029051925987,8.797743066679686e-05,0.0007958619971759617,-0.000642521888948977,0.0018668844131752849,-0.0008155597606673837,-0.0009820745326578617,-0.0005477363592945039,-0.0009475572151131928,0.0012713512405753136,-0.0009720451780594885,0.00048047761083580554,-0.0006943856715224683,0.0008791029104031622,9.15882337721996e-05,5.1711998821701854e-05,-7.52234409446828e-05
dose8k_B_s0,00234.png,0.00201736600138247,0.0030782343819737434,-0.0008894786005839705,0.0021824995055794716,0.003523779334500432,0.0006707936991006136,-0.00149456225335598,0.00036097830161452293,0.0007068858831189573,0.0009532544063404202,-0.0011970169143751264,0.0007799497689120471,-0.001282346318475902,0.00017339362238999456,-0.002241942100226879,-0.0003292703768238425,-0.0005115991807542741,-0.000558870320674032,0.002303771674633026,0.0005445947172120214,0.0005912866326980293,-0.0004450870619621128,-0.0027148176450282335,-0.00070728431455791,0.00015169197286013514,6.453438345488394e-06,0.00045430322643369436,-0.0004288594354875386,-0.0003876899427268654,0.0009358378010801971,-0.0012965999776497483,0.0009774897480383515,-0.0014417110942304134,0.00181921839248389,-0.0003732310433406383
dose8k_B_s0,00235.png,0.0003187993715982884,-5.0273298256797716e-05,3.802553692366928e-05,-0.00035710365045815706,0.0014397026970982552,-0.00016668302123434842,-0.0009867970366030931,0.0014276785077527165,0.0014841986121609807,0.0018501715967431664,0.0012680446961894631,0.000151683489093557,-0.0007129470468498766,0.0015693276654928923,0.0004054091696161777,-0.00033492519287392497,0.0022815570700913668,0.00026768294628709555,0.0005065224249847233,0.0010878803441300988,0.0017564933514222503,-0.0006526659126393497,-0.0002749337290879339,0.00011005520354956388,0.000271607656031847,-0.0009719206718727946,-0.0011480114189907908,0.00039442317211069167,0.0012568351812660694,-0.0005970728816464543,0.0016994457691907883,0.0009044856997206807,0.0003192118601873517,0.00025862178881652653,-0.00044004531810060143
dose8k_B_s0,00228.png,-0.00020200626750010997,0.0002709146065171808,0.0008865760173648596,0.0006977409357205033,-0.0011544409207999706,-0.00020606353064067662,0.0008596698171459138,-0.0001780292805051431,-0.00013243626744952053,-0.0002850915479939431,-0.0007592444308102131,-0.0009480327134951949,-0.0010856149019673467,-0.0002518846595194191,-0.001677524414844811,0.0014872951433062553,0.0007882280624471605,-0.0012576637091115117,5.2958359447075054e-05,0.0005884102429263294,-0.0008402958628721535,-0.001347494195215404,-0.0004265062161721289,-3.7115798477316275e-05,-0.0006776932859793305,0.0003979708126280457,-0.00024468734045512974,0.0011999178677797318,-0.0010296382242813706,0.0003852522640954703,-0.0009117857553064823,-0.0006074351840652525,-5.424816845334135e-05,-0.0002851476310752332,-0.0003042820608243346
dose8k_B_s0,00229.png,0.0008124189916998148,-0.0010875542648136616,0.0015093431575223804,0.000917132303584367,-0.00011080321564804763,-0.0003178602200932801,-0.00036620479659177363,0.0005254783318378031,-8.389560207433533e-06,1.536791751277633e-05,-0.00011071936751250178,-0.0008960263221524656,0.0010105480905622244,-0.0016803308390080929,0.00021466623002197593,-0.00016448897076770663,-0.0011651705717667937,-0.0003336070221848786,0.0003091182734351605,4.436702511156909e-05,-0.0003063074836973101,-0.0013285349123179913,-0.0030244230292737484,-0.0003188205591868609,-0.0008106312016025186,6.239121285034344e-05,-0.0004909159615635872,0.0005572689697146416,0.00010541028314037248,-0.0015169642865657806,0.0004298313579056412,0.00021905978792347014,-6.130004476290196e-05,0.0022192338947206736,-0.00043897918658331037
dose8k_B_s0,00230.png,0.0011570758651942015,0.0006361028063111007,-0.0005055013461969793,0.001696277759037912,0.0023948107846081257,0.0007778954459354281,0.0013411103282123804,-0.0009465782786719501,0.0006192976725287735,0.00043074999121017754,0.00029542119591496885,-0.0027469382621347904,-0.0008654456469230354,-0.0002592150995042175,-0.00011981616262346506,-0.0011528213508427143,-0.0007770897354930639,-0.001186976907774806,-0.0013642869889736176,-0.0019026055233553052,0.0002907378657255322,0.00039965586620382965,0.0005927876918576658,0.0012367796152830124,0.0008506573503836989,0.00015005005116108805,-0.0004483769880607724,-0.0005869914893992245,0.00041594431968405843,-3.8275760743999854e-05,0.0008172013913281262,0.0013707868056371808,0.0003438878629822284,0.0005305141676217318,3.332776032038964e-05
dose8k_B_s0,00231.png,-0.00022027138038538396,0.0014704421628266573,0.0008193472167477012,-0.0013617529766634107,0.00023786765814293176,0.0006329157622531056,0.00040306421578861773,-0.0004376063006930053,0.0018327559810131788,-0.0006544530624523759,0.0015115427086129785,0.0009222685475833714,-0.00042444124119356275,0.002428149338811636,0.0005660971510224044,0.0004620707768481225,0.0016429591923952103,0.0011197326239198446,-0.0008149414206854999,-0.000441340496763587,0.0009748863521963358,0.00024429624318145216,1.9453800632618368e-05,0.0009859800338745117,0.0010328992502763867,0.001470403396524489,-0.0010220239637419581,-0.0009680453222244978,-0.0009751974139362574,-0.0009257723577320576,-0.00045767027768306434,0.0014881412498652935,0.0005914575885981321,-0.0003101034089922905,-0.0015800681430846453
dose8k_B_s0,00236.png,0.0003487433714326471,-0.000573105295188725,-0.0004100669175386429,0.000991486944258213,-0.0008661699248477817,0.0015462738228961825,-0.0014325641095638275,0.0013404121855273843,-0.0013860514154657722,0.0016731099458411336,0.00022843782790005207,0.0018616452580317855,-0.0012488635256886482,0.0004557906650006771,3.503753032418899e-05,-0.00019772355153691024,0.0013363402104005218,-0.00019595147750806063,-0.0018876707181334496,0.0004986703861504793,0.0005150276119820774,-0.0007987938006408513,0.00016732144285924733,0.00014315053704194725,0.00028196597122587264,-0.0010964826215058565,0.0005943438154645264,0.0004751574306283146,-0.0007374167325906456,-0.00033381854882463813,0.0008516579400748014,0.0020101028494536877,0.0005343789816834033,-0.0012153622228652239,-0.0009378197719343007
dose8k_B_s0,00237.png,0.0006451950175687671,0.0013555196346715093,-0.0003577561874408275,0.0005330260610207915,-0.0021824308205395937,0.001213539275340736,-0.0001400035253027454,0.0003197016485501081,0.00116006622556597,-0.0007038873736746609,-0.0010221087140962481,0.0008345923270098865,0.0014231634559109807,0.00014274168643169105,-0.0011249898234382272,0.00013228997704572976,0.0018580923788249493,-0.0013918078038841486,-0.00047608366003260016,-0.0007617974188178778,0.0011759030167013407,-0.0016788948560133576,-0.0011411163723096251,0.0008990966016426682,-0.0007729845819994807,0.00014947514864616096,0.0006370182381942868,-0.0006188742117956281,0.0018674711463972926,-0.0002645247441250831,0.00039429788012057543,-0.00040128789260052145,-0.0005081635899841785,0.0008575119427405298,0.00010386155190644786
dose8k_B_s0,00238.png,-0.0005826686974614859,-0.0004333797551225871,-0.0003216394688934088,0.0011335674207657576,-0.0008797739865258336,0.00266630738042295,0.00012670832802541554,-0.0010706703178584576,0.0010093118762597442,0.0008318466134369373,-0.0011473192134872079,0.0007114066975191236,0.00045581802260130644,0.0008222335600294173,0.00024483504239469767,4.591771721607074e-05,-0.00029929468291811645,-0.0003829672932624817,0.000983057776466012,-0.001179282320663333,0.0011071297340095043,-0.001878514070995152,-0.0003967690863646567,0.0012451309012249112,0.000558591797016561,0.0015591823030263186,-0.002339188940823078,0.0013343131868168712,-0.00018581363838165998,-0.0012132832780480385,-0.0009068648796528578,0.000817077758256346,-0.0010124994441866875,-0.0007120196823962033,-0.0005973343504592776
dose8k_B_s0,00239.png,0.0009904570179060102,0.0013236943632364273,-0.0013414770364761353,-0.0007489174604415894,-0.0008153286762535572,1.1345313396304846e-05,0.0009286493295803666,0.00016019043687265366,-4.075023389304988e-05,-0.00038268137723207474,0.001205019885674119,6.30549548077397e-05,-0.0004037801700178534,0.00018031983927357942,0.0002285066875629127,-0.00011133818770758808,-0.0016407703515142202,0.0013106457190588117,0.0006412662914954126,0.0002800923539325595,-0.0005513845244422555,7.47067024349235e-05,-0.0007507000700570643,-7.550446753157303e-05,0.00028334141825325787,-0.0009351018816232681,0.0010923132067546248,0.0003886930353473872,0.0007616130751557648,0.0005908276070840657,-0.0001853676076279953,0.001212074188515544,-0.000559166306629777,-0.0014937873929738998,-0.0006679781363345683
dose8k_B_s0,00244.png,0.0002662308397702873,-0.00028753976221196353,0.0006606727256439626,-0.0014935584040358663,0.000538146065082401,0.0013302925508469343,0.0006027301424182951,-0.0009850802598521113,0.000856360886245966,-0.0005824287654832006,0.000344950269209221,0.00015287197311408818,0.0008435285417363048,-0.001618376700207591,0.0006354512879624963,-0.0014028600417077541,-0.0005355795728974044,0.0001656401582295075,-0.0005901909316889942,0.0014565708115696907,-0.0017676191637292504,0.0009358286042697728,-0.0005068138125352561,-0.0010620546527206898,-0.0008755341987125576,0.00092133047292009,-0.0001432699937140569,0.0014924496645107865,-0.00033635925501585007,0.0007961046067066491,-0.0014614848187193274,-0.00047323975013569,-0.0009129692334681749,-0.0001141011671279557,0.0003079845628235489
dose8k_B_s0,00245.png,0.0007822925690561533,0.0001539430086268112,-0.00029530710889957845,0.00014800943608861417,-0.0004251189820934087,-0.0007697613327763975,0.0005877965013496578,0.0006589011754840612,0.000681150471791625,-0.0004038900078739971,0.0009465570328757167,0.00044785617501474917,-1.3702462638320867e-05,0.0008438916993327439,0.0006724632694385946,-0.0007591994944959879,-0.0007549743168056011,0.00017650911468081176,-0.0005339639610610902,-0.00023041079111862928,0.00030707413679920137,0.00028571818256750703,0.00018752938194666058,-4.075599463249091e-06,-0.0005512110656127334,-0.0011037139920517802,-0.0011290173279121518,-0.0003392944054212421,9.694223263068125e-05,0.001170843024738133,-0.00047309306683018804,-0.0011726550292223692,-8.819033246254548e-05,0.0005676884902641177,0.0013050429988652468
dose8k_B_s0,00246.png,0.001211637514643371,-0.00032278016442433,0.0005321654607541859,-0.0006033995887264609,8.418942161370069e-05,0.00029178019030950963,0.0011324109509587288,-0.0005808260757476091,-0.000284086650935933,-0.0028383040335029364,-0.0007249850896187127,-0.0013817026047036052,0.000540301960427314,-0.0012824968434870243,-0.0006970604881644249,0.0025448661763221025,0.00046635084436275065,-0.0013294491218402982,-0.00029817339964210987,-0.001795944757759571,-4.535830157692544e-05,-0.0005736505845561624,0.0003409110940992832,0.0010748249478638172,-0.0009361859993077815,-0.0002569103380665183,-0.00047595510841347277,0.0017740984912961721,0.00010872253915295005,0.0013955438043922186,-0.0004693094815593213,-0.00043139138142578304,0.0006352755008265376,-0.000529083248693496,-0.0015553776174783707
dose8k_B_s0,00247.png,0.0012843868462368846,0.0021177034359425306,6.769119499949738e-05,0.0004233068320900202,0.000610208255238831,-0.00013900180056225508,-0.0006566002266481519,-0.00012922007590532303,-0.0005688725505024195,-0.001725032925605774,0.0005840299418196082,8.523416909156367e-05,-0.0008702572085894644,-0.00028225494315847754,0.0008734664879739285,0.00028614982147701085,0.00014511094195768237,0.0007573700859211385,-0.00020874915935564786,-0.0005244758795015514,-0.00042746332474052906,0.0007543860119767487,0.0008583021117374301,-0.00041980715468525887,-0.0006622074288316071,0.00033428758615627885,0.0015991360414773226,-0.0016212513437494636,0.0003719059459399432,0.0011153977829962969,0.00015591629198752344,0.0007298440905287862,-0.00014759684563614428,0.0006736720097251236,-2.0224870240781456e-05
dose8k_B_s0,00240.png,0.0003408840566407889,0.00016939984925556928,-0.0009450772777199745,0.0024177886079996824,0.0006672647432424128,0.0008132896618917584,0.00054605130571872,0.0006376420496962965,-0.0007188029121607542,-0.0006995311705395579,0.0018774836789816618,0.0010709160706028342,0.0008942681597545743,-0.000724447367247194,5.707383024855517e-05,-0.0002547116600908339,0.0007972541498020291,0.0018146603833884,-3.0382649129023775e-05,-4.482145232032053e-05,-0.0005442893598228693,0.0007981316302902997,0.0009544397471472621,0.0003206398687325418,-0.00031411097734235227,0.00019994255853816867,-0.001188787049613893,0.0010839866008609533,0.0019645304419100285,-0.00013323321763891727,0.00038299939478747547,-0.0011660357704386115,-0.000561079359613359,0.0008809695136733353,-0.00024141749599948525
dose8k_B_s0,00241.png,-0.0005563694285228848,-0.0007271007052622736,0.0005764075904153287,0.0005561603466048837,-0.0004413959395606071,-0.0005592890665866435,0.0004989670705981553,0.0013180067762732506,-0.0006122170016169548,0.0017779956106096506,-0.00017588239279575646,0.0016656648367643356,0.00040731587796472013,-0.0012557320296764374,-0.0002359041100135073,0.0014825820690020919,0.001110978308133781,0.0011812739539891481,0.0009906068444252014,-0.00025027565425261855,-0.00042729690903797746,-0.0012018753914162517,-0.0012805415317416191,0.0011992973741143942,0.0009257448255084455,0.0013219761895015836,-0.00094672164414078,0.00045508798211812973,0.0002201321185566485,-0.0017596695106476545,-0.0005758297629654408,-0.0004408712557051331,-0.0010454840958118439,0.0005648770602419972,5.6812346883816645e-05
dose8k_B_s0,00242.png,0.0012915900442749262,0.0005146132316440344,3.703099719132297e-05,0.0021418994292616844,-0.000254870014032349,0.0011937166564166546,0.0020836263429373503,4.1657171095721424e-05,-0.00011254107084823772,-0.0003444446192588657,-0.0011702541960403323,3.409401324461214e-05,-0.0019662966951727867,0.0013368678046390414,-0.0009335190989077091,-0.0012084667105227709,0.0004206096346024424,-0.0002784803800750524,-0.00018234181334264576,-0.0014430803712457418,-0.00011558733240235597,0.0010869823163375258,-0.0004334172699600458,0.000693498004693538,0.0011944196885451674,0.0010346268536522985,-0.00019850398530252278,-0.0021157737355679274,0.0018613972933962941,-0.0019025563960894942,0.0010236399248242378,0.0006975994911044836,0.00018575739522930235,0.00029219710268080235,0.0014418764039874077
dose8k_B_s0,00243.png,-0.00045744303497485816,0.0012940290616825223,-0.0011500968830659986,-0.0010617481311783195,-0.0026476499624550343,-0.001340314163826406,0.00015181148773990571,-0.0006471737287938595,0.000842612236738205,-8.257738954853266e-05,-0.0008835952030494809,-0.000702578981872648,0.0008098395192064345,-0.0020467322319746017,-0.0007388587109744549,-0.0009448698838241398,-0.0005193379474803805,0.0005028674495406449,-0.000945082982070744,2.8926488084835e-05,-0.00012294185580685735,0.0003454789984971285,-0.000804449082352221,-0.0018660067580640316,-0.00032190806814469397,-0.00019702569989021868,-0.001181263942271471,-0.0004445285303518176,0.0008428898872807622,-0.00018213168368674815,-0.00021662384096998721,0.0002316703466931358,0.0005347995320335031,3.418322739889845e-05,0.00030541964224539697
dose8k_B_s0,00248.png,-0.0003514608251862228,0.0002733126166276634,0.0004779351584147662,0.002058320213109255,0.0005775431054644287,0.0011172046652063727,-0.0008468966698274016,0.00037951910053379834,0.0028840743470937014,-0.0020771168638020754,0.0004360508464742452,0.00020574797235894948,3.1723200663691387e-05,0.0005382659728638828,-0.0010184396523982286,-0.00015026648179627955,0.00048576988046988845,0.0006684803520329297,-0.00024093844695016742,-0.0005926348967477679,0.00021951737289782614,-0.00028595011099241674,-0.00020714872516691685,-0.0015220396453514695,0.000337980076437816,0.0002561509027145803,0.00022817860008217394,0.0009313048212788999,0.0002567870251368731,0.0006176709430292249,0.0004959728685207665,0.0008449911256320775,0.0006616418249905109,0.0005951919592916965,8.252992847701535e-05
dose8k_B_s0,00249.png,0.00037948929821141064,-0.001413270947523415,0.001490972121246159,0.0012132568517699838,-0.00041853651055134833,0.0004576633800752461,0.00042475038208067417,-0.0005004676058888435,-0.0009316353243775666,-0.0015012010699138045,-0.00024119418230839074,-0.00026264501502737403,-0.0009393406799063087,-0.0009718806250020862,-0.00017992263019550592,0.0003500742604956031,0.0007962543750181794,-0.00013338160351850092,4.1481842345092446e-05,0.00268669449724257,-0.0011688063386827707,-0.0017465995624661446,7.686822937102988e-05,-0.0006498175789602101,0.001120949280448258,0.0005123351002112031,-0.0004545834381133318,0.0016296929679811,-0.0021026411559432745,0.0002036875521298498,0.0004314343386795372,-0.0002137136907549575,0.002130818087607622,0.0003571103443391621,-0.0016176109202206135
dose8k_B_s1,00000.png,0.0007012315327301621,-1.3275067658469197e-06,0.0010707589099183679,0.0009531095856800675,0.0005924503784626722,0.0024134586565196514,-3.4258977393619716e-05,-0.0006537923472933471,2.0122599380556494e-05,0.0003432526718825102,-0.0006787231541238725,0.0016150146257132292,0.0004678929690271616,-0.00011914769856957719,4.790243838215247e-05,-1.880927629827056e-05,-0.0010539593640714884,0.0010663699358701706,-0.00020478435908444226,0.00033009477192535996,-0.00031190301524475217,-0.00012489779328461736,0.0007396296132355928,0.0012481294106692076,0.0012383244466036558,0.0003251788148190826,0.0012655669124796987,-0.0005394312320277095,0.0008679282618686557,-0.00015589955728501081,0.00015032634837552905,0.00013667703024111688,-0.0014848816208541393,0.000715288333594799,0.0005739114712923765
dose8k_B_s1,00001.png,-0.0015459971036762,-0.0008956355741247535,0.00013438731548376381,-0.0019000093452632427,0.0024022595025599003,-0.0009426110191270709,0.0010322524467483163,-0.0002060233091469854,0.0011877500219270587,0.000379386154236272,0.00014079536776989698,-0.0003396660031285137,0.00022086239187046885,-0.00040849109063856304,-0.0011644604383036494,-0.0015593240968883038,-0.00018803654529619962,-0.0015695049660280347,-0.0005982881993986666,0.0004635848745238036,-0.0006932991091161966,0.0007118340581655502,-0.0007946545956656337,0.0005598264979198575,0.0015111484099179506,-0.002065995940938592,-0.002152681117877364,0.0004191629122942686,-0.002016616053879261,-0.0005393669125624001,0.000263993046246469,-0.0005977888940833509,-0.0006615435122512281,0.001405141782015562,0.0007724024471826851
dose8k_B_s1,00002.png,3.0959163268562406e-05,0.0006346433074213564,-0.0017445051344111562,-0.00044640261330641806,0.0010935724712908268,-0.0002284083457197994,0.0006904937908984721,0.0007479089545086026,8.082492422545329e-05,-0.0002239733439637348,0.00030579036683775485,0.0001440315245417878,-0.0006402723956853151,0.0007442528731189668,-0.0004615509242285043,-0.0003061660099774599,-0.00023466475249733776,0.00020256788411643356,0.0017408609855920076,0.00010195675713475794,0.0001193984062410891,0.0006873988313600421,0.00031144183594733477,0.0006794201908633113,2.503470932424534e-05,0.0009502309840172529,0.0015552124241366982,0.0006220663781277835,-0.0010476609459146857,-0.0012665627291426063,0.0011062959674745798,-0.0004974198527634144,-0.00016711821081116796,0.001206452026963234,0.0003354060463607311
dose8k_B_s1,00003.png,-0.0002855758066289127,1.854472611739766e-05,0.0010721816215664148,0.0018867645412683487,0.0008851021411828697,0.0030384929850697517,0.0006676484481431544,-5.333754597813822e-05,0.0005072426865808666,0.0003492319956421852,-0.0005459720850922167,-0.0006429889472201467,0.0007785584311932325,0.001242121565155685,0.00012447357585188001,4.58336689916905e-05,-0.0010669382754713297,-0.0016697512473911047,-0.0009143369388766587,-0.0005735110607929528,-0.001575767295435071,0.0008201370947062969,0.00036845626891590655,-0.0007046778337098658,-0.0013653787318617105,-0.00021542565082199872,-1.4502050362352747e-05,-0.0001283659366890788,0.000261118751950562,0.0012082711327821016,0.00018488880596123636,-0.0005076884990558028,0.0013129948638379574,-0.00022225647990126163,-0.0016651186160743237
dose8k_B_s1,00004.png,7.52452397136949e-05,6.917437713127583e-05,0.0017044851556420326,0.0011488673044368625,0.00262325257062912,-2.8280714104766957e-05,-0.0004108636640012264,-0.0005785771063528955,0.00014720336184836924,0.002250784309580922,0.00010017617751145735,8.389364666072652e-05,-1.2574838592627202e-06,0.0005161914741620421,-0.0005001829122193158,0.00037532459828071296,0.00043584444210864604,0.0006384843727573752,-0.0007100831135176122,0.00010243323777103797,0.0017164924647659063,-0.001306011457927525,0.0009898047428578138,0.0014940672554075718,0.001350951031781733,-0.0006462283781729639,0.0010661679552868009,-0.00014253475819714367,0.00041290969238616526,9.200422937283292e-05,0.0003890426305588335,0.000795709143858403,0.0006634848541580141,-8.552344661438838e-05,-0.00044657965190708637
dose8k_B_s1,00005.png,-7.7660552051384e-05,-0.0007607985753566027,-0.0014317564200609922,0.0019026182126253843,0.005309730302542448,-0.0012113694101572037,0.0018513251561671495,0.00028212397592142224,-0.0005583403981290758,-0.0006810693303123116,8.322506619151682e-05,-0.0009106765501201153,-0.0009624333470128477,0.00020906355348415673,-0.000787963334005326,0.000586938695050776,-0.0011159464484080672,0.00028594801551662385,0.0008202027529478073,-0.00023563727154396474,-0.0006503944750875235,-0.0007454512524418533,-0.00037685345159843564,-0.0005454942584037781,-0.0010320309083908796,9.800017869565636e-05,-2.893288001359906e-05,-0.0005671127582900226,-0.0022350852377712727,-0.00018785317661240697,0.00023181182041298598,-0.0016930641140788794,-0.0011020737001672387,0.0020679801236838102,-0.0007812915719114244
dose8k_B_s1,00006.png,-0.002396567026153207,0.0012474213726818562,0.00015489284123759717,-0.00280545512214303,0.00032620877027511597,8.807334961602464e-05,-0.0012048013741150498,-0.0006573339342139661,0.0006526935030706227,-0.0001552077301312238,0.00038527377182617784,-0.0004014825099147856,0.0004524608375504613,2.961402788059786e-05,0.0007131420425139368,0.0006339434767141938,-0.001119627500884235,-0.0007543815881945193,-0.0006859965506009758,0.00014641896996181458,0.00016351393423974514,-4.420194454723969e-05,0.0004862037894781679,-0.0011187251657247543,0.0005447054281830788,-0.0007046952960081398,1.0356185157434084e-05,0.0003804557491093874,-0.0006844684830866754,-0.0003878571733366698,0.0014597835252061486,-0.00012023602175759152,-0.000215587395359762,0.001025875681079924,0.0002975807583425194
dose8k_B_s1,00007.png,-0.0009007126791402698,-0.0018887273035943508,1.64590837812284e-05,-0.000879080907907337,-0.0021679855417460203,-0.000792023609392345,-0.0008951912168413401,-0.0001640631671762094,-0.0005865671555511653,0.00034364062594249845,0.0013117189519107342,0.0001969214790733531,0.0010695112869143486,0.0014273672131821513,-0.0010474949376657605,-0.0016579774674028158,1.145140231528785e-05,-0.002453545341268182,0.00037213732139207423,0.00038082717219367623,-0.00043207366252318025,0.0005518418038263917,-0.0002645699423737824,-0.000359943020157516,0.0025614516343921423,-0.000403522775741294,3.8948517612880096e-05,-0.0019350872607901692,0.0006448593339882791,-0.0005130422650836408,2.1768317310488783e-05,-0.0002476553781889379,-0.00048763013910502195,-0.0014727916568517685,-0.0013896167511120439
dose8k_B_s1,00008.png,0.00012852503277827054,-3.682563692564145e-05,0.0005677625886164606,0.0003781133273150772,0.0004048844857607037,-0.0009127774392254651,0.00019283359870314598,-0.0002921018749475479,-0.0007960984949022532,-0.0007830620161257684,0.0010964955436065793,7.358058064710349e-05,0.0021905172616243362,0.00024497456615790725,0.0001265143946511671,0.00014524234575219452,0.00041906588012352586,-0.0001796853612177074,-0.0006136121228337288,-0.00025006025680340827,0.0006229270366020501,0.0022795828990638256,-0.00015869311755523086,-0.0010321682784706354,0.0008661398896947503,-0.0013420783216133714,-0.0006040635635145009,0.0005806325352750719,0.00011086951417382807,-0.0011058012023568153,0.0005949885817244649,0.0006538188317790627,0.00021153385750949383,-0.00011497349623823538,0.0011517924722284079
dose8k_B_s1,00009.png,-0.0012439501006156206,-0.0015989785315468907,-0.00023171670909505337,0.0003874699759762734,-0.0008059207466430962,-0.0016894856235012412,-0.0004204594879411161,0.0005747697432525456,-0.0006947799702174962,-9.089726518141106e-05,0.000624294625595212,0.0003462100576143712,0.0005762442015111446,-0.0021386316511780024,0.00037456100108101964,-0.0011504804715514183,0.0017868852009996772,0.000676651659887284,-0.0010058386251330376,0.0008206202182918787,0.003170494455844164,0.0013367750216275454,0.0020948422607034445,-0.0011954185320064425,0.0005523221916519105,-0.0008565052994526923,-0.0011230416130274534,-0.0002256170118926093,0.0010304329916834831,0.0005953671061433852,-0.00026765349321067333,0.00021750957239419222,-0.0003662374510895461,-0.0006505716009996831,-0.0008420286467298865
dose8k_B_s1,00010.png,0.00025373930111527443,0.001172059215605259,0.0016107589472085238,-0.00010424775973660871,-0.00126592384185642,-7.919252675492316e-05,0.0005713304853998125,-0.00035959426895715296,-0.0015877133700996637,-0.001335429260507226,0.00032904703402891755,-0.0005312569555826485,0.0006667851121164858,-2.2067995814722963e-05,-0.0003084964118897915,-0.00048298455658368766,-0.00019816338317468762,-0.00017362102516926825,-0.0005953280488029122,-0.0005966018652543426,0.00024983289767988026,0.0005656202556565404,8.557958790333942e-05,-0.0013084809761494398,0.0003343322314321995,-0.0008422966348007321,0.0003524197672959417,-0.0008443589904345572,0.0002631096576806158,2.120926365023479e-05,-0.0016132432501763105,-0.0014570541679859161,-0.00025315250968560576,-0.002441561548039317,0.00075965013820678
dose8k_B_s1,00011.png,0.0009972112020477653,0.002385249361395836,5.532670911634341e-05,0.0003604060912039131,-0.0014917728258296847,0.0006472839158959687,0.0002070521586574614,-0.0007504321401938796,-0.00017614387616049498,-0.0004225489101372659,2.4299775759573095e-05,0.00010874931467697024,0.0009642923250794411,0.0006069746450521052,-0.00046589080011472106,-0.0007109048310667276,0.0007313683745451272,2.715570190048311e-05,-0.0006702474202029407,-0.0002534262021072209,-0.00014334169100038707,0.00016727446927689016,-0.0013426494551822543,-2.5369903596583754e-05,-0.0018111667595803738,-0.002631532261148095,-0.001239787321537733,0.0011950682383030653,-0.0006157119642011821,-0.0009721000678837299,-0.0005580498836934566,8.413076284341514e-05,0.0005510005285032094,-0.0007919268100522459,-0.00022387165518011898
dose8k_B_s1,00012.png,-0.0014441394014284015,-0.00017975112132262439,-3.652874147519469e-05,0.0030298950150609016,0.0010355089325457811,0.0011522074928507209,0.0009532762342132628,0.00010279518028255552,-0.0011030019959434867,-3.034624387510121e-05,0.00010417105659143999,0.0004936354816891253,-0.00026820783386938274,0.0010355970589444041,-0.00014665268827229738,0.00047432942665182054,0.0006483630277216434,0.00036882853601127863,-0.0008587342454120517,0.0009144714567810297,0.00014615175314247608,-0.000766911543905735,0.0010805135825648904,-0.00026238878490403295,0.0004684420127887279,-0.0014561449643224478,-9.109844540944323e-05,-0.0021822063717991114,0.0012266633566468954,0.0007046973914839327,0.0013812322868034244,0.0008757983450777829,-0.001346585457213223,-0.0009191302815452218,-0.0010778321884572506
dose8k_B_s1,00013.png,0.000522657239343971,0.00013414135901257396,0.0008172603556886315,0.0004339024017099291,-0.0011263072956353426,-0.001060443464666605,0.000369641202269122,-0.001415185397490859,-0.0003971941478084773,0.000789692800026387,0.0010537488851696253,-0.0012456384720280766,-0.0007358389557339251,0.00022561037621926516,-0.00017506581207271665,-0.00030125404009595513,0.00023599238193128258,0.0004554544575512409,-0.0008060034015215933,0.00044417387107387185,0.0006967769004404545,-0.0008505683508701622,-0.0007703580195084214,-0.0006544220959767699,0.0011273697018623352,0.0001300802978221327,-0.001610631006769836,0.0009911804227158427,8.636293205199763e-05,-4.904545858153142e-05,-0.0016928479308262467,0.0005886914441362023,-0.0006424902239814401,0.0004296995175536722,-0.0008015203638933599
dose8k_B_s1,00014.png,0.0005100702401250601,0.001044440665282309,0.0002499804541002959,-0.0007623981800861657,0.00034108987892977893,-0.00010569600999588147,0.0012691672891378403,-0.0010449773399159312,0.0005891387700103223,-0.0003875239344779402,0.0011010670568794012,-0.0001929327117977664,-4.020008418592624e-06,-0.00265741185285151,0.00014202833699528128,0.00017246275092475116,0.000627309491392225,-0.00010607804142637178,-0.00013408728409558535,0.0006444614846259356,-0.0002018166851485148,0.000530840887222439,-0.0011510404292494059,0.00025364430621266365,-0.0007708985358476639,-0.0004200075927656144,-0.0014599499991163611,-0.0007980322116054595,0.0023247292265295982,0.0009283314575441182,-0.0002584440808277577,-0.0018227752298116684,-0.0008652463438920677,0.0011197773274034262,0.0006110725225880742
dose8k_B_s1,00015.png,8.604395407019183e-05,0.0020157531835138798,0.0002564589958637953,0.00011354280286468565,0.0004234363732393831,0.0003889648651238531,-0.0009722232935018837,-0.00023620916181243956,0.0009899763390421867,-0.0011182652087882161,-0.0002799722133204341,0.0016216577496379614,-0.00037486746441572905,9.446695185033605e-05,-0.0007468169205822051,-0.0009915557457134128,-0.0002758868795353919,0.0006025150651112199,4.5604738261317834e-05,0.001260062912479043,0.0003519949677865952,0.0008915988146327436,7.933007145766169e-05,3.4416803828207776e-05,0.0014642872847616673,-0.00029333506245166063,-0.0010796866845339537,-0.0019173012115061283,-0.0011040237732231617,0.00018573756096884608,-0.0010408462258055806,-0.0005297705065459013,-0.00045838410733267665,0.001488610403612256,-0.00040066681685857475
dose8k_B_s1,00016.png,0.001253955066204071,-0.00036689493572339416,-0.0003599733754526824,0.0016161486273631454,0.0009778630919754505,0.00181904889177531,0.0008491065818816423,-0.001249791239388287,0.0005659828893840313,0.00032591752824373543,0.0009795743972063065,0.00048035362851805985,0.0003406626346986741,0.0004889375995844603,-0.0006708393921144307,1.3997288078826386e-05,0.0009774848585948348,-9.556758595863357e-05,-0.00012544580386020243,-0.00037114444421604276,-0.00015419624105561525,0.001082871574908495,0.0017672497779130936,0.0003756905789487064,-0.0006456273258663714,-1.6974558093352243e-05,-0.0006789056351408362,0.0004175181093160063,0.0006567388190887868,0.0014610476791858673,-0.0011619499418884516,0.00046671347809024155,-0.00019050970149692148,0.0009779129177331924,-0.0008109347545541823
dose8k_B_s1,00017.png,0.0011645022314041853,0.0010163390543311834,0.0018425541929900646,-0.0004782202304340899,-0.0009137939778156579,0.00017873794422484934,0.0022383176255971193,0.0007546796696260571,0.00011391975567676127,0.0021135208662599325,0.0009484665933996439,0.0011528583709150553,0.00024333441979251802,-1.417465591657674e-05,0.000386540632462129,2.3813046936993487e-05,0.001301810727454722,-0.001150225754827261,-0.00019952371076215059,0.0003339687245897949,-0.0005942918942309916,0.00031543418299406767,0.00027171536930836737,0.0017179797869175673,0.0006662578089162707,-0.001574587426148355,-0.0007484722882509232,-0.0012081883614882827,-0.0004216217203065753,0.0006714289775118232,-0.0007972579915076494,-0.0005593330133706331,-0.0006756223156116903,-0.00016178838268388063,0.0013869099784642458
dose8k_B_s1,00022.png,-0.0008144749444909394,-0.0006871598307043314,0.000507003627717495,-0.0019409441156312823,-0.001564606325700879,0.0003409210476092994,0.00037030174280516803,0.00036380364326760173,-8.554434316465631e-05,-0.00024088399368338287,-0.00048426142893731594,-0.0007459360058419406,-0.0006356294616125524,-0.00015798340609762818,0.0010440294863656163,0.0005954729858785868,0.00010018378816312179,-0.00026147105381824076,-0.0007759746513329446,0.0012154829455539584,-0.0007910104468464851,0.0016059766057878733,0.0012519836891442537,0.0007930789142847061,0.0003907180798705667,0.0014766182284802198,-0.0004983902326785028,0.00046898331493139267,0.00037764146691188216,0.0005116058164276183,0.00033708455157466233,0.0002895931829698384,-0.00023994283401407301,0.0002929258916992694,-0.0009609480039216578
dose8k_B_s1,00023.png,-0.0004231873608659953,-0.0013704035663977265,0.00025591126177459955,-0.0007155754137784243,-5.432220859802328e-06,-0.0008070008479990065,-0.0007401363691315055,-0.0004884161171503365,-0.0010550710139796138,-0.0007502195076085627,-1.3855705219611991e-05,-0.001370758400298655,-0.0005001293611712754,-0.000542520429007709,-0.0006132859271019697,-0.0017253065016120672,-0.0002609393559396267,-0.0017954837530851364,-0.0003143064968753606,0.00029766865191049874,-0.000842035748064518,0.0008193534449674189,-0.00022954157611820847,-0.00048159752623178065,-0.001112679485231638,0.0012711032759398222,-0.0002789737191051245,0.000535575847607106,0.0008722594939172268,-0.001790815033018589,0.0006101801991462708,-0.0006245790282264352,0.000928289897274226,0.00048182636965066195,0.0005331643624231219
dose8k_B_s1,00024.png,-0.000790952704846859,-3.0033306757104583e-05,-0.0018388382159173489,0.0013345625484362245,-0.0012026637559756637,-4.5202359615359455e-05,0.0014493203489109874,0.000235908359172754,-0.0006789891631342471,-0.000645010732114315,0.00047977795475162566,-0.0011852930765599012,-7.040677883196622e-05,0.0003456507984083146,0.0015615244628861547,0.00044988011359237134,-0.00014923448907211423,0.0006628423579968512,-0.0005034990608692169,-0.000367431144695729,-0.002911999123170972,-0.0008317251340486109,-0.0015149777755141258,-0.0008862019167281687,-6.67872664052993e-05,-0.0011581848375499249,0.00034403064637444913,0.0008169247303158045,-0.0021867260802537203,0.00021422577265184373,-0.0015220883069559932,0.0006664784159511328,-0.0005624965415336192,0.0004982489044778049,9.365519508719444e-05
dose8k_B_s1,00025.png,0.00012322702968958765,-0.0005512785282917321,0.0002913786156568676,-6.06405119469855e-05,-0.0009513248223811388,0.0019405628554522991,0.001473678508773446,0.00038378688623197377,0.000890518946107477,0.00037833774695172906,-5.4091960919322446e-05,0.0011669049272313714,-0.0004259842389728874,0.0016628694720566273,0.00010187726729782298,0.0015365190338343382,0.0006898791762068868,0.00038886049878783524,0.0010532630840316415,-0.0010219713440164924,-0.0011760808993130922,0.0006499346345663071,0.0011529541807249188,-0.00021115640993230045,0.0014111738419160247,0.000527498428709805,0.0009220198844559491,-0.0012705817352980375,0.001313513028435409,0.000733305118046701,0.0001661462738411501,0.0010430457768961787,0.001396291540004313,0.00125327636487782,0.001055312342941761
dose8k_B_s1,00018.png,0.0007415944128297269,0.0014180546859279275,-3.607989856391214e-05,-0.0007242826395668089,-0.002012875396758318,2.7624500944511965e-05,-0.0002633260446600616,0.0003648041747510433,0.0008543249568901956,6.42549930489622e-05,-0.0007631574990227818,0.0007229062030091882,-1.6964899259619415e-05,0.001975893508642912,0.0006902453606016934,-0.0004420184122864157,-0.0014153862139210105,-0.0016505944076925516,0.0004932358860969543,-0.0004293757665436715,0.0021010912023484707,-0.00036488365731202066,0.0009367907769046724,0.00037213892210274935,0.00018104337505064905,0.0009207266266457736,-0.0013922150246798992,0.0007248385809361935,0.00036218436434865,0.0006549906102009118,0.00038281717570498586,-0.00036168700898997486,0.0004822297196369618,-0.00028384014149196446,-0.00016442194464616477
dose8k_B_s1,00019.png,-0.00023989382316358387,0.0001955975458258763,0.0010181224206462502,-3.297883813502267e-05,-0.0006803931319154799,-7.687706965953112e-05,-0.000319123879307881,-0.0007834932766854763,0.0004686458851210773,0.001279625459574163,0.0006016726256348193,0.00048486015293747187,-0.0009610155248083174,-0.0005367149133235216,-0.0014152124058455229,-0.0005831189337186515,0.0009064255282282829,-0.001189816975966096,-1.0609507626213599e-05,-0.001131874741986394,0.0006126680527813733,0.0006601737695746124,-0.000495092652272433,0.000221832116949372,-0.0017715349094942212,-0.0007248272304423153,-0.00011808450653916225,-0.0009121665498241782,0.0008556530810892582,-0.0005664093187078834,0.0005957061075605452,-0.0004240958660375327,0.0007728419150225818,0.0001554648479213938,-0.0006082134786993265
dose8k_B_s1,00020.png,-4.876071398030035e-05,0.0005561650614254177,0.0003080280148424208,0.001323248608969152,0.0011787519324570894,-0.00152383535169065,-0.0013126353733241558,0.00019836259889416397,0.0003160652704536915,0.0007217176025733352,-3.4822085581254214e-05,-0.0010126602137461305,-0.001481556100770831,-0.002364272950217128,0.0008478418458253145,0.0016924554947763681,-0.0008596637635491788,-0.001982368528842926,-0.0017154603265225887,-0.0017852255841717124,-0.00018273251771461219,-0.000523266673553735,-0.0018831170164048672,0.0007235015509650111,0.0006774942739866674,0.0002913553616963327,0.00016561061784159392,-0.0005580554716289043,-0.000583199318498373,-4.118894139537588e-05,-0.000573204190004617,-0.0005351981963030994,0.000996592454612255,-8.091733616311103e-05,-0.0013985047116875648
dose8k_B_s1,00021.png,-0.00045756716281175613,1.0059511623694561e-06,-0.003006955375894904,0.0023575439117848873,0.0010386616922914982,0.0011126589961349964,-0.0005881389952264726,-0.0009055556147359312,-8.172936213668436e-05,-0.0004926552646793425,-0.0017765635857358575,-0.0005223003099672496,-0.0008775373571552336,5.3353229304775596e-05,-0.0004267173644620925,-0.0010100393556058407,0.00018050200014840811,2.936366399808321e-05,-0.00024426766321994364,-3.097993976552971e-05,0.0012020929716527462,0.00079777289647609,-0.00030038206023164093,0.0004668023029807955,0.0004036719910800457,0.00021438840485643595,0.000506743264850229,0.0015764454146847129,-0.0004990044981241226,0.00017961794219445437,0.0015443747397512197,-0.0004725613980554044,-0.0010106550762429833,0.0016449032118543983,0.00024152245896402746
dose8k_B_s1,00026.png,-0.0014298732858151197,-0.0015775390202179551,-0.0008657303405925632,0.0010332177625969052,-0.0004811423132196069,-0.0003872686647810042,2.2739963242202066e-05,-0.0005830781301483512,0.0007835719152353704,-0.0007469910779036582,0.0002867175790015608,0.0008113449439406395,-0.002414171351119876,0.0008914255886338651,-0.0009540907922200859,0.0002475991495884955,7.706459291512147e-05,-0.0009309910237789154,2.7263940864941105e-05,0.00048517153481952846,-0.0008736756863072515,-0.0015696353511884809,0.001194034586660564,0.00040922779589891434,0.0006812556530348957,0.0008994131349027157,-0.00021712946181651205,-0.0006037548882886767,0.0007873874274082482,-0.0003912697429768741,-0.0008888564771041274,-0.00030363499536179006,-0.0008375293109565973,0.0004755652917083353,0.00021123549959156662
dose8k_B_s1,00027.png,-0.0003026574559044093,-0.00047496502520516515,0.0011987347388640046,0.002265169518068433,0.001870501204393804,-0.0003028571663890034,0.0016794221010059118,-0.0014428975991904736,-0.0011597726261243224,-0.001205296372063458,0.0002886755100917071,-0.0016964016249403358,-0.0008203319157473743,-0.00012978816812392324,-0.0012227152474224567,-0.0011568780755624175,-0.0007453150465153158,0.0017400305951014161,0.0006717404467053711,-0.0003821816062554717,-0.0002527758479118347,0.0007561229285784066,-0.00012935997801832855,0.0005403650575317442,0.0014233774272724986,-7.964322139741853e-05,5.67940114706289e-05,0.0005725840455852449,0.0003977360902354121,0.0003956650325562805,-0.0003458007413428277,0.0002473659988027066,0.00011420530790928751,0.00011388676648493856,-0.00028494736761786044
dose8k_B_s1,00028.png,-0.0005313077126629651,-0.001270381617359817,-0.0009711208404041827,0.00175570510327816,0.000524930888786912,-0.000920236052479595,0.0008466844446957111,-0.002088114619255066,2.149321971955942e-06,1.2941893146489747e-05,0.0013817889848724008,0.000864819623529911,-0.000564782356377691,-0.0002844833943527192,-1.81317391252378e-05,-0.0017519948305562139,-0.0005114446394145489,0.0002357548219151795,-0.0010401144390925765,-0.0010261648567393422,-0.0008168002823367715,-0.00042222929187119007,-0.0004180606338195503,-0.0006299917586147785,0.000941471487749368,0.0007102598901838064,-0.0003282453108113259,0.000327664747601375,0.0002565495960880071,-0.0017130209598690271,-0.0009980654576793313,-5.231813702266663e-06,0.0007704986492171884,-0.0008279894827865064,-0.0011156349210068583
dose8k_B_s1,00029.png,0.0013913437724113464,0.001102304202504456,0.0006079127197153866,0.0003295490168966353,-0.0012244536774232984,0.0003313677734695375,-0.0006609696429222822,0.0003225114196538925,-0.0013150396989658475,-0.00018462353909853846,-9.74846989265643e-05,-0.0018620815826579928,-0.00044826851808466017,-0.00017994100926443934,-0.0013847880763933063,-0.00020971085177734494,0.00014781767094973475,0.0005743300425820053,-0.0006673119496554136,-0.00026619131676852703,9.490308002568781e-05,-0.0008541411953046918,-0.0004191061307210475,6.700444646412507e-05,0.0003442153101786971,0.00011314247240079567,0.0005687879165634513,0.0007341867312788963,-0.0003207781701348722,-0.00019069237168878317,9.719670924823731e-05,0.00045259331818670034,0.0006545643555000424,4.94621999678202e-05,0.0011918745003640652
dose8k_B_s1,00030.png,-0.001101758098229766,-0.001905590295791626,0.0009699746151454747,0.0011389119317755103,-0.00015859345148783177,-0.00026998802786692977,-0.0006086839712224901,-0.00023706011415924877,-0.00024400990514550358,0.0018569526728242636,0.0008179643773473799,-0.0009121103794313967,-0.0010611386969685555,-0.0007433152641169727,-0.0015236615436151624,-0.00043006808846257627,0.001416575163602829,-0.0004379949241410941,0.00022148608695715666,0.00016887360834516585,-0.0008076228550635278,-0.0004503480449784547,-0.0008130271453410387,0.0010501360520720482,0.00015490858640987426,0.0007981711532920599,-0.0011596608674153686,0.0006121404003351927,-0.00045521275023929775,-0.0008759885095059872,0.0018394243670627475,0.0007552009774371982,-0.0003257279749959707,-1.4065554751141462e-05,-0.00029136656667105854
dose8k_B_s1,00031.png,0.0012745950371026993,0.0005595901748165488,-0.0007988979341462255,0.0004897047183476388,0.000546913652215153,0.001397865591570735,0.0019249131437391043,0.0006342239212244749,0.0016778743593022227,-0.00016750773647800088,2.9299695597728714e-05,-0.0004039540363010019,-0.0001673276856308803,-0.001965812174603343,-0.00032065846608020365,-0.0015225731767714024,-0.00022952929430175573,-0.0005457468796521425,0.0006935546989552677,-2.716514609346632e-05,0.0005769627750851214,0.00013924115046393126,0.0006698110955767334,-0.00024511589435860515,-0.00043677075882442296,0.0012701059458777308,-0.0005264842766337097,0.0008176068076863885,-0.0007134996703825891,-5.434377453639172e-05,0.0005739671178162098,0.0008349122945219278,-0.0005799778155051172,0.00037053474807180464,0.0003372487553860992
dose8k_B_s1,00032.png,0.000518840504810214,-0.00013081841461826116,0.0004891462158411741,-0.0011068620951846242,-0.0015467341290786862,0.0012198666809126735,0.0009786883601918817,-6.232838495634496e-05,-0.0013831666437909007,-0.0004401742771733552,0.000994563102722168,0.0009144446230493486,-0.0011930058244615793,-0.0008403936517424881,-0.0010415945434942842,-0.001831906964071095,0.00045170902740210295,-0.0007917796028777957,-0.0015792628983035684,0.0012721464736387134,0.00010307094635209069,0.0005777989281341434,-0.001069936086423695,-0.0005087999161332846,0.0005056411609984934,0.000247802963713184,0.0004318648425396532,-0.0001952463499037549,-0.001097130705602467,-0.0010532825253903866,-4.783996337209828e-05,0.0007472378201782703,-8.820338553050533e-05,-0.00041665678145363927,-0.0009720667731016874
dose8k_B_s1,00033.png,0.0010143215768039227,0.00018431009084451944,-0.0002758009941317141,0.0008151974761858582,-0.00044013894512318075,-0.0015547721413895488,0.0016624751733615994,-0.0003432889934629202,0.0009339009993709624,-0.0005967754987068474,0.001764232642017305,-0.0013666260056197643,0.0003419270215090364,0.00025269860634580255,0.0010484023950994015,-0.0012655796017497778,0.0012273486936464906,6.618534825975075e-05,-9.963983029592782e-05,-0.0010511052096262574,-0.00038912895251996815,0.0005495182704180479,-0.00101206183899194,-0.0008835910120978951,-0.0012788418680429459,-0.0007328213541768491,-0.00042211668915115297,0.00025568492128513753,4.045333480462432e-05,-0.0009211102733388543,-0.00010127880523214117,-0.0001705120230326429,-0.0013710858765989542,-0.000175809720531106,0.00045392170432023704
dose8k_B_s1,00034.png,0.001035039429552853,0.001773740747012198,-0.0005323172081261873,0.0014016099739819765,0.0005966968601569533,-0.0008620534208603203,0.0015760543756186962,6.491591921076179e-05,0.0006906517082825303,0.0007776926504448056,0.001499353558756411,4.49466060672421e-05,-0.00039154000114649534,-0.0013182915281504393,-0.0010695481905713677,0.00023452748428098857,0.0008389326394535601,-0.0010160778183490038,-0.00027294037863612175,-0.00029665089095942676,-0.0011141758877784014,-3.553316491888836e-05,-0.002083062892779708,0.00030772332684136927,0.0011175571708008647,-0.0005244787316769361,-0.0005731290439143777,0.002023763721808791,-0.001373999984934926,-0.0022396498825401068,0.0007750377990305424,4.3699801608454436e-05,-0.0006418891716748476,0.0009546371875330806,4.690445712185465e-05
dose8k_B_s1,00035.png,-0.0013925154926255345,-0.0006363027496263385,-0.0003832303627859801,0.0015274389879778028,0.001986964140087366,-9.072977991309017e-05,0.0002793901658151299,-0.00027670408599078655,-0.0017869474831968546,0.0002664624771568924,0.0006478700088337064,0.0007990151061676443,-0.001054399530403316,-0.0005430443561635911,0.0005107789183966815,-0.001300450530834496,0.0006981643964536488,-0.0013740769354626536,-0.0020678010769188404,-0.0012462195008993149,-0.0010105768451467156,-0.0003033752436749637,-0.0019746411126106977,-0.0004249777412042022,0.001769852708093822,-0.0006055908743292093,-4.030081981909461e-05,0.0005537329125218093,0.000881474930793047,7.90721969678998e-06,0.0015540268504992127,0.00025268731405958533,0.0009430586360394955,0.0008045384893193841,-0.0016655913786962628
dose8k_B_s1,00036.png,-0.0014020459493622184,0.00016109595890156925,7.904887024778873e-05,0.0012882110895588994,-0.0002804055402521044,0.0004053140291944146,0.0005262376507744193,0.0013428215170279145,0.0013180586975067854,-0.00048403165419586003,-0.0007361368043348193,0.0003045684134121984,0.00025818010908551514,0.001258969190530479,0.0004680559504777193,0.0007325736223720014,0.0001640362461330369,0.00047656995593570173,-0.0006634410819970071,0.0016045600641518831,-0.0002754829474724829,-0.002099866745993495,0.0023211592342704535,0.002157471841201186,-0.0025021496694535017,0.0004575614002533257,-0.0006939343875274062,-0.0014065930154174566,-0.00014979687693994492,0.001088405610062182,-0.0003065115015488118,0.0002764564414974302,0.001773933181539178,-0.0008605499751865864,0.00013242736167740077
dose8k_B_s1,00037.png,-0.0016411002725362778,-0.001943328999914229,-0.001682391739450395,-0.00013610832684207708,-0.002688921056687832,0.0006898525753058493,3.94208800571505e-05,6.820043927291408e-05,0.00048577136476524174,-0.001525120809674263,-0.0009889104403555393,-0.0003510046808514744,0.00046396825928241014,-0.0013852710835635662,0.001536993426270783,-0.0002246676740469411,-0.0018569614039734006,-0.00013206149742472917,-0.0009365213918499649,0.0011017736978828907,0.0015282159438356757,6.56160045764409e-05,0.0006355161312967539,0.00014547001046594232,0.0010075467871502042,-0.0003513378615025431,0.000253663572948426,0.0002731975691858679,-0.0002155924739781767,0.0002422105026198551,0.00023874113685451448,0.0003365345182828605,-0.0003662507515400648,-0.00047062220983207226,-0.00042754923924803734
dose8k_B_s1,00038.png,-0.000761619012337178,-0.001959902001544833,0.00019216026703361422,0.0005440774257294834,0.00019675966177601367,-0.0013589257141575217,-0.0007209215546026826,0.0016086745308712125,0.0024216845631599426,0.0005470734322443604,-0.001819505589082837,-0.0006368233589455485,-0.00014617260603699833,0.0010297837434336543,0.00042542535811662674,0.00048554918612353504,0.0021771639585494995,-0.0010440177284181118,0.0006159050390124321,0.0004888195544481277,-0.0005054630455560982,-0.0011464921990409493,-0.0011893524788320065,-8.435666677542031e-05,0.0016259816475212574,0.0011790201533585787,-0.00044358783634379506,-0.00021381671831477433,0.0016255719820037484,-0.0004210658953525126,0.0011324951192364097,0.0005403222749009728,0.0008396075572818518,0.0014325544470921159,-0.0008937077363952994
dose8k_B_s1,00039.png,0.0025070307310670614,0.0026091905310750008,0.0009246642584912479,-0.00097460369579494,0.0002033643249887973,-0.0009953547269105911,0.0007396041182801127,0.0006922443280927837,-0.0007268840563483536,-0.0003862036392092705,0.0012695243349298835,0.0007036399329081178,0.000345594686223194,0.00011553356307558715,-0.0001495319011155516,0.00044651608914136887,-0.001092385733500123,0.0006979954778216779,0.0010202295379713178,-0.0011463499395176768,-0.000777904933784157,-0.0009366359445266426,-0.00010996665514539927,0.0012246945407241583,0.0004970860318280756,0.001455977326259017,-0.0012629048433154821,-0.0008395414333790541,0.0010049064876511693,-0.00091826036805287,0.0011103972792625427,-0.00016650087491143495,0.0009744343115016818,-0.0003382426511961967,0.00036541474401019514
dose8k_B_s1,00040.png,-0.0005531587521545589,0.0004687358159571886,0.000312216579914093,-0.0011602482991293073,0.00028121646028012037,0.0007180779939517379,-8.499946125084534e-05,0.00031114014564082026,0.001251641777344048,-0.001087664277292788,0.0003045755729544908,0.0006011042860336602,0.003019882831722498,-0.0003531159891281277,0.00024168239906430244,0.00018650984566193074,-0.0014660542365163565,-0.0006995711592026055,9.365350706502795e-05,0.0004991647438146174,-0.0005070625338703394,0.0004803567717317492,-0.00037808119668625295,0.0003379546105861664,-0.0012946537462994456,0.0011040391400456429,-0.0008148704655468464,0.00020907341968268156,0.00015860087296459824,0.0018286341801285744,0.0003122988564427942,0.0005847013089805841,-0.00010994084004778415,-0.0017171368235722184,0.0006300823297351599
dose8k_B_s1,00041.png,-0.00028571285656653345,0.000961657555308193,0.000894703611265868,-0.0011245273053646088,0.0009015613468363881,-0.0007893121219240129,-0.0001707661576801911,-0.0003185040259268135,8.103063009912148e-05,-0.0022118380293250084,0.0002542368310969323,-0.0014594069216400385,-0.0014680976746603847,0.0014413919998332858,0.0002859212690964341,0.0006186439422890544,0.0004075003380421549,-0.0010128223802894354,-0.0011044205166399479,-0.0005635605775751173,0.00040406957850791514,-0.0016146758571267128,-0.001316243433393538,-0.0011438037035986781,-0.0004979431396350265,-0.0007171316538006067,-0.0005965247401036322,0.0006190743297338486,0.0018217306351289153,-0.0010560250375419855,0.001635245280340314,-0.0015542942564934492,-0.0015153209678828716,-0.00010089256829814985,-0.0009611742570996284
dose8k_B_s1,00042.png,-0.0021188424434512854,-0.0016825407510623336,-0.000793466460891068,-0.00010316255065845326,-0.0005794779281131923,0.00033219679608009756,-1.2245775906194467e-05,0.0004661179846152663,-0.0013555663172155619,-8.443553088000044e-05,-0.0007424056529998779,0.00013609396410174668,-0.0014338651672005653,5.5340322433039546e-05,-0.0007867641979828477,9.720813068270218e-06,-0.0009394882363267243,-0.00025801247102208436,-0.001030940213240683,0.0003145866794511676,-0.00010556253255344927,-0.0005820014048367739,0.00047739624278619885,-0.0006334544741548598,0.000991881126537919,-0.001355103449895978,-0.0003807013563346118,-0.0008736950112506747,0.0004995229537598789,-0.0004748337669298053,-0.0005571466172114015,-0.0011445559794083238,-0.00010925459355348721,-0.0004973182221874595,-0.0017680429155007005
dose8k_B_s1,00043.png,-0.0016835196875035763,-0.0006111052935011685,-0.0002321424981346354,0.0016206380678340793,-0.00023155873350333422,-0.0015695275506004691,0.00037617230555042624,-0.0006033178069628775,-0.0005451382603496313,0.0015704877441748977,0.0009255743934772909,0.0012109973467886448,-0.0006135932635515928,2.378069984843023e-05,-9.263046194973867e-06,3.990484037785791e-05,0.0005196849815547466,0.0008628388750366867,0.0005011344328522682,0.00012097402213839814,-0.0005402002134360373,-0.002410191111266613,0.001315340050496161,-0.000901091902051121,-0.00019460878684185445,0.00010698879486881196,-0.0009378064423799515,0.0012116000289097428,0.0010761575540527701,0.0004396549775265157,-0.00043308708700351417,0.00012635139864869416,0.0007139199879020452,0.001013455679640174,-0.00029088035807944834
dose8k_B_s1,00044.png,-0.0008957122918218374,-0.0010431631235405803,0.0018474156968295574,0.0008631256059743464,0.0018463687738403678,0.002102814381942153,-0.00029023041133768857,0.0007745509501546621,0.0005569044733420014,0.00040416716365143657,-0.0007030990091152489,-0.0005383132956922054,0.0015732489991933107,0.0011660564923658967,-0.00038089900044724345,0.00045654349378310144,0.0001007036553346552,-0.0011262203333899379,0.0006669429130852222,5.570764551521279e-05,-0.00018723038374446332,-0.0011474534403532743,0.000806422671303153,-0.00018710206495597959,-0.0011454939376562834,-0.00047861761413514614,-7.305011240532622e-05,2.7334495825925842e-05,-0.0005349288112483919,-0.0005086379242129624,-0.0010865064105018973,0.00017227785428985953,0.0004138115036766976,0.0015332582406699657,0.0005773928132839501
dose8k_B_s1,00045.png,0.0004581223474815488,-0.00025144158280454576,0.0004373126139398664,-0.0011912657646462321,-0.001659753848798573,0.00037451580283232033,0.00010032468708232045,-0.0010605144780129194,-0.00015404557052534074,0.0012204869417473674,0.0016551107401028275,0.000680699769873172,-0.000894164084456861,-0.0007513314485549927,-9.275371121475473e-05,-0.0011450005695223808,0.00018646779062692076,0.00035330691025592387,0.0011968776816502213,0.0006717132637277246,-0.002569229109212756,0.0001374726416543126,-0.0015549871604889631,-0.0003824765153694898,5.2335846703499556e-05,-0.00017421769734937698,0.00102850585244596,-0.002936226548627019,0.00027515357942320406,0.0003192154108546674,-4.16653674619738e-05,-0.00037168030394241214,-0.0012403092114254832,-0.0014553918736055493,0.0008962916908785701
dose8k_B_s1,00046.png,0.0006047532078810036,-0.0010510081192478538,0.000309829629259184,5.0729388021864e-05,0.0006818191614001989,-0.0011326909298077226,0.0014290818944573402,0.0007138513610698283,0.0009851069189608097,0.0017147682374343276,0.0009579667239449918,-0.0009199320920743048,0.001041024923324585,0.0007210139883682132,0.00043682963587343693,0.00229758583009243,0.0008751345449127257,0.0004917787737213075,-0.00011370995343895629,1.3900468729843851e-05,3.6755001929122955e-05,-0.0010535618057474494,-0.00035668667987920344,-0.0005335762398317456,0.0005571084329858422,-0.00018759070371743292,-0.0014858624199405313,0.0006903799949213862,-0.00012199255434097722,0.00023563034483231604,-0.0010241481941193342,-0.0018819351680576801,0.0005828064167872071,0.0007868228713050485,-0.0006227223202586174
dose8k_B_s1,00047.png,0.0010091292206197977,0.0007813883130438626,0.00042938333353959024,0.0003344790602568537,-0.0013820219319313765,-0.00030108907958492637,3.7911308027105406e-05,0.00047538886428810656,0.00046989411930553615,0.000268033763859421,-0.0017261665780097246,0.0006974641582928598,-0.0017776719760149717,0.0004505330871324986,0.0006904573529027402,-0.002054725307971239,0.0005211567040532827,0.0005880797398276627,0.001984907081350684,-0.0009255761979147792,-0.00015282825916074216,0.00035562709672376513,-0.00026466214330866933,0.0005533634102903306,0.00021230657876003534,0.0003381779242772609,0.000986169558018446,0.00019608132424764335,4.199384420644492e-05,-0.0010368084767833352,0.0001479366037528962,-4.513421663432382e-05,-0.0004324561159592122,-0.00027642332133837044,5.719979526475072e-05
dose8k_B_s1,00048.png,-0.0001296853879466653,-0.0003112560079898685,0.0008285403018817306,-0.0009560463367961347,0.0019077103352174163,-0.0005383192910812795,0.00019644707208499312,-0.0012631691060960293,0.0002618915168568492,-0.0006027756608091295,0.0010081124491989613,-0.00010152140748687088,0.0002222149632871151,0.000746656849514693,0.0007499049534089863,5.8386754972161725e-05,-0.0020080104004591703,-0.001412169891409576,-0.0013999836519360542,-0.0002326367248315364,-0.0006156638264656067,-0.0014384068781509995,-0.0014255691785365343,-0.000524073897395283,-0.00017981616838369519,3.719100959642674e-06,0.00021271179139148444,-0.000537158630322665,0.00014790082059334964,-0.0016999603249132633,-0.00012136761506553739,-0.0003957358421757817,0.0011354367015883327,-0.0008758754120208323,-0.0011066376464441419
dose8k_B_s1,00049.png,-2.0466712157940492e-05,-0.001277403556741774,0.0009899147553369403,-0.0019831068348139524,-0.002758329501375556,-0.0006795140216127038,-0.0004124171391595155,0.00010921317152678967,0.0006896285922266543,3.816509706666693e-05,-0.0007585445418953896,0.0007079488132148981,0.002271039644256234,-0.0002136049879482016,0.0012578224996104836,0.000658705597743392,0.0008786105900071561,0.0001562578254379332,-0.00039769153227098286,0.0005067373276688159,1.4391350305231754e-05,0.0006879830034449697,-0.0010089395800605416,-0.0007946892292238772,-0.0019229174358770251,0.0009014654206112027,-0.0007368038641288877,-0.00023874590988270938,-0.0010771857341751456,-0.0006451419903896749,-0.0005992271471768618,0.0002672836708370596,-5.790546128991991e-05,0.0009177099564112723,-9.305090497946367e-05
dose8k_B_s1,00050.png,0.00020450945885386318,0.0009203988593071699,0.00048516911920160055,0.0005458506057038903,-0.0008478614618070424,1.223921663040528e-05,0.0008686014916747808,0.0009443925810046494,-0.00032790511613711715,-5.6385601055808365e-05,0.00010120678780367598,1.168236030935077e-05,7.380850001936778e-05,0.0006402843282558024,-0.0012547335354611278,0.00042774403118528426,-2.483637581462972e-05,-0.00018376013031229377,-0.0007551708840765059,0.0011413205647841096,-6.176395254442468e-05,-0.0007378845475614071,-0.0013594712363556027,-0.0005703635397367179,-0.0002753083244897425,0.0008908301824703813,0.0004893511650152504,0.00023825372045394033,0.00013427514932118356,0.0014455183409154415,0.0010111011797562242,0.0012466725893318653,-0.0007936753681860864,-0.0007100203656591475,-0.0013939285418018699
dose8k_B_s1,00051.png,-0.0006307651638053358,-2.404336555628106e-05,-0.00017412159650120884,0.002616384532302618,0.001598795410245657,0.0002056429657386616,0.00021267583360895514,-0.0012578082969412208,0.0007777521968819201,0.0006952663534320891,0.0004314758989494294,0.0010994118638336658,-0.00037408192292787135,0.0007815064745955169,-0.0005976006505079567,-0.0006845078314654529,5.51534685655497e-05,0.00022274203365668654,0.0002058419631794095,-0.00031986518297344446,-0.0003350581100676209,0.00021039001876488328,-0.0003168713010381907,-0.00048582753515802324,6.824548472650349e-05,0.0007310939254239202,0.0012007862096652389,-0.0007125802221708,0.0002848676813300699,0.0007116200285963714,-0.0013258180115371943,5.960549515293678e-06,-0.0006524990312755108,-9.740972018335015e-05,0.0004760323790833354
dose8k_B_s1,00052.png,-4.352979885879904e-05,-0.0004876320017501712,-0.0003580230113584548,-0.0007590101449750364,0.00015341839753091335,0.0003266199491918087,0.0018095478881150484,0.0008490863838233054,-0.001285184407606721,4.153133704676293e-05,-0.000479249662021175,0.0006640074425376952,-0.001126595656387508,8.338096085935831e-05,0.000541031186003238,-0.0006350831827148795,-0.0011080523254349828,-0.0008290261612273753,-0.00131196528673172,-0.0003144033544231206,0.0003281276149209589,0.0005088045145384967,-0.0008209561929106712,-0.001442138571292162,0.0016644474817439914,-0.0005539233679883182,-2.3804277589078993e-05,-0.00013346581545192748,-0.0018205473897978663,-0.0006194516317918897,-0.0010750283254310489,-0.0004483126394916326,0.00012339760723989457,-0.0008272618870250881,-0.0004215725348331034
dose8k_B_s1,00053.png,0.0003270120650995523,-1.0290954378433526e-05,-0.0011482560075819492,-0.000571816461160779,-0.0003304398851469159,-0.0010908489348366857,0.0010805324418470263,-0.00020498066442087293,0.00044492323650047183,0.0007787214126437902,-0.0005969310877844691,-0.0012374328216537833,-1.4651384844910353e-05,-0.00042067302274517715,-0.0009804549627006054,0.0009324892307631671,0.00015680427895858884,-0.0009117859299294651,-0.00015725106641184539,-0.0008264139760285616,0.0006003692396916449,0.0009646745747886598,-0.00012553195119835436,-0.0011194789549335837,0.0014962655259296298,5.37095038453117e-05,0.000893387827090919,0.0007717259577475488,0.0007616846123710275,-0.0007325769402086735,-0.0013395544374361634,0.0013503332156687975,1.711692129902076e-05,-0.00025508011458441615,0.0004458411713130772
dose8k_B_s1,00054.png,0.00028640811797231436,-7.08216248312965e-05,-0.0001799421152099967,-0.0003869840584229678,5.982425932415936e-07,-0.0006309736054390669,0.0007592118345201015,0.001493946765549481,0.00019037530000787228,0.0008333295118063688,-0.000629274407401681,-0.000744099379517138,-0.0011113024083897471,-0.000859009800478816,-9.766356379259378e-05,0.00054666877258569,-0.0003944229974877089,-0.0001269117638003081,0.0001098171851481311,-0.0006616238970309496,-0.00017107825260609388,-0.0004901233478449285,0.0005548254121094942,0.001034035230986774,8.975256787380204e-05,-0.0009290824527852237,-0.0005123151349835098,-0.0017067902954295278,-0.0022700370755046606,-0.000973859045188874,-0.0002483379212208092,-0.0009057100978679955,0.0005520405247807503,0.0010581964161247015,0.0006448337808251381
dose8k_B_s1,00055.png,-0.0012691179290413857,-0.002154794055968523,-0.00021496607223525643,-0.0007932042935863137,0.0013706895988434553,-0.0015874201199039817,0.0014489487512037158,2.435545866319444e-05,-0.00038988408050499856,0.0006060934392735362,-0.0010404408676549792,0.0009048113133758307,-0.0013860436156392097,-0.0006005699397064745,0.001370681100524962,-0.0004900769563391805,-0.00014821041258983314,-0.000851724180392921,-0.0006517630536109209,0.0008761768112890422,-0.0010107215493917465,9.92820059764199e-05,-0.0013143456308171153,0.0005263763014227152,0.00038708027568645775,-0.0008155860123224556,-0.0005393526516854763,-0.00015860864368733019,0.00039452730561606586,-0.0005639921291731298,0.0012538557639345527,0.0008445857674814761,-0.0015457336558029056,0.000707383849658072,-0.0009533399133943021
dose8k_B_s1,00056.png,-0.00028898095479235053,-0.00031926060910336673,-0.0006360430852510035,-0.0002715493319556117,-0.0015125100035220385,-0.0002402289246674627,1.6042893548728898e-05,0.00029794921283610165,-0.00032055750489234924,0.0006342018023133278,-0.0006597227766178548,-0.0005255239666439593,0.0005482414271682501,0.00018242628721054643,4.279682980268262e-05,0.0005012758774682879,-0.0006263460381887853,0.0002778999914880842,-0.0006332697230391204,-0.0009675087057985365,-0.00018567776714917272,-0.00041264371247962117,-4.7456756874453276e-05,-0.0009391976054757833,-0.0002851919853128493,-1.3655784641741775e-05,-0.0011172570521011949,0.00023251870879903436,0.0001689853088464588,0.0002164135075872764,0.0006864082533866167,0.0011152207152917981,-2.3199812858365476e-05,-0.0013598307268694043,0.00032674087560735643
dose8k_B_s1,00057.png,0.00019335145771037787,0.0006825242307968438,0.00042024155845865607,0.001527574728243053,-0.0006266267155297101,0.0013138800859451294,0.0008105376036837697,-0.0009232375305145979,0.002213292522355914,-0.0006355561781674623,-0.0003470981027930975,0.00014368152187671512,0.00025444466155022383,0.00010292897786712274,-8.110874478006735e-05,0.000661423138808459,0.0009283050894737244,0.0007788667571730912,0.00037702699773944914,-0.000573440920561552,0.00012322656402830034,0.00033097330015152693,3.888311766786501e-05,-0.0015428749611601233,0.0008112774230539799,-0.00011522907152539119,0.0005451838369481266,-0.00029770200490020216,0.0005554016097448766,0.0016615448985248804,0.00011582708248170093,-0.0008145946194417775,0.0002521312271710485,-0.001747782458551228,0.0003501542378216982
dose8k_B_s1,00058.png,-0.0005826834822073579,-0.0012527918443083763,0.00010535205365158617,-0.0009646122925914824,-0.0006140391924418509,-0.0010148489382117987,-0.0006956376601010561,0.00042944904998876154,-1.6378069631173275e-05,-0.00029350799741223454,-0.0006015681428834796,0.000956294999923557,-0.0006073176627978683,-4.134571645408869e-05,-4.937880930810934e-06,-0.00198919209651649,0.0005803382373414934,4.3058054870925844e-05,-0.0005222276668064296,-0.0005086311721242964,0.00036056750104762614,-0.0010870617115870118,4.9034868425223976e-05,0.0011350641725584865,-0.0007395536522381008,-0.0012812898494303226,0.00025801206356845796,0.002145340433344245,-0.0005697772721759975,-0.0009320080862380564,0.0005676208529621363,0.00026305843493901193,0.001068514189682901,-4.558521322906017e-05,-0.0007056728936731815
dose8k_B_s1,00059.png,0.000570841075386852,0.0008709176909178495,0.0006608585244975984,-0.0012665796093642712,0.0006141630583442748,-0.0018575913272798061,-0.0006080589955672622,9.839308040682226e-05,0.0008091270574368536,-0.0006060419254936278,0.0006796916131861508,-0.0007973475730977952,0.0004202316340524703,-0.0007742425077594817,-0.00012567584053613245,0.0007671116618439555,-0.0001428186660632491,-0.0008383489330299199,-0.00012713494652416557,-8.485414582537487e-05,5.5061685998225585e-05,-0.0004578649823088199,0.0004589824820868671,8.049980533542112e-05,0.0008432688191533089,0.0008031532634049654,-0.0010573241161182523,-0.0001666447496972978,-0.0010523085948079824,0.0003398579719942063,-0.0008535564411431551,-0.0005546984612010419,-0.00034054194111377,0.0019287173636257648,-0.00101854233071208
dose8k_B_s1,00060.png,0.0004025945963803679,0.0005082974676042795,0.0002748690894804895,-0.0026854698080569506,0.00022170138254296035,0.00028360026772134006,0.00019862006593029946,0.002447103150188923,0.00189401232637465,0.0005030579050071537,-0.0005989248747937381,-0.0006382055580615997,-0.0016644065035507083,0.002084673848003149,0.00038790941471233964,0.0002273529244121164,0.000423495308496058,0.0013937593903392553,-0.00012950401287525892,-0.00031957108876667917,-0.00039541046135127544,0.0003595436573959887,-0.000597905891481787,0.0019722392316907644,-0.000704134872648865,-0.0006875563994981349,0.0005556246032938361,7.371410902123898e-05,0.0007544177351519465,0.00031684801797382534,0.00011939430987695232,-0.0003563495120033622,-9.058988507604226e-05,0.0004821961047127843,-0.00027620416949503124
dose8k_B_s1,00061.png,0.0010478416224941611,0.000469259568490088,-0.00021630422270391136,0.0015241476939991117,0.0007642378914169967,-2.4109252990456298e-05,0.0007405710639432073,-0.00033879390684887767,0.0001467208785470575,0.0002984809107147157,0.000543691567145288,-0.0008244434138759971,-0.0005547412438318133,-0.001853747759014368,0.0004412360140122473,-0.00047744467156007886,0.00020665850024670362,-0.00012277682253625244,-0.0006658153724856675,0.00044383315253071487,-0.00039353989996016026,-0.00030924295424483716,0.00040886373608373106,-0.0013338718563318253,-0.0008118358673527837,6.210086576174945e-05,-0.0001473040465498343,-7.370594539679587e-05,0.0005950442282482982,0.00030314584728330374,-0.0004238873370923102,-0.0004908464034087956,0.0005200484883971512,-0.00032841466600075364,-6.49340872769244e-05
dose8k_B_s1,00062.png,-0.0007570234593003988,-0.0006280509987846017,-0.0008591920486651361,0.0002125534083461389,0.0014852561289444566,-0.0012101719621568918,-0.0002636982244439423,-0.001177740516141057,0.0007299846620298922,-0.0005380854709073901,-0.00031959745683707297,0.0005507171736098826,-0.0006056748679839075,-0.0009862345177680254,-0.002244729781523347,-0.00023070081078913063,1.9732182408915833e-05,0.0005713612190447748,0.0011801432119682431,0.00021591494441963732,-0.0003101644979324192,-0.00018918336718343198,-0.0005296645686030388,0.0002855667844414711,0.00149923050776124,0.001246211351826787,-0.0001685826136963442,0.0012481253361329436,-6.291097088251263e-05,0.00045847284491173923,0.0005693574203178287,0.0005632444517686963,0.0024369279853999615,0.001126298913732171,-0.0013172151520848274
dose8k_B_s1,00063.png,-8.260503091150895e-05,0.0011202843161299825,0.0005307637038640678,0.0021429879125207663,0.0005651633837260306,0.0005719491746276617,-0.00015908174100331962,-0.0006172725115902722,-0.0007410387042909861,-0.0002436470822431147,-3.299697709735483e-05,-0.0012065309565514326,0.000878078571986407,0.0001554693590151146,-0.0008927471935749054,-0.0006982162012718618,-0.0005003580590710044,0.0003537661104928702,0.00013867700181435794,-0.00025127819390036166,-7.480986096197739e-05,-9.78749303612858e-05,-0.0007423366769216955,-0.00021744494733866304,0.0008586536860093474,-0.0005827602581121027,0.0008415611227974296,-0.0018200105987489223,0.0009862419683486223,-0.0014759502373635769,0.0006445735925808549,0.00043986900709569454,-0.0006399647099897265,-1.3395839459917624e-07,-2.5845911295618862e-05
dose8k_B_s1,00064.png,-0.00012091424287064001,0.0008659181767143309,3.9461917822336545e-07,-0.0014243338955566287,0.0007161502726376057,0.00047706073382869363,-0.000583233661018312,0.00026932821492664516,0.0017178074922412634,0.00043321886914782226,4.878795152762905e-06,-0.000666024221573025,0.0012901786249130964,-0.0008074287907220423,-0.00046501404722221196,0.0014128825860098004,0.0008342454093508422,-0.00043361642747186124,0.0001297569542657584,0.00043353784712962806,0.0016861690673977137,-0.000882929190993309,0.0010520453797653317,0.0015239365166053176,-0.0008055543294176459,0.0005260232137516141,-0.0009627116960473359,-0.0004975541378371418,-0.00011728945537470281,0.0008969014161266387,8.607282507000491e-05,-0.0001513833849458024,0.0006810011109337211,0.00010231288615614176,0.0010575681226328015
dose8k_B_s1,00065.png,-7.684394222451374e-05,0.0016836344730108976,-0.0002491040504537523,0.0007173562189564109,0.003687899559736252,0.0010247975587844849,-0.002248584758490324,0.0003258460492361337,-0.00041330247768200934,-0.0007914619636721909,0.0011204398469999433,-9.283211693400517e-05,0.001574649941176176,-0.0010850169928744435,-0.00010592023318167776,-0.000698480405844748,0.0012367196613922715,-0.0015377311501652002,0.0012904582545161247,0.00111973041202873,0.0008205824997276068,-0.00011114952940260991,-0.0002568231720943004,0.00178723584394902,0.00021325514535419643,0.001060797250829637,0.00043133951839990914,0.0011624459875747561,-0.0003169549454469234,-0.0018327045254409313,0.0010336057748645544,8.072215860011056e-05,0.00026734251878224313,-0.00037119208718650043,-0.0007576880743727088
dose8k_B_s1,00066.png,-0.00044369688839651644,-0.0015335667412728071,-0.001731579308398068,-8.519072434864938e-05,0.002607019618153572,-0.0007580022793263197,0.0013381032040342689,0.0005930366460233927,-0.0001867117825895548,-0.00032877616467885673,0.00024027742620091885,-0.0002925175940617919,0.0008129499037750065,-0.00024219421902671456,-0.0013480298221111298,-0.0005023029516451061,0.0005171819357201457,-0.00032833582372404635,-0.0012683843960985541,-0.0013528924901038408,-0.0010640730615705252,0.0013835355639457703,0.0005867598811164498,0.0008813519962131977,-0.00011536828242242336,0.0016913943691179156,0.0006106929504312575,0.00013543733803089708,-1.957290805876255e-06,0.00034351710928604007,0.0018017395632341504,-0.0014968904433771968,0.0018501498270779848,-0.0012566546211019158,-0.0015692667802795768
dose8k_B_s1,00067.png,-0.0002946618478745222,-0.00019484847143758088,0.0007509903516620398,0.001917476300150156,0.0015854611992835999,-0.000536502746399492,-0.0005108092445880175,-0.0009700580849312246,-0.00025109146372415125,0.0004998013027943671,-0.0012110807001590729,-0.0008595542167313397,-8.305301162181422e-05,-0.001053291722200811,-0.0009227491682395339,-0.00046306950389407575,-0.00015889840142335743,-0.0010126631241291761,0.0011392631568014622,-0.00015636038733646274,0.000386800616979599,-0.0015479575376957655,-3.169346018694341e-05,0.0010169201996177435,-0.0010863904608413577,0.0006210361025296152,0.00019992513989564031,-0.0009012235677801073,3.6009740142617375e-05,-0.0003726775757968426,-0.0013577768113464117,-0.0005634386907331645,0.0011075878283008933,0.00048260632320307195,2.1804284187965095e-05
dose8k_B_s1,00068.png,7.276105316122994e-05,-0.00026712665567174554,-0.000185931014129892,0.0004247584438417107,-0.0018402055138722062,-0.0018231539288535714,1.4052004189579748e-05,-0.0013606759021058679,-0.00031877626315690577,-0.0006526211509481072,-0.0002891831682063639,0.0002624070621095598,-0.0002799024514388293,0.0007219644612632692,-0.00014769990229979157,0.00029234259272925556,0.0013212282210588455,-6.92123212502338e-05,-0.0009393873042427003,0.00017959879187401384,-0.0015746202552691102,-0.0007546148262917995,-0.00029328823438845575,-0.000534367689397186,-0.001970469020307064,-0.0003340662515256554,0.0003621642536018044,-0.0015077866846695542,-0.0009077867143787444,0.00037172186421230435,-0.0019975570030510426,0.00013568306167144328,0.0002112083457177505,-0.0003122678317595273,0.0005022398545406759
dose8k_B_s1,00069.png,7.917899347376078e-05,0.000521449779625982,0.00038621865678578615,-0.0009218945633620024,-0.0035239735152572393,0.0008495697402395308,0.0006024310714565217,-0.0012744392734020948,0.0009649259736761451,9.284084808314219e-05,-0.0007497183978557587,0.0007772436365485191,-0.00012136226723669097,0.0007296488038264215,-0.0001528440334368497,0.0009814637014642358,-0.00065037194872275,0.0011150435311719775,-0.0008157497504726052,0.0002426823484711349,0.0006710340385325253,0.0021490976214408875,-0.00033042047289200127,-0.0003427661722525954,-0.0006375846569426358,-0.00012094317935407162,0.0008075193618424237,0.00042278392356820405,0.0006987389642745256,-0.0013249424519017339,-0.0012580713955685496,0.0004670425259973854,0.0021535877604037523,0.000639671110548079,0.0013123505050316453
dose8k_B_s1,00070.png,1.726365189824719e-05,0.0005661242757923901,0.0006222399533726275,-0.002873019315302372,0.00014101045962888747,0.0003484842018224299,0.0010391849791631103,0.001225258456543088,0.0004269062774255872,-0.000157702510477975,0.0007972543244250119,-0.0006719767116010189,0.000299727835226804,0.0004372665425762534,-0.00038181355921551585,-0.0003765028959605843,0.0008125846507027745,0.0009900080040097237,-0.00100571324583143,0.0007087753037922084,0.00023396068718284369,0.001044503296725452,0.0003802693681791425,0.00016724698070902377,-0.0009926820639520884,-0.00036531375371851027,-0.00025004628696478903,0.0003612935543060303,0.0007998540531843901,0.0003925492928829044,-0.0007864091312512755,0.0003459391591604799,-0.000693373556714505,0.0008926178561523557,-0.00044372479896992445
dose8k_B_s1,00071.png,-0.0006754968781024218,-0.0005993276135995984,-0.00014424827531911433,0.001089014345780015,0.0008994462550617754,0.0005274530267342925,-0.0009554805583320558,0.0006563719362020493,-4.775783236254938e-05,0.0011361422948539257,-0.0001608730381121859,8.780127245699987e-06,0.00015206570969894528,0.00015872395306359977,0.0013779702130705118,0.0005317283794283867,0.0008794599561952055,0.00023473719193134457,0.0010221073171123862,-0.0003580233606044203,-0.0005136471008881927,-0.0010436850134283304,-8.143999730236828e-05,-0.0016897458117455244,0.000898767146281898,-1.7259288142668083e-05,0.0003664609102997929,4.073063337273197e-06,0.00017126655438914895,7.401331095024943e-05,-0.000802731781732291,-0.0005004571285098791,0.0005098549299873412,0.0005189053481444716,0.001000615768134594
dose8k_B_s1,00072.png,-0.00029859007918275893,-0.00025852787075564265,0.0008399194339290261,0.0006819749251008034,-0.0011143366573378444,-0.00023572574718855321,-0.000745273835491389,0.0006724784034304321,0.0013855851721018553,-0.0008639724692329764,0.0006179674528539181,-0.0007294098031707108,-0.0006569590768776834,0.0009410627535544336,0.0007376011926680803,0.0012964651687070727,-0.0006497264257632196,-0.00044242313015274704,0.0006776131340302527,0.0012077842839062214,0.0004398184537421912,0.00021155361901037395,0.0011781249195337296,0.000490879116114229,0.00010937674960587174,0.00040172916487790644,0.0007503548986278474,0.0006439303979277611,-0.0013974533649161458,-0.0011739409528672695,0.001679790671914816,0.000563511741347611,-0.0009001102298498154,3.5677538107847795e-05,0.00040583108784630895
dose8k_B_s1,00073.png,-0.0012615701416507363,-0.00048571196384727955,0.00085500004934147,-0.0008866775897331536,-0.0005801979568786919,-0.00040880736196413636,0.001346092438325286,-0.0005379993235692382,0.0002724550722632557,-0.0004177904629614204,0.0008038270170800388,-0.0018899680580943823,-0.00027123448671773076,-0.0006415789248421788,0.0006388245383277535,-8.214434637920931e-05,-0.00032746087526902556,0.0014633680693805218,0.0005319322808645666,-0.00211624288931489,-0.0006831181235611439,-1.472162693971768e-05,-8.759806223679334e-05,-0.0006224068347364664,-0.0017774458974599838,0.0005058077513240278,-0.0006638318882323802,0.0007452383288182318,0.0007660102564841509,0.001561113283969462,-0.00017483779811300337,7.746942719677463e-05,-0.0005195713602006435,-0.0014366221148520708,-0.0007253693183884025
dose8k_B_s1,00074.png,-0.0017769366968423128,-0.0006938104052096605,-0.0005821454105898738,0.0008035407518036664,-0.0013518728082999587,-0.0016374156111851335,0.00012954932753928006,-0.0010152723407372832,0.0012935418635606766,0.000496486434713006,0.0007654677610844374,-0.000478712550830096,0.0006806021556258202,-0.00036679700133390725,-0.0010417259763926268,0.0005056864465586841,-0.0006217521731741726,-0.00014559765986632556,2.8856811695732176e-06,0.0008345877286046743,0.0010250599589198828,-0.0010587029391899705,-0.003355646738782525,-0.0020355016458779573,0.0008509551989845932,-0.0019468601094558835,0.0005738017498515546,-0.0006548005621880293,0.00010209055471932516,-0.0006262622191570699,-0.0009088660008274019,0.0002379391953581944,0.0014415347250178456,-0.00018828472821041942,0.00017490160826127976
dose8k_B_s1,00075.png,0.0008147722692228854,0.0009773096535354853,0.000503484858199954,6.362037674989551e-05,0.000856248487252742,0.00029837037436664104,-0.0006994522409513593,0.0012437425320968032,-0.000860509171616286,0.0007784714689478278,0.00010557498899288476,-0.0007996808271855116,0.00020766853413078934,-0.0005003180704079568,-0.0012961330357939005,0.0003509692323859781,-0.0009190370328724384,-0.0007340307929553092,0.00031124879023991525,1.6110951037262566e-05,0.00016076487372629344,-0.0008045288268476725,0.0005607834900729358,0.0006599411717616022,0.0005652397521771491,-0.0001326316560152918,0.0006365309236571193,-0.0008594566606916487,-0.0012295568594709039,-0.001290696207433939,-0.0014461377868428826,-0.0005263706552796066,0.00018325584824196994,0.000474603904876858,-0.0002239415334770456
dose8k_B_s1,00076.png,-0.000192785999388434,-0.00017626365297473967,-0.00014470343012362719,0.0008974199881777167,0.0018959863809868693,0.0007873006397858262,0.0010931284632533789,-0.0007849586545489728,-0.0023620999418199062,-0.0009887811029329896,-0.0002668537199497223,0.0009375313529744744,-0.0010776070412248373,-0.001110457582399249,0.0010417804587632418,0.0012706825509667397,-0.00028395673143677413,-0.00024743133690208197,-0.0016917716711759567,0.0008755353628657758,0.0010370450327172875,-0.0002619095321279019,0.0023021732922643423,0.0017720781033858657,0.0003109697427134961,-0.00012680103827733546,-0.0007616884540766478,0.001005294150672853,-0.0008589725475758314,0.0006834436790086329,-0.0012374016223475337,0.0006914929253980517,-0.0012802411802113056,0.0006397294928319752,0.00032162334537133574
dose8k_B_s1,00077.png,0.0004259253619238734,0.0004817078588530421,-0.002096861135214567,-0.0009302436956204474,-0.0011289959074929357,-0.0010945588583126664,0.0011018863879144192,0.00012395787052810192,-0.0009751578909344971,-0.0017808928387239575,2.017863153014332e-05,-0.0012631076388061047,-0.0012752390466630459,0.0013613261980935931,-0.0004697416734416038,0.001273071626201272,0.0005959111149422824,0.0008338163024745882,-0.0007119755609892309,-0.00018985143105965108,0.0011459009256213903,-0.0012476907577365637,-0.0015728953294456005,-0.000456156994914636,0.0006024366011843085,0.0006280867964960635,0.00030370900640264153,1.8605738659971394e-05,-0.00023528638121206313,0.0010047529358416796,0.0011334751034155488,0.0006677922792732716,0.0003088978410232812,0.0002889550814870745,0.0006451334920711815
dose8k_B_s1,00078.png,-0.00016669210162945092,0.0004902394721284509,-0.00015615405573043972,0.0024776693899184465,0.0018253556918352842,0.0009768984746187925,-0.0007510097930207849,0.0015184369403868914,0.00030340239754877985,0.0010693303775042295,-0.0006013080128468573,-0.0005786900292150676,-0.001268696621991694,-1.2416924619174097e-05,-0.00011818293569376692,-0.00039487166213802993,0.00038061084342189133,-0.00029095434001646936,0.0009877769043669105,-5.184479960007593e-05,6.29551723250188e-05,0.0010373068507760763,0.0003562633937690407,-0.0010071985889226198,0.0006757120136171579,0.00032168402685783803,-0.00031082675559446216,0.0009434122475795448,-0.0008261222974397242,0.0006432895897887647,0.0013512831646949053,0.0005373423337005079,-0.0004211827472317964,0.0008275877917185426,0.001080416957847774
dose8k_B_s1,00079.png,-0.0005914098583161831,-0.0006279609515331686,-0.00021369011665228754,0.0010160966776311398,0.0017762976931408048,-0.001324350363574922,-0.0012397324899211526,-1.3965297512186226e-05,0.0023381602950394154,-0.0004207985766697675,0.0009410962811671197,0.0010434226132929325,0.0006536712753586471,-0.0013914995361119509,0.000259531254414469,-0.0005711687845177948,-4.957734563504346e-05,-3.751592157641426e-05,-0.0005329460254870355,-3.822996586677618e-05,-0.0005244142957963049,-0.0007175434147939086,0.0017994714435189962,0.00043346016900613904,0.0009157161111943424,0.0011058185482397676,0.00025986527907662094,0.0003514559648465365,-0.0017734018620103598,-0.00012980587780475616,-0.00010163686965825036,0.0008025262504816055,-1.3032767128606793e-05,-0.0009507248760201037,-0.0005355949979275465
dose8k_B_s1,00080.png,-0.0012628613039851189,-0.002228666329756379,-0.0008063315763138235,0.001628046273253858,0.001043875701725483,0.0008826687699183822,-0.0015015419339761138,0.0006953243864700198,0.0003648852289188653,-0.0005554496892727911,-0.0002928727481048554,0.00011531935160746798,-0.001423255424015224,0.00023386008979286999,-0.0008733488502912223,-0.0005038786912336946,0.00029611209174618125,-6.455722177634016e-05,0.000538230815436691,6.890836812090129e-05,0.00020205779583193362,0.0004083107050973922,-0.0024311731103807688,-6.49494249955751e-05,0.0007308705244213343,-0.0004957327619194984,-0.0007131381426006556,-0.0006035902770236135,-0.000267786905169487,0.00012964324560016394,-0.0007927961414679885,0.0006540138274431229,-0.0012032542144879699,0.0006396459066309035,0.0007678502006456256
dose8k_B_s1,00081.png,-5.3799438319401816e-05,-0.0004024477384518832,-0.0002411293680779636,-0.0004290053911972791,-0.0006249841535463929,7.419281610054895e-05,-0.00030475479434244335,0.00023864765535108745,0.00027284250245429575,0.00015513943799305707,0.002145914128050208,0.0009036804549396038,-0.000255577644566074,-0.0008285038638859987,0.0007013458525761962,-0.00024838472018018365,-6.991034024395049e-05,-0.0012612362625077367,0.0009956220164895058,0.001006653648801148,0.00012948893709108233,-0.00010869214020203799,0.00042313640005886555,0.0011864086845889688,0.0009741619578562677,-0.00021372284390963614,0.0006194890011101961,0.0014767630491405725,0.0004408580716699362,0.00017341802595183253,-0.0009823566069826484,-0.000208688186830841,-0.0003330286708660424,0.0007956818444654346,0.0001433260622434318
dose8k_B_s1,00082.png,0.00015392947534564883,-0.0007363296463154256,-0.00032732999534346163,0.00026013009482994676,-0.002148264553397894,-0.0009815878001973033,-0.0003018831484951079,0.0002812744933180511,-0.0009522359468974173,-0.0010099856881424785,-0.0013228985480964184,0.00126786925829947,0.0021283209789544344,0.0004288879572413862,0.00048023121780715883,0.0012195833260193467,-0.0005262563354335725,0.0002937575336545706,0.0008997641270980239,0.0009801980340853333,-0.0004304180620238185,2.8595612093340605e-05,-0.000796111358795315,-0.0005414208862930536,-0.0007934262976050377,-0.00016270970809273422,-0.0008526673773303628,3.0042032449273393e-05,-0.0003680872905533761,-0.0013316377298906446,-0.0003510394599288702,-0.00012720735685434192,-5.770468487753533e-05,6.30562362857745e-06,-0.00048601868911646307
dose8k_B_s1,00083.png,-0.00018941302550956607,0.0004688238841481507,-4.7151177568593994e-05,-0.001238026306964457,7.3017054091906175e-06,0.0008463579579256475,-0.001086853793822229,-0.0005640783347189426,-0.000139582873089239,-0.0005316769820638001,-0.0006650698487646878,0.0008522452553734183,0.0012076915008947253,-0.001242771279066801,0.001333671621978283,-0.0007824029889889061,0.0011690091341733932,-0.0009087553480640054,-0.00023597196559421718,0.00042271040729247034,-0.0004839597677346319,0.00017123520956374705,-0.0001584717392688617,-0.0007456436869688332,-0.0008747183019295335,0.0018861305434256792,0.00015066242485772818,-0.00036805419949814677,-0.00014999056293163449,0.0010435234289616346,0.0009269254514947534,-0.0002712298883125186,0.0009708914440125227,0.0014162561856210232,-0.0002669501700438559
dose8k_B_s1,00084.png,-0.000685045903082937,0.0004919713246636093,-0.0003838876145891845,-0.0006735898787155747,0.0026695553679019213,-0.001587305567227304,0.0015113690169528127,-0.00030299852369353175,-0.0006634558085352182,0.0006701963720843196,-0.0007726281764917076,-0.00025586006813682616,0.0002842407557182014,-0.00010203683632425964,-0.0005005024140700698,0.00043371491483412683,0.0009219265775755048,-0.00028339409618638456,0.0007136518834158778,0.0010402865009382367,4.080631697434001e-05,-0.0006270859739743173,-0.0008574491948820651,-0.0002211295795859769,-0.0006148528773337603,-0.00023137436073739082,-0.0009867041371762753,0.0008768043480813503,0.0011813081800937653,0.0010601773392409086,-0.00032557069789618254,-0.0009787363233044744,-0.0011553409276530147,-0.0003111636615358293,7.120623195078224e-05
dose8k_B_s1,00085.png,-0.0012159871403127909,-9.352563210995868e-05,-0.0013049900298938155,0.001150368363596499,-0.0007518314523622394,-0.0004488659033086151,0.0007758613210171461,0.0005210458184592426,-0.0005640237941406667,0.0017084873979911208,0.0003213628369849175,-0.0012477505952119827,-0.0007225506706163287,0.0005139117711223662,0.0015402283752337098,0.00029473952599801123,-0.0003027960192412138,0.0010664054425433278,-1.33956091303844e-05,-0.0006463286699727178,-0.00031985892564989626,0.00012393874931149185,-0.00033609848469495773,7.087885023793206e-05,-0.000758547626901418,-0.0010658872779458761,0.00016504610539413989,0.0005380971124395728,-4.250503843650222e-05,-0.0010451663983985782,-0.0008949731709435582,0.0009732518810778856,-6.909928197273985e-05,-5.095355663797818e-05,-0.000493509927764535
dose8k_B_s1,00086.png,0.0010204568970948458,0.0007998929941095412,0.0003891523228958249,-0.0014326802920550108,-0.0006580777117051184,0.000500646245200187,-0.0003619319759309292,-0.0020816964097321033,-0.00018897403788287193,1.3439954273053445e-05,0.0009796514641493559,-0.0006034962134435773,0.0015712232561782002,-0.0003135664446745068,0.00011580946011235937,0.0011459438828751445,-8.881231042323634e-05,-0.00037803984014317393,0.0004088170826435089,0.0010656565427780151,0.00031394799589179456,0.0012122924672439694,-0.001154599362052977,4.2286210373276845e-05,-0.0005698423483408988,-0.0014854533364996314,-0.0005523893050849438,0.00014731539704371244,0.00016902184870559722,0.0007745961775071919,-0.00016641845286358148,-0.0008643119363114238,0.0010798219591379166,-0.0018743500113487244,-0.00021385082800406963
dose8k_B_s1,00087.png,-0.00032774597639217973,7.516948244301602e-05,-0.0008622551686130464,-6.704410770907998e-05,-0.0010091474978253245,0.0007640519179403782,0.00035841207136400044,0.0001337428839178756,0.00022937721223570406,2.456846232234966e-05,-0.0002337041951250285,-0.0005779824568890035,0.0002561798319220543,-0.0012380278203636408,-0.0014132907381281257,0.0005078784306533635,0.0007940860232338309,-0.00038804186624474823,-0.001408647745847702,-0.0012280682567507029,-0.001609439728781581,-2.07112589123426e-05,-0.0006796927191317081,-0.00036422640550881624,0.0005849406006745994,8.291845006169751e-05,-0.00021159814787097275,0.000513895065523684,0.0001880405325209722,-0.00014025806740392,0.0008618517313152552,-4.919497951050289e-05,-0.0006944757769815624,-0.0005271302070468664,-0.00037650103331543505
dose8k_B_s1,00088.png,0.00039150178781710565,-0.00029079659725539386,0.0010275280801579356,0.002531770383939147,0.002086846623569727,-0.0003291189786978066,2.496809611329809e-05,0.0005477815866470337,-0.00023040238011162728,0.00026175257517024875,0.0027940142899751663,-0.0014506204752251506,0.0004916621255688369,-0.00032257975544780493,-0.002095031552016735,-0.0005250053945928812,-8.612601232016459e-05,0.00144193007145077,-0.0001554896152811125,0.0015175348380580544,-0.0008397929486818612,-0.0018492459785193205,0.0007218200480565429,0.0010196781950071454,-0.000621470098849386,-0.00016635381325613707,0.0007870974368415773,0.0016435697907581925,0.0014080976834520698,-0.0009131211554631591,-0.00023396083270199597,0.0006971630500629544,-0.00030430592596530914,-0.00011781990178860724,0.00036846078000962734
dose8k_B_s1,00089.png,-0.0003161687927786261,0.00046125552034936845,-0.0009036968694999814,0.0013382580364122987,0.0025101141072809696,-0.0007603043923154473,-0.0020646294578909874,0.00019005565263796598,0.0011841169325634837,-0.001039186492562294,0.000894201744813472,-0.0004629465693142265,-0.0014693097909912467,-0.0007553626201115549,-2.178352588089183e-05,-0.0001014213848975487,-0.000721597287338227,-0.0020353225991129875,8.210318628698587e-05,-0.0006381617859005928,-0.0005805448163300753,-0.0008018146618269384,0.0009968334343284369,-0.0010091335279867053,-0.00035530433524399996,0.001702026231214404,0.00029406859539449215,-8.044592686928809e-05,0.0003001716686412692,-0.0016645836876705289,0.00021498874411918223,0.0009825266897678375,5.656202483805828e-05,0.0005263896891847253,0.0004597289371304214
dose8k_B_s1,00090.png,-0.00035157325328327715,-0.00033811992034316063,-7.648517930647358e-05,0.0010646760929375887,0.00036859908141195774,0.0007909174310043454,0.0010861025657504797,-3.065978307859041e-05,0.0016586766578257084,0.0016597475623711944,0.0002855095954146236,0.00031715654768049717,-0.0002557303523644805,-0.0003455275436863303,0.0012078221188858151,-0.0004236854729242623,-0.0006020379369147122,-0.0008900707471184433,0.0007974899490363896,0.00020895959460176528,0.00029446580447256565,-0.0006149973487481475,-5.251566835795529e-05,0.0008673761039972305,-4.847508898819797e-05,0.0007992882165126503,0.0017253952100872993,0.00018729636212810874,0.0016480347840115428,-0.0005707033560611308,-0.0008146848413161933,0.0012211442226544023,-0.0005253760609775782,-0.0005902373231947422,0.000720087147783488
dose8k_B_s1,00091.png,-0.0009106745128519833,-0.0003886787162628025,0.0013488021213561296,0.0010084813693538308,-2.7345962735125795e-05,-0.0005611076485365629,-0.001514385687187314,-0.00010161365935346112,0.001102335867471993,0.00035117470542900264,0.0005372042069211602,-0.001725298585370183,0.0003652186715044081,-0.0009049595100805163,-0.0010292010847479105,-0.000743637967389077,0.00038197447429411113,-0.0011416608467698097,-0.001518435776233673,-0.001113051432184875,0.0012577848974615335,-5.518281795957591e-07,0.0008860948728397489,-0.0006608834955841303,-0.0005070090410299599,-0.0001498426281614229,-9.188575495500118e-05,0.0004659203113988042,0.0010411677649244666,-0.0015354207716882229,-0.0010122181847691536,0.00014009635196998715,-0.0018666160758584738,-0.0009089902159757912,-8.983407315099612e-05
dose8k_B_s1,00092.png,0.0004468131810426712,0.0002436279901303351,0.0015992744592949748,-0.0007803668268024921,0.00047067037667147815,-0.0009524013148620725,0.000490318110678345,-0.0011131064966320992,0.0008504316792823374,0.000762397947255522,-0.0006426380714401603,-0.0007033344591036439,-0.0021585137583315372,-0.0006174923619255424,0.00020467342983465642,-6.594666047021747e-05,-0.00011074068606831133,-0.00014291088155005127,2.2842508769826964e-05,0.0008286164957098663,0.00010831039253389463,-0.0003332851338200271,0.0011419786605983973,0.00029042543610557914,0.0004473590524867177,-0.001240287907421589,0.000246883777435869,-4.963593164575286e-05,-0.00022481157793663442,0.0007881182827986777,-0.00011525011359481141,-0.0014001763192936778,-6.796994421165437e-05,0.0010864812647923827,-0.0024245919194072485
dose8k_B_s1,00093.png,-0.00020020482770632952,-6.388690962921828e-05,-0.00027854315703734756,0.001872758730314672,0.00026801758212968707,0.00042555879917927086,0.00015471078222617507,7.257237302837893e-05,0.0004771670210175216,-0.0007180327083915472,0.001431341515854001,0.0005325856036506593,-0.00030292876181192696,-0.0010260407580062747,-0.0002622157335281372,-0.0006620854255743325,-0.00044610092299990356,-0.00040902008186094463,0.0004945952678099275,0.0014724895590916276,-0.0007300518918782473,0.0011146784527227283,-0.001006975071504712,0.0018561910837888718,0.0016491146525368094,0.0012702739331871271,-9.023008169606328e-05,0.000873591925483197,-0.0005416772328317165,-0.0003788578324019909,-0.0007849293178878725,0.00038579985266551375,-0.0010265097953379154,0.0016315969405695796,0.0005867689033038914
dose8k_B_s1,00094.png,-0.0004307009221520275,-0.0008832581806927919,-2.2307636754703708e-05,0.00196627015247941,-0.000603661232162267,0.000451806205091998,0.0006235863547772169,0.000877572107128799,-0.0001954142499016598,1.6421930695287301e-06,0.0007620014366693795,0.00048181647434830666,0.0011745064985007048,-0.00029556392109952867,-0.0007799838786013424,0.00029591418569907546,0.0011719351168721914,0.0005599058931693435,-0.0010784249752759933,-0.0009795349324122071,-0.0006893479730933905,0.00017259172454942018,0.0006533801206387579,-0.00013299575948622078,0.001034369459375739,-0.0010980762308463454,0.0001441321655875072,-0.0017116665840148926,0.00016739517741370946,0.0007871410925872624,0.00010432575072627515,3.8166032027220353e-05,-0.0003537937591318041,-0.00048033567145466805,0.0013847009977325797
dose8k_B_s1,00095.png,0.00019612294272519648,-0.0006253286846913397,0.00046038380241952837,0.0006997131858952343,-0.0003061651368625462,-0.000531540485098958,0.00022781456937082112,-0.0005097652901895344,0.0011299420148134232,0.002308872062712908,-0.0006085622007958591,-0.0009796401718631387,-0.0002011815522564575,0.0003625728713814169,-0.0006478062132373452,-0.001524507999420166,-0.0004920792416669428,0.000382360682124272,-0.0005327890976332128,0.0011467192089185119,-0.0008982297731563449,0.0004605585418175906,0.00047691131476312876,-0.00034207385033369064,0.00019289777264930308,-5.2884643082506955e-05,0.0006691498565487564,-2.611510171846021e-05,0.0006789206527173519,0.0002986856270581484,0.001700487919151783,-0.0008322635549120605,-0.0007639045361429453,1.70564987911348e-06,7.462935900548473e-05
dose8k_B_s1,00096.png,-0.0010299213463440537,0.0006983076455071568,6.507627404062077e-05,-7.878680480644107e-05,0.0003601869975682348,0.00027842720737680793,0.0015035787364467978,-0.00016070429410319775,0.0016921467613428831,9.187288378598168e-05,-0.0009672751184552908,-0.0005638367147184908,-0.00023310807591769844,0.0008548037149012089,-0.0011257955338805914,0.0006050054216757417,0.0008699923055246472,0.00012609201075974852,-0.0005933248903602362,-0.0017491403268650174,0.0008456467185169458,0.001755789271555841,-0.00029340313631109893,-0.00012139643513364717,0.000602169253397733,0.0003613015287555754,-0.00010174443013966084,0.0015504261245951056,-7.632481720065698e-05,0.00043930072570219636,-0.00043277358054183424,0.0003982097841799259,-0.002720840275287628,1.4382846529770177e-05,0.0005457225488498807
dose8k_B_s1,00097.png,0.00013582283281721175,0.0006190402200445533,-0.0006712170434184372,0.0012833421351388097,0.0010983613319694996,-0.00046138226753100753,0.0005260137841105461,-0.0009966890793293715,-0.0005673322011716664,-0.0006350248004309833,-0.002956025768071413,0.0014531915076076984,0.0015425665769726038,0.00016099117056000978,0.0013839475577697158,-2.0333847714937292e-05,0.00047933877795003355,-0.00037236828939057887,0.0004881668137386441,0.0006823448929935694,-0.00012443108425941318,-0.0007680481066927314,-7.460820052074268e-05,0.001322886673733592,0.001881906995549798,0.00041254181996919215,-0.0003946400247514248,-0.0005463112029246986,0.0015324110863730311,0.0005542534636333585,1.267260540771531e-05,-0.0008374378667213023,0.0010367241920903325,0.00025717137032188475,-0.00022606398852076381
dose8k_B_s1,00098.png,-0.0006090454407967627,-0.00018845355953089893,-0.000813874474260956,-0.0011464102426543832,-0.0020784761290997267,-0.00028150976868346334,-0.0004598599043674767,-0.003049899125471711,-0.0010356735438108444,0.0006682548555545509,-0.0012513096444308758,0.0005110141937620938,6.609383854083717e-05,0.0017397700576111674,-0.0009737794171087444,0.0017824872629716992,-0.00021465129975695163,-0.0017858878709375858,-8.842017996357754e-05,0.00023629229690413922,-0.00163471105042845,-0.0004456772585399449,0.00027312894235365093,0.0011223495239391923,0.00017589001799933612,-0.0011034331982955337,-6.278352520894259e-05,0.0006883384776301682,-0.0006852504448033869,0.0001628214813536033,-0.0004436141171026975,-0.00024939479772001505,0.0005358392372727394,0.000325079687172547,-0.0012161919148638844
dose8k_B_s1,00099.png,-0.00021551878307946026,0.00011963913129875436,0.0013211326440796256,0.0008229436352849007,-0.0018729749135673046,-0.001876321155577898,-0.00198932271450758,0.0006743426783941686,0.00022685051953885704,-0.0005571654182858765,0.0005534800584428012,0.002975699258968234,-0.0010389358503744006,0.00013926796964369714,-0.0006231566658243537,-0.000857893202919513,-2.980299359478522e-05,-0.0007961343508213758,0.0010562691604718566,0.00017210913938470185,-0.0006697922362945974,0.0021685005631297827,0.00045913446228951216,-0.0007429330144077539,0.0005564040620811284,0.0008503006538376212,0.00034086164669133723,-0.0004525093245320022,-0.00045602215686812997,0.0011565263848751783,0.0009375208173878491,-0.0002040938416030258,0.0006370970513671637,0.0008170778746716678,0.0010135758202522993
dose8k_B_s1,00100.png,-0.00010444507643114775,0.00010201668192166835,0.0007494801538996398,-0.00027450916240923107,-0.0006140294135548174,-0.0010621754918247461,0.0004543420218396932,0.00014587990881409496,0.0005300670745782554,0.00029159808764234185,1.1621014891716186e-05,0.0010358465369790792,0.0009014790994115174,-0.0010504628298804164,0.0014542735880240798,-0.000278609455563128,0.0003820887650363147,0.00047730031656101346,0.0005001018871553242,-0.0005122637376189232,-0.0009780490072444081,-0.0002728551044128835,0.0008743744110688567,-0.0016274809604510665,-0.00023132696514949203,-0.001024602330289781,2.7272942588751903e-06,0.0011724653886631131,0.00019409642845857888,0.00012460470316000283,6.721196405123919e-05,-0.0004247993929311633,-0.0007176998187787831,0.0005150925135239959,-0.0003486514324322343
dose8k_B_s1,00101.png,6.369350012391806e-05,-9.825429515331052e-06,0.0008021954563446343,-0.0010314485989511013,0.0013938350602984428,-0.0013021380873396993,0.00016393438272643834,-0.0007522912346757948,0.0010050626005977392,0.0007404459756799042,0.0005556332762353122,0.0010701582068577409,-1.0080822221425478e-06,0.001266497652977705,-0.0007174340425990522,0.0005700970650650561,0.0006133727147243917,0.0005810863221995533,-0.00020117654639761895,0.0004682641301769763,-0.000492268824018538,-0.00030403825803659856,0.00036082635051570833,0.00099769642110914,-0.0008290796540677547,0.0010947415139526129,0.0007222450221888721,3.955250576836988e-05,0.0001404847134836018,8.376481855520979e-05,0.0009225618559867144,0.0005061739939264953,0.001104228780604899,0.0014084222493693233,-0.0015061944723129272
dose8k_B_s1,00102.png,-0.00156726548448205,-0.0008069979376159608,-0.002033125376328826,-0.0010394008131697774,-0.0008929074974730611,-0.0003488551592454314,0.00042913571815006435,0.0012424301821738482,-0.0009147825185209513,0.0009547914960421622,-0.0007249654154293239,-0.0009488973300904036,-0.00035217698314227164,0.0010800124146044254,0.0010984353721141815,8.145988431351725e-06,0.0010012030834332108,-0.001140708802267909,0.00014917703811079264,0.00038501573726534843,-0.0011152408551424742,0.0003370895574335009,-0.0007000581244938076,0.0027298214845359325,-0.0003408992779441178,-0.0011843690881505609,0.00015437485126312822,0.00014651525998488069,-0.001146408962085843,-0.0007499282364733517,0.0011002578539773822,-0.000813157472293824,0.0010605220450088382,0.0014405724359676242,-0.0005770330899395049
dose8k_B_s1,00103.png,-0.00045397342182695866,-0.000896719575393945,-0.0003727634029928595,0.00016001105541363358,0.0004088511923328042,-0.0012226253747940063,0.000624536070972681,-0.0007985833799466491,0.00010419019963592291,-0.0018775620264932513,-0.0003432629455346614,0.0006087811198085546,0.0014731439296156168,-0.0014812295557931066,0.0004318537830840796,-0.00022786833869758993,0.0017025739653035998,0.00045980015420354903,0.0005232723779045045,-0.0005738985491916537,0.00013078541087452322,0.0012554078130051494,-0.0008514237706549466,0.00018476041441317648,-0.00038633521762676537,0.00028025993378832936,-0.0008097160025499761,0.00012335272913333029,-0.0007279166020452976,-0.00033599865855649114,0.0018046027980744839,0.001941187889315188,0.0002132888330379501,0.0021312066819518805,0.00011871424067066982
dose8k_B_s1,00104.png,0.0013159372610971332,0.0022334798704832792,-0.0002807759155984968,0.0011912218760699034,0.0005387244746088982,0.0002596105623524636,-0.0006256552878767252,0.0005713235586881638,-0.00030819873791188,-0.0006567311356775463,0.0015681900549679995,-0.0003648547572083771,0.0008188171195797622,-3.210198883607518e-06,-0.0004006679228041321,0.0008641032036393881,0.0016236959490925074,-0.0005897216033190489,-1.1818448911071755e-05,-0.000704226375091821,-0.00017722320626489818,7.829289825167507e-05,0.000602350162807852,0.000962414254900068,0.00011630111839622259,0.0015774030471220613,-0.0007290694047696888,-0.0007509530987590551,0.0015336076030507684,-0.0001957355416379869,0.0005681398906745017,0.0010039123008027673,-0.0008527175523340702,-0.00017913755436893553,0.001542446669191122
dose8k_B_s1,00105.png,0.0016934972954913974,0.0018539933953434229,-0.00022455658472608775,0.0016914327861741185,0.004242069087922573,-0.0009913018438965082,0.0007453559665009379,-0.0012858044356107712,8.596747647970915e-05,0.0016927709802985191,-0.00037740598781965673,0.0003498451551422477,-0.0006999252364039421,-0.00020658942230511457,-0.001048783422447741,0.0010157352080568671,0.00021638871112372726,0.0007380168535746634,0.0012579329777508974,-0.00011886470019817352,-0.0007504804525524378,0.0016040101181715727,0.0003728517622221261,0.0002996013790834695,0.0007794226985424757,0.00030100278672762215,0.0009818915277719498,-0.000821681518573314,0.0007815998396836221,0.0008258192101493478,0.0006199128110893071,-0.00033815286587923765,0.0002287070092279464,-0.0003438543644733727,-0.00016570439038332552
dose8k_B_s1,00110.png,-0.00034275208599865437,0.00014146910689305514,-0.001393835642375052,-0.0016431546537205577,0.0007320336881093681,0.0007429482066072524,0.0007395234424620867,0.0006627237889915705,0.0028305428568273783,-0.001266202423721552,0.00039308040868490934,-0.0001214365620398894,0.0005210940726101398,-0.00022746309696231037,0.0005360067589208484,-0.00021014714729972184,0.001595064764842391,-0.0006947566871531308,0.0013347745407372713,-0.0002691295521799475,-0.001232585171237588,-0.0014972120989114046,0.0001534635084681213,-0.000951031397562474,-0.001472025876864791,-0.0008877526852302253,0.00045961738214828074,0.00047562902909703553,0.0005285916849970818,-0.0009169238619506359,-0.0008098529651761055,5.3775085689267144e-05,0.0006423205486498773,0.0021111047826707363,-0.0004298537387512624
dose8k_B_s1,00111.png,0.00010346531053073704,-0.000721891294233501,-0.0001128200747189112,0.0011632840614765882,-0.0006974062416702509,4.02311998186633e-05,0.0017133025685325265,0.0003351742052473128,1.9443559722276405e-06,-0.001262925798073411,-0.002396194264292717,0.00020213020616210997,0.0006826058379374444,-0.0007735078106634319,-0.00020847689302172512,-6.273301551118493e-06,0.0001559868105687201,-0.00042807002319023013,-0.0014072618214413524,0.0006611550343222916,7.508340058848262e-05,-0.0005302589270286262,0.0008077465463429689,0.0003075017302762717,0.0006481290329247713,-2.9392993383225985e-05,0.00031945417867973447,-0.0025473267305642366,-0.0018853768706321716,0.00120066967792809,0.0007089783321134746,-0.0006112142582423985,-0.0023393069859594107,0.0009631445864215493,0.00043819277198053896
dose8k_B_s1,00112.png,0.001353139872662723,0.0006094088894315064,0.0009655107860453427,0.0012390968622639775,-0.00038442903314717114,0.0003708986332640052,0.0004435773007571697,-0.0018888628110289574,0.001250612549483776,0.000676454568747431,-0.0005443275440484285,0.0009632107685320079,0.00010414519056212157,0.0004961958038620651,0.001783160725608468,-0.0006397704710252583,0.0006078994483686984,0.00028544096858240664,0.00012046637129969895,0.0004609088064171374,0.0008268640376627445,-0.00032782898051664233,-0.0012025517644360662,0.0002657900913618505,-0.000248033698881045,0.0007439600303769112,-0.00040307382005266845,0.0008830103324726224,0.00037723261630162597,0.0003744989226106554,9.700222290121019e-05,-0.0003656542976386845,0.0014754197327420115,0.0015360945835709572,-0.00034636928467079997
dose8k_B_s1,00113.png,0.0003082551120314747,0.0002133481903001666,0.0006526291836053133,-0.0017265971982851624,-0.001205091830343008,0.0015023122541606426,-0.00011317515600239858,9.281992970500141e-05,0.00015195971354842186,-0.0003469050279818475,0.0008373444434255362,0.0006269856821745634,-0.0003931601531803608,0.0005812965682707727,-8.376358891837299e-05,-0.00015199021436274052,-0.0013075347524136305,0.00018445198656991124,-0.0008093470241874456,-0.0007442526984959841,-0.0006838710396550596,-0.00036128252395428717,0.0006897378480061889,0.0006137494929134846,-0.001145197544246912,0.0004689296183642,-0.0006586239906027913,-6.6290536778979e-05,0.0006245325785130262,0.0001279065472772345,-0.0009176617604680359,0.0010585128329694271,-0.0017024836270138621,-0.0014294296270236373,-0.00046922554611228406
dose8k_B_s1,00106.png,0.001259722514078021,0.0002273381978739053,-0.0005040490068495274,0.001576838199980557,-8.966172026703134e-05,0.00024138209118973464,0.0010288954945281148,0.0004645006556529552,-0.0007288863998837769,0.00012965372297912836,0.0015638285549357533,0.0008333550067618489,9.684478573035449e-05,-0.00014992068463470787,0.0012922895839437842,1.4438951438933145e-05,0.0016880726907402277,0.000595227291341871,-6.445188773795962e-05,0.0005255166906863451,-0.0001458789047319442,0.0017159250564873219,8.85500485310331e-05,0.0005362675874494016,-5.8575853472575545e-05,-0.0001238065742654726,0.00017891856259666383,0.0006672031595371664,-0.0012191904243081808,0.00041531698661856353,-0.0007578179938718677,-0.0014990994241088629,0.00018224847735837102,0.0008686854271218181,-0.00031076493905857205
dose8k_B_s1,00107.png,-0.0017843542154878378,-0.00024439627304673195,2.082647597489995e-06,0.001884848577901721,9.936708374880254e-05,-0.0006728905718773603,0.0019814518745988607,0.0012115385616198182,0.0005001939716748893,-9.926299389917403e-05,0.00010056570317829028,-0.0010696955723688006,-0.0007025605882517993,-0.0011149083729833364,-0.000356572272721678,0.00202957633882761,0.00037646753480657935,-0.0009685049881227314,-0.00046524335630238056,8.367562986677513e-05,0.0003646085679065436,0.0007386172073893249,0.0005905916332267225,1.8753897165879607e-05,-0.0013072789879515767,-0.0005407667485997081,-0.0013319144491106272,-0.00047921956866048276,0.0008086086018010974,0.0004240112320985645,-0.001289960229769349,0.0021855488885194063,0.0008224739576689899,-5.936611341894604e-05,-0.0012548931408673525
dose8k_B_s1,00108.png,-0.0017081198748201132,-0.0007907707476988435,0.0012090965174138546,-0.0004911313881166279,0.0004372936091385782,-0.0008101442945189774,0.0005626350757665932,-0.0019227368757128716,-0.00020461203530430794,-6.91312161507085e-05,0.0004026312381029129,0.0007448731339536607,0.0012290715239942074,-0.0011431423481553793,-0.0007737861014902592,0.0006373014184646308,0.000543783709872514,0.0019161005038768053,-0.00022822666505817324,-0.0005453399498946965,-0.0008567352779209614,-0.0005445519927889109,0.0011808311101049185,0.00017207514611072838,-0.0009374729706905782,0.001415126956999302,-0.001765222055837512,0.0006151768029667437,0.0013765611220151186,-0.0003569380787666887,0.00045788203715346754,-0.001091073383577168,0.00043440176523290575,-5.887108636670746e-05,-0.0001491961593274027
dose8k_B_s1,00109.png,-0.0009783086134120822,-0.0016654344508424401,1.9756407709792256e-06,0.0006562786875292659,0.0016300163697451353,-0.0005901115946471691,-0.0003217051853425801,0.00039447122253477573,-0.0001202777202706784,-0.0006001503788866103,-0.00042695639422163367,-0.000471286301035434,-0.0010118266800418496,0.0013208177406340837,0.00011913955677300692,-9.315548231825233e-05,-0.00045446495641954243,-0.0006173814763315022,-0.00017619899881538004,-0.002058147918432951,-0.0005671099061146379,-0.0004028561234008521,0.00013527818373404443,0.000580370076932013,0.0005826728302054107,0.00038141064578667283,-0.0001372970873489976,0.0009155450970865786,0.0002918885147664696,-0.00027401361148804426,-0.0007343224715441465,-0.0002862103865481913,-0.0010559920920059085,0.0012109356466680765,-8.5462823335547e-05
dose8k_B_s1,00118.png,0.0003992168349213898,0.001201608800329268,-0.0002756814647000283,0.0006607231334783137,-0.00026464610709808767,-0.0010129095753654838,0.0019518774934113026,-0.0013302627485245466,0.000293031451292336,0.0008146687760017812,0.0012003221781924367,0.0003628504346124828,-0.0003987353411503136,0.00014371123688761145,0.001881983014754951,-0.0002983083832077682,0.000864460482262075,0.0006289390730671585,-0.001946133328601718,-0.00018160021863877773,-0.0018726038979366422,-0.0012307879514992237,-3.0942741432227194e-05,0.00034177329507656395,0.001762855681590736,0.0004073004820384085,-0.0022954721935093403,-0.0006547663942910731,-0.0002576347906142473,-0.0012923592003062367,-0.001142634660936892,0.00045782027882523835,0.0008147445623762906,9.242627857020125e-05,-0.0011783747468143702
dose8k_B_s1,00119.png,0.0006829472258687019,0.0006049239309504628,0.0004895037855021656,6.420801219064742e-05,-0.0005585594917647541,0.001251391600817442,-0.0013438432943075895,-0.001634894055314362,-0.0009203165536746383,0.0009557175217196345,0.0011747266398742795,0.0017725519137457013,0.0012271750019863248,-0.00019007087394129485,8.626579801784828e-05,0.0005558219854719937,0.0005819057114422321,0.0016081189969554543,0.0010604887502267957,0.00038918020436540246,-0.0010138293728232384,0.0012458984274417162,-0.0002074565418297425,0.0007076045731082559,0.0004807843652088195,0.00011132203508168459,-0.0007278338307514787,0.0005775135359726846,0.0004314585530664772,7.743782043689862e-05,0.0002678870514500886,0.0007656450616195798,-0.0011041942052543163,0.0003922265022993088,-0.0001325729099335149
dose8k_B_s1,00120.png,-8.06050084065646e-05,0.0011732610873878002,-0.000828938209451735,0.0011271134717389941,0.0022577503696084023,0.0004287547490093857,0.0011329996632412076,-0.00024722510715946555,0.0013918947661295533,-0.0016060498310253024,0.0001249061751877889,-0.000617934507317841,0.0005093635409139097,-0.0005151489749550819,0.0003156127640977502,0.0012547760270535946,-0.0002964685845654458,-0.0003363481373526156,-0.0006576731684617698,0.0002585217298474163,-0.0004637916572391987,-8.054823410930112e-05,0.0008908096351660788,0.0013216666411608458,-0.0009033225942403078,0.00018635240849107504,0.0009339965181425214,-0.0004808969679288566,-0.001136636477895081,-0.001504680491052568,-0.0008387346169911325,0.00048270891420543194,0.0006051074014976621,0.0011621690355241299,0.0003506192588247359
dose8k_B_s1,00121.png,0.0006495041307061911,0.0006751535111106932,-0.0005235909484326839,-3.424545138841495e-05,0.0016750595532357693,0.0012543404009193182,0.0013835161225870252,-0.0006506449426524341,8.935552614275366e-05,-0.00038085677078925073,0.0013060704804956913,0.0009427111363038421,-0.001818498014472425,-0.0009726376156322658,0.0007375103305093944,0.00048671424156054854,-0.0010303526651114225,0.0010594426421448588,0.0005467825685627759,-0.000631872215308249,0.00010341989400330931,-0.0010310003999620676,-0.00032530416501685977,0.0008583180606365204,0.00016830382810439914,0.0005811340524815023,-0.0005952312494628131,0.00024496050900779665,2.9094499041093513e-05,-0.0006886730552650988,-0.00029576628003269434,-0.0007645486621186137,0.0002218707522843033,-0.0006762194097973406,-0.00011107881437055767
dose8k_B_s1,00114.png,-0.001850913162343204,-0.0008816450135782361,0.0006323015550151467,0.0011106821475550532,0.0001303092431044206,-0.0009209905983880162,0.0004734370158985257,-0.0014023318653926253,-0.00031638037762604654,-0.000653590657748282,0.00015036786498967558,0.0007268013432621956,-0.00022242835257202387,-0.0010443191276863217,0.00015849308692850173,-0.0003655535401776433,-0.00017452223983127624,0.0002751902211457491,-0.002132873982191086,0.0017251938115805387,-0.0012725526466965675,-0.0003323351265862584,0.000973995600361377,0.0004823089693672955,0.0006107852095738053,0.00043345216545276344,0.0010254888329654932,-0.00011675481800921261,0.0009186689858324826,0.0010737527627497911,0.0005512707284651697,-0.0012234558816999197,0.000661445374134928,-0.0005611113738268614,-0.0003393092774786055
dose8k_B_s1,00115.png,-0.0012311860918998718,4.157010152994189e-06,-0.00015167957462836057,0.0017371152061969042,5.366155892261304e-05,-0.00010056149039883167,0.00016347506607417017,0.000707958999555558,0.0006269681034609675,0.0010535460896790028,0.00039446339360438287,0.00022828197688795626,-0.0016903289360925555,0.001289503532461822,0.0009530610986985266,0.0015200016787275672,-0.0011564838932827115,-3.089111123699695e-05,0.0011910733301192522,0.0012862561270594597,-0.00063995027448982,-0.0013360728044062853,4.773140244651586e-05,-0.0012128123780712485,0.0007021978963166475,0.0010376493446528912,0.0006776059744879603,-0.0007314064423553646,0.0006078073056414723,-4.522264134720899e-05,0.0008759905467741191,-0.0010367670329287648,-0.0005752472206950188,-0.0006330422475002706,0.0008447822765447199
dose8k_B_s1,00116.png,0.001048655016347766,0.0020091941114515066,-0.0006826532771810889,-0.001457627979107201,4.733945752377622e-05,-0.00036446654121391475,-0.0005742243374697864,0.0011956937378272414,0.0005407459102571011,0.0008056640508584678,0.0009709523874334991,-0.0006887466297484934,-0.0016659138491377234,-0.0010703474981710315,0.0012666895054280758,0.0008695906726643443,-0.0010386737994849682,0.0017646519700065255,0.0001450290874345228,8.191668166546151e-05,0.0009808349423110485,0.0017080086981877685,-0.000447532074758783,-0.0011553100775927305,-0.00111377181019634,0.000377272634068504,-0.00017945696890819818,-0.0010581293608993292,-0.0007347878417931497,-0.0002987530024256557,-0.0008368405979126692,-0.00020411107107065618,-0.0003352540952619165,0.0010802021715790033,0.0012238266644999385
dose8k_B_s1,00117.png,0.0005867277504876256,-0.00046441773883998394,-0.0012239891802892089,-0.00046818412374705076,0.0005219726008363068,0.001024090452119708,-0.0010724056046456099,-0.00035073122126050293,0.0018377562519162893,0.00022950505081098527,-0.0014018005458638072,-0.0008795195608399808,-0.0010988207068294287,-0.00043076949077658355,-0.000744867546018213,0.0014819430653005838,0.001743122935295105,7.01432945788838e-05,0.0006221796502359211,-0.0004198294773232192,0.0006406118627637625,0.001290380721911788,0.0006954604177735746,-0.0018252714071422815,-0.00046740565448999405,-0.00019849985255859792,0.0012570979306474328,-0.00033985255868174136,0.0004898157785646617,0.001124675734899938,-0.0009255139739252627,-0.0009000581339932978,-0.00035886262776330113,0.0005153901875019073,-0.00013441267947200686
dose8k_B_s1,00122.png,-0.0009238558704964817,-0.0010578042129054666,-0.00018783593259286135,0.0010421621846035123,-0.0019006850197911263,0.00041912790038622916,-0.0004880564520135522,0.00038131672772578895,-1.5798847016412765e-05,-0.0003215698816347867,-0.000844959169626236,0.001589092193171382,0.0010886684758588672,0.00031402503373101354,-0.00011198917491128668,0.0002593417593743652,-0.0013215572107583284,-0.00018193807045463473,0.00012979345046915114,-8.83647589944303e-05,-0.00018504206673242152,-0.0005922075943090022,-0.0005080551491118968,0.0003587737737689167,-0.00029647847986780107,0.0010797185823321342,-0.0012168409302830696,-0.0014422639505937696,0.0021197523456066847,-4.418053867993876e-05,0.001627276767976582,0.0006055331323295832,-0.0016897371970117092,-0.0009532726253382862,-0.0009644700330682099
dose8k_B_s1,00123.png,-0.0013627827866002917,-0.0005202621687203646,-0.00032114851637743413,0.0001472777803428471,0.0011718787718564272,0.0008266765507869422,-0.0010939373169094324,0.0001340249291388318,0.0010938525665551424,0.0014845429686829448,-0.0006653270684182644,0.0013602598337456584,-0.001064728363417089,-0.00032355086295865476,-0.00022643931151833385,-0.0006416996475309134,-0.00026089424500241876,0.0010444956133142114,-0.0014368060510605574,3.389416087884456e-05,-0.0013231041375547647,-0.0020573646761476994,-0.00047902544611133635,0.00017449396545998752,-0.0013447711244225502,-0.0011164412135258317,-0.0007817541481927037,0.0009708728757686913,-0.0007916206959635019,-0.0003697936481330544,0.0006043721805326641,4.294855534681119e-05,0.00018175860168412328,0.00014009259757585824,0.00038122484693303704
dose8k_B_s1,00124.png,-0.00015473457460757345,0.0007826624787412584,0.00011311810521874577,-0.0006271299789659679,0.0005291423876769841,0.000830257311463356,-0.0002683847851585597,-0.00020539113029371947,0.0009125912911258638,-0.000663704820908606,0.0012350102188065648,0.0005612392560578883,6.646529800491408e-05,-2.984407910844311e-05,-0.0008746706298552454,0.00037198164500296116,-0.0003239300276618451,0.000696114671882242,4.22055964008905e-05,0.00018254762107972056,0.0014203201280906796,0.0017759717302396894,0.0001622046547709033,0.002023139037191868,0.0004976191557943821,0.0006835919339209795,-5.51069897483103e-05,-0.001901572453789413,-0.0014361509820446372,-0.00025869745877571404,-0.0011665490455925465,-0.000507675635162741,-0.00017010900774039328,2.172095082642045e-05,-0.0007318925345316529
dose8k_B_s1,00125.png,-0.0003701623354572803,0.0003501808678265661,0.0008894035709090531,-0.0014096145750954747,-0.0003259645600337535,0.001978436019271612,-0.0009639730560593307,0.000530952587723732,-0.00021381858095992357,-0.00039226189255714417,4.6882330934749916e-05,0.00016833726840559393,0.00023758581664878875,-0.000715799571480602,-0.0008996461983770132,0.00019761979638133198,-0.001390760182403028,0.0007147538126446307,0.0004246678436174989,0.0004893275327049196,0.0005367844714783132,0.00020851871522609144,-0.00048723092186264694,-0.0007318261195905507,0.00039612193359062076,-0.0007195303332991898,0.0008917749510146677,-0.00018811284098774195,0.00029942707624286413,0.00032764498610049486,0.00022735890524927527,-0.000995155773125589,-0.00025829568039625883,0.00013790115190204233,-0.0001476305042160675
dose8k_B_s1,00126.png,0.000746644102036953,-0.00064512575045228,0.0002536474203225225,0.0006040150765329599,-0.0003461511805653572,-0.000726082653272897,-1.650861850066576e-05,-0.0006977489683777094,-0.0004035603778902441,0.0009878129931166768,-0.00018891341460403055,0.0012143815401941538,-0.001569265965372324,0.00071382598252967,-0.0009191574063152075,0.0010068010305985808,0.0003277003124821931,-0.00030808066367171705,0.00045571193913929164,-0.0013702211435884237,0.0017210851656273007,0.00047011280548758805,0.0010304499883204699,0.0003453515819273889,0.001006056903861463,0.0005977221881039441,0.00016424433852080256,0.0007603318081237376,0.0003671336453408003,-0.0003530659305397421,0.0006351218326017261,-0.0010585187701508403,-0.0009619020274840295,-0.0012360065011307597,0.0008766544051468372
dose8k_B_s1,00127.png,0.0005224187625572085,0.000367086089681834,-0.00046967220259830356,0.0009508524090051651,-0.0018041859148070216,0.0008878838852979243,-0.0002688788517843932,0.0006040127482265234,-0.0012816486414521933,-4.616067235474475e-05,-0.0009713057661429048,0.0017574267694726586,-7.332702807616442e-05,-0.0001020983254420571,7.642227137694135e-05,-0.0009584387298673391,0.000598762824665755,0.0015793013153597713,-0.0006130666588433087,0.000823575013782829,-0.0003023790195584297,8.144888852257282e-05,-0.002551295096054673,-0.0006014590617269278,-0.000341927632689476,-0.00014033750630915165,0.002075826283544302,-0.0010124309919774532,0.0013633347116410732,-0.0004528844146989286,8.059299580054358e-05,1.0277016372128855e-05,-0.0007840092293918133,0.00015354678907897323,-0.000993299763649702
dose8k_B_s1,00128.png,-0.0004629881295841187,0.00015351893671322614,-0.00016686151502653956,-0.0018294506007805467,-0.0005422818940132856,-0.0003467080823611468,0.0013390559470281005,-0.0011035276111215353,0.00040844452450983226,-0.0004615603247657418,0.000707319297362119,0.0006781409028917551,0.0013442515628412366,3.708669828483835e-05,-0.00033802821417339146,0.0008632322424091399,-0.0013328627683222294,-6.38882556813769e-05,0.0005523766740225255,-0.001502488856203854,0.00045133783714845777,-0.00020469292940106243,-0.0005797658814117312,0.0005503196734935045,-0.001289936131797731,0.00030487263575196266,-0.0017991825006902218,0.0009617342730052769,-0.0008632934768684208,0.0008121252758428454,0.0007475883467122912,-0.0015945768682286143,0.0002888187300413847,-0.002144996076822281,4.094336327398196e-05
dose8k_B_s1,00129.png,0.0008522357093170285,0.0016378684667870402,-0.0007567910943180323,0.0005903755663894117,0.0008615606348030269,-0.001173425349406898,-0.002145686186850071,0.00033936023828573525,0.0006880792207084596,0.0020073538180440664,-0.0019170981831848621,0.0013437698362395167,0.0018212887225672603,-0.0005500862025655806,0.00021015095990151167,-0.0015743430703878403,0.00041626294841989875,0.00030610765679739416,-8.800214709481224e-05,0.00047825666842982173,0.0010236060479655862,-0.001894820248708129,-0.0013467147946357727,-0.0006258705980144441,-0.0013234560610726476,0.0003373816143721342,-0.0003469542134553194,-0.0017266394570469856,0.0008344295201823115,0.0009950168896466494,0.0009818607941269875,-0.00013359978038351983,-0.0010100507643073797,-0.00043759873369708657,-0.0004473253502510488
dose8k_B_s1,00130.png,-5.248653906164691e-05,0.0004996182979084551,-0.0010255122324451804,0.0005354351596906781,0.0005227166111581028,-0.0013410333776846528,-5.561562375078211e-07,0.00014110331539995968,-0.0013899136101827025,-0.00042922154534608126,0.00020288029918447137,-0.0007150205201469362,0.00011806222028099,-0.0008687982917763293,-0.0009320361423306167,-0.0014622212620452046,0.0004277507832739502,8.351127326022834e-05,-0.00021610783005598933,-0.00028093656874261796,0.0010758166899904609,6.944172491785139e-05,0.00010773084068205208,-2.0916848370688967e-05,0.000255699414992705,0.001312851789407432,0.00045049862819723785,0.0011435732012614608,-0.0009612849680706859,-0.001052453531883657,-0.0009769871830940247,0.0011169766075909138,-0.0007165123824961483,0.0004864460788667202,0.0007183114648796618
dose8k_B_s1,00131.png,-0.00034513307036831975,-0.000618726946413517,-8.860675734467804e-06,0.0012122569605708122,0.0003226415137760341,0.002037589205428958,-0.0016375593841075897,0.0017897135112434626,2.7172250156581867e-06,-0.0005826798733323812,0.0012888709316030145,0.0005408287397585809,-0.0011163726449012756,0.001689203199930489,-0.001081253751181066,0.0006519980961456895,0.00040348281618207693,0.00043156015453860164,-0.0012915846891701221,-0.001020647119730711,-0.00044180487748235464,-0.0006429897039197385,-0.0021214201115071774,-0.0006161868805065751,-0.0006091080140322447,0.0005820891819894314,0.0007401989423669875,-0.0004616733640432358,0.0005096228560432792,-0.0003717214276548475,-0.00025621970416978,0.00025873968843370676,0.000714658061042428,-0.0008498383103869855,0.0010885191150009632
dose8k_B_s1,00132.png,0.0005571341025643051,0.0006315993377938867,-0.0016450141556560993,-0.002243246417492628,-0.003980826120823622,-9.658277849666774e-05,0.0006634135497733951,-0.0010207422310486436,-0.00018268823623657227,-0.001501202117651701,0.0005841285455971956,-0.0011768834665417671,-0.00023585926101077348,8.190939843188971e-05,0.001071673701517284,0.0006614947924390435,0.0002676437434274703,0.0008599250577390194,0.001562304561957717,-0.0002870388561859727,0.000676741183269769,0.0006488241488113999,-0.00012570373655762523,-0.00012192562280688435,-0.0006293911137618124,0.0001531382295070216,-0.00013647734886035323,7.262408871611115e-06,-0.00015545188216492534,-0.0005294898292049766,0.00027366128051653504,0.00043178870691917837,-0.0007113966275937855,-0.0006154238944873214,0.000589149072766304
dose8k_B_s1,00133.png,0.0006464662146754563,0.0006757519440725446,-0.0003815826785285026,-0.00018717093917075545,0.0013809148222208023,0.0001803384511731565,-0.001115962048061192,-0.00016710975614842027,0.00017612881492823362,0.0005955551750957966,-0.0009906176710501313,0.001252967631444335,-0.0014309869147837162,0.0011591673828661442,0.0004735632101073861,0.0005636891000904143,-0.0002208859659731388,0.00043741450645029545,0.00026025899569503963,0.0016325823962688446,-0.00041889073327183723,-0.000585834844969213,2.98605918942485e-05,-0.001070877187885344,-0.0010734668467193842,0.0004911720170639455,-0.00033421069383621216,0.0005504536093212664,0.0006506553618237376,-0.0006985131185501814,0.0011558253318071365,0.00031769470660947263,0.0016072005964815617,0.001307461760006845,0.000977474031969905
dose8k_B_s1,00134.png,-0.0011755519080907106,-0.002269979566335678,0.0021892196964472532,-2.276711347803939e-05,0.0011129439808428288,-0.0006808427278883755,0.0018801913829520345,-0.00021090256632305682,-0.0006900749285705388,0.0006729868473485112,6.277872307691723e-05,0.00014983952860347927,-0.0004680367710534483,-0.0006732729962095618,0.00022415898274630308,-0.000856276135891676,-0.0005109579651616514,-0.0004218971880618483,0.0012893092352896929,-0.0004098130448255688,0.0013068417320027947,0.0009539874154143035,0.0011246849317103624,-0.0009588385000824928,-0.0006434175884351134,-0.0013167235301807523,0.001489462098106742,-0.00023894108016975224,-0.001929893041960895,-0.0001498753554187715,0.0020626874174922705,-0.0018428036710247397,0.0022517258767038584,-0.0007653300417587161,0.0022580670192837715
dose8k_B_s1,00135.png,-0.00014128787734080106,0.0020518191158771515,0.0005620223819278181,0.0004037810431327671,-0.0002265132643515244,-0.00044285552576184273,0.0015179882757365704,0.0016329437494277954,0.00016273236542474478,0.00022692429774906486,0.00023537948436569422,-0.0009163622162304819,0.0001910979044623673,-0.0010324252070859075,0.0005787884001620114,0.001014010631479323,-0.0012249593855813146,0.0004781025636475533,-0.0007742834277451038,0.00015329815505538136,-0.0009917870629578829,-0.00011736781016224995,0.002861865796148777,-0.00037962273927405477,-0.0004192873602733016,6.9422239903360605e-06,-0.00023260159650817513,0.0013172859326004982,0.001312644686549902,-0.0004088844871148467,0.000366682797903195,-0.0006430031498894095,0.002242134651169181,0.0015204062219709158,0.00012247893027961254
dose8k_B_s1,00136.png,-7.05254715285264e-05,-0.0013309539062902331,-0.000363235070835799,0.0021253013983368874,0.0016020220937207341,0.0004459610499907285,0.00010855089203687385,-0.0007864081999287009,-0.000742957170587033,-0.0005247244262136519,0.0006898975698277354,0.0007281664875335991,0.00042716466123238206,0.0008262141491286457,-0.0010211052140221,-0.00045555332326330245,0.0005704757641069591,-0.00010892168938880786,-0.0006125365034677088,0.00013044373190496117,-3.819576704700012e-06,-0.0007601679535582662,0.0015052183298394084,-9.368933388032019e-05,-0.0002550244389567524,-0.000325589207932353,0.0004958049976266921,-9.431054786546156e-05,-0.0010990829905495048,0.0004777412104886025,0.00021251456928439438,-0.00012425630120560527,0.0006661551306024194,-0.00023927191796246916,-5.747167961089872e-05
dose8k_B_s1,00137.png,-0.0018407546449452639,-0.0012074813712388277,-0.0018263114616274834,-0.0038087007123976946,-0.001007660524919629,0.0007343772449530661,0.0002528985496610403,0.002159146359190345,-0.0002992318768519908,0.00013332822709344327,-0.0003090804093517363,0.0010818230221047997,-0.0006450727232731879,-0.0020525986328721046,-0.0003730807511601597,-0.0008622614550404251,-2.074122676276602e-05,-0.0006684569525532424,0.00024145780480466783,0.0023113873321563005,0.0011884833220392466,-0.000457748887129128,0.00037019114824943244,2.4647884856676683e-05,0.0002627234789542854,-0.0007206673035398126,0.00015751877799630165,-0.0008738049073144794,-0.00037558170151896775,0.0009276923956349492,0.0009630977874621749,0.0015892860246822238,0.0007804813794791698,-0.0014350218698382378,-0.000713327550329268
dose8k_B_s1,00138.png,0.0003086294746026397,0.0005597541457973421,-0.0009106307406909764,-0.0029717099387198687,-0.0008085278677754104,0.0004025691596325487,0.0005866369465366006,0.0001311657251790166,0.001260738237760961,0.0003644005919340998,9.925968333845958e-05,0.00021228338300716132,-0.0001120871675084345,-0.000625120650511235,0.00043377067777328193,-6.026497794664465e-05,0.00017771718557924032,0.0012320614187046885,-0.001189917093142867,0.0006762319826520979,0.0010022398782894015,-0.0003389131452422589,0.0010108675342053175,0.00010664586443454027,0.0003928146616090089,-0.00022178950894158334,-0.000593366741668433,-0.00041553779738023877,0.000275272672297433,0.0004663577419705689,-0.0006078579463064671,-0.0005326921818777919,-0.001543195336125791,0.0011793531011790037,-0.0016347767086699605
dose8k_B_s1,00139.png,0.000787799246609211,0.0009191985009238124,-0.0002337748883292079,-0.0001680035056779161,0.0005807653651572764,-0.0015884703025221825,0.000876962672919035,0.00020809276611544192,0.0018246752442792058,-6.839224806753919e-05,0.00305445515550673,-0.0037723334971815348,-9.945016063284129e-05,-0.00022455146245192736,-0.0006073531694710255,0.000377935532014817,0.0003407691838219762,0.000791517086327076,0.0005601344746537507,-0.0005040864343754947,-0.0008984830928966403,3.717816071002744e-05,0.0006326153525151312,0.00021469153580255806,-0.0006706668646074831,0.0011877156794071198,7.495166937587783e-05,0.00020013590983580798,0.00039869354804977775,0.0013405593344941735,0.00045326686813496053,9.235211473423988e-05,-0.0001893925218610093,0.0013706301106140018,0.0017398822819814086
dose8k_B_s1,00140.png,-0.0009360320400446653,-0.0009360266849398613,-0.00013702406431548297,-0.00032866577384993434,-0.0006079995655454695,-0.0007950319559313357,-0.00022982053633313626,-0.0003118908207397908,0.0006923083565197885,0.0009465996990911663,0.0010221264092251658,0.0006118842866271734,-0.0009410642087459564,-2.888039125537034e-05,0.0007391824619844556,0.0005491432384587824,-0.0003253332106396556,-1.732269629428629e-05,8.283783245133236e-06,0.0008647768991068006,0.0008978766272775829,0.0011393689783290029,-0.0002097474061883986,0.00047498889034613967,0.0012738939840346575,0.0015748466830700636,0.001077861525118351,-0.0004342317406553775,0.0016025073127821088,-0.0007159428205341101,0.0008286311058327556,-0.0007573975599370897,-0.000524979317560792,0.0024166156072169542,-0.00021747522987425327
dose8k_B_s1,00141.png,0.0009247514535672963,0.0004682558646891266,1.5205661838990636e-05,0.0008589610806666315,-0.0005360033828765154,-0.0007736015832051635,-0.0003652455343399197,-0.0007579468656331301,0.00022244684805627912,-2.853117257473059e-05,-0.0006841345457360148,-0.0002666065702214837,-0.0008599396096542478,0.00028745317831635475,-0.001045794109813869,-0.0014610553625971079,0.001704264897853136,-0.0019980529323220253,0.0008825797704048455,0.0014199947472661734,0.0005462710396386683,-0.0005571627407334745,0.00020662733004428446,0.0009822000283747911,-0.0009893024107441306,-0.00019085693929810077,-0.0003705686831381172,-0.00023689187946729362,0.0010847874218598008,-1.3646429579239339e-05,0.000827681040391326,0.002197096822783351,-0.000593002128880471,0.00010389526141807437,-0.0005219244048930705
dose8k_B_s1,00142.png,-0.001241162302903831,-0.001336006331257522,0.00010728884808486328,0.0014905837597325444,-0.0006854376406408846,0.000340035097906366,-0.0008235137211158872,0.00019019615137949586,0.0003521776816342026,-0.00011637542775133625,0.0009122411720454693,0.0009631694993004203,0.001877369126304984,0.0006046290509402752,-0.000825763214379549,-0.00018715187616180629,0.0010186554864048958,0.0009384913719259202,-0.0013850380200892687,3.61568272637669e-05,0.00034275022335350513,0.0006494858535006642,-0.001077610650099814,0.0005616780836135149,0.001242784084752202,0.0004511892329901457,0.0011352640576660633,-0.0005093875806778669,-0.0006751345354132354,0.0009290179586969316,-0.002134693553671241,-0.00012336029612924904,-0.0005341146606951952,0.0009291096357628703,-0.00036886133602820337
dose8k_B_s1,00143.png,-0.001414526253938675,-0.001860515447333455,-6.136033334769309e-05,-0.00023068103473633528,-0.0020743184722959995,-0.0006714340997859836,-0.000610753835644573,-0.0001732994569465518,0.0008603269816376269,-0.00038764229975640774,-0.001365390606224537,-0.0006602039211429656,-0.0014525774167850614,-0.0005443289410322905,0.0011078406823799014,0.0001775802520569414,-0.0010995096527040005,0.0004910377901978791,-0.0012798593379557133,-0.0005904133431613445,0.0006424114108085632,-0.001047336496412754,0.0003226927656214684,0.0007404491188935935,-0.000444591831183061,0.0009023811435326934,0.0013013938441872597,-0.0007009975961409509,1.408474417985417e-05,0.0011562290601432323,-0.00022138425265438855,-7.43869022699073e-05,0.0007170987664721906,0.00019144045654684305,0.0001251850335393101
dose8k_B_s1,00144.png,0.001395304105244577,0.0009531803661957383,-0.0005895448848605156,0.0002229296660516411,-0.0009915545815601945,0.0008310700650326908,0.0001544805709272623,-0.0006799866678193212,3.697158535942435e-05,-0.000608757371082902,0.0010547423735260963,0.0012173072900623083,0.0007950707222335041,0.00024751885212026536,0.001338230911642313,-0.002115671057254076,0.0006630622083321214,-0.0009858987759798765,0.00030448249890469015,0.002606048481538892,0.00011257672304054722,0.0017614869866520166,-0.0013555530458688736,0.001465243985876441,0.0018930643564090133,0.0007244612206704915,0.0009255359182134271,0.0003437116392888129,1.4513089809042867e-05,-0.0018627084791660309,0.0013348909560590982,-0.00011950432235607877,-0.0011153208324685693,0.0007108486606739461,-0.0003905650519300252
dose8k_B_s1,00145.png,-6.920570012880489e-05,-0.001220308942720294,0.00233425828628242,0.000244014328927733,-0.00010535020555835217,0.0028904839418828487,-5.485992369358428e-05,0.00033300009090453386,-0.0008251371909864247,0.0003646698023658246,9.835216769715771e-05,0.0005430149612948298,-0.0004891011631116271,-0.0004875801969319582,0.0004686756292358041,0.0011517234379425645,0.0016609941376373172,0.0008064870489761233,-0.0006630715215578675,0.0005800231010653079,0.000881474930793047,-0.0007800280000083148,0.0008538661058992147,0.0003735781356226653,0.0002804662217386067,-0.0005964212468825281,-0.0009873812086880207,-0.00024409990874119103,-0.000559764273930341,-0.0005092971841804683,-0.00042826743447221816,0.000990723492577672,-0.002212201477959752,-0.00014413287863135338,-0.001417563296854496
dose8k_B_s1,00146.png,-0.0002946566673927009,-0.00024405217845924199,-0.0003370181075297296,2.094779802064295e-06,0.0002356777695240453,-0.0015347670996561646,0.0014611969236284494,-0.0005376777262426913,-0.0005407695425674319,0.0007126253331080079,0.0017936246003955603,-0.0015458572888746858,0.0007996032363735139,-0.0001240855490323156,6.510235107271001e-05,0.0003985038783866912,0.0002628999063745141,0.0002181812160415575,-0.00029320409521460533,-0.00017396877228748053,-0.0002973153896164149,-0.0007895904709585011,0.00019715771486517042,-0.0010648469906300306,0.0005741221248172224,-6.534972635563463e-05,0.0003808135516010225,0.0010631753830239177,-0.0004236331151332706,-0.0014750404516234994,0.001001331489533186,-4.1539598896633834e-05,0.0001172388147097081,-0.002069209236651659,-0.0010959621286019683
dose8k_B_s1,00147.png,-0.0010075453901663423,-5.4889937018742785e-05,0.0010382643667981029,2.4129816665663384e-05,0.0003319368988741189,-0.0002156504924641922,0.0013687096070498228,0.0002982710429932922,0.0003634178137872368,0.00024015321105252951,-0.0001710793876554817,-0.001415280974470079,0.001120569882914424,0.0006875693798065186,0.0003849069762509316,0.0014528814936056733,0.0006694749463349581,-0.0009667446138337255,-0.0007964723627083004,0.0006312739569693804,-0.001071127480827272,0.0005658982554450631,0.0005449407617561519,-0.0007939385250210762,-0.001167505281046033,0.0004362346953712404,-0.001304446253925562,-0.00043816951802000403,5.2806222811341286e-05,7.37154550733976e-05,-0.0012716306373476982,-0.00038025304093025625,-0.0020762193016707897,-0.0007391355466097593,0.0003412562364246696
dose8k_B_s1,00148.png,0.0005223273183219135,0.000568523770198226,-0.0004215658700559288,-0.0009861089056357741,0.00022230346803553402,-0.00032318755984306335,0.00017959880642592907,-0.0011356123723089695,-7.38388262107037e-05,0.0010386640205979347,0.0004266918695066124,0.0005468173185363412,0.0004179825191386044,-0.0007904761587269604,-0.0008833432802930474,0.0006332764169201255,-0.000592677912209183,0.0010456308955326676,0.0011126220924779773,0.0019567159470170736,0.0007247776375152171,0.000389728753361851,-0.0004233057261444628,0.00012125021748943254,-0.0009720954112708569,-0.0005259888712316751,0.0030004854779690504,-0.0001090823279810138,-0.0018289652653038502,-0.0004628656024578959,0.0006432865629903972,-0.001941267866641283,0.001429167459718883,0.00035585640580393374,-0.0006960076279938221
dose8k_B_s1,00149.png,4.7056269977474585e-05,0.00010382415348431095,0.0002782201045192778,-0.0013066160026937723,-0.0002546470204833895,0.00022694825020153075,0.0008723186911083758,-0.00034109732951037586,-0.00017257500439882278,0.0012364645954221487,0.0006100681493990123,0.0011106627061963081,-0.0005004255217500031,-0.0010114486794918776,0.0003386419848538935,-0.0005065216100774705,-0.0003917539434041828,-0.0004480885108932853,-2.5094068405451253e-05,-9.831456554820761e-05,-0.00014953843492548913,0.0011148829944431782,0.0004412044654600322,0.00032333104172721505,6.34055277259904e-06,5.090291779197287e-06,0.0005130748613737524,0.0011065489379689097,-0.0005658834706991911,0.0002999192802235484,0.0015234980965033174,0.0005496825906448066,0.00034460207098163664,-8.268350211437792e-05,-0.0010920054046437144
dose8k_B_s1,00150.png,0.0005488551105372608,-0.00019427227380219847,-0.00044831441482529044,-0.0006796233938075602,0.0007326489430852234,-0.0007568763685412705,0.00022183882538229227,0.000302010215818882,0.0010829835664480925,0.0009432138176634908,0.000300662504741922,0.0005810923757962883,-3.496350473142229e-05,-4.8091140342876315e-05,0.0016144795808941126,-0.0010245621670037508,0.0005248984671197832,-0.0008174270624294877,-0.0008019495871849358,0.0003365876036696136,-0.0009778263047337532,-0.00019615233759395778,-0.00012552127009257674,0.0013150370214134455,6.504466728074476e-05,-0.0006946637877263129,0.000499307585414499,-0.0008489976753480732,-0.0017849467694759369,0.000633382354862988,-0.0013759717112407088,-0.00029930155142210424,-0.0004329359799157828,0.0006502480828203261,-0.0003508217050693929
dose8k_B_s1,00151.png,-2.1252708393149078e-05,-0.0007274638046510518,-0.001580391195602715,0.00046375259989872575,-0.0003833050432149321,-0.0010893122525885701,0.0001986458373721689,0.000951265508774668,0.00015606977103743702,0.0012838130351155996,0.0011176179395988584,0.00022628391161561012,-0.00047109712613746524,0.0010827337391674519,0.0008714409195818007,-5.448455340228975e-05,0.0008493154309689999,4.346122295828536e-05,0.00010797014692798257,0.001224446576088667,-0.0005163828609511256,0.0005395621992647648,-0.0001991831377381459,0.0006677352939732373,0.00013485400995705277,-0.0008592335507273674,-0.0017182985320687294,-0.0008277089800685644,-0.0008599795401096344,-0.0009195521124638617,0.0001755018747644499,0.0001804821949917823,0.001724801491945982,0.0007475171005353332,-0.0005003663245588541
dose8k_B_s1,00152.png,-0.0005963643779978156,-0.0021764810662716627,-0.00043405743781477213,0.0005915025831200182,-0.0006658374331891537,0.0002491432533133775,0.00021631269191857427,0.0008799590286798775,-0.0005353392334654927,0.00022150829317979515,0.0010796480346471071,-0.0009153643622994423,0.0006979975732974708,-0.000718938244972378,-0.0007075215689837933,-0.002171851694583893,-0.0006095849676057696,-0.0004100824589841068,0.0003549664979800582,0.0006065997877158225,-0.00023780492483638227,0.001061700750142336,-0.00113294820766896,0.0002772275183815509,-0.0014130247291177511,0.0014043630799278617,0.0008533220388926566,0.0007341568125411868,0.000647395325358957,-0.00040246601565741,-0.0002516578242648393,-0.0021230520214885473,-0.000739633513148874,-6.512099207611755e-05,0.00028636789647862315
dose8k_B_s1,00153.png,-0.0008305535302497447,0.00012097653961973265,-0.0005696993903256953,-0.0010787289356812835,5.8706784329842776e-05,-0.0005051547777839005,2.47941989073297e-05,0.0006409172783605754,-0.000532581121660769,-0.0019982291851192713,-0.0008239869493991137,0.0011191159719601274,-0.00022453907877206802,-0.000718092021998018,0.0009168890537694097,-0.0007523742388002574,2.6957342925015837e-05,0.0007487065740860999,0.00030707393307238817,-0.0003241803788114339,-0.0006844796007499099,-0.0007952980813570321,-8.031097968341783e-05,-0.00026954893837682903,-0.00024843888240866363,-0.0002401331003056839,-0.0008074432844296098,-2.6486792194191366e-05,-0.0005274096038192511,0.0010974782053381205,0.0005302743520587683,0.0008144423482008278,-0.0011857593199238181,-0.0015124912606552243,-0.0001447543763788417
dose8k_B_s1,00154.png,-0.0013041599886491895,-0.0007552833412773907,0.00012021784641547129,0.0032749345991760492,0.0006928478833287954,-0.0007844780921004713,-0.0003752521297428757,-0.0002780867798719555,0.00022155253100208938,0.0001963949907803908,-5.319021511240862e-05,0.000686761864926666,0.0009729256271384656,-0.001154514728114009,-0.00031607397249899805,-0.00012554903514683247,0.0003778254904318601,8.051626423366542e-07,0.0008649262017570436,-0.00015044458268675953,0.0003563315258361399,-0.0006080018356442451,0.000929085595998913,-0.0007864027284085751,0.0002816626220010221,-0.0006199897034093738,-7.562766404589638e-05,-0.0011915394570678473,0.0002030052855843678,-0.00047878973418846726,-0.0005692025879397988,0.0012641065986827016,0.0012183183571323752,0.0010271777864545584,0.0006364328437484801
dose8k_B_s1,00155.png,-0.0012283334508538246,0.00010126468987436965,-0.00044674851233139634,-0.0014006445417180657,-0.0007583738188259304,-7.30406100046821e-05,-0.0010153725743293762,-0.0015955480048432946,-8.759355841903016e-05,0.0005179449799470603,0.00039737269980832934,-0.001510348403826356,0.00014064626884646714,-0.00027776011847890913,0.0018578279996290803,0.0003239805228076875,-0.00033856791560538113,0.002609066665172577,-0.00032143687712959945,0.0009806737070903182,0.001693123602308333,-0.0001764300832292065,0.0007513175369240344,0.0009060425800271332,0.0009284939151257277,-0.0007368761580437422,-0.0011487165465950966,0.0003722281544469297,-0.001297003822401166,-0.001797515549696982,0.00022595087648369372,0.0015887613408267498,9.599147233529948e-06,0.0008858803776092827,0.0004319431318435818
dose8k_B_s1,00156.png,0.0011178123531863093,0.0010372104588896036,0.0007204637513495982,0.0004107592976652086,-0.0007398858433589339,0.0007594687049277127,-0.00022724982409272343,0.00037312888889573514,-0.0002258381573483348,-0.0015453224768862128,0.0006119777681306005,0.001931052072905004,0.0008417127537541091,0.0007464152295142412,0.00076974683906883,-0.0009459318243898451,0.00023487876751460135,0.0014786669053137302,-0.0013253488577902317,-0.0027218700852245092,-0.0004205402219668031,-0.0008625772316008806,0.0010617084335535765,-0.00034286134177818894,0.0007967799319885671,-7.593317423015833e-05,0.001142039429396391,0.00017823076632339507,0.0018504912732169032,-0.0006663522799499333,-0.00018627187819220126,-0.0015909676440060139,-0.0005731584969907999,-0.0004350897506810725,-0.0008704921929165721
dose8k_B_s1,00157.png,7.804607594152912e-05,-0.0011269217357039452,-0.0003033305692952126,0.0003305537102278322,0.000734442553948611,1.8494486084819073e-06,0.0006911130622029305,0.0010774600086733699,-8.507877646479756e-05,0.0012140007456764579,0.00023985636653378606,0.00017769991245586425,0.00021753401961177588,-0.0008403409156017005,0.0002719404292292893,0.00048311197315342724,0.00013214661157689989,0.000301632157061249,0.0012029147474095225,0.000668991357088089,0.0001279178832191974,-0.000519268331117928,-0.0008787473198026419,-0.0008596425177529454,-0.0013663747813552618,0.0003972426929976791,0.0002291824494022876,-0.00025627046125009656,0.00048215873539447784,0.00032536350772716105,-0.0008174082613550127,0.0002706920786295086,-0.00037753969081677496,0.00021949518122710288,4.919310595141724e-05
dose8k_B_s1,00162.png,0.00021380021644290537,0.0005295394803397357,-0.0004593490739353001,-5.291603156365454e-05,-0.0013084853999316692,0.0009630906861275434,-0.00032990737236104906,-0.0003051417588721961,4.551820529741235e-05,-0.000973583257291466,0.0002811425656545907,-0.0007174661732278764,-0.0004198429232928902,-0.00024877526448108256,0.00044500266085378826,-0.0008923549321480095,-0.00014101921988185495,-0.0009396443492732942,0.00012196030729683116,0.0005583250313065946,-0.0006063496111892164,-0.001095828483812511,-0.00039967361954040825,0.0010053010191768408,0.00044867699034512043,0.0002481639967299998,-0.0005384788964875042,0.0006459066644310951,-0.00045471711200661957,0.00016593630425632,-0.0001431653945473954,0.0002940240956377238,-0.0012254358734935522,0.0004105372936464846,-0.0015876186080276966
dose8k_B_s1,00163.png,-0.0009812605567276478,-0.0005490915500558913,0.0003176750033162534,-0.00013864929496776313,0.0012386158341541886,0.00023594744561705738,-0.0007522403029724956,0.0017667815554887056,0.00048407044960185885,0.0006271539605222642,0.00017091231711674482,0.0006066275527700782,-0.00022292503854259849,0.001585441641509533,0.0009616879979148507,-0.0008507160819135606,-0.0010213198838755488,-0.0009492828394286335,-0.0013453485444188118,-0.0014937069499865174,0.0013780671870335937,-0.0010709520429372787,0.00031515193404629827,-0.00022916111629456282,-0.0008233499829657376,-0.0005108595942147076,-0.0006116708391346037,-0.0016221343539655209,-0.00042226555524393916,4.986028579878621e-05,0.0007052575820125639,-0.00020077357476111501,0.00046095094876363873,0.001325872028246522,-0.0002853292680811137
dose8k_B_s1,00164.png,-0.0002020558895310387,0.0008519703987985849,6.460439908551052e-05,0.0009663826203905046,0.0013918662443757057,-0.0016106036491692066,0.00040028782677836716,-0.0018512512324377894,0.0011682779295369983,0.0006097722216509283,0.0013934937305748463,-0.001701597822830081,-0.0006369974580593407,0.0006799823022447526,-0.00013951913570053875,-0.000566116243135184,0.0005108148325234652,0.00013539716019295156,-0.0006767424056306481,0.00011276813893346116,-2.9342063498916104e-05,4.906557296635583e-05,0.0014760540798306465,0.0005595151451416314,-0.0006138747557997704,-0.00012546408106572926,-0.0013612976763397455,-0.0026192034129053354,0.001884231111034751,-0.0001645831362111494,0.001249341876246035,-0.0007091827574186027,-0.0005128254415467381,-0.0024646297097206116,0.002359034027904272
dose8k_B_s1,00165.png,-0.00045304253580980003,-0.0008539538830518723,-0.0001069633653969504,-0.0012824308359995484,0.00012229588173795491,0.00011647322389762849,-0.0002669944951776415,9.719709487399086e-05,0.0004908224800601602,-0.0006751018227078021,-0.0007829209789633751,0.0007145215640775859,0.00041841407073661685,-0.0007114049512892962,-0.00040929383249022067,0.0006985003710724413,-7.418661698466167e-05,0.00018506225023884326,-0.0012179134646430612,0.0006136246956884861,0.0005974549567326903,0.0012861618306487799,-0.0004037068283651024,-7.57350426283665e-05,0.0006071834359318018,0.0008326927782036364,-0.0003048401267733425,0.0010149050503969193,-0.0014527937164530158,0.0017859998624771833,6.635210593231022e-05,0.001174024073407054,-0.0008712902781553566,-0.0008334094891324639,-0.001715552993118763
dose8k_B_s1,00158.png,0.0006017340929247439,0.00029038041247986257,-0.001181401894427836,-0.0005263189086690545,-0.0018499153666198254,-2.363931889703963e-05,0.00030413016793318093,-0.0006849406054243445,0.0011922664707526565,-0.0009559717727825046,0.0004259879933670163,0.000636868819128722,0.0005734377773478627,-0.0008067619637586176,-0.00013300191494636238,-0.00033299834467470646,4.244848605594598e-05,4.206971425446682e-05,-0.0009477372514083982,0.0010419856989756227,-0.0010272926883772016,0.00043659209040924907,0.0008500883122906089,0.0012933328980579972,0.00025295422528870404,0.00025113034644164145,0.0015411974163725972,-0.0009501970489509404,-0.0016521902289241552,-0.0004870528937317431,-0.0005242293700575829,0.0013706216122955084,0.000301756284898147,0.00034531293204054236,0.00044719036668539047
dose8k_B_s1,00159.png,-0.0007689738413318992,0.00046905697672627866,-0.0007652449421584606,8.888844604371116e-05,-0.0006949277012608945,0.0006725963903591037,-0.0009711898164823651,0.0001183960703201592,-7.628891034983099e-05,-0.0007929369457997382,-0.00026241029263474047,0.00031979428604245186,-0.0015616529854014516,-0.000489485333673656,-0.0004642880812752992,-0.0009922455064952374,0.0006901474553160369,-0.0005458509549498558,-0.0009023253805935383,-0.0006463880417868495,0.0016444862121716142,-0.0019035396398976445,-0.0008912386256270111,0.0003881614247802645,0.0014053054619580507,0.0005339063936844468,0.0003706761635839939,-0.001114151906222105,-0.0011763060465455055,0.0006616719765588641,0.0006476955022662878,0.0005866951541975141,0.0034721719566732645,0.0020527339074760675,0.0014595069224014878
dose8k_B_s1,00160.png,0.0015366727020591497,0.0007013746653683484,0.00030843078275211155,0.00248431833460927,-0.00030186568619683385,0.0004192610504105687,0.0017156413523480296,-0.00019257068925071508,0.001284660305827856,0.0002042179403360933,0.0003053614927921444,-0.00034591701114550233,-3.7145695387152955e-05,0.0003476135025266558,0.0017821838846430182,0.0007258332916535437,0.0005846710409969091,-0.0003943701449315995,-0.0005654316046275198,-0.0009296485222876072,0.000841954373754561,-0.00016020977636799216,0.00032524336711503565,0.00046750472392886877,-0.00026547201559878886,0.0012181848287582397,0.0011919144308194518,0.00020111295452807099,9.735024650581181e-05,-0.00013769423821941018,0.000535378057975322,-0.0007712335791438818,-0.0005016046343371272,-0.0015917745186015964,0.0002977986878249794
dose8k_B_s1,00161.png,0.000693422625772655,0.001796127762645483,-0.0009211611468344927,0.0005711183184757829,0.00018825335428118706,-0.0004401143523864448,-0.0015606200322508812,0.0004056401667185128,9.614306327421218e-05,0.0009054233087226748,0.002201820956543088,0.002940442878752947,0.0009815756930038333,0.0007802462787367404,0.00027964633773081005,-0.0003055290144402534,-0.000265008129645139,-0.0008742323843762279,0.00034380346187390387,-0.0018892305670306087,-0.0018561461474746466,-0.0021030311472713947,-0.0009395359666086733,-0.0017210954101756215,0.0013575692428275943,0.0005849144654348493,0.0005778751219622791,0.0013085362734273076,0.0011544479057192802,-0.0001673981169005856,-0.0002756251487880945,0.0011541135609149933,0.0001999095838982612,-0.0004923224332742393,0.00021003029542043805
dose8k_B_s1,00166.png,-0.00034038344165310264,0.00012690095172729343,0.00020639052672777325,2.4489105271641165e-05,-2.2518270270666108e-05,-0.0006129217217676342,4.078644633409567e-05,0.000590250885579735,0.0008506061276420951,0.0011906445724889636,0.0003829302731901407,0.0014412313466891646,-0.00104956713039428,0.0009545955690555274,-0.00118314940482378,0.0008741947240196168,-0.0004658095713239163,-0.0015072064707055688,0.0017643931787461042,-0.0008210042724385858,-0.0006234010215848684,0.0009436706313863397,-0.0011294328141957521,0.0021386942826211452,-0.0003379194822628051,0.0001616903900867328,0.0013281634310260415,5.0844737415900454e-05,0.0005905551370233297,0.0010183091508224607,-0.0013230342883616686,-0.0009043522295542061,-0.0007430361001752317,-0.0009408870828337967,0.0005928819300606847
dose8k_B_s1,00167.png,-0.0009235853794962168,-0.0008839618531055748,0.0002920453844126314,0.0011402464006096125,0.0007413546554744244,-0.0008033083868212998,0.00028731548809446394,0.0011559606064110994,-0.0005201880121603608,-0.0008873491315171123,-0.0008739355835132301,0.0007758931606076658,0.00015787393203936517,0.00024694681633263826,0.0006824249285273254,3.0397402497328585e-06,0.0015959169249981642,-3.6788038414670154e-05,-0.00023492606123909354,0.00038371834671124816,0.0004100843798369169,-0.0010185327846556902,-0.0005559680284932256,-0.0005276275333017111,0.00047950356383807957,-0.000564090209081769,0.0006467489874921739,0.0012706579873338342,-6.261153612285852e-05,-0.0008541447459720075,0.00035688900970853865,-0.0016689994372427464,-0.0005753621808253229,0.0003799534169957042,0.0008800134528428316
dose8k_B_s1,00168.png,-0.0007050526328384876,-0.0006534353015013039,-0.0011582544539123774,0.000565383757930249,0.0026857659686356783,-0.00048713121213950217,-0.0005524761509150267,-0.0011888198787346482,-0.000744671793654561,-0.000678793468978256,0.0004860231128986925,0.00024046255566645414,-2.730307460296899e-05,-0.0003388008917681873,9.78389143710956e-05,-0.0003457845305092633,-0.00011398145579732955,-0.0007151762256398797,0.0017210381338372827,-0.0020872466266155243,-0.0004917770274914801,0.0006115637952461839,-0.0009430734207853675,7.95380983618088e-05,-5.869458254892379e-05,-0.0002906750305555761,0.0014948060270398855,-0.0005498032551258802,-0.0006931249517947435,0.0006343391141854227,0.0010017439490184188,-0.001098249340429902,0.0002566302428022027,0.0005652470863424242,-0.0009878112468868494
dose8k_B_s1,00169.png,0.00011885398998856544,-0.0005244688945822418,-4.431189154274762e-05,0.0002930696355178952,-1.2470943147491198e-05,-0.00024743619724176824,-0.0006478967843577266,0.0008538123802281916,0.0003714101330842823,-0.0007177256629802287,-0.00011190042278030887,-0.0004861955239903182,0.0009855052921921015,0.000650737842079252,0.00010533669410506263,-0.0007387103978544474,0.00018953271501231939,0.0005101278075017035,-0.000753269181586802,-7.708298653597012e-05,0.0003861169971060008,-0.0002406813728157431,0.0002789699356071651,0.0005231926334090531,0.0009898827411234379,0.00044852864812128246,-0.001231007743626833,-0.0013736003311350942,-0.00026942702243104577,0.00011988222831860185,0.0010436000302433968,0.00011262372572673485,-0.0012348953168839216,0.0004198860260657966,0.00045138600398786366
dose8k_B_s1,00170.png,-0.00010859102621907368,-0.0007125813281163573,-0.00015586130029987544,0.000986616243608296,-0.0015311817405745387,0.00015749639715068042,-0.0006143542705103755,0.000777730718255043,-7.669559272471815e-05,0.0006418024422600865,-0.0014757468597963452,-0.0017549691256135702,-0.0010528526036068797,-0.00046213410678319633,-0.0007582616526633501,-0.0004888606490567327,0.0003510726965032518,-0.0006275536143220961,-0.0009023339953273535,0.000310337170958519,-0.0009807620663195848,-0.0020821518264710903,-0.0009737042710185051,-0.0003207258996553719,-0.002025807974860072,0.0017835709732025862,-0.0003746876318473369,0.0009131329716183245,-0.0006628247210755944,4.961586455465294e-06,-0.00011198990978300571,-0.00010287271288689226,-0.0005259451572783291,-0.0016494367737323046,-0.0024352394975721836
dose8k_B_s1,00171.png,0.0004411859845276922,0.00044355535646900535,0.0008301640627905726,0.0009943477343767881,0.00239837309345603,7.49194878153503e-05,0.000254332204349339,-0.0003409652563277632,-0.0013890474801883101,-0.0003458452702034265,-0.0005675888387486339,0.0003893864341080189,0.0021259996574372053,-6.807264435337856e-05,-0.000801635324023664,-0.0007531300070695579,-0.0002520858542993665,-0.000252546597039327,0.001373216276988387,0.00014848972205072641,-0.00020531266636680812,0.0004790154052898288,-0.0017187760677188635,0.0014578970149159431,0.000188883685041219,0.0007131225429475307,-0.001440910971723497,0.0013436260633170605,0.0003735290956683457,0.00038630576455034316,0.000768869009334594,-0.0004375129647087306,0.0008822983363643289,0.00046001284499652684,-7.757971616229042e-05
dose8k_B_s1,00172.png,-0.0019014525460079312,-0.0017952260095626116,-0.00024803937412798405,0.0023522963747382164,0.0007103217067196965,-0.00038043709355406463,0.001737047336064279,-0.00030087216873653233,-0.0011134814703837037,0.00013295297685544938,0.0006850550998933613,-0.0011022858088836074,0.0005572419031523168,0.00012929484364576638,-0.00011282596824457869,-0.0003491939278319478,0.0004921912914142013,-0.0010353400139138103,0.0009641268406994641,-0.0004398935125209391,-0.00029062048997730017,0.0005333144799806178,0.00024530375958420336,0.0006604703958146274,-0.0007754028774797916,-1.1695947250700556e-05,-0.0006088711670599878,0.0015587685629725456,-0.0011290509719401598,0.0006425052997656167,-0.0001249717315658927,-0.0006972948904149234,0.0002601082669571042,-8.979672566056252e-05,0.0008328657131642103
dose8k_B_s1,00173.png,0.0007607050356455147,-0.0001821300247684121,-0.001392650417983532,0.0003275353228673339,0.0017658374272286892,0.001517349504865706,9.218563354806975e-05,0.0007705884636379778,-0.0003532629052642733,-0.0001127036739489995,-0.000267166702542454,-0.0006218976341187954,-0.0008197319693863392,-0.0013329389039427042,-0.00028398665017448366,-9.496998245595023e-05,0.0007710133213549852,0.0005313092842698097,0.0012774869101122022,0.00032285720226354897,0.00101571308914572,-0.0003603248915169388,0.0009602666832506657,0.0006897226558066905,0.000675273418892175,-9.388077160110697e-05,-0.0012235266622155905,-0.0022332395892590284,0.00022048589016776532,0.00038061043596826494,-0.00034891703398898244,-7.1721897256793454e-06,0.0008252146653831005,0.0007890049600973725,-0.001275133341550827
dose8k_B_s1,00174.png,0.0007149726152420044,0.00040076219011098146,0.0001721617445582524,0.0027197543531656265,0.0002071936905849725,-0.0006636216421611607,-0.0014506415463984013,-0.0002179865987272933,-0.0010010955156758428,0.0009748615557327867,0.0007767484057694674,0.0008104729349724948,-0.000236082574701868,0.0009999569738283753,0.00032012388692237437,0.00021815623040311038,-0.00031610962469130754,0.000923353829421103,0.0010412788251414895,5.377717025112361e-05,-0.0008239312446676195,0.00017582027066964656,0.0012213861336931586,0.000635522766970098,-0.0009895258117467165,0.001427103765308857,-0.001200430910103023,0.00017829063290264457,-0.00042884977301582694,0.00037709061871282756,-0.0003299085656180978,1.4621982700191438e-05,-0.0021328337024897337,0.0012320667738094926,0.0018470017239451408
dose8k_B_s1,00175.png,-0.00042173644760623574,-0.0007301864679902792,1.1135009117424488e-05,0.0024732574820518494,0.002064705826342106,0.0010382318869233131,0.0010725437896326184,-0.0014793826267123222,-0.0005986336036585271,-0.0006151171401143074,-0.0006550863618031144,0.0011653425171971321,0.0018558123847469687,0.00013930686691310257,0.0007796934805810452,-0.0007784522604197264,0.0009955614805221558,-0.0004408203822094947,-8.647109643789008e-05,0.0008054374484345317,0.0007820709142833948,-0.00012870252248831093,0.0006607758696191013,4.189988612779416e-05,-0.0011220049345865846,-0.0021089075598865747,0.0019237286178395152,-0.000390871602576226,0.0007550010341219604,0.0004741036973427981,-0.0005341991200111806,-0.0003639988135546446,-0.0015115072019398212,0.000612983712926507,-1.3667845450981986e-05
dose8k_B_s1,00176.png,0.0007123376126401126,0.000844046357087791,-6.807079626014456e-05,3.2779164030216634e-05,-0.0015242890221998096,0.00029218787676654756,1.990215969271958e-05,0.00042895381920970976,0.00012939193402417004,-4.6133241994539276e-05,0.0009106452926062047,-0.0007117389468476176,-0.0007023616344667971,0.0004487972182687372,-0.0006876201368868351,8.27649055281654e-05,0.00034909837995655835,-0.0003382977156434208,-0.0005620414158329368,0.0007300896104425192,-0.0006413472583517432,0.00030894859810359776,0.0007275109528563917,-8.892398182069883e-05,0.001661420799791813,-0.00016478927864227444,0.00011132478539366275,5.989105557091534e-05,0.0016497746109962463,4.683237875724444e-06,-0.001434799050912261,-0.00027778331423178315,0.0001051326107699424,-6.768214916519355e-06,-0.0005538380355574191
dose8k_B_s1,00177.png,0.0006466030608862638,0.00041464855894446373,-0.001058572088368237,-0.002725586062297225,-0.006492746062576771,-0.0015867054462432861,0.0007376387948170304,-0.0008316218154504895,0.0005304197547957301,0.00027466347091831267,4.1837462049443275e-05,0.0018200970953330398,-0.0006522117182612419,0.0008357304031960666,0.0017121197888627648,-0.00043030318920500576,0.0003788458416238427,-0.000104018188721966,-0.00017554529767949134,4.271201032679528e-05,-0.00016797176795080304,0.00017791058053262532,-0.0007794761331751943,0.0013688113540410995,9.814894292503595e-05,0.0005901304539293051,-0.001726421876810491,-0.0010195639915764332,0.00042950105853378773,-0.0009124220814555883,1.1402484005884617e-06,-0.000782632443588227,0.00011941940465476364,-0.0008667400106787682,-0.00013023258361499757
dose8k_B_s1,00178.png,0.0017546945018693805,0.0016255468362942338,0.0006562643102370203,0.00031655278871767223,0.00011149023339385167,-0.0010182702681049705,-0.00010277778346790001,0.001585547928698361,-0.0002268236712552607,-0.0009188911644741893,0.0010485058883205056,0.00012910332588944584,-0.0008126674802042544,0.000313634896883741,0.000395310198655352,0.0009004299063235521,3.9161495806183666e-05,-0.0005345952813513577,-0.0012127551017329097,-0.0007277760305441916,-0.0002800871152430773,0.00048718732432462275,0.0007093925960361958,-0.0003558706084731966,0.0016903389478102326,-0.0005622479366138577,-0.0007537278579548001,-0.001126483897678554,-0.0004152524343226105,-0.0008328615804202855,0.0003625452518463135,0.0008907850715331733,0.0012081628665328026,0.0008712029666639864,0.00045770106953568757
dose8k_B_s1,00179.png,0.001223739585839212,0.0005972058861516416,-0.001047985628247261,0.0019933050498366356,-0.0009964110795408487,-0.0008680476457811892,0.001015394926071167,0.0015466539189219475,0.001192451803945005,0.00011165263276780024,0.0012796465307474136,-0.0006953072152100503,-0.00010212829511146992,-0.0010307951597496867,0.000590710376854986,-0.00027953553944826126,-0.0005269551766104996,-0.0001701686269370839,-0.0001835098082665354,-0.0001907527184812352,-0.0016173897311091423,0.0009546972578391433,0.0007794906268827617,-0.00025613175239413977,0.0005098870606161654,-0.00037983350921422243,0.0009545887587592006,0.0006213478627614677,-0.00030496824183501303,0.0008362150401808321,-0.0012728475267067552,-1.557755604153499e-05,0.0010230730986222625,0.0007354245171882212,-0.00010567696881480515
dose8k_B_s1,00180.png,-0.00018833264766726643,-0.0003684169496409595,-0.0006173798465169966,-0.00013169183512218297,-0.0002565403701737523,0.00015575510042253882,0.0007512167212553322,0.0010114079341292381,-0.0010239940602332354,0.0002497540262993425,0.00014980576816014946,0.00011206191993551329,0.00020555255468934774,-0.0011206880444660783,-0.000818221305962652,0.0005511431954801083,-0.0007904385565780103,-0.001715071965008974,-0.0015330222668126225,-0.0016563554527238011,-0.0006181324715726078,-0.0007534972974099219,0.0011273649288341403,0.0008698644232936203,-0.0011922609992325306,0.0008162131998687983,-0.00162362155970186,0.000703551631886512,0.0006365859881043434,0.00015424241428263485,0.0012774467468261719,0.0007730249781161547,0.0006992346607148647,-0.0007219338440336287,0.0010222592391073704
dose8k_B_s1,00181.png,0.00034927381784655154,-0.00019022748165298253,-0.0004891517455689609,0.0011556401150301099,0.001087867422029376,-7.715942956565414e-06,-0.0007653941283933818,-0.00040286939474754035,0.000618712801951915,0.0012112768599763513,-1.4887668839946855e-05,-0.0006147542153485119,0.0005291473935358226,0.0011012908071279526,0.00016069973935373127,0.0001825632934924215,0.001609363709576428,-0.0009364942670799792,-0.0004196299414616078,0.0007915998576208949,0.0006723646656610072,0.00054312648717314,-0.0008470203611068428,0.0017652286915108562,-0.0005288959946483374,0.0009156568557955325,0.0003541357000358403,2.6555397198535502e-05,-0.0004092655435670167,0.00027022245922125876,-0.0009482678142376244,-0.0006740798708051443,1.102223450288875e-05,0.0012900313595309854,0.0015719432849436998
dose8k_B_s1,00182.png,-0.000997283379547298,-0.00030766805866733193,-0.00016392109682783484,0.0008350140415132046,-0.0011254611890763044,-0.002064792439341545,0.00018954013648908585,-0.00027436017990112305,0.0013702489668503404,0.00030610119574703276,0.0005748868570663035,0.0007824670756235719,-0.0013354291440919042,-0.0005846813437528908,0.0002664668718352914,0.0006943893386051059,0.00228943326510489,0.0005566461477428675,-0.0002494527434464544,-0.0016081660287454724,0.0007774294354021549,0.0009782591369003057,0.00011568782065296546,-0.0013284151209518313,-0.0014610356884077191,-0.001049534766934812,0.003294013673439622,-0.0004377905570436269,0.00019521135254763067,0.0009527116781100631,0.0005431187455542386,0.00023028305440675467,-0.00029990749317221344,0.0003309994353912771,-4.978122524335049e-05
dose8k_B_s1,00183.png,0.0017352456925436854,0.001793942879885435,0.00021392342750914395,0.0006536987493745983,-0.0004206325684208423,0.0005718366010114551,-0.0004102248640265316,-2.6474147034605267e-06,6.233300518942997e-05,-0.0012231264263391495,0.0007321643061004579,0.0004603952984325588,-0.0006030465010553598,-0.0003312363987788558,-0.0010545937111601233,0.0005396940396167338,-0.0007910329150035977,-0.000130766216898337,-0.0009325111750513315,-0.0014019664376974106,0.0007011449779383838,0.00012549216626212,0.0005267171654850245,4.9079189921030775e-05,5.458889063447714e-05,0.00014303674106486142,-0.0017249260563403368,0.0005833912873640656,-0.0005248986417427659,0.000772290863096714,-0.0010415673023089767,0.0015104977646842599,0.0015070531517267227,0.0017775337910279632,-0.0013921449426561594
dose8k_B_s1,00184.png,0.00034726958256214857,0.0003836795804090798,0.00015454096137546003,-9.430920181330293e-05,5.150431752554141e-05,-0.0010876267915591598,0.000292253855150193,0.00023272450198419392,-6.138633034424856e-05,0.00046873808605596423,3.4933513234136626e-05,-0.0002320568892173469,0.0008299099863506854,-0.00011440886009950191,-0.0006594597361981869,0.00046374357771128416,-0.0009103108895942569,0.0003605183446779847,-0.0005451046163216233,0.00043362073483876884,0.0006057671853341162,0.000282761815469712,0.001536521827802062,0.0012746548745781183,0.0015626471722498536,5.9822850744239986e-05,0.00047909075510688126,0.00010951497097266838,0.0008803695091046393,-0.0008775633759796619,-0.00015107440412975848,0.0004067269910592586,-0.001051778090186417,0.00031646175193600357,-0.0015023109735921025
dose8k_B_s1,00185.png,0.0014650875236839056,0.001351823448203504,0.0003388592740520835,-0.0006247945711947978,-0.00022729852935299277,0.0005790406139567494,-0.001039005583152175,-0.0003455080441199243,0.00116732157766819,0.00013365618360694498,0.0003200956271030009,0.0003016397531609982,-0.0009696120978333056,0.00130325963255018,0.000657403317745775,-0.0008924627327360213,0.00010212365305051208,0.00029188423650339246,-0.00035454300814308226,-0.0003906897036358714,0.0012040723813697696,-0.0006071506068110466,-0.0015703047392889857,-0.00043661659583449364,0.0002999790303874761,0.0007001464255154133,0.00037264605634845793,-0.0011194093385711312,-0.0011678917799144983,0.0002481073315721005,-0.00024514307733625174,0.0001984151458600536,-0.000259180786088109,0.0007547910208813846,0.0003569431137293577
dose8k_B_s1,00186.png,-0.00030056791729293764,0.0006951403338462114,0.0008878529770299792,-0.0009134843712672591,0.00195358507335186,-0.00011486798757687211,0.0002599314320832491,4.4679607526632026e-05,-0.00036935595562681556,-0.0007001830381341279,0.0017863530665636063,-0.0002196463174186647,-0.0015192554565146565,-0.0010044826194643974,-0.000722138152923435,3.0239503757911734e-05,-3.8503847463289276e-05,-0.0004959857906214893,-0.0002007108269026503,3.47559544024989e-05,-7.579284283565357e-05,-0.0012320865644142032,0.0008193973917514086,-0.00011197126150364056,0.00011033888586098328,0.00013075550668872893,0.0005337723414413631,0.000623127503786236,-0.0009147139498963952,-0.0009030845249071717,-0.0005759345949627459,0.00041294971015304327,0.0002264160430058837,-0.0007054193411022425,0.0009287440334446728
dose8k_B_s1,00187.png,-0.0009420067653991282,-0.0011428964789956808,0.0003331574553158134,0.0018916565459221601,0.0008990932255983353,0.0002749534323811531,-0.001150535186752677,0.000710243359208107,0.0005815244512632489,-0.0013644912978634238,0.002151438733562827,0.0004977805074304342,0.0012371271150186658,-0.0010372695978730917,-0.0006028160569258034,0.0018195933662354946,0.0003555704024620354,0.00010348304203944281,2.7319354558130726e-05,0.0003872159868478775,-0.0007600349490530789,-0.0005348798586055636,0.00047175885993056,-0.0001037796973832883,-0.00020543184655252844,0.0012222229270264506,-0.0019314710516482592,-0.00055381387937814,-0.0009066691854968667,0.0008681865292601287,0.002183669712394476,-0.00028855129494331777,0.0024162917397916317,-0.0008034027414396405,-0.0006686001433990896
dose8k_B_s1,00188.png,-0.0016885644290596247,-0.0014243090990930796,-0.0020753752905875444,-0.00022536017058882862,-0.0005946045275777578,-0.0005702815833501518,-8.896605140762404e-05,-0.0007304054452106357,0.0016826629871502519,-0.000710700755007565,-0.0006384775042533875,0.0008861796231940389,-7.479449413949624e-05,-0.0011936301598325372,0.00034418326686136425,0.00018710822041612118,-0.0001885635865619406,-0.001799899386242032,-4.8778609198052436e-05,0.00013403716729953885,-0.0012573158601298928,6.97885625413619e-05,0.00041182548739016056,-9.662925731390715e-05,0.0008948363829404116,-0.0008316804887726903,0.001348726567812264,0.00014553539222106338,-0.00014316591841634363,-0.002336484845727682,0.0007627492886967957,0.0004198982787784189,0.002007685834541917,0.0005556022515520453,-0.0005747156101278961
dose8k_B_s1,00189.png,1.0963959539367352e-05,-0.0002977337280754,-0.001994240330532193,-6.95220660418272e-05,-0.00011464437557151541,-0.00014665881462860852,0.0013064710656180978,0.0009670976432971656,-0.0006253772880882025,0.0002841679088305682,0.0014281513867899776,-0.0017267678631469607,-0.0008462585974484682,-0.00036691571585834026,0.0004259445413481444,-0.0009990344988182187,-0.0002514327934477478,-0.00020811795548070222,0.0012457098346203566,-4.832882041228004e-05,0.0005214174161665142,-0.00034785288153216243,-0.0003958235029131174,-0.0020966448355466127,0.0008093611686490476,-0.00030133151449263096,-0.001309016952291131,0.0006366483285091817,0.0010230542393401265,0.0018533936236053705,0.001951450714841485,0.0008827539859339595,-0.002442310331389308,0.0016277892282232642,0.0006113311974331737
dose8k_B_s1,00190.png,-0.000855740625411272,-0.0009775054641067982,-0.0006191652501001954,-0.002116938354447484,-0.0010689261835068464,-0.0001176002188003622,0.00016264320584014058,0.0005619694711640477,0.001855089096352458,-0.0018375535728409886,-0.00021118801669217646,0.0017068531597033143,-0.0006889666547067463,-0.0005181884043850005,0.0007550601148977876,-0.0008658349397592247,-0.000387727894121781,0.0008407525601796806,0.0011999566340819001,-0.0006344796274788678,-0.0008564185118302703,-0.0006733479676768184,0.0005951240891590714,0.00016806749044917524,0.0011696546571329236,0.0010794842382892966,-0.0017299446044489741,-0.00040557709871791303,-0.0005757801700383425,-0.00028811776428483427,0.0005085648153908551,0.0004999383818358183,0.0014044728595763445,-0.0006726046558469534,-0.0017612921074032784
dose8k_B_s1,00191.png,-0.00020447194401640445,0.0005436119390651584,-0.0008781299693509936,-0.0014553788350895047,-0.0013844635104760528,-0.00221195793710649,0.00023392718867398798,0.0003296914219390601,-0.0006643336964771152,-0.0007150122546590865,-0.001240527955815196,-9.301627142122015e-05,-7.796527643222362e-05,-0.0009161835769191384,0.0015575314173474908,-6.433120870497078e-05,0.00020951293117832392,0.0005766006070189178,-0.000676257535815239,0.0009377850219607353,0.0004867207317147404,0.0017756186425685883,-0.0007651695050299168,0.0005301478086039424,-0.0006310035823844373,-0.0006374582881107926,0.0007021317724138498,-0.0007897695759311318,7.348386861849576e-05,-0.00010448979446664453,0.0009778374806046486,0.0004505183023866266,-0.0014386873226612806,0.0005669991951435804,0.0003832970978692174
dose8k_B_s1,00192.png,-0.0016144716646522284,-0.0016267435858026147,0.0006572862039320171,0.00031842917087487876,0.0012407804606482387,-0.0010043573565781116,-0.00044118380174040794,0.0002491090272087604,0.001687492709606886,0.0010654076468199492,-0.002045547356829047,-0.0025054917205125093,0.0016040591290220618,0.00026521951076574624,0.0011323003564029932,0.000380010693334043,0.00286176148802042,-0.00023823289666324854,-0.0008485420839861035,0.0010328041389584541,0.000345994922099635,-0.001093220547772944,0.0007352858083322644,-0.0005589751526713371,-0.0015069176442921162,0.0010102750966325402,0.0005376739427447319,0.00030283149681054056,-0.0011221128515899181,0.00011404097313061357,0.0009866338223218918,-0.00043076800648123026,-0.00041892100125551224,0.00024387230223510414,-0.0005431720637716353
dose8k_B_s1,00193.png,-0.0006842019502073526,-0.0010201426921412349,-0.0017618740675970912,-0.0019086797256022692,4.657824320020154e-05,0.00044171608169563115,0.001067353063262999,-8.366465044673532e-05,-0.0008676344878040254,-0.0024612601846456528,-5.219055310590193e-05,-2.8837390345870517e-05,0.0010296055115759373,-0.0014033799525350332,-0.001026949961669743,-0.001791789778508246,-0.0012804201105609536,-0.0014192304806783795,0.000292140815872699,0.0005182157037779689,-0.000257133855484426,0.002208322286605835,0.001048788777552545,-1.7614580428926274e-05,-0.0005549843772314489,0.0005616351845674217,0.00012258552305866033,0.0003347419260535389,0.0017975277733057737,0.0003939296002499759,9.051059896592051e-05,0.00147161353379488,-0.0005167618510313332,0.0012938524596393108,7.415907475660788e-06
dose8k_B_s1,00194.png,-0.0007274235249496996,-0.000870759948156774,-0.00016339714056812227,-3.378201199666364e-06,0.0017687863437458873,-0.0015224548988044262,0.00035962864058092237,-0.0007919954950921237,-0.000196289416635409,0.0006392901996150613,-0.0006762371631339192,0.00014869298320263624,1.1709506907209288e-05,0.00028621451929211617,-0.0010699182748794556,-0.0003147670067846775,0.0002722947101574391,0.0012757391668856144,8.764694939600304e-05,4.1751511162146926e-05,-0.000695560360327363,-0.0005385464755818248,0.000430386106017977,0.0002989174099639058,0.0002425861166557297,-0.00014503674174193293,-0.0001680185814620927,-0.0001304286706726998,0.0003283170226495713,-9.912295354297385e-05,-0.0003654780157376081,-9.997031884267926e-05,-0.001208447851240635,0.00014390125579666346,0.0003176272730343044
dose8k_B_s1,00195.png,0.0010391159448772669,0.0002715922018978745,0.00028179719811305404,-0.0019417029106989503,0.0014287913218140602,-0.0013915363233536482,-0.000996700837276876,-0.0008267915691249073,0.0005139299319125712,0.0018297473434358835,0.00030416561639867723,-0.0005517242243513465,-0.0008015302009880543,-0.0012439627898856997,0.0022254784125834703,-6.154082075227052e-05,0.0006406396860256791,-0.0016196968499571085,-0.0008046325528994203,0.0007048016414046288,0.001342824543826282,-0.0003500939055811614,0.0016779634170234203,0.0007179132662713528,0.0002996056282427162,0.0015142562333494425,-0.0009752767509780824,-0.0014456270728260279,0.0004857276799157262,-0.000963312282692641,-0.00019971939036622643,0.00048820258234627545,-1.3155966371414252e-05,-9.345247235614806e-05,0.0004925305838696659
dose8k_B_s1,00196.png,-0.00032147541060112417,-0.0006290668970905244,0.00021152883709874004,0.001164790359325707,-0.001541998703032732,0.0016945514362305403,-0.00015584261564072222,-0.0008906667353585362,0.0005941069102846086,0.0013446612283587456,-0.0007476316532120109,-0.0008191603701561689,0.0009839150588959455,-0.0002157339476980269,-0.0012399210827425122,0.00014345865929499269,-0.002070403192192316,0.0022037546150386333,-0.0014971009222790599,-0.0009523859480395913,0.0026606249157339334,-0.00032347807427868247,-0.00014162063598632812,0.00016738977865315974,0.00028893756098113954,-0.0010688644833862782,-6.873578240629286e-05,8.638959843665361e-05,0.0013969505671411753,-0.0007413294515572488,-0.0008637616410851479,0.0006758433301001787,0.0010278817499056458,-0.0007733824895694852,0.0009069941588677466
dose8k_B_s1,00197.png,0.0011099684052169323,0.0009803579887375236,0.00013842522457707673,7.904481753939763e-05,0.0018453662050887942,4.64869626739528e-05,0.0007531445589847863,0.0010371581884101033,0.0010316664120182395,0.0006924933404661715,0.0009558425517752767,0.0002949746558442712,-0.0014494007918983698,0.00021592028497252613,0.0010847927769646049,-0.0001105655828723684,-0.0010122349485754967,0.0008345753303728998,-0.0006320913671515882,0.0004174859495833516,0.00025694709620438516,3.017249400727451e-05,-0.00014116737293079495,-0.00023503834381699562,-0.0006200833013281226,-0.0013715664390474558,-0.0005635276902467012,-0.0006903116591274738,0.0007900391356088221,-0.00011088312021456659,-0.00036208631354384124,0.0011008260771632195,0.0017680124146863818,-0.0002037063823081553,0.00042367313290014863
dose8k_B_s1,00198.png,-0.0007414568099193275,-0.0007727851043455303,-0.0005008106236346066,0.000718978582881391,0.0005740505293942988,-0.0006527737714350224,0.000559481093659997,9.133493585977703e-05,-9.086110367206857e-05,-0.002168639563024044,-0.0005265779327601194,0.0024957931600511074,0.0010780651355162263,0.0004360732273198664,0.00017023968393914402,-0.00022611817985307425,0.0002922650601249188,0.0011293492279946804,0.0007584343547932804,-0.0005518296384252608,-0.0020801967475563288,0.0012611305573955178,-0.0009388758917339146,-0.0010557647328823805,-0.00030778866494074464,0.0014845529804006219,0.0001306554622715339,0.00025335719692520797,0.0005646786885336041,0.0007700447458773851,-0.00027422638959251344,0.0006269165314733982,-0.0011398453498259187,-0.0002364320826018229,-0.0008614844991825521
dose8k_B_s1,00199.png,0.0002930962073151022,-0.000779727241024375,0.0003994704456999898,-0.001899263239465654,-0.00018490923685021698,0.0019675674848258495,0.0006552956183440983,-0.000915924902074039,-0.0007818063604645431,-0.0010368752991780639,-0.0007702552247792482,0.001964169554412365,-0.0003314361965749413,-0.0009357059025205672,-0.000802031543571502,-0.0017411794979125261,0.001699458691291511,-0.00042222518823109567,0.0007041295175440609,0.0013555908808484674,-0.0010792816756293178,-0.0006041217129677534,6.971291441004723e-05,0.0005804258398711681,-0.0012902788585051894,-0.0016565865371376276,0.00012254281318746507,-0.00040310563053935766,0.0006632503936998546,-0.0005786776309832931,-0.0006967174122110009,0.00012324380804784596,-0.0009566613589413464,-0.000283410627162084,0.0007788922521285713
dose8k_B_s1,00200.png,0.00023843895178288221,0.0005355770699679852,0.0002041194966295734,-0.0005817266646772623,-0.0008799021597951651,0.00015910164802335203,-0.001414384925737977,8.108266229100991e-06,-0.00032903297687880695,0.000365244661225006,-0.0007582235848531127,1.0416209988761693e-05,0.0007153550977818668,-0.0003644678508862853,-0.000406779523473233,0.0008990109199658036,4.836215339310002e-06,-0.00021278813073877245,-0.001250305911526084,-0.00038168413448147476,-0.00048574371612630785,0.0004742929886560887,0.00035563253914006054,-0.0007847106317058206,-0.00043969720718450844,6.484745244961232e-05,0.0002544222807046026,0.0010876957094296813,-0.00039842011756263673,0.0012563730124384165,-0.0010747882770374417,-3.9994058170123026e-05,0.001439690007828176,-0.0011218716390430927,0.0014998159604147077
dose8k_B_s1,00201.png,0.00012924757902510464,0.0007476448081433773,-0.0014301399933174253,-0.0005642821779474616,0.003927198238670826,0.00263488432392478,0.0007953893509693444,0.00011764066584873945,0.0007232024800032377,-0.0004164847487118095,0.0004056885081809014,6.915946869412437e-05,0.0004572636680677533,-0.0015960450982674956,-0.0005246861837804317,-0.00014927539450582117,-0.002008091425523162,0.0007738071144558489,-0.001105863368138671,0.0006078157457523048,-0.00041496226913295686,-0.0008143596933223307,0.0017085701692849398,0.0004120932426303625,-0.0002851798490155488,0.00018766254652291536,0.00046782070421613753,0.0002803700335789472,-0.00016883588978089392,0.0009412772487848997,-0.0003607608377933502,-0.0013619974488392472,-0.0005141644505783916,0.00042877340456470847,-0.000589927367400378
dose8k_B_s1,00202.png,-0.0005049777100794017,-0.0001675080566201359,0.0007788605871610343,0.00017829389253165573,-0.0005748573457822204,0.0014550890773534775,0.0007654615328647196,-0.00031659487285651267,0.000922053528483957,0.00020899354421999305,0.0005429860902950168,0.0007895036833360791,0.000427138147642836,4.7712153900647536e-05,-0.00013839507300872356,-0.00015587110829073936,0.00048269203398376703,0.0009141162736341357,-0.0007153235492296517,0.0007703541778028011,-0.0015185923548415303,0.0006464383914135396,0.0003245277621317655,-5.2787960157729685e-05,0.0006395086529664695,-0.00043861311860382557,0.0008307956159114838,-0.0012403375003486872,1.8882645235862583e-05,-0.0017795193707570434,-0.0018792349146679044,-0.0005498607060872018,-1.1006738532159943e-05,-0.0007924697711132467,2.7353802579455078e-05
dose8k_B_s1,00203.png,0.0004871375276707113,3.523459599819034e-05,0.0010033536236733198,-0.00036908959737047553,0.00048715434968471527,-0.0007950534345582128,0.00020172471704427153,0.0009957998991012573,-0.0007552561000920832,0.0016711467178538442,-2.3283708287635818e-05,0.00026189940399490297,-0.0008757745963521302,-0.0005249902023933828,-0.0005006982828490436,-0.0008658738224767148,-0.0011034900089725852,0.0002462576958350837,-0.00011390967847546563,-0.0011163278250023723,0.0011717937886714935,0.0006738901138305664,-5.570581924985163e-05,0.00047416583402082324,-0.0013796949060633779,0.0011652017710730433,0.0005689917597919703,0.00040233336039818823,-0.0002972940565086901,0.0009275071788579226,-0.0016297036781907082,0.0007114417967386544,-0.0008940703119151294,0.00022408612130675465,0.0010197947267442942
dose8k_B_s1,00204.png,-0.0007436604937538505,-0.0004207741585560143,0.0010209266329184175,0.00025588530115783215,0.0009397356188856065,-0.0007241980056278408,0.0003726570284925401,-0.0005689404206350446,-0.00019843262271024287,-0.0011815914185717702,-0.0008912786142900586,-0.0003339873510412872,-0.0011604359606280923,-2.9354392609093338e-05,0.00021753522742073983,0.0005920027615502477,0.0015402254648506641,0.00011652320245048031,-0.0009590201661922038,0.0003272902686148882,-0.002378301229327917,-0.0002716620801948011,-0.0009718327783048153,-0.0011085538426414132,-1.5427940525114536e-05,-0.0007584140985272825,0.0010357755236327648,0.00037798110861331224,-0.0009100859169848263,-0.0005703353672288358,-0.00017987436149269342,-0.0005364304524846375,-0.0008608830394223332,-0.001046301331371069,-0.0015741620445623994
dose8k_B_s1,00205.png,0.0022048528771847486,0.0031569823622703552,0.0002881796099245548,-0.0017841593362390995,-0.002102860016748309,0.0007562808459624648,0.0010242146672680974,-0.0009683982352726161,0.0008659694576635957,-4.5070566557114944e-05,0.0014296566369011998,-0.0008688183152116835,0.000789725105278194,-8.213568798964843e-05,-5.3324696636991575e-05,0.0003442526503931731,0.00040723735583014786,0.0007503405795432627,-0.0006864408496767282,-0.000536796695087105,0.00159266940318048,-0.0003173571894876659,0.0005708849057555199,0.0005669589736498892,0.0012249796418473125,-0.0013121494557708502,0.000726148602552712,-0.0004620691470336169,0.0007870137342251837,0.0010242349235340953,0.0013909254921600223,0.0015262261731550097,-0.0006528146914206445,0.00044280337169766426,0.00035395551822148263
dose8k_B_s1,00206.png,-0.0008678698795847595,-0.001327246893197298,0.0005607786006294191,0.0008407182176597416,0.0001416284212609753,0.0008233714615926147,-0.0013043801300227642,2.9398717742878944e-05,-0.001135252765379846,8.796402835287154e-05,-8.341808279510587e-05,0.0003431588120292872,0.0008215795969590545,0.0011081869015470147,-0.00022378226276487112,0.0009008116321638227,0.0006222262163646519,-0.0006016619154252112,0.001269956468604505,-0.0010518330382183194,-0.00011259211896685883,0.0010517911287024617,-0.001953296596184373,-0.0010105720721185207,-0.0004915277240797877,-0.0006996156880632043,0.00033913072547875345,-0.0008851882303133607,0.0003609251289162785,0.0005149048520252109,-0.0006842322763986886,0.0010800211457535625,-0.0009883266175165772,-0.00018911526422016323,0.001764909946359694
dose8k_B_s1,00207.png,-0.00010481689241714776,-0.0002500187838450074,5.270313522487413e-06,-0.0023399749770760536,0.00022424593043979257,-0.00038948419387452304,-0.0001720896689221263,0.00037782982690259814,0.0017871176823973656,0.0017957937670871615,0.00021225889213383198,0.00021660297352354974,-0.0008938352693803608,-0.0013971565058454871,0.00043490491225384176,0.0009259951184503734,-0.0013336448464542627,-7.688087498536333e-05,0.0005465743015520275,-0.0011869401205331087,0.0004646989400498569,0.0005048155435360968,-0.00041633276850916445,0.0013743606396019459,-0.0003176168247591704,0.00031746592139825225,0.0007058655610308051,0.0002565391769167036,-0.00062327750492841,0.0006479412550106645,0.0006227736012078822,0.0005024188430979848,-4.478092523640953e-05,1.4138973710942082e-05,0.00041256885742768645
dose8k_B_s1,00208.png,-0.0009666624246165156,-0.0005787759437225759,0.0005846111453138292,-0.0004163013945799321,-0.0009064679034054279,0.0006218995549716055,-0.0006452763336710632,0.000501700327731669,-0.00013105150719638914,0.00046834934619255364,-8.989970956463367e-05,0.0005778048653155565,0.0010501984506845474,-0.000205314252525568,-0.0003227758570574224,0.00039332694723270833,0.0019703209400177,0.00031861753086559474,-0.0005141897709108889,-1.2976099242223427e-05,-0.0009437803528271616,-0.001266568317078054,-0.0006289843004196882,-0.00028897004085592926,-0.0011461818357929587,-0.0006071829120628536,-0.0003125601797364652,-0.002050442388281226,-0.00045538967242464423,-0.0010672801872715354,1.304126635659486e-05,-0.0006286079878918827,0.0008224810007959604,0.00038498485810123384,0.0013390507083386183
dose8k_B_s1,00209.png,0.0007435334264300764,0.0010227981256321073,0.0009368270984850824,0.002268896671012044,0.0024601805489510298,7.982765964698046e-05,0.00030248239636421204,0.0013213965576142073,0.0012489414075389504,0.00018366797303315252,0.0022658947855234146,-0.0004609762690961361,-0.0001388266682624817,-0.001055313041433692,-0.000575591460801661,0.00265324953943491,0.00024998662411235273,0.0004713266680482775,0.0006115721189416945,0.0002425179409328848,0.0003620708885136992,-5.2884905016981065e-05,-0.001278023817576468,-0.00025831564562395215,-0.0019153805915266275,0.0004040466155856848,0.0009012874797917902,0.001660822774283588,0.0011458229273557663,0.0009209904819726944,-0.0018071067752316594,-2.9515760616050102e-05,0.0006025783950462937,0.0009603557409718633,0.0017209044890478253
dose8k_B_s1,00210.png,-0.00019789021462202072,0.0007122816168703139,-0.0010484145022928715,-0.001194722717627883,-0.0010793262626975775,0.00045541118015535176,0.0009263554238714278,-0.0005693107377737761,1.0685591405490413e-05,-0.000773507752455771,6.700470748910448e-06,-0.0005721893394365907,-0.000606117828283459,0.00021732474851887673,-0.0005215840064920485,0.0015097641153261065,0.001035338849760592,0.0014962487621232867,-0.00011896850628545508,-0.0012115919962525368,-0.0002818801731336862,0.00011162013106513768,-0.00038401869824156165,-0.001970307668671012,-0.0016423824708908796,0.00010989513975800946,0.00023210955259855837,-0.0004488719569053501,-0.001158720813691616,0.0003932650724891573,0.0006513803964480758,0.0011390171712264419,0.0002936446398962289,0.00016860429605003446,-0.00017609681526664644
dose8k_B_s1,00211.png,-0.0010965043911710382,-1.3172305443731602e-05,0.0001221408019773662,-0.000434275483712554,-5.963283911114559e-06,0.00033733269083313644,-0.0014602979645133018,0.0014730105176568031,0.001075275125913322,6.254446634557098e-05,0.00013707528705708683,0.0013350937515497208,0.0008705834625288844,-9.363818389829248e-05,0.0004809744714293629,-0.0006556504522450268,0.0006024378817528486,-0.0003197707992512733,-0.0023626198526471853,-0.0005942266434431076,-8.997283293865621e-05,0.00020527330343611538,-0.001182006555609405,0.0011327610118314624,-0.00022017706942278892,-0.00011948544124606997,-0.0004924371605738997,0.001550221350044012,-0.0005990987410768867,0.0010982479434460402,-0.0007115979096852243,3.529770765453577e-05,0.0004030139825772494,0.0002628253714647144,-0.0010524253593757749
dose8k_B_s1,00212.png,-4.739738869830035e-06,9.13041367311962e-05,-0.0017008365830406547,0.001189209520816803,-0.003029649378731847,-1.592941043782048e-05,0.00028375687543302774,-9.463225865147251e-07,0.000896550074685365,0.0005741904024034739,-0.0015888999914750457,-0.0006553267012350261,0.00016488024266436696,-0.0008441340760327876,-0.0004178332455921918,6.828152254456654e-05,-0.0006087765796110034,-0.0010865835938602686,-0.00020128228061366826,-0.0005433494225144386,0.0004057732585351914,7.06988139427267e-05,-0.0008818411151878536,-0.00032479874789714813,0.0004851112316828221,0.0002261256449855864,0.00016050721751525998,0.0005211564712226391,-0.00019621684623416513,-0.00022575838374905288,0.0007633052300661802,-5.726630115532316e-05,-0.0009306636638939381,0.0006620452040806413,0.0006615672609768808
dose8k_B_s1,00213.png,-0.00023570093617308885,-0.0005161142908036709,-0.0006290558376349509,0.0008521548588760197,0.0006580308545380831,0.00011836038174806163,-7.68475656514056e-05,0.00012715764751192182,0.0006646910915151238,-0.0013325924519449472,0.0005970594356767833,0.0011180168949067593,0.0011436725035309792,0.0005618827999569476,-0.0005486227455548942,0.00042121740989387035,0.0005977393593639135,0.00046404270688071847,-0.0012615355663001537,8.270958642242476e-05,-0.0007427111850120127,-1.678266744420398e-05,-0.0012043877504765987,-0.0001564507547300309,-0.0017591387731954455,0.000567075505387038,-0.0005287464591674507,-0.0017356924945488572,-0.00012029821664327756,0.0003958987072110176,-0.0004880795313511044,-0.0001463590597268194,9.872083319351077e-05,-0.00019547517877072096,-0.00010777089482871816
dose8k_B_s1,00214.png,0.00053329614456743,-0.00016613768821116537,-0.000993390567600727,-0.0005183530156500638,-0.0034021795727312565,-0.000894269731361419,-0.0007069003186188638,-0.0007304518367163837,0.00026609294582158327,-0.0007245073793455958,0.0004027265531476587,-0.001225473708473146,0.0017465768614783883,-0.0004790115053765476,5.6976390624186024e-05,-0.00045215035788714886,0.00040211042505688965,0.0011225234484300017,0.001008162391372025,-0.0016121441731229424,0.0006679623038507998,0.00025737888063304126,0.0018003894947469234,0.0009995198342949152,0.00019590446026995778,-0.00030713205342181027,-0.0002541812718845904,-0.00046364840818569064,-9.38583179959096e-05,-0.00042674949509091675,0.0005659718299284577,0.00025902793277055025,-0.0007758421124890447,-0.000930764595977962,-0.0008249595412053168
dose8k_B_s1,00215.png,2.156146729248576e-05,0.00025628041476011276,-0.0015509971417486668,-0.0004451349377632141,0.00036879011895507574,-0.0005041453405283391,-0.0008574394159950316,-0.0009516519494354725,-0.0009075419511646032,-0.0005606725462712348,-0.00021415590890683234,-0.00042553184903226793,0.00028896541334688663,-0.0003447782073635608,-0.0008407225832343102,0.0016372031532227993,0.0018909143982455134,0.0011602420127019286,0.00018310917948838323,-9.969383245334029e-05,0.0003508475492708385,0.0006851385114714503,0.00023242883617058396,-0.001836298732087016,0.0011233515106141567,-0.0003374301013536751,-0.0001711911172606051,0.00021021724387537688,0.00011754145089071244,-0.00026947126025334,0.000482214119983837,0.00016053827130235732,-0.0008048760937526822,2.6965553843183443e-05,0.0005955208325758576
dose8k_B_s1,00216.png,-0.00033909903140738606,-0.0005917490343563259,-0.0007001871126703918,0.00031936002778820693,0.001117632957175374,-7.33600027160719e-05,0.0018309876322746277,0.0007061538053676486,-0.0018279674695804715,0.001348622259683907,0.0005220557213760912,0.0005124861490912735,-0.00016811740351840854,-0.000580177060328424,-0.00025616123457439244,0.0002150492073269561,0.0010423058411106467,-0.00026025951956398785,-0.0004836803418584168,-0.0002472537162248045,-0.00046693935291841626,-0.0002458638045936823,-2.0613106244127266e-06,-0.0005825863336212933,-0.0013670818880200386,0.0005015342612750828,0.0011711814440786839,0.0007717132102698088,-0.0005948260077275336,0.000995592912659049,0.0008412374882027507,-2.762508847808931e-05,0.00011090859334217384,0.0009123975760303438,0.0012619715416803956
dose8k_B_s1,00217.png,-0.0009939013980329037,-0.001588457147590816,-0.0004246121970936656,0.0020797201432287693,0.0013294212985783815,-0.0004934700555168092,0.0009694506879895926,-0.0012780793476849794,-0.0014740049373358488,0.0002641015744302422,0.0003038486756850034,0.0009850612841546535,-0.000977898482233286,0.00013781047891825438,-0.0011543038999661803,0.0009160591871477664,-0.00028388845385052264,6.857265543658286e-05,-0.0013126091798767447,-0.0007760315202176571,0.0013865799410268664,0.0005594979738816619,4.2290161218261346e-05,0.0012246515834704041,0.001104905502870679,0.0004029283591080457,-0.002511506900191307,-0.0006119607132859528,-0.0013487266842275858,6.464069883804768e-05,-0.0008825449040159583,-0.0023325218353420496,-0.0003284250560682267,-0.0005665681674145162,-6.496418063761666e-05
dose8k_B_s1,00218.png,-0.000538670748937875,-0.0012363852001726627,-0.0004951674491167068,0.0011544600129127502,-0.002839388558641076,-9.3051690782886e-05,-0.0003468188806436956,0.0010241694981232285,0.0002812933234963566,0.0005452926852740347,-0.0001524620020063594,-0.001748504233546555,0.0005891605978831649,0.0005329528939910233,-0.0003156734455842525,0.00011720059410436079,0.00062795594567433,0.0009697321220301092,-0.0003380333073437214,-0.0007210431504063308,-0.00039810151793062687,0.0012626966927200556,0.0005614657420665026,-0.0019376956624910235,0.00019390137458685786,0.00044917225022800267,-0.0007358229486271739,-0.0010890164412558079,-0.00035883605596609414,-0.00020796441822312772,0.0011135853128507733,-0.0006332178018055856,0.0007138323271647096,0.0002962549915537238,-0.00019787001656368375
dose8k_B_s1,00219.png,-0.001014141016639769,-0.00121453613974154,-0.002039192942902446,0.0006213563610799611,-0.0009641052456572652,-0.0007903819787316024,0.0005393975879997015,0.0002167444908991456,0.001243935083039105,-0.0008636369020678103,-0.0007490221760235727,0.0005336485919542611,-0.0009305956191383302,-0.00015590111433994025,0.0011391673469915986,0.0002978747943416238,-0.0011194758117198944,0.0004975544870831072,-0.0003629120474215597,-0.00041684991447255015,0.0008729810360819101,-0.0019153377506881952,-0.00035401637433096766,0.00023944731219671667,0.0006431101937778294,0.0012998636811971664,0.001176762511022389,0.0003144543443340808,-0.001309534884057939,-0.0015744316624477506,0.00030682492069900036,4.881127460976131e-05,0.001327179721556604,-0.001082003116607666,-0.0009873026283457875
dose8k_B_s1,00220.png,0.00023052563483361155,0.0010921250795945525,-0.00011888762674061581,-0.00014602825103793293,0.0013408113736659288,0.0005262494087219238,0.0002033813507296145,-0.0007612120825797319,-0.0001452830620110035,-0.00044765142956748605,0.00020878712530247867,-0.0006472644163295627,0.00011902418918907642,1.7259859305340797e-05,-0.001150852651335299,-0.0007163779227994382,0.0005725747323594987,-0.0003135110600851476,0.0007635714719071984,-0.0006473554531112313,0.0006149864639155567,-0.00017196508997585624,-0.00013700357521884143,-0.00018146465299651027,6.914328696439043e-05,-0.0005844822735525668,-0.0003863334422931075,8.692209667060524e-05,-0.0001072992236004211,-0.0009598164469935,0.00048041093396022916,0.0018290807493031025,0.0003513830597512424,0.0001971307210624218,-0.0003837648837361485
dose8k_B_s1,00221.png,0.00027599852182902396,-0.000681476085446775,0.0007696551037952304,0.0014052075566723943,-0.00039966078475117683,-0.00010547930287430063,0.0011211612727493048,-0.0004964898689649999,-0.0007400574395433068,-0.0005039551761001348,0.00010392445983598009,0.0009509767987765372,0.0008617618586868048,-0.0011532610515132546,-0.0008231030660681427,-0.0013186588184908032,0.0006637314218096435,-0.0001803441409720108,0.0003563717764336616,0.0002488298050593585,0.0004387306980788708,-0.00248987996019423,-1.9573461031541228e-05,0.0002075381635222584,0.0008122561266645789,-0.001252257963642478,-0.001251061214134097,0.000420054275309667,-0.0013337372802197933,0.0003783969150390476,0.0012496138224378228,0.0005717676831409335,0.0007140968227759004,-0.0016918147448450327,-0.0008760413038544357
dose8k_B_s1,00222.png,0.0009964018827304244,0.0006048322538845241,0.0008417250937782228,0.0014683619374409318,0.0003156274033244699,-0.0010788702638819814,-0.001941597438417375,0.0008453004993498325,0.0005149620119482279,0.0008603925816714764,1.893636908789631e-05,0.0015594889409840107,-0.0006206381949596107,0.0007662112475372851,-0.0002322388900211081,-0.0010523260571062565,-0.0006224051467142999,-9.478619904257357e-05,-0.000840689055621624,0.0006663833046332002,-0.001284348894841969,-0.0004641482955776155,-0.0005239929887466133,-0.00032399679184891284,0.0013375470880419016,0.0009219138300977647,-0.0003971584083046764,-0.0008502093842253089,-0.0016875293804332614,-0.0008902527042664587,-0.0012088257353752851,-0.00011868791625602171,0.0004489429120440036,-0.0011523301945999265,0.00013626544387079775
dose8k_B_s1,00223.png,0.00015943592006806284,-0.0002966183819808066,-0.0012920694425702095,0.0009537183213979006,0.0015666303224861622,0.0003230616566725075,0.0004438723553903401,0.0006217157351784408,0.0009766973089426756,-7.896978786448017e-05,-0.0012939044972881675,-0.00010471858695382252,0.0004647785099223256,-0.0013333215611055493,-0.00016539097123313695,-0.0017980472184717655,0.00017792629660107195,-0.0007803504122421145,-0.0012350304750725627,-0.0011895493371412158,0.0012095262063667178,0.0005614192923530936,0.0011521907290443778,0.0025426135398447514,-0.0007138863438740373,-0.00041508040158078074,-0.00045534103992395103,0.0002673243870958686,-0.0018140228930860758,-0.0006716299103572965,-0.0006685737753286958,-0.0008756353636272252,-0.0007917935727164149,0.0003662214439827949,-0.0011648096842691302
dose8k_B_s1,00224.png,0.0012215499300509691,0.0009988537058234215,0.0013494625454768538,-0.00020333814609330148,0.00047720043221488595,-0.00039751865551806986,0.0007163825212046504,-0.00011373872985132039,0.00010949816351057962,-2.3658629288547672e-05,-8.175471157301217e-05,0.0009403565782122314,-0.0019899706821888685,-0.0009915062692016363,-0.000651386275421828,0.0013991908635944128,-0.0008090187911875546,0.0001397546147927642,-0.0012147438246756792,0.0013557670172303915,0.0010627758456394076,0.0005856606876477599,-0.0011548385955393314,-0.0004873585421591997,4.518320565694012e-05,0.0002383165410719812,0.002084291074424982,-0.0010607283329591155,8.494513895129785e-05,-0.0013735666871070862,0.0020979545079171658,0.0012612706050276756,-0.00011652748798951507,0.001646424294449389,-0.0009083086042664945
dose8k_B_s1,00225.png,0.00046052580000832677,0.0009325689752586186,-0.0013239530380815268,0.0016269426560029387,-0.000503063085488975,0.0006368418107740581,-0.00023898952349554747,-0.00015157347661443055,-1.152038839791203e-05,-0.0001753296673996374,0.0005889752064831555,0.000946983287576586,-0.0004425256047397852,0.001053487416356802,0.00016624847194179893,0.00015213669394142926,-9.656662587076426e-05,0.00026854666066356003,-0.001761850668117404,-0.0005502948770299554,-0.0004902723012492061,0.00034835506812669337,-0.0004440701159182936,0.0008995097014121711,-0.0011685916688293219,-0.00016436536679975688,0.0005921172560192645,0.00018617459863889962,0.0005576759576797485,-2.3177226466941647e-05,-0.0006318103987723589,-0.0016561656957492232,-0.0008535704109817743,-0.0007013876456767321,-0.0007083163945935667
dose8k_B_s1,00226.png,-0.0001228576438734308,0.0011436784407123923,-0.00022206931316759437,0.0018695081816986203,-0.0013196964282542467,0.0017840033397078514,0.0008413820760324597,0.0010564422700554132,-0.0009699478396214545,-0.000908925081603229,0.001870573847554624,-0.0014288165839388967,0.001721085631288588,-0.00016538682393729687,-0.0005504299770109355,-0.0003326809674035758,0.0020221243612468243,-4.021311906399205e-05,0.0010751360096037388,0.001140954322181642,0.0009272625320591033,0.0017884527333080769,0.0020517264492809772,0.000977980438619852,0.00016640090325381607,-0.0008678236627019942,0.0006581087363883853,0.0008492775377817452,0.0001996006612898782,-0.0007516044424846768,0.0005242220940999687,0.0016277156537398696,-0.001370979123748839,0.0014585370663553476,-0.0005073797074146569
dose8k_B_s1,00227.png,0.00012271128071006387,-0.0003351327031850815,-0.0008237220463342965,0.0011180518195033073,0.0004761221644002944,0.0005634136032313108,0.0005934868822805583,-0.0011668892111629248,-0.0007174904458224773,-0.0003777219681069255,0.0006702127284370363,-5.3696614486398175e-05,0.0013530743308365345,-0.0007530311122536659,-0.0003801197453867644,0.0007244428270496428,-0.0004886615206487477,0.0006221821531653404,-0.0012489660875871778,8.399754733545706e-06,0.0018549934029579163,-0.00011047020234400406,-0.00016921001952141523,0.0022027678787708282,-0.00021766978898085654,0.0014293325366452336,-0.0003624440578278154,0.001266684615984559,0.0006482932367362082,0.0008063413552008569,0.00037120451452210546,0.0008814171887934208,-0.0005299409967847168,-6.916888378327712e-05,0.002300836844369769
dose8k_B_s1,00228.png,-0.00043702893890440464,3.107763041043654e-05,5.958824203844415e-06,0.0008443449041806161,-0.0011382719967514277,0.0003632495063357055,0.0007942449301481247,4.557512511382811e-05,-0.0006990120164118707,9.989710815716535e-05,-0.001196554978378117,0.0009964794153347611,-0.0017578265396878123,-3.148170799249783e-05,-0.0007585893617942929,-0.00012665319081861526,-0.00046719604870304465,-0.0010972664458677173,-0.00020564078295137733,0.00028763714362867177,-0.0013158132787793875,-0.000930185429751873,0.001428147777915001,0.0007161837420426309,-0.0001566919672768563,0.0005243280902504921,0.0006446914048865438,0.002099092584103346,-0.0016522243386134505,0.0006961512845009565,-0.0010077141923829913,-7.190297765191644e-05,-0.0009731557802297175,-0.0005916589871048927,-0.0003652580198831856
dose8k_B_s1,00229.png,0.0013109160354360938,-0.0004013271245639771,0.0006364340079016984,0.0012814048677682877,-0.000742356525734067,0.00034016731660813093,0.0004090823931619525,0.00015891101793386042,-0.0005330147105269134,0.0014328585239127278,4.089550566277467e-05,-0.00022781657753512263,0.0008158581331372261,-0.0007224705768749118,0.00051243876805529,0.0010028304532170296,-0.00026976075605489314,-0.0004905550158582628,-0.0012565265642479062,9.557077282806858e-05,-4.754610199597664e-05,-0.0025942386128008366,-0.0012600579066202044,0.0011099322000518441,0.0005011431640014052,-0.0005389567231759429,-0.00016642178525216877,-0.00011416953930165619,-0.0008013088954612613,-0.001309136743657291,-0.0009978179587051272,-4.957383862347342e-05,-0.000868729839567095,0.001971160527318716,0.00040832688682712615
dose8k_B_s1,00230.png,0.0012513763504102826,0.0006621217471547425,-0.00048570320359431207,0.001509915222413838,0.0028679834213107824,0.0011106550227850676,0.00037256182986311615,-0.00010377645230619237,0.0006155859446153045,-0.0001712997764116153,-0.0005657280562445521,-0.0024204228539019823,-0.0011761266505345702,0.0002005344140343368,4.061939034727402e-05,-0.00016612034232821316,-0.0010301704751327634,-0.0009996667504310608,-0.001998283201828599,-0.0013635156210511923,-0.0010073811281472445,0.0001929980790009722,0.0006854485836811364,0.0010950921569019556,0.0002057614765362814,0.00018342246767133474,0.000281019601970911,0.0005924605648033321,0.0010340369772166014,-0.0006483527249656618,-0.0007570774760097265,0.0017338921315968037,-0.0002249049866804853,-0.0007473870646208525,-0.00014356621250044554
dose8k_B_s1,00231.png,0.00021315993217285722,0.0014051314210519195,-0.0011240742169320583,0.0011835257755592465,0.0003702975227497518,9.207281982526183e-05,3.003843448823318e-05,-0.00045879685785621405,0.0016795913688838482,-0.0002632073301356286,-0.0002279820037074387,0.0018970089731737971,0.000730346713680774,0.001373768551275134,0.0010580986272543669,0.00030049620545469224,5.610821972368285e-06,0.001939346082508564,0.0012260011862963438,-0.0006342529668472707,0.0002816045016516,-0.0009448126656934619,0.0007444642251357436,4.5070879423292354e-05,0.0012393342331051826,0.0004274080856703222,-0.00027378552476875484,0.00225432519800961,-0.00018295817426405847,-0.0009996253065764904,-0.00031926415977068245,0.0006771295447833836,-0.000842444715090096,-0.0008456226205453277,-0.00023326238442678005
dose8k_B_s1,00232.png,-0.00011156922118971124,0.0006827200413681567,-0.00010451857087900862,-0.0015782800037413836,0.0014703655615448952,0.0009764143615029752,-5.311737550073303e-05,0.0013356362469494343,0.0009461170411668718,0.000552229699678719,-0.0011797567130997777,-0.0007202068227343261,-0.0011003989493474364,-0.0004691531939897686,-7.737568375887349e-05,0.001353396219201386,-0.00041879224590957165,-0.0002774591848719865,-7.616852963110432e-05,0.000636588258203119,-0.0022714196238666773,-0.0001557962386868894,-0.0006698666256852448,-0.0009514521807432175,-0.0010919920168817043,0.00022468483075499535,0.0017534540966153145,0.0015133561100810766,-0.0011852598981931806,-0.0010498759802430868,-0.0008675383287481964,-0.0008686574874445796,-0.0008657334255985916,-0.00044675744720734656,-0.0003373553918208927
dose8k_B_s1,00233.png,0.0014960364205762744,0.0014620202127844095,-0.001430248492397368,-0.0006697587086819112,-0.001430132775567472,-0.0007310949731618166,0.0012711483286693692,0.0009406032622791827,0.0011343383230268955,-0.00021766179997939616,0.00037248816806823015,0.000615858705714345,-0.00022508790425490588,-0.00022858146985527128,-0.0006572019774466753,-0.0017453930340707302,0.000853348639793694,-0.0009394561056979001,0.00019421984325163066,0.0011504377471283078,0.0003758508828468621,-0.0008627150673419237,0.0010197220835834742,0.00027904173475690186,-0.0018259776988998055,-0.00039620365714654326,-0.0006491164094768465,-0.0005913636414334178,-0.0005747489049099386,-0.0001528881984995678,0.0008994523086585104,0.00014881037350278348,-0.0006573516293428838,-0.0007109002326615155,-0.0001080941001418978
dose8k_B_s1,00234.png,0.001349381753243506,0.0012904199538752437,-0.0016774547984823585,0.001186942681670189,-0.0009098079171963036,0.0009766615694388747,0.00017527049931231886,3.408355041756295e-05,-0.0006411682115867734,0.00014074752107262611,0.0007550810114480555,-0.0008466580766253173,-0.0009574840078130364,-0.0004603871493600309,-0.0004299924767110497,-0.0006055326666682959,0.0004538579669315368,-7.106989505700767e-05,0.0005290063563734293,-0.000524564937222749,-0.0006017569685354829,-6.746665894752368e-05,-0.0014066441217437387,0.0009188249241560698,-0.00034310054616071284,0.0007538580684922636,0.0012782647972926497,-0.0006974450661800802,0.0004230846534483135,0.0015033241361379623,-0.0022554208990186453,0.00040677771903574467,0.001111583667807281,0.0019748632330447435,-0.00037014528061263263
dose8k_B_s1,00235.png,0.001450199051760137,0.0009331206092610955,0.00044510807492770255,-0.0007989580044522882,-0.001237958436831832,0.00023278009030036628,-0.0008145184838213027,0.0032640802673995495,-0.00038684828905388713,0.0005611522356048226,0.001049393555149436,0.00038905133260414004,-0.0013788002543151379,2.314183075213805e-05,-0.00011946004087803885,-0.001238132012076676,-4.0644390537636355e-05,-0.0009838230907917023,0.0006606351234950125,-0.0012627793475985527,0.0008349799318239093,-3.7205187254585326e-05,-0.0005289315595291555,0.0005925815203227103,0.0007660805131308734,-0.000414052716223523,0.0005628213984891772,0.0007467295508831739,0.001354603678919375,-0.0003156893653795123,0.00011387429549358785,0.00014482736878562719,0.0007933212909847498,-0.0009392229258082807,-0.0007482762448489666
dose8k_B_s1,00236.png,-6.507206126116216e-05,-0.001210259972140193,0.001713401172310114,0.00011094433284597471,0.0003864727623295039,0.0012233313173055649,-0.0010617488296702504,0.000731052306946367,-0.000262559944530949,0.0002593643730506301,0.0004584761627484113,-4.056637772009708e-05,-0.0006780816474929452,0.001011791406199336,-0.00034942818456329405,0.0008775193709880114,0.0014900019159540534,0.0004981202655471861,0.0008087262976914644,0.0005917169037275016,-0.00027589185629040003,5.159089414519258e-05,-0.0004023931687697768,0.0010777156567201018,0.000554845726583153,-0.0016346912598237395,3.352758722030558e-05,0.00028911911067552865,-0.0006048044306226075,-0.0012952364049851894,0.0006970019894652069,0.000536424049641937,0.0014724840875715017,-0.0004591676697600633,-0.00221989955753088
dose8k_B_s1,00237.png,0.002075128722935915,0.0023602049332112074,0.0007900583441369236,0.0008580602006986737,-0.0005231264512985945,0.0017073075287044048,-0.0008049833122640848,0.00032311593531630933,0.0011908450396731496,-0.0011168770724907517,0.0001598875387571752,0.000498227949719876,0.001879251329228282,-0.00011922287376364693,-0.0003413775411900133,-0.00019641620747279376,0.0017871352611109614,-0.0022011781111359596,-0.0011897877557203174,-0.0011025599669665098,0.002549273893237114,-0.0006561191403307021,-0.000694488117005676,0.00040890800300985575,0.0008465996361337602,-0.00011751455895137042,-0.000885527057107538,0.0005101757706142962,0.0005544156301766634,0.000358066288754344,1.9542896552593447e-05,-0.0010695384116843343,-0.0016202819533646107,0.0010772644309327006,-0.00024620030308142304
dose8k_B_s1,00238.png,-0.0012217520270496607,6.197682523634285e-05,0.0010236152447760105,0.0013643637066707015,0.0009992648847401142,0.00036978957359679043,0.0006259668152779341,-0.001084057497791946,0.0004972071619704366,0.0006238986388780177,-0.0003232173330616206,0.0005009585293009877,0.0022173505276441574,0.0012701540254056454,0.0003080611932091415,0.00034178124042227864,0.00035189956543035805,-0.000603841501288116,0.0010157745564356446,0.0005601518787443638,0.0029826750978827477,0.0008397603523917496,-0.0008727996028028429,-0.0005214285920374095,0.001303047058172524,0.0015155683504417539,-0.0016719192499294877,0.0003093019186053425,-0.00086562754586339,-0.00020269243395887315,-0.00032463137176819146,-0.00014786902465857565,-0.0002044158463831991,0.000545617425814271,0.0008912534103728831
dose8k_B_s1,00239.png,9.959117596736178e-05,0.0016756667755544186,-7.633218956470955e-06,-0.0002938648103736341,0.0007781463791616261,-0.0005180517910048366,0.0004558097862172872,0.0007937643094919622,0.00016956684703473002,0.00028882906190119684,0.001110786572098732,-0.0007781403255648911,0.00020577138639055192,1.676381543802563e-05,0.00027038747793994844,-0.00017435220070183277,-0.001622509676963091,0.001575362402945757,0.0002706257509998977,-0.0001726894552120939,0.00017073110211640596,0.0006130856927484274,-0.001223407918587327,-0.0009059704607352614,0.0006755191134288907,-0.0017916352953761816,0.0009676206391304731,-0.00013390972162596881,0.00024735150509513915,0.0009996604640036821,-0.0012601803755387664,0.0008901808760128915,0.0005347428377717733,-0.00010509324056329206,0.00018964949413202703
dose8k_B_s1,00240.png,0.001245421008206904,-0.0003016056143678725,0.0014561947900801897,0.001929139718413353,0.00012216805771458894,-0.0002611241943668574,-0.00028809322975575924,0.0013576557394117117,-0.0004868298419751227,-0.0010022197384387255,0.001349737518467009,0.0011425294214859605,0.0008901103283278644,-0.0007798264268785715,-0.00019865596550516784,0.0003594843146856874,0.0007704444578848779,0.0007848305976949632,-0.0009786866139620543,-0.0004892347496934235,0.0009681828087195754,-0.0002085632149828598,0.00041416415479034185,-0.0006565921357832849,-0.0005395284970290959,4.495925531955436e-05,-0.0014594679232686758,-0.0011534097138792276,0.0020118393003940582,0.0004075080796610564,4.041718057123944e-05,-0.0007329715881496668,-0.001002211938612163,0.0005172560922801495,-0.00040703857666812837
dose8k_B_s1,00241.png,0.00029626907780766487,0.0003845364262815565,0.0006947315996512771,0.0005532152717933059,0.0002343227679375559,-0.0004510273865889758,0.00098122819326818,0.0006792073254473507,-0.00018167367670685053,0.0009793589124456048,-0.0001315264089498669,0.0013038655743002892,0.0008900973480194807,-7.76785600464791e-05,7.335044210776687e-05,0.000281286658719182,0.0009955796413123608,0.0001751879317453131,0.0004813674313481897,0.000594216282479465,-0.0004908242844976485,-0.0007942185620777309,-0.0006133660208433867,0.0010199925163760781,0.002238173969089985,0.0015393724897876382,-0.0011142577277496457,0.0013213080819696188,0.0005977453547529876,-0.0011743661016225815,-0.0016681367997080088,-0.00030984642216935754,-0.001322749420069158,0.00047152049955911934,0.000277574872598052
dose8k_B_s1,00242.png,-0.000328540219925344,-7.352586544584483e-05,-0.0012530162930488586,0.0010596211068332195,-0.0002534234954509884,0.00037985993549227715,0.001115612220019102,0.0008330391137860715,0.0011786666000261903,-8.03563671070151e-05,-0.0024465424939990044,0.00025502589414827526,-0.0022727453615516424,0.0003489863302092999,0.0004237238608766347,-0.0024924601893872023,0.000792763486970216,-0.0005070875049568713,0.00023538574168924242,-0.0005716739688068628,-0.0013943843077868223,0.0014509859029203653,0.0004900484927929938,0.0007128248107619584,0.001403165515512228,-0.00036006447044201195,-0.0006497995927929878,-0.002217231784015894,0.0006374603835865855,-0.002183111384510994,-0.000402563251554966,0.0003011488006450236,0.0010473611764609814,0.0013158877845853567,0.001316848094575107
dose8k_B_s1,00243.png,-0.0007433031569235027,0.0006260376540012658,-0.000956312520429492,0.0007475046440958977,0.0015229781856760383,-0.0017111832275986671,0.00027490092907100916,-0.0004137344949413091,0.0018670829012989998,-0.0009575893054716289,-0.001038288464769721,0.0005268038366921246,0.0003615796158555895,-0.0009418827248737216,-0.001717004575766623,-0.0008465037681162357,0.0008544810116291046,-0.00017963096615858376,-0.0008377294871024787,-0.0005216975696384907,0.00048762475489638746,0.0007596866926178336,0.0014256781432777643,-0.00060771603602916,-0.0006902350578457117,-0.00014588904741685838,-0.0010758244898170233,-0.0007988265133462846,-0.00031883426709100604,0.000892295443918556,-1.5718605936854146e-05,4.983193866792135e-05,0.0009284655097872019,-0.00037206977140158415,-0.0003214326570741832
dose8k_B_s1,00244.png,-0.0005680739413946867,0.0002970173372887075,-0.0004520956426858902,-0.0019423322519287467,5.8451903896639124e-05,0.0011678198352456093,-0.00028531800489872694,-0.0003022610326297581,0.00029232187080197036,-0.0004989615408703685,0.0008352780132554471,2.0886202037218027e-05,0.000806637282948941,-0.00044698582496494055,-0.00020488038717303425,-0.001168763148598373,-9.129357931669801e-05,-0.0017282016342505813,0.0006504942430183291,0.0004456275491975248,0.0004048270347993821,-0.0003224121464882046,-0.000979750300757587,-0.0010083449305966496,0.00011490064935060218,0.0007827617810107768,0.0002993766975123435,-0.0007472527795471251,-0.00047383984201587737,0.00010860511974897236,0.0002885661378968507,-0.0018043866148218513,-0.0021162936463952065,-0.0006914439145475626,0.0008119596750475466
dose8k_B_s1,00245.png,-0.00022581248776987195,-0.00014262483455240726,0.00014264853962231427,-0.001386973075568676,-0.0030572591349482536,6.596220191568136e-05,0.00037139092455618083,0.000341021572239697,0.000273063313215971,-0.0001697289408184588,-0.0007213247008621693,-5.00363385071978e-05,-0.00014596049732062966,0.0003819308476522565,0.0005553785595111549,-0.0009688547579571605,-0.000534386548679322,-0.0005969790508970618,0.0004135224735364318,-0.00030568212969228625,7.94761217548512e-06,-0.0006176576716825366,0.0002939116966444999,0.0007972175371833146,-0.0015102323377504945,-0.0012043336173519492,-0.0002281506167491898,0.00029635397368110716,0.0006377620156854391,0.000762402662076056,0.00016527067054994404,-0.0018523534527048469,-0.0010480222990736365,3.50636983057484e-05,0.0003670408914331347
dose8k_B_s1,00246.png,0.0005143120069988072,-0.0007477217586711049,-1.5422938304254785e-05,-0.0005296911112964153,-0.0009097190923057497,0.00023649049398954958,0.0009397924295626581,-0.00043581530917435884,0.0008971779025159776,-0.0015074021648615599,-0.002195837674662471,-0.0009763520210981369,0.00014524944708682597,-0.0006481057498604059,-0.0004354799457360059,0.0006700546946376562,-0.00041403539944440126,-0.0016287706093862653,-0.000980012584477663,-0.00013710257189814,-9.050465450854972e-05,0.0012058994034305215,0.00016939407214522362,-0.0014203906757757068,0.00017707591177895665,0.001128547708503902,-0.0009560366743244231,0.0013592659961432219,-0.001430877367965877,-0.0017314855940639973,0.00012079969746991992,0.0011269202223047614,-0.0001345775817753747,0.0015925687039270997,-0.000954704184550792
dose8k_B_s1,00247.png,0.00018359442765358835,0.0014581854920834303,-0.00025192456087097526,0.00013244089495856315,0.0006193195004016161,-0.0002682401973288506,0.0007283144514076412,-0.0006055603735148907,-0.001643935451284051,-0.0004741203156299889,-0.00019056303426623344,5.3465260862139985e-05,-0.0009393070358783007,0.0002841213427018374,0.0003621172218117863,0.0004434299189597368,-0.0006185893435031176,0.0013133232714608312,-0.0003161942877341062,0.00014802896475885063,-0.0006072004325687885,-0.00013248813047539443,0.0007411807309836149,-0.0002500101691111922,0.0001590181200299412,-0.0006503857439383864,-8.191692177206278e-05,-0.0004366378125268966,-0.00022510808776132762,0.0010114852339029312,-0.0002903912973124534,0.0006820385460741818,0.0012397804530337453,0.00013855691940989345,-0.0017607191111892462
dose8k_B_s1,00248.png,-0.0006568569806404412,-0.0006856287363916636,0.0001549000880913809,0.0010444038780406117,-0.0008148925844579935,-6.702927930746228e-05,-0.0006967932567931712,0.0005289795808494091,0.0020281861070543528,-0.000704561301972717,0.0014476751675829291,0.0009220122592523694,0.0002228940138593316,0.0003192428557667881,-6.602616485906765e-05,-0.0005136285908520222,0.00039508650661446154,-4.4412692659534514e-05,-0.000926294713281095,-0.0006816023960709572,0.000639786128886044,0.00011494210048113018,0.0009720870293676853,-0.0022258067037910223,0.0009983022464439273,0.0005785551038570702,-0.0002786059048958123,0.00010119558282895014,-0.0002747860853560269,0.000997135997749865,0.0005145242321304977,0.0015034646494314075,7.019280747044832e-05,0.0019310907227918506,-0.0007181979599408805
dose8k_B_s1,00249.png,0.0006367361638695002,0.0013283338630571961,0.0019103533122688532,9.008338383864611e-05,0.0006837571854703128,0.00021498311252798885,-8.564544259570539e-05,-0.0003246930136810988,3.0534734833054245e-05,-0.0005778466002084315,-0.0004056915931869298,0.0011411270825192332,-0.0005248351371847093,-0.00013938853226136416,0.0005238094599917531,-9.61714431468863e-06,-0.0003699571534525603,0.00165381224360317,0.00038418517215177417,-2.5119463316514157e-05,0.0005900231772102416,-0.0027831895276904106,0.0010314617538824677,0.000439229654148221,0.0013466342352330685,0.0003816162934526801,-0.00018066042684949934,-0.00017210104851983488,0.0003768686729017645,0.0002748861734289676,-0.00044490201980806887,0.0006520229508168995,0.0016002027550712228,-0.000577175582293421,-4.542798706097528e-06
